{"display":{"head":{},"firstperson_righthand":{},"thirdperson_lefthand":{},"firstperson_lefthand":{},"fixed":{},"ground":{},"thirdperson_righthand":{},"gui":{"rotation":[-150.0,-45.0,180.0]}},"elements":[{"from":[12.0,8.0,5.0],"to":[16.0,10.0,11.0],"faces":{"east":{"uv":[8.0,11.125,8.25,11.875],"texture":"#0","rotation":90,"tintindex":0},"south":{"uv":[7.0,10.625,7.25,11.125],"texture":"#0","rotation":90,"tintindex":0},"north":{"uv":[7.0,10.625,7.25,11.125],"texture":"#0","rotation":270,"tintindex":0},"west":{"uv":[8.25,11.125,8.5,11.875],"texture":"#0","rotation":90,"tintindex":0},"up":{"uv":[7.0,10.125,7.75,10.625],"texture":"#0","rotation":90,"tintindex":0},"down":{"uv":[7.0,10.125,7.75,10.625],"texture":"#0","rotation":90,"tintindex":0}}},{"from":[2.5,8.0,5.0],"to":[8.5,12.0,11.0],"faces":{"east":{"uv":[7.0,10.125,7.75,10.625],"texture":"#0","tintindex":0},"south":{"uv":[7.5,10.625,8.25,11.125],"texture":"#0","tintindex":0},"north":{"uv":[7.5,10.625,8.25,11.125],"texture":"#0","tintindex":0},"west":{"uv":[7.0,10.125,7.75,10.625],"texture":"#0","tintindex":0},"up":{"uv":[7.0,11.125,7.75,11.875],"texture":"#0","tintindex":0},"down":{"uv":[7.0,11.125,7.75,11.875],"texture":"#0","tintindex":0}}},{"from":[9.0,8.0,5.0],"to":[11.0,12.0,11.0],"faces":{"east":{"uv":[7.0,10.125,7.75,10.625],"texture":"#0","tintindex":0},"south":{"uv":[7.25,10.625,7.5,11.125],"texture":"#0","tintindex":0},"north":{"uv":[7.25,10.625,7.5,11.125],"texture":"#0","tintindex":0},"west":{"uv":[7.0,10.125,7.75,10.625],"texture":"#0","tintindex":0},"up":{"uv":[7.75,11.125,8.0,11.875],"texture":"#0","tintindex":0},"down":{"uv":[7.75,11.125,8.0,11.875],"texture":"#0","tintindex":0}}}],"textures":{"particle":"#0","0":"modelengine:54f20bea-9e06-42b4-ac4f-051d206cb48b"}}