{"display":{"head":{},"firstperson_righthand":{},"thirdperson_lefthand":{},"firstperson_lefthand":{},"fixed":{},"ground":{},"thirdperson_righthand":{},"gui":{"rotation":[-150.0,-45.0,180.0]}},"elements":[{"from":[2.5,8.0,6.25],"to":[5.5,10.0,10.25],"rotation":{"origin":[4.0,9.0,8.5],"axis":"y","angle":-22.5},"faces":{"east":{"uv":[5.0,11.375,5.25,11.875],"texture":"#0","rotation":90,"tintindex":0},"south":{"uv":[3.25,11.125,3.625,11.375],"texture":"#0","tintindex":0},"north":{"uv":[4.75,10.125,5.0,10.5],"texture":"#0","rotation":90,"tintindex":0},"west":{"uv":[4.5,11.375,4.75,11.875],"texture":"#0","rotation":90,"tintindex":0},"up":{"uv":[4.5,11.875,4.125,11.375],"texture":"#0","tintindex":0},"down":{"uv":[4.5,11.375,4.125,11.875],"texture":"#0","tintindex":0}}},{"from":[6.0,8.0,8.0],"to":[9.0,10.0,12.0],"faces":{"east":{"uv":[5.0,11.375,5.25,11.875],"texture":"#0","rotation":90,"tintindex":0},"south":{"uv":[3.625,11.125,4.0,11.375],"texture":"#0","tintindex":0},"north":{"uv":[4.75,10.5,5.0,10.875],"texture":"#0","rotation":90,"tintindex":0},"west":{"uv":[5.0,11.375,5.25,11.875],"texture":"#0","rotation":90,"tintindex":0},"up":{"uv":[4.125,11.875,3.75,11.375],"texture":"#0","tintindex":0},"down":{"uv":[4.125,11.375,3.75,11.875],"texture":"#0","tintindex":0}}},{"from":[9.5,8.0,6.25],"to":[13.5,10.0,10.25],"faces":{"east":{"uv":[4.75,11.375,5.0,11.875],"texture":"#0","rotation":90,"tintindex":0},"south":{"uv":[4.0,11.125,4.5,11.375],"texture":"#0","tintindex":0},"north":{"uv":[4.75,10.875,5.0,11.375],"texture":"#0","rotation":90,"tintindex":0},"west":{"uv":[5.0,11.375,5.25,11.875],"texture":"#0","rotation":90,"tintindex":0},"up":{"uv":[3.75,11.875,3.25,11.375],"texture":"#0","tintindex":0},"down":{"uv":[3.75,11.375,3.25,11.875],"texture":"#0","tintindex":0}}}],"textures":{"particle":"#0","0":"modelengine:54f20bea-9e06-42b4-ac4f-051d206cb48b"}}