{"display":{"head":{},"firstperson_righthand":{},"thirdperson_lefthand":{},"firstperson_lefthand":{},"fixed":{},"ground":{},"thirdperson_righthand":{},"gui":{"rotation":[-150.0,-45.0,180.0]}},"elements":[{"from":[12.0,8.0,5.25],"to":[14.0,10.0,11.25],"rotation":{"origin":[12.5,9.0,8.25],"axis":"y","angle":-22.5},"faces":{"east":{"uv":[0.75,11.625,1.5,11.875],"texture":"#0","tintindex":0},"south":{"uv":[1.0,11.125,1.25,11.375],"texture":"#0","tintindex":0},"north":{"uv":[1.25,11.375,1.0,11.625],"texture":"#0","tintindex":0},"west":{"uv":[1.25,10.875,1.5,11.625],"texture":"#0","rotation":90,"tintindex":0},"up":{"uv":[1.0,10.375,1.25,11.125],"texture":"#0","tintindex":0},"down":{"uv":[1.0,11.125,1.25,10.375],"texture":"#0","tintindex":0}}},{"from":[2.0,8.0,5.0],"to":[8.0,10.0,11.0],"faces":{"east":{"uv":[1.5,11.875,1.75,11.125],"texture":"#0","rotation":90,"tintindex":0},"south":{"uv":[0.0,11.125,0.75,11.375],"texture":"#0","tintindex":0},"north":{"uv":[0.75,11.375,0.0,11.625],"texture":"#0","tintindex":0},"west":{"uv":[0.0,11.625,0.75,11.875],"texture":"#0","tintindex":0},"up":{"uv":[0.0,10.375,0.75,11.125],"texture":"#0","tintindex":0},"down":{"uv":[0.0,11.125,0.75,10.375],"texture":"#0","tintindex":0}}},{"from":[8.75,7.5,4.5],"to":[10.75,9.5,10.5],"rotation":{"origin":[10.0,9.0,8.25],"axis":"z","angle":-22.5},"faces":{"east":{"uv":[1.25,11.625,1.5,10.875],"texture":"#0","rotation":90,"tintindex":0},"south":{"uv":[0.75,11.125,1.0,11.375],"texture":"#0","tintindex":0},"north":{"uv":[1.0,11.375,0.75,11.625],"texture":"#0","tintindex":0},"west":{"uv":[1.5,11.125,1.75,11.875],"texture":"#0","rotation":90,"tintindex":0},"up":{"uv":[0.75,10.375,1.0,11.125],"texture":"#0","tintindex":0},"down":{"uv":[0.75,11.125,1.0,10.375],"texture":"#0","tintindex":0}}}],"textures":{"particle":"#0","0":"modelengine:54f20bea-9e06-42b4-ac4f-051d206cb48b"}}