{"display":{"head":{},"firstperson_righthand":{},"thirdperson_lefthand":{},"firstperson_lefthand":{},"fixed":{},"ground":{},"thirdperson_righthand":{},"gui":{"rotation":[-150.0,-45.0,180.0]}},"elements":[{"from":[3.0,8.0,5.0],"to":[13.0,10.0,11.0],"faces":{"east":{"uv":[0.75,11.625,1.5,11.875],"texture":"#0","tintindex":0},"south":{"uv":[0.0,11.125,1.25,11.375],"texture":"#0","tintindex":0},"north":{"uv":[1.25,11.375,0.0,11.625],"texture":"#0","tintindex":0},"west":{"uv":[0.0,11.625,0.75,11.875],"texture":"#0","tintindex":0},"up":{"uv":[0.0,10.375,1.25,11.125],"texture":"#0","tintindex":0},"down":{"uv":[0.0,11.125,1.25,10.375],"texture":"#0","tintindex":0}}}],"textures":{"particle":"#0","0":"modelengine:54f20bea-9e06-42b4-ac4f-051d206cb48b"}}