{"display":{"head":{},"firstperson_righthand":{},"thirdperson_lefthand":{},"firstperson_lefthand":{},"fixed":{},"ground":{},"thirdperson_righthand":{},"gui":{"rotation":[-150.0,-45.0,180.0]}},"elements":[{"from":[-10.0,7.375,5.0],"to":[-10.0,7.875,8.0],"rotation":{"origin":[-10.0,8.0,8.0],"axis":"x","angle":-45.0},"faces":{"east":{"uv":[5.625,3.25,6.375,3.375],"texture":"#0","tintindex":0},"west":{"uv":[5.625,3.375,6.375,3.5],"texture":"#0","tintindex":0}}},{"from":[-10.0,5.375,5.0],"to":[8.0,5.875,8.5],"faces":{"east":{"uv":[5.625,3.0,6.5,3.125],"texture":"#0","tintindex":0},"south":{"uv":[4.5,1.125,9.0,1.25],"texture":"#0","tintindex":0},"north":{"uv":[4.5,1.0,9.0,1.125],"texture":"#0","tintindex":0},"west":{"uv":[5.625,3.125,6.5,3.25],"texture":"#0","tintindex":0},"up":{"uv":[4.5,0.875,0.0,0.0],"texture":"#0","tintindex":0},"down":{"uv":[4.5,0.875,0.0,1.75],"texture":"#0","tintindex":0}}},{"from":[-10.0,5.875,8.0],"to":[8.0,7.875,8.5],"faces":{"east":{"uv":[5.625,3.75,5.75,4.25],"texture":"#0","tintindex":0},"south":{"uv":[4.5,0.5,9.0,1.0],"texture":"#0","tintindex":0},"north":{"uv":[4.5,0.0,9.0,0.5],"texture":"#0","tintindex":0},"west":{"uv":[5.625,4.25,5.75,4.75],"texture":"#0","tintindex":0},"up":{"uv":[9.0,1.375,4.5,1.25],"texture":"#0","tintindex":0},"down":{"uv":[9.0,1.375,4.5,1.5],"texture":"#0","tintindex":0}}},{"from":[8.0,7.375,5.0],"to":[8.0,7.875,8.0],"rotation":{"origin":[8.0,8.0,8.0],"axis":"x","angle":-45.0},"faces":{"east":{"uv":[5.625,3.5,6.375,3.625],"texture":"#0","tintindex":0},"west":{"uv":[5.625,3.625,6.375,3.75],"texture":"#0","tintindex":0}}}],"textures":{"particle":"#0","0":"modelengine:b1d55972-5fab-4b1f-a4e2-fcde26901fc4"}}