{"display":{"head":{},"firstperson_righthand":{},"thirdperson_lefthand":{},"firstperson_lefthand":{},"fixed":{},"ground":{},"thirdperson_righthand":{},"gui":{"rotation":[-150.0,-45.0,180.0]}},"elements":[{"from":[10.0,21.0,8.0],"to":[14.0,21.5,8.0],"faces":{"south":{"uv":[5.625,2.875,6.625,3.0],"texture":"#0","tintindex":0},"north":{"uv":[5.625,2.75,6.625,2.875],"texture":"#0","tintindex":0}}},{"from":[9.5,8.5,8.0],"to":[14.5,21.0,8.5],"faces":{"east":{"uv":[5.5,1.5,5.625,4.625],"texture":"#0","tintindex":0},"south":{"uv":[1.25,4.875,2.5,8.0],"texture":"#0","tintindex":0},"north":{"uv":[0.0,4.875,1.25,8.0],"texture":"#0","tintindex":0},"west":{"uv":[5.5,4.625,5.625,7.75],"texture":"#0","tintindex":0},"up":{"uv":[6.875,2.125,5.625,2.0],"texture":"#0","tintindex":0},"down":{"uv":[6.875,2.125,5.625,2.25],"texture":"#0","tintindex":0}}},{"from":[12.0,8.5,6.0],"to":[12.0,12.5,8.0],"faces":{"east":{"uv":[4.5,4.875,5.0,5.875],"texture":"#0","tintindex":0},"west":{"uv":[5.0,1.5,5.5,2.5],"texture":"#0","tintindex":0}}}],"textures":{"particle":"#0","0":"modelengine:b1d55972-5fab-4b1f-a4e2-fcde26901fc4"}}