{"display":{"head":{},"firstperson_righthand":{},"thirdperson_lefthand":{},"firstperson_lefthand":{},"fixed":{},"ground":{},"thirdperson_righthand":{},"gui":{"rotation":[-150.0,-45.0,180.0]}},"elements":[{"from":[9.0,10.0,6.0],"to":[23.0,10.0,8.0],"faces":{"up":{"uv":[10.0,4.5,6.5,4.0],"texture":"#0","tintindex":0},"down":{"uv":[10.0,4.5,6.5,5.0],"texture":"#0","tintindex":0}}},{"from":[24.0,10.0,-9.0],"to":[26.0,10.0,5.0],"faces":{"up":{"uv":[5.0,9.5,4.5,6.0],"texture":"#0","tintindex":0},"down":{"uv":[5.5,6.0,5.0,9.5],"texture":"#0","tintindex":0}}},{"from":[20.0,8.0,-6.0],"to":[24.0,12.0,2.0],"faces":{"east":{"uv":[4.0,3.0,6.0,4.0],"texture":"#0","tintindex":0},"south":{"uv":[5.5,6.5,6.5,7.5],"texture":"#0","tintindex":0},"north":{"uv":[6.5,5.0,7.5,6.0],"texture":"#0","tintindex":0},"west":{"uv":[4.0,4.0,6.0,5.0],"texture":"#0","tintindex":0},"up":{"uv":[1.0,7.0,0.0,5.0],"texture":"#0","tintindex":0},"down":{"uv":[2.0,5.0,1.0,7.0],"texture":"#0","tintindex":0}}},{"from":[8.0,8.0,2.0],"to":[24.0,12.0,6.0],"faces":{"east":{"uv":[1.0,7.0,2.0,8.0],"texture":"#0","tintindex":0},"south":{"uv":[4.0,0.0,8.0,1.0],"texture":"#0","tintindex":0},"north":{"uv":[0.0,4.0,4.0,5.0],"texture":"#0","tintindex":0},"west":{"uv":[6.5,7.0,7.5,8.0],"texture":"#0","tintindex":0},"up":{"uv":[8.0,2.0,4.0,1.0],"texture":"#0","tintindex":0},"down":{"uv":[8.0,2.0,4.0,3.0],"texture":"#0","tintindex":0}}},{"from":[8.0,8.0,-10.0],"to":[24.0,12.0,-6.0],"faces":{"east":{"uv":[6.5,6.0,7.5,7.0],"texture":"#0","tintindex":0},"south":{"uv":[0.0,1.0,4.0,2.0],"texture":"#0","tintindex":0},"north":{"uv":[0.0,0.0,4.0,1.0],"texture":"#0","tintindex":0},"west":{"uv":[0.0,7.0,1.0,8.0],"texture":"#0","tintindex":0},"up":{"uv":[4.0,3.0,0.0,2.0],"texture":"#0","tintindex":0},"down":{"uv":[4.0,3.0,0.0,4.0],"texture":"#0","tintindex":0}}},{"from":[6.0,10.0,-9.0],"to":[8.0,10.0,5.0],"faces":{"up":{"uv":[6.5,6.5,6.0,3.0],"texture":"#0","tintindex":0},"down":{"uv":[4.5,6.0,4.0,9.5],"texture":"#0","tintindex":0}}},{"from":[8.0,8.0,-6.0],"to":[12.0,12.0,2.0],"faces":{"east":{"uv":[2.0,5.0,4.0,6.0],"texture":"#0","tintindex":0},"south":{"uv":[5.5,7.5,6.5,8.5],"texture":"#0","tintindex":0},"north":{"uv":[7.5,5.0,8.5,6.0],"texture":"#0","tintindex":0},"west":{"uv":[4.0,5.0,6.0,6.0],"texture":"#0","tintindex":0},"up":{"uv":[3.0,8.0,2.0,6.0],"texture":"#0","tintindex":0},"down":{"uv":[4.0,6.0,3.0,8.0],"texture":"#0","tintindex":0}}},{"from":[9.0,10.0,-12.0],"to":[23.0,10.0,-10.0],"faces":{"up":{"uv":[10.0,3.5,6.5,3.0],"texture":"#0","tintindex":0},"down":{"uv":[10.0,3.5,6.5,4.0],"texture":"#0","tintindex":0}}}],"textures":{"particle":"#0","0":"modelengine:480fb764-a417-4046-a911-33b95a582e3d"}}