{"display":{"head":{},"firstperson_righthand":{},"thirdperson_lefthand":{},"firstperson_lefthand":{},"fixed":{},"ground":{},"thirdperson_righthand":{},"gui":{"rotation":[-150.0,-45.0,180.0]}},"elements":[{"from":[10.50373,3.2580748,14.762939],"to":[13.50373,8.258076,15.262939],"rotation":{"origin":[12.25373,8.258076,14.762939],"axis":"x","angle":22.5},"faces":{"east":{"uv":[9.0,12.375,9.125,13.625],"texture":"#0","tintindex":0},"south":{"uv":[2.875,7.0,3.625,8.25],"texture":"#0","tintindex":0},"north":{"uv":[2.125,7.0,2.875,8.25],"texture":"#0","tintindex":0},"west":{"uv":[9.125,12.375,9.25,13.625],"texture":"#0","tintindex":0},"up":{"uv":[13.5,2.875,12.75,2.75],"texture":"#0","tintindex":0},"down":{"uv":[13.5,2.875,12.75,3.0],"texture":"#0","tintindex":0}}},{"from":[2.5037298,8.258076,14.762939],"to":[3.0037298,9.258076,15.262939],"faces":{"east":{"uv":[12.875,12.75,13.0,13.0],"texture":"#0","tintindex":0},"south":{"uv":[0.75,13.0,0.875,13.25],"texture":"#0","tintindex":0},"north":{"uv":[12.75,12.875,12.875,13.125],"texture":"#0","tintindex":0},"west":{"uv":[0.875,13.0,1.0,13.25],"texture":"#0","tintindex":0},"up":{"uv":[13.125,6.75,13.0,6.625],"texture":"#0","tintindex":0},"down":{"uv":[13.125,6.75,13.0,6.875],"texture":"#0","tintindex":0}}},{"from":[5.00373,7.15549,1.1447902],"to":[11.00373,9.15549,8.01979],"rotation":{"origin":[8.00373,8.15549,4.5822897],"axis":"x","angle":-22.5},"faces":{"east":{"uv":[0.0,1.625,1.625,2.125],"texture":"#0","tintindex":0},"south":{"uv":[4.75,1.625,6.25,2.125],"texture":"#0","tintindex":0},"north":{"uv":[1.625,1.625,3.125,2.125],"texture":"#0","tintindex":0},"west":{"uv":[3.125,1.625,4.75,2.125],"texture":"#0","tintindex":0},"up":{"uv":[3.125,1.625,1.625,0.0],"texture":"#0","tintindex":0},"down":{"uv":[4.625,0.0,3.125,1.625],"texture":"#0","tintindex":0}}},{"from":[5.75373,6.958075,6.13794],"to":[10.25373,8.458075,14.137939],"faces":{"east":{"uv":[8.0,1.25,10.0,1.625],"texture":"#0","tintindex":0},"south":{"uv":[7.25,8.875,8.375,9.25],"texture":"#0","tintindex":0},"north":{"uv":[6.125,8.875,7.25,9.25],"texture":"#0","tintindex":0},"west":{"uv":[8.0,1.625,10.0,2.0],"texture":"#0","tintindex":0},"up":{"uv":[3.625,7.0,2.5,5.0],"texture":"#0","tintindex":0},"down":{"uv":[4.75,5.0,3.625,7.0],"texture":"#0","tintindex":0}}},{"from":[2.5037298,8.258076,1.0129399],"to":[2.5037298,9.258076,2.01294],"faces":{"east":{"uv":[12.875,4.75,13.125,5.0],"texture":"#0","tintindex":0},"west":{"uv":[5.0,12.875,5.25,13.125],"texture":"#0","tintindex":0}}},{"from":[2.8787298,6.508075,0.26293993],"to":[4.37873,7.508075,1.2629399],"faces":{"east":{"uv":[5.25,12.875,5.5,13.125],"texture":"#0","tintindex":0},"south":{"uv":[9.375,12.75,9.75,13.0],"texture":"#0","tintindex":0},"north":{"uv":[8.25,12.75,8.625,13.0],"texture":"#0","tintindex":0},"west":{"uv":[5.5,12.875,5.75,13.125],"texture":"#0","tintindex":0},"up":{"uv":[13.125,9.75,12.75,9.5],"texture":"#0","tintindex":0},"down":{"uv":[10.125,12.75,9.75,13.0],"texture":"#0","tintindex":0}}},{"from":[2.5037298,6.258075,1.0129399],"to":[5.10373,7.758075,1.5129399],"rotation":{"origin":[2.5037298,7.008075,1.0129399],"axis":"y","angle":22.5},"faces":{"east":{"uv":[10.5,12.875,10.625,13.25],"texture":"#0","tintindex":0},"south":{"uv":[6.125,7.625,6.75,8.0],"texture":"#0","tintindex":0},"north":{"uv":[5.375,6.625,6.0,7.0],"texture":"#0","tintindex":0},"west":{"uv":[10.625,12.875,10.75,13.25],"texture":"#0","tintindex":0},"up":{"uv":[13.375,12.625,12.75,12.5],"texture":"#0","tintindex":0},"down":{"uv":[13.5,0.0,12.875,0.125],"texture":"#0","tintindex":0}}},{"from":[9.50373,11.583075,8.11294],"to":[10.00373,12.583075,8.61294],"faces":{"east":{"uv":[5.75,10.25,5.875,10.5],"texture":"#0","tintindex":0},"south":{"uv":[1.125,10.75,1.25,11.0],"texture":"#0","tintindex":0},"north":{"uv":[5.875,9.625,6.0,9.875],"texture":"#0","tintindex":0},"west":{"uv":[10.0,11.125,10.125,11.375],"texture":"#0","tintindex":0},"up":{"uv":[1.75,11.875,1.625,11.75],"texture":"#0","tintindex":0},"down":{"uv":[12.125,9.5,12.0,9.625],"texture":"#0","tintindex":0}}},{"from":[2.5037298,8.258076,1.0129399],"to":[5.00373,9.258076,1.0129399],"faces":{"south":{"uv":[11.0,10.625,11.625,10.875],"texture":"#0","tintindex":0},"north":{"uv":[0.875,7.75,1.5,8.0],"texture":"#0","tintindex":0}}},{"from":[6.00373,11.583075,8.11294],"to":[6.50373,12.583075,8.61294],"faces":{"east":{"uv":[0.75,8.625,0.875,8.875],"texture":"#0","tintindex":0},"south":{"uv":[6.0,9.0,6.125,9.25],"texture":"#0","tintindex":0},"north":{"uv":[4.625,8.25,4.75,8.5],"texture":"#0","tintindex":0},"west":{"uv":[1.25,9.5,1.375,9.75],"texture":"#0","tintindex":0},"up":{"uv":[0.75,9.5,0.625,9.375],"texture":"#0","tintindex":0},"down":{"uv":[10.75,4.875,10.625,5.0],"texture":"#0","tintindex":0}}},{"from":[10.50373,10.833075,7.86294],"to":[12.00373,11.333075,7.86294],"faces":{"south":{"uv":[11.25,0.625,11.625,0.75],"texture":"#0","tintindex":0},"north":{"uv":[11.0,8.375,11.375,8.5],"texture":"#0","tintindex":0}}},{"from":[4.87873,4.1330748,0.01293993],"to":[5.37873,6.258075,0.51293993],"rotation":{"origin":[4.87873,6.258075,0.26293993],"axis":"z","angle":45.0},"faces":{"east":{"uv":[1.75,11.0,1.875,11.5],"texture":"#0","tintindex":0},"south":{"uv":[0.25,12.875,0.375,13.375],"texture":"#0","tintindex":0},"north":{"uv":[10.625,4.375,10.75,4.875],"texture":"#0","tintindex":0},"west":{"uv":[7.0,12.875,7.125,13.375],"texture":"#0","tintindex":0},"up":{"uv":[8.625,13.125,8.5,13.0],"texture":"#0","tintindex":0},"down":{"uv":[13.125,8.5,13.0,8.625],"texture":"#0","tintindex":0}}},{"from":[7.00373,11.583075,7.86294],"to":[9.00373,12.083075,7.86294],"faces":{"south":{"uv":[10.375,8.875,10.875,9.0],"texture":"#0","tintindex":0},"north":{"uv":[9.125,9.0,9.625,9.125],"texture":"#0","tintindex":0}}},{"from":[5.50373,10.583075,7.86294],"to":[7.00373,11.583075,8.86294],"faces":{"east":{"uv":[8.625,12.75,8.875,13.0],"texture":"#0","tintindex":0},"south":{"uv":[10.25,6.5,10.625,6.75],"texture":"#0","tintindex":0},"north":{"uv":[9.625,1.0,10.0,1.25],"texture":"#0","tintindex":0},"west":{"uv":[0.0,12.875,0.25,13.125],"texture":"#0","tintindex":0},"up":{"uv":[13.0,1.375,12.625,1.125],"texture":"#0","tintindex":0},"down":{"uv":[1.75,12.625,1.375,12.875],"texture":"#0","tintindex":0}}},{"from":[2.5037298,8.758076,15.262939],"to":[2.5037298,9.258076,21.26294],"faces":{"east":{"uv":[12.125,9.875,13.625,10.0],"texture":"#0","tintindex":0},"west":{"uv":[12.125,10.0,13.625,10.125],"texture":"#0","tintindex":0}}},{"from":[2.5037298,3.2580748,7.76294],"to":[5.50373,8.258076,8.262939],"rotation":{"origin":[3.7537298,8.258076,8.262939],"axis":"x","angle":-22.5},"faces":{"east":{"uv":[9.25,12.375,9.375,13.625],"texture":"#0","tintindex":0},"south":{"uv":[5.375,7.0,6.125,8.25],"texture":"#0","tintindex":0},"north":{"uv":[3.625,7.0,4.375,8.25],"texture":"#0","tintindex":0},"west":{"uv":[0.375,12.5,0.5,13.75],"texture":"#0","tintindex":0},"up":{"uv":[5.5,12.875,4.75,12.75],"texture":"#0","tintindex":0},"down":{"uv":[7.5,12.75,6.75,12.875],"texture":"#0","tintindex":0}}},{"from":[2.5037298,7.758075,21.26294],"to":[13.50373,8.258076,21.76294],"faces":{"east":{"uv":[13.0,5.875,13.125,6.0],"texture":"#0","tintindex":0},"south":{"uv":[10.75,0.75,13.5,0.875],"texture":"#0","tintindex":0},"north":{"uv":[10.625,7.75,13.375,7.875],"texture":"#0","tintindex":0},"west":{"uv":[13.0,6.0,13.125,6.125],"texture":"#0","tintindex":0},"up":{"uv":[13.5,1.0,10.75,0.875],"texture":"#0","tintindex":0},"down":{"uv":[13.5,5.375,10.75,5.5],"texture":"#0","tintindex":0}}},{"from":[10.50373,7.758075,14.762939],"to":[13.50373,8.258076,21.26294],"faces":{"east":{"uv":[12.0,1.375,13.625,1.5],"texture":"#0","tintindex":0},"south":{"uv":[12.75,2.625,13.5,2.75],"texture":"#0","tintindex":0},"north":{"uv":[12.75,2.5,13.5,2.625],"texture":"#0","tintindex":0},"west":{"uv":[12.0,1.5,13.625,1.625],"texture":"#0","tintindex":0},"up":{"uv":[0.75,7.75,0.0,6.125],"texture":"#0","tintindex":0},"down":{"uv":[1.5,6.125,0.75,7.75],"texture":"#0","tintindex":0}}},{"from":[9.10373,5.2580748,0.01293993],"to":[9.60373,6.258075,0.51293993],"faces":{"east":{"uv":[2.75,13.0,2.875,13.25],"texture":"#0","tintindex":0},"south":{"uv":[2.875,13.0,3.0,13.25],"texture":"#0","tintindex":0},"north":{"uv":[2.625,13.0,2.75,13.25],"texture":"#0","tintindex":0},"west":{"uv":[3.0,13.0,3.125,13.25],"texture":"#0","tintindex":0},"up":{"uv":[13.125,7.25,13.0,7.125],"texture":"#0","tintindex":0},"down":{"uv":[13.125,7.25,13.0,7.375],"texture":"#0","tintindex":0}}},{"from":[4.12873,3.958075,4.51294],"to":[11.75373,5.0080748,5.51294],"faces":{"east":{"uv":[8.375,11.5,8.625,11.75],"texture":"#0","tintindex":0},"south":{"uv":[8.75,4.75,10.625,5.0],"texture":"#0","tintindex":0},"north":{"uv":[8.375,6.5,10.25,6.75],"texture":"#0","tintindex":0},"west":{"uv":[9.75,11.5,10.0,11.75],"texture":"#0","tintindex":0},"up":{"uv":[10.625,7.0,8.75,6.75],"texture":"#0","tintindex":0},"down":{"uv":[10.625,7.0,8.75,7.25],"texture":"#0","tintindex":0}}},{"from":[4.00373,10.833075,7.86294],"to":[5.50373,11.333075,7.86294],"faces":{"south":{"uv":[10.0,7.875,10.375,8.0],"texture":"#0","tintindex":0},"north":{"uv":[8.0,5.375,8.375,5.5],"texture":"#0","tintindex":0}}},{"from":[13.00373,8.258076,14.762939],"to":[13.50373,9.258076,15.262939],"faces":{"east":{"uv":[11.875,12.875,12.0,13.125],"texture":"#0","tintindex":0},"south":{"uv":[12.0,12.875,12.125,13.125],"texture":"#0","tintindex":0},"north":{"uv":[12.875,11.75,13.0,12.0],"texture":"#0","tintindex":0},"west":{"uv":[12.125,12.875,12.25,13.125],"texture":"#0","tintindex":0},"up":{"uv":[13.125,6.5,13.0,6.375],"texture":"#0","tintindex":0},"down":{"uv":[6.625,13.0,6.5,13.125],"texture":"#0","tintindex":0}}},{"from":[5.87873,3.458075,4.13794],"to":[10.12873,5.508075,6.13794],"faces":{"east":{"uv":[7.875,9.25,8.375,9.75],"texture":"#0","tintindex":0},"south":{"uv":[3.5,8.25,4.625,8.75],"texture":"#0","tintindex":0},"north":{"uv":[2.375,8.25,3.5,8.75],"texture":"#0","tintindex":0},"west":{"uv":[9.125,9.75,9.625,10.25],"texture":"#0","tintindex":0},"up":{"uv":[9.5,5.625,8.375,5.125],"texture":"#0","tintindex":0},"down":{"uv":[9.5,5.625,8.375,6.125],"texture":"#0","tintindex":0}}},{"from":[13.50373,8.758076,15.262939],"to":[13.50373,9.258076,21.26294],"faces":{"east":{"uv":[12.25,4.125,13.75,4.25],"texture":"#0","tintindex":0},"west":{"uv":[12.25,4.25,13.75,4.375],"texture":"#0","tintindex":0}}},{"from":[6.37873,4.7580748,0.51293993],"to":[9.60373,8.258076,3.88794],"rotation":{"origin":[7.99123,4.7580748,0.51293993],"axis":"x","angle":22.5},"faces":{"east":{"uv":[4.25,2.125,5.125,3.0],"texture":"#0","tintindex":0},"south":{"uv":[6.875,8.0,7.625,8.875],"texture":"#0","tintindex":0},"north":{"uv":[6.125,8.0,6.875,8.875],"texture":"#0","tintindex":0},"west":{"uv":[0.0,7.75,0.875,8.625],"texture":"#0","tintindex":0},"up":{"uv":[8.375,8.875,7.625,8.0],"texture":"#0","tintindex":0},"down":{"uv":[2.375,8.25,1.625,9.125],"texture":"#0","tintindex":0}}},{"from":[5.50373,6.908075,14.83794],"to":[10.50373,9.408075,21.26294],"faces":{"east":{"uv":[6.75,5.5,8.375,6.125],"texture":"#0","tintindex":0},"south":{"uv":[7.5,7.375,8.75,8.0],"texture":"#0","tintindex":0},"north":{"uv":[7.5,6.75,8.75,7.375],"texture":"#0","tintindex":0},"west":{"uv":[6.75,6.125,8.375,6.75],"texture":"#0","tintindex":0},"up":{"uv":[6.0,6.625,4.75,5.0],"texture":"#0","tintindex":0},"down":{"uv":[6.625,2.125,5.375,3.75],"texture":"#0","tintindex":0}}},{"from":[4.12873,3.958075,17.51294],"to":[11.75373,5.0080748,18.51294],"faces":{"east":{"uv":[4.125,12.875,4.375,13.125],"texture":"#0","tintindex":0},"south":{"uv":[8.875,0.25,10.75,0.5],"texture":"#0","tintindex":0},"north":{"uv":[8.875,0.0,10.75,0.25],"texture":"#0","tintindex":0},"west":{"uv":[4.75,12.875,5.0,13.125],"texture":"#0","tintindex":0},"up":{"uv":[10.75,0.75,8.875,0.5],"texture":"#0","tintindex":0},"down":{"uv":[10.75,0.75,8.875,1.0],"texture":"#0","tintindex":0}}},{"from":[4.87873,6.258075,0.01293993],"to":[11.10373,7.758075,0.51293993],"faces":{"east":{"uv":[4.5,9.5,4.625,9.875],"texture":"#0","tintindex":0},"south":{"uv":[8.375,8.0,9.875,8.375],"texture":"#0","tintindex":0},"north":{"uv":[8.375,6.125,9.875,6.5],"texture":"#0","tintindex":0},"west":{"uv":[1.875,9.75,2.0,10.125],"texture":"#0","tintindex":0},"up":{"uv":[13.75,5.25,12.25,5.125],"texture":"#0","tintindex":0},"down":{"uv":[13.75,5.25,12.25,5.375],"texture":"#0","tintindex":0}}},{"from":[2.5037298,7.758075,1.0129399],"to":[5.00373,8.258076,8.262939],"faces":{"east":{"uv":[11.0,7.875,12.875,8.0],"texture":"#0","tintindex":0},"south":{"uv":[12.25,12.75,12.875,12.875],"texture":"#0","tintindex":0},"north":{"uv":[11.625,12.75,12.25,12.875],"texture":"#0","tintindex":0},"west":{"uv":[11.0,8.0,12.875,8.125],"texture":"#0","tintindex":0},"up":{"uv":[2.125,8.0,1.5,6.125],"texture":"#0","tintindex":0},"down":{"uv":[6.875,0.0,6.25,1.875],"texture":"#0","tintindex":0}}},{"from":[11.00373,7.758075,1.0129399],"to":[13.50373,8.258076,8.262939],"faces":{"east":{"uv":[11.0,8.125,12.875,8.25],"texture":"#0","tintindex":0},"south":{"uv":[12.875,0.5,13.5,0.625],"texture":"#0","tintindex":0},"north":{"uv":[12.875,0.375,13.5,0.5],"texture":"#0","tintindex":0},"west":{"uv":[11.0,8.25,12.875,8.375],"texture":"#0","tintindex":0},"up":{"uv":[7.25,3.75,6.625,1.875],"texture":"#0","tintindex":0},"down":{"uv":[5.375,6.625,4.75,8.5],"texture":"#0","tintindex":0}}},{"from":[3.0037298,8.758076,21.76294],"to":[13.00373,9.258076,21.76294],"faces":{"south":{"uv":[7.625,11.0,10.125,11.125],"texture":"#0","tintindex":0},"north":{"uv":[10.875,10.125,13.375,10.25],"texture":"#0","tintindex":0}}},{"from":[4.50373,12.333075,8.23794],"to":[5.75373,13.333075,8.98794],"rotation":{"origin":[5.12873,12.833075,8.61294],"axis":"y","angle":22.5},"faces":{"east":{"uv":[1.375,12.875,1.625,13.125],"texture":"#0","tintindex":0},"south":{"uv":[2.125,12.625,2.5,12.875],"texture":"#0","tintindex":0},"north":{"uv":[1.75,12.625,2.125,12.875],"texture":"#0","tintindex":0},"west":{"uv":[1.625,12.875,1.875,13.125],"texture":"#0","tintindex":0},"up":{"uv":[2.875,12.875,2.5,12.625],"texture":"#0","tintindex":0},"down":{"uv":[3.25,12.625,2.875,12.875],"texture":"#0","tintindex":0}}},{"from":[10.50373,3.458075,9.71294],"to":[13.50373,3.958075,13.31294],"faces":{"east":{"uv":[12.5,4.625,13.375,4.75],"texture":"#0","tintindex":0},"south":{"uv":[12.625,1.0,13.375,1.125],"texture":"#0","tintindex":0},"north":{"uv":[12.5,12.375,13.25,12.5],"texture":"#0","tintindex":0},"west":{"uv":[12.5,11.625,13.375,11.75],"texture":"#0","tintindex":0},"up":{"uv":[8.75,4.25,8.0,3.375],"texture":"#0","tintindex":0},"down":{"uv":[8.75,4.25,8.0,5.125],"texture":"#0","tintindex":0}}},{"from":[5.50373,9.408075,20.76294],"to":[10.50373,10.408075,21.26294],"faces":{"east":{"uv":[1.0,11.5,1.125,11.75],"texture":"#0","tintindex":0},"south":{"uv":[10.875,9.875,12.125,10.125],"texture":"#0","tintindex":0},"north":{"uv":[10.875,9.625,12.125,9.875],"texture":"#0","tintindex":0},"west":{"uv":[8.25,11.875,8.375,12.125],"texture":"#0","tintindex":0},"up":{"uv":[13.625,9.5,12.375,9.375],"texture":"#0","tintindex":0},"down":{"uv":[13.75,2.125,12.5,2.25],"texture":"#0","tintindex":0}}},{"from":[2.5037298,3.2580748,14.762939],"to":[5.50373,8.258076,15.262939],"rotation":{"origin":[3.7537298,8.258076,14.762939],"axis":"x","angle":22.5},"faces":{"east":{"uv":[8.875,12.125,9.0,13.375],"texture":"#0","tintindex":0},"south":{"uv":[6.875,0.0,7.625,1.25],"texture":"#0","tintindex":0},"north":{"uv":[6.75,6.75,7.5,8.0],"texture":"#0","tintindex":0},"west":{"uv":[4.375,12.25,4.5,13.5],"texture":"#0","tintindex":0},"up":{"uv":[13.375,12.75,12.625,12.625],"texture":"#0","tintindex":0},"down":{"uv":[13.5,2.375,12.75,2.5],"texture":"#0","tintindex":0}}},{"from":[2.5037298,6.258075,1.0129399],"to":[5.00373,7.258075,2.01294],"faces":{"east":{"uv":[7.125,12.875,7.375,13.125],"texture":"#0","tintindex":0},"south":{"uv":[12.5,3.375,13.125,3.625],"texture":"#0","tintindex":0},"north":{"uv":[11.25,5.125,11.875,5.375],"texture":"#0","tintindex":0},"west":{"uv":[7.375,12.875,7.625,13.125],"texture":"#0","tintindex":0},"up":{"uv":[13.125,4.625,12.5,4.375],"texture":"#0","tintindex":0},"down":{"uv":[7.75,12.5,7.125,12.75],"texture":"#0","tintindex":0}}},{"from":[5.00373,4.62014,4.99749],"to":[11.00373,6.62014,7.87249],"rotation":{"origin":[8.00373,8.258076,3.1629395],"axis":"x","angle":-22.5},"faces":{"east":{"uv":[0.0,2.75,0.625,3.25],"texture":"#0","tintindex":0},"south":{"uv":[2.75,2.75,4.25,3.25],"texture":"#0","tintindex":0},"north":{"uv":[0.625,2.75,2.125,3.25],"texture":"#0","tintindex":0},"west":{"uv":[2.125,2.75,2.75,3.25],"texture":"#0","tintindex":0},"up":{"uv":[2.125,2.75,0.625,2.125],"texture":"#0","tintindex":0},"down":{"uv":[3.625,2.125,2.125,2.75],"texture":"#0","tintindex":0}}},{"from":[5.50373,12.083075,8.11294],"to":[6.50373,12.583075,8.61294],"rotation":{"origin":[6.50373,12.583075,8.36294],"axis":"z","angle":-22.5},"faces":{"east":{"uv":[4.875,11.5,5.0,11.625],"texture":"#0","tintindex":0},"south":{"uv":[11.375,9.125,11.625,9.25],"texture":"#0","tintindex":0},"north":{"uv":[5.125,2.875,5.375,3.0],"texture":"#0","tintindex":0},"west":{"uv":[11.625,9.125,11.75,9.25],"texture":"#0","tintindex":0},"up":{"uv":[1.625,11.875,1.375,11.75],"texture":"#0","tintindex":0},"down":{"uv":[12.0,9.5,11.75,9.625],"texture":"#0","tintindex":0}}},{"from":[10.50373,3.2580748,7.76294],"to":[13.50373,8.258076,8.262939],"rotation":{"origin":[12.25373,8.258076,8.262939],"axis":"x","angle":-22.5},"faces":{"east":{"uv":[0.5,12.5,0.625,13.75],"texture":"#0","tintindex":0},"south":{"uv":[7.25,2.5,8.0,3.75],"texture":"#0","tintindex":0},"north":{"uv":[7.25,1.25,8.0,2.5],"texture":"#0","tintindex":0},"west":{"uv":[0.625,12.5,0.75,13.75],"texture":"#0","tintindex":0},"up":{"uv":[8.25,12.875,7.5,12.75],"texture":"#0","tintindex":0},"down":{"uv":[13.5,7.5,12.75,7.625],"texture":"#0","tintindex":0}}},{"from":[3.5037298,10.833075,8.11294],"to":[5.50373,11.333075,8.61294],"rotation":{"origin":[5.50373,11.083075,8.11294],"axis":"y","angle":22.5},"faces":{"east":{"uv":[4.5,13.0,4.625,13.125],"texture":"#0","tintindex":0},"south":{"uv":[2.375,12.875,2.875,13.0],"texture":"#0","tintindex":0},"north":{"uv":[12.875,0.625,13.375,0.75],"texture":"#0","tintindex":0},"west":{"uv":[4.625,13.0,4.75,13.125],"texture":"#0","tintindex":0},"up":{"uv":[3.375,13.0,2.875,12.875],"texture":"#0","tintindex":0},"down":{"uv":[13.375,3.0,12.875,3.125],"texture":"#0","tintindex":0}}},{"from":[2.5037298,7.258075,1.0129399],"to":[13.50373,7.758075,2.01294],"faces":{"east":{"uv":[12.875,12.0,13.125,12.125],"texture":"#0","tintindex":0},"south":{"uv":[9.0,10.875,11.75,11.0],"texture":"#0","tintindex":0},"north":{"uv":[10.75,5.5,13.5,5.625],"texture":"#0","tintindex":0},"west":{"uv":[1.0,13.0,1.25,13.125],"texture":"#0","tintindex":0},"up":{"uv":[10.75,2.25,8.0,2.0],"texture":"#0","tintindex":0},"down":{"uv":[10.75,2.25,8.0,2.5],"texture":"#0","tintindex":0}}},{"from":[5.50373,6.458075,14.137939],"to":[10.50373,8.958075,15.762939],"rotation":{"origin":[8.00373,6.958075,14.137939],"axis":"x","angle":-22.5},"faces":{"east":{"uv":[2.125,6.125,2.5,6.75],"texture":"#0","tintindex":0},"south":{"uv":[7.625,0.625,8.875,1.25],"texture":"#0","tintindex":0},"north":{"uv":[7.625,0.0,8.875,0.625],"texture":"#0","tintindex":0},"west":{"uv":[6.875,1.25,7.25,1.875],"texture":"#0","tintindex":0},"up":{"uv":[10.0,7.625,8.75,7.25],"texture":"#0","tintindex":0},"down":{"uv":[10.0,7.625,8.75,8.0],"texture":"#0","tintindex":0}}},{"from":[10.90373,6.258075,1.0129399],"to":[13.50373,7.758075,1.5129399],"rotation":{"origin":[13.50373,7.008075,1.0129399],"axis":"y","angle":-22.5},"faces":{"east":{"uv":[10.75,12.875,10.875,13.25],"texture":"#0","tintindex":0},"south":{"uv":[1.125,11.0,1.75,11.375],"texture":"#0","tintindex":0},"north":{"uv":[10.0,1.625,10.625,2.0],"texture":"#0","tintindex":0},"west":{"uv":[10.875,12.875,11.0,13.25],"texture":"#0","tintindex":0},"up":{"uv":[13.5,0.25,12.875,0.125],"texture":"#0","tintindex":0},"down":{"uv":[13.5,0.25,12.875,0.375],"texture":"#0","tintindex":0}}},{"from":[7.75373,4.5080748,-0.23706055],"to":[8.27873,5.508075,0.76293993],"faces":{"east":{"uv":[5.75,12.875,6.0,13.125],"texture":"#0","tintindex":0},"south":{"uv":[1.25,13.0,1.375,13.25],"texture":"#0","tintindex":0},"north":{"uv":[13.0,1.125,13.125,1.375],"texture":"#0","tintindex":0},"west":{"uv":[6.0,12.875,6.25,13.125],"texture":"#0","tintindex":0},"up":{"uv":[2.5,13.25,2.375,13.0],"texture":"#0","tintindex":0},"down":{"uv":[2.625,13.0,2.5,13.25],"texture":"#0","tintindex":0}}},{"from":[10.60373,6.258075,0.51293993],"to":[11.10373,7.758075,1.0129399],"faces":{"east":{"uv":[4.375,10.125,4.5,10.5],"texture":"#0","tintindex":0},"south":{"uv":[5.0,10.5,5.125,10.875],"texture":"#0","tintindex":0},"north":{"uv":[5.125,9.875,5.25,10.25],"texture":"#0","tintindex":0},"west":{"uv":[10.625,1.625,10.75,2.0],"texture":"#0","tintindex":0},"up":{"uv":[8.75,13.125,8.625,13.0],"texture":"#0","tintindex":0},"down":{"uv":[13.125,8.625,13.0,8.75],"texture":"#0","tintindex":0}}},{"from":[5.50373,3.458075,6.13794],"to":[10.50373,6.958075,17.51294],"faces":{"east":{"uv":[2.5,3.25,5.375,4.125],"texture":"#0","tintindex":0},"south":{"uv":[6.75,4.625,8.0,5.5],"texture":"#0","tintindex":0},"north":{"uv":[6.75,3.75,8.0,4.625],"texture":"#0","tintindex":0},"west":{"uv":[2.5,4.125,5.375,5.0],"texture":"#0","tintindex":0},"up":{"uv":[1.25,6.125,0.0,3.25],"texture":"#0","tintindex":0},"down":{"uv":[2.5,3.25,1.25,6.125],"texture":"#0","tintindex":0}}},{"from":[2.5037298,3.458075,9.71294],"to":[5.50373,3.958075,13.31294],"faces":{"east":{"uv":[12.5,2.25,13.375,2.375],"texture":"#0","tintindex":0},"south":{"uv":[12.5,12.25,13.25,12.375],"texture":"#0","tintindex":0},"north":{"uv":[8.75,5.0,9.5,5.125],"texture":"#0","tintindex":0},"west":{"uv":[12.5,3.625,13.375,3.75],"texture":"#0","tintindex":0},"up":{"uv":[1.625,8.875,0.875,8.0],"texture":"#0","tintindex":0},"down":{"uv":[8.75,2.5,8.0,3.375],"texture":"#0","tintindex":0}}},{"from":[9.00373,10.583075,7.86294],"to":[10.50373,11.583075,8.86294],"faces":{"east":{"uv":[3.875,12.875,4.125,13.125],"texture":"#0","tintindex":0},"south":{"uv":[12.625,10.5,13.0,10.75],"texture":"#0","tintindex":0},"north":{"uv":[12.625,10.25,13.0,10.5],"texture":"#0","tintindex":0},"west":{"uv":[12.875,3.875,13.125,4.125],"texture":"#0","tintindex":0},"up":{"uv":[13.0,11.0,12.625,10.75],"texture":"#0","tintindex":0},"down":{"uv":[13.0,11.0,12.625,11.25],"texture":"#0","tintindex":0}}},{"from":[13.00373,8.258076,21.26294],"to":[13.50373,9.258076,21.76294],"faces":{"east":{"uv":[12.375,12.875,12.5,13.125],"texture":"#0","tintindex":0},"south":{"uv":[12.5,12.875,12.625,13.125],"texture":"#0","tintindex":0},"north":{"uv":[12.25,12.875,12.375,13.125],"texture":"#0","tintindex":0},"west":{"uv":[12.625,12.875,12.75,13.125],"texture":"#0","tintindex":0},"up":{"uv":[13.125,6.625,13.0,6.5],"texture":"#0","tintindex":0},"down":{"uv":[6.75,13.0,6.625,13.125],"texture":"#0","tintindex":0}}},{"from":[10.60373,4.1330748,0.01293993],"to":[11.10373,6.258075,0.51293993],"rotation":{"origin":[11.10373,6.258075,0.26293993],"axis":"z","angle":-45.0},"faces":{"east":{"uv":[7.75,9.875,7.875,10.375],"texture":"#0","tintindex":0},"south":{"uv":[9.0,10.375,9.125,10.875],"texture":"#0","tintindex":0},"north":{"uv":[9.75,5.625,9.875,6.125],"texture":"#0","tintindex":0},"west":{"uv":[7.625,10.5,7.75,11.0],"texture":"#0","tintindex":0},"up":{"uv":[8.5,13.125,8.375,13.0],"texture":"#0","tintindex":0},"down":{"uv":[13.125,8.375,13.0,8.5],"texture":"#0","tintindex":0}}},{"from":[4.87873,6.258075,0.51293993],"to":[5.37873,7.758075,1.0129399],"faces":{"east":{"uv":[10.125,12.875,10.25,13.25],"texture":"#0","tintindex":0},"south":{"uv":[10.25,12.875,10.375,13.25],"texture":"#0","tintindex":0},"north":{"uv":[8.125,12.875,8.25,13.25],"texture":"#0","tintindex":0},"west":{"uv":[10.375,12.875,10.5,13.25],"texture":"#0","tintindex":0},"up":{"uv":[8.875,13.125,8.75,13.0],"texture":"#0","tintindex":0},"down":{"uv":[13.125,8.75,13.0,8.875],"texture":"#0","tintindex":0}}},{"from":[10.25373,12.333075,8.23794],"to":[11.50373,13.333075,8.98794],"rotation":{"origin":[10.87873,12.833075,8.61294],"axis":"y","angle":-22.5},"faces":{"east":{"uv":[1.875,12.875,2.125,13.125],"texture":"#0","tintindex":0},"south":{"uv":[12.625,8.375,13.0,8.625],"texture":"#0","tintindex":0},"north":{"uv":[5.875,12.625,6.25,12.875],"texture":"#0","tintindex":0},"west":{"uv":[2.125,12.875,2.375,13.125],"texture":"#0","tintindex":0},"up":{"uv":[13.0,8.875,12.625,8.625],"texture":"#0","tintindex":0},"down":{"uv":[13.0,8.875,12.625,9.125],"texture":"#0","tintindex":0}}},{"from":[6.37873,3.458075,3.63794],"to":[9.62873,4.958075,4.13794],"faces":{"east":{"uv":[2.25,9.125,2.375,9.5],"texture":"#0","tintindex":0},"south":{"uv":[10.875,9.25,11.75,9.625],"texture":"#0","tintindex":0},"north":{"uv":[9.5,4.375,10.375,4.75],"texture":"#0","tintindex":0},"west":{"uv":[5.25,9.25,5.375,9.625],"texture":"#0","tintindex":0},"up":{"uv":[12.75,12.625,11.875,12.5],"texture":"#0","tintindex":0},"down":{"uv":[13.375,12.125,12.5,12.25],"texture":"#0","tintindex":0}}},{"from":[10.50373,10.833075,8.11294],"to":[12.50373,11.333075,8.61294],"rotation":{"origin":[10.50373,11.083075,8.11294],"axis":"y","angle":-22.5},"faces":{"east":{"uv":[13.0,5.625,13.125,5.75],"texture":"#0","tintindex":0},"south":{"uv":[12.875,3.25,13.375,3.375],"texture":"#0","tintindex":0},"north":{"uv":[12.875,3.125,13.375,3.25],"texture":"#0","tintindex":0},"west":{"uv":[13.0,5.75,13.125,5.875],"texture":"#0","tintindex":0},"up":{"uv":[3.875,13.0,3.375,12.875],"texture":"#0","tintindex":0},"down":{"uv":[13.375,3.75,12.875,3.875],"texture":"#0","tintindex":0}}},{"from":[11.00373,6.258075,1.0129399],"to":[13.50373,7.258075,2.01294],"faces":{"east":{"uv":[7.625,12.875,7.875,13.125],"texture":"#0","tintindex":0},"south":{"uv":[9.375,12.5,10.0,12.75],"texture":"#0","tintindex":0},"north":{"uv":[7.75,12.5,8.375,12.75],"texture":"#0","tintindex":0},"west":{"uv":[7.875,12.875,8.125,13.125],"texture":"#0","tintindex":0},"up":{"uv":[10.625,12.75,10.0,12.5],"texture":"#0","tintindex":0},"down":{"uv":[11.25,12.5,10.625,12.75],"texture":"#0","tintindex":0}}},{"from":[11.00373,8.258076,1.0129399],"to":[13.50373,9.258076,1.0129399],"faces":{"south":{"uv":[12.5,11.375,13.125,11.625],"texture":"#0","tintindex":0},"north":{"uv":[11.25,12.5,11.875,12.75],"texture":"#0","tintindex":0}}},{"from":[13.50373,8.258076,1.0129399],"to":[13.50373,9.258076,2.01294],"faces":{"east":{"uv":[12.875,7.875,13.125,8.125],"texture":"#0","tintindex":0},"west":{"uv":[12.875,8.125,13.125,8.375],"texture":"#0","tintindex":0}}},{"from":[7.50373,8.833075,7.51294],"to":[8.50373,10.833075,8.512939],"rotation":{"origin":[8.00373,9.833075,8.012939],"axis":"x","angle":22.5},"faces":{"east":{"uv":[0.375,11.625,0.625,12.125],"texture":"#0","tintindex":0},"south":{"uv":[0.75,12.5,1.0,13.0],"texture":"#0","tintindex":0},"north":{"uv":[9.5,5.625,9.75,6.125],"texture":"#0","tintindex":0},"west":{"uv":[4.5,12.5,4.75,13.0],"texture":"#0","tintindex":0},"up":{"uv":[11.875,3.625,11.625,3.375],"texture":"#0","tintindex":0},"down":{"uv":[6.5,12.625,6.25,12.875],"texture":"#0","tintindex":0}}},{"from":[2.5037298,8.258076,21.26294],"to":[3.0037298,9.258076,21.76294],"faces":{"east":{"uv":[11.5,12.875,11.625,13.125],"texture":"#0","tintindex":0},"south":{"uv":[11.625,12.875,11.75,13.125],"texture":"#0","tintindex":0},"north":{"uv":[4.75,12.5,4.875,12.75],"texture":"#0","tintindex":0},"west":{"uv":[11.75,12.875,11.875,13.125],"texture":"#0","tintindex":0},"up":{"uv":[13.125,6.25,13.0,6.125],"texture":"#0","tintindex":0},"down":{"uv":[13.125,6.25,13.0,6.375],"texture":"#0","tintindex":0}}},{"from":[6.37873,8.258076,3.01294],"to":[9.60373,9.258076,3.88794],"rotation":{"origin":[7.99123,4.7580748,0.51293993],"axis":"x","angle":22.5},"faces":{"east":{"uv":[6.25,12.875,6.5,13.125],"texture":"#0","tintindex":0},"south":{"uv":[12.375,9.125,13.125,9.375],"texture":"#0","tintindex":0},"north":{"uv":[9.875,6.25,10.625,6.5],"texture":"#0","tintindex":0},"west":{"uv":[6.75,12.875,7.0,13.125],"texture":"#0","tintindex":0},"up":{"uv":[13.25,1.875,12.5,1.625],"texture":"#0","tintindex":0},"down":{"uv":[13.25,1.875,12.5,2.125],"texture":"#0","tintindex":0}}},{"from":[6.37873,4.7580748,0.01293993],"to":[9.60373,5.2580748,0.51293993],"faces":{"east":{"uv":[13.0,6.875,13.125,7.0],"texture":"#0","tintindex":0},"south":{"uv":[12.75,9.75,13.5,9.875],"texture":"#0","tintindex":0},"north":{"uv":[12.75,7.625,13.5,7.75],"texture":"#0","tintindex":0},"west":{"uv":[13.0,7.0,13.125,7.125],"texture":"#0","tintindex":0},"up":{"uv":[10.875,12.875,10.125,12.75],"texture":"#0","tintindex":0},"down":{"uv":[11.625,12.75,10.875,12.875],"texture":"#0","tintindex":0}}},{"from":[6.37873,4.7580748,0.51293993],"to":[9.60373,7.758075,1.5129399],"faces":{"east":{"uv":[5.125,2.125,5.375,2.875],"texture":"#0","tintindex":0},"south":{"uv":[8.375,8.375,9.125,9.125],"texture":"#0","tintindex":0},"north":{"uv":[5.375,8.25,6.125,9.0],"texture":"#0","tintindex":0},"west":{"uv":[6.5,12.25,6.75,13.0],"texture":"#0","tintindex":0},"up":{"uv":[5.0,3.25,4.25,3.0],"texture":"#0","tintindex":0},"down":{"uv":[9.625,1.0,8.875,1.25],"texture":"#0","tintindex":0}}},{"from":[11.62873,6.508075,0.26293993],"to":[13.12873,7.508075,1.2629399],"faces":{"east":{"uv":[1.375,8.875,1.625,9.125],"texture":"#0","tintindex":0},"south":{"uv":[6.25,1.875,6.625,2.125],"texture":"#0","tintindex":0},"north":{"uv":[5.0,3.0,5.375,3.25],"texture":"#0","tintindex":0},"west":{"uv":[5.5,10.875,5.75,11.125],"texture":"#0","tintindex":0},"up":{"uv":[2.5,7.0,2.125,6.75],"texture":"#0","tintindex":0},"down":{"uv":[8.375,5.125,8.0,5.375],"texture":"#0","tintindex":0}}},{"from":[2.5037298,7.758075,14.762939],"to":[5.50373,8.258076,21.26294],"faces":{"east":{"uv":[11.125,7.5,12.75,7.625],"texture":"#0","tintindex":0},"south":{"uv":[11.875,12.625,12.625,12.75],"texture":"#0","tintindex":0},"north":{"uv":[12.625,11.25,13.375,11.375],"texture":"#0","tintindex":0},"west":{"uv":[11.125,7.625,12.75,7.75],"texture":"#0","tintindex":0},"up":{"uv":[6.75,5.375,6.0,3.75],"texture":"#0","tintindex":0},"down":{"uv":[6.75,5.375,6.0,7.0],"texture":"#0","tintindex":0}}},{"from":[6.37873,5.2580748,0.01293993],"to":[6.87873,6.258075,0.51293993],"faces":{"east":{"uv":[3.25,13.0,3.375,13.25],"texture":"#0","tintindex":0},"south":{"uv":[3.375,13.0,3.5,13.25],"texture":"#0","tintindex":0},"north":{"uv":[3.125,13.0,3.25,13.25],"texture":"#0","tintindex":0},"west":{"uv":[3.5,13.0,3.625,13.25],"texture":"#0","tintindex":0},"up":{"uv":[13.125,7.5,13.0,7.375],"texture":"#0","tintindex":0},"down":{"uv":[8.375,13.0,8.25,13.125],"texture":"#0","tintindex":0}}},{"from":[7.00373,10.083075,7.86294],"to":[9.00373,11.583075,8.86294],"faces":{"east":{"uv":[2.0,9.125,2.25,9.5],"texture":"#0","tintindex":0},"south":{"uv":[10.375,8.5,10.875,8.875],"texture":"#0","tintindex":0},"north":{"uv":[9.875,8.0,10.375,8.375],"texture":"#0","tintindex":0},"west":{"uv":[10.375,4.375,10.625,4.75],"texture":"#0","tintindex":0},"up":{"uv":[2.125,8.25,1.625,8.0],"texture":"#0","tintindex":0},"down":{"uv":[8.875,12.5,8.375,12.75],"texture":"#0","tintindex":0}}},{"from":[9.50373,12.083075,8.11294],"to":[10.50373,12.583075,8.61294],"rotation":{"origin":[9.50373,12.583075,8.36294],"axis":"z","angle":22.5},"faces":{"east":{"uv":[3.625,13.0,3.75,13.125],"texture":"#0","tintindex":0},"south":{"uv":[12.875,5.0,13.125,5.125],"texture":"#0","tintindex":0},"north":{"uv":[11.75,10.875,12.0,11.0],"texture":"#0","tintindex":0},"west":{"uv":[3.75,13.0,3.875,13.125],"texture":"#0","tintindex":0},"up":{"uv":[11.25,13.0,11.0,12.875],"texture":"#0","tintindex":0},"down":{"uv":[11.5,12.875,11.25,13.0],"texture":"#0","tintindex":0}}}],"textures":{"particle":"#0","0":"modelengine:e964c454-ca99-43df-bcd5-e44065d1d7b1"}}