{"display":{"head":{},"firstperson_righthand":{},"thirdperson_lefthand":{},"firstperson_lefthand":{},"fixed":{},"ground":{},"thirdperson_righthand":{},"gui":{"rotation":[-150.0,-45.0,180.0]}},"elements":[{"from":[5.5,1.9532099,5.5],"to":[10.5,4.95321,10.5],"faces":{"east":{"uv":[8.25,12.125,8.875,12.5],"texture":"#0","tintindex":0},"south":{"uv":[9.375,12.125,10.0,12.5],"texture":"#0","tintindex":0},"north":{"uv":[0.375,12.125,1.0,12.5],"texture":"#0","tintindex":0},"west":{"uv":[12.125,9.5,12.75,9.875],"texture":"#0","tintindex":0},"up":{"uv":[10.875,9.625,10.25,9.0],"texture":"#0","tintindex":0},"down":{"uv":[9.75,10.25,9.125,10.875],"texture":"#0","tintindex":0}}},{"from":[5.5,5.50321,11.0],"to":[10.5,10.50321,14.0],"faces":{"east":{"uv":[3.25,12.25,3.625,12.875],"texture":"#0","tintindex":0},"south":{"uv":[4.375,10.5,5.0,11.125],"texture":"#0","tintindex":0},"north":{"uv":[10.375,10.25,11.0,10.875],"texture":"#0","tintindex":0},"west":{"uv":[3.625,12.25,4.0,12.875],"texture":"#0","tintindex":0},"up":{"uv":[12.875,4.125,12.25,3.75],"texture":"#0","tintindex":0},"down":{"uv":[12.875,4.75,12.25,5.125],"texture":"#0","tintindex":0}}},{"from":[6.25,4.95321,5.0],"to":[9.75,11.05321,11.0],"faces":{"east":{"uv":[3.875,8.75,4.625,9.5],"texture":"#0","tintindex":0},"south":{"uv":[10.75,4.625,11.25,5.375],"texture":"#0","tintindex":0},"north":{"uv":[10.75,3.875,11.25,4.625],"texture":"#0","tintindex":0},"west":{"uv":[8.75,4.0,9.5,4.75],"texture":"#0","tintindex":0},"up":{"uv":[5.5,11.625,5.0,10.875],"texture":"#0","tintindex":0},"down":{"uv":[11.375,8.5,10.875,9.25],"texture":"#0","tintindex":0}}},{"from":[5.5,10.50321,2.0],"to":[10.5,15.50321,5.0],"rotation":{"origin":[8.0,10.50321,2.0],"axis":"x","angle":45.0},"faces":{"east":{"uv":[4.0,12.25,4.375,12.875],"texture":"#0","tintindex":0},"south":{"uv":[5.75,10.5,6.375,11.125],"texture":"#0","tintindex":0},"north":{"uv":[10.5,5.625,11.125,6.25],"texture":"#0","tintindex":0},"west":{"uv":[5.5,12.25,5.875,12.875],"texture":"#0","tintindex":0},"up":{"uv":[6.5,12.625,5.875,12.25],"texture":"#0","tintindex":0},"down":{"uv":[12.875,11.75,12.25,12.125],"texture":"#0","tintindex":0}}},{"from":[5.5,11.05321,5.5],"to":[10.5,14.05321,10.5],"faces":{"east":{"uv":[12.375,6.375,13.0,6.75],"texture":"#0","tintindex":0},"south":{"uv":[12.375,6.75,13.0,7.125],"texture":"#0","tintindex":0},"north":{"uv":[12.375,6.0,13.0,6.375],"texture":"#0","tintindex":0},"west":{"uv":[12.375,7.125,13.0,7.5],"texture":"#0","tintindex":0},"up":{"uv":[0.625,11.25,0.0,10.625],"texture":"#0","tintindex":0},"down":{"uv":[11.25,1.0,10.625,1.625],"texture":"#0","tintindex":0}}},{"from":[5.5,10.50321,11.0],"to":[10.5,15.50321,14.0],"rotation":{"origin":[8.0,10.50321,14.0],"axis":"x","angle":-45.0},"faces":{"east":{"uv":[1.0,12.375,1.375,13.0],"texture":"#0","tintindex":0},"south":{"uv":[7.0,10.5,7.625,11.125],"texture":"#0","tintindex":0},"north":{"uv":[6.375,10.5,7.0,11.125],"texture":"#0","tintindex":0},"west":{"uv":[12.375,2.375,12.75,3.0],"texture":"#0","tintindex":0},"up":{"uv":[5.5,12.75,4.875,12.375],"texture":"#0","tintindex":0},"down":{"uv":[13.0,5.625,12.375,6.0],"texture":"#0","tintindex":0}}},{"from":[5.5,1.9532099,10.5],"to":[10.5,4.95321,15.5],"rotation":{"origin":[8.0,1.9532099,10.5],"axis":"x","angle":-45.0},"faces":{"east":{"uv":[12.25,0.375,12.875,0.75],"texture":"#0","tintindex":0},"south":{"uv":[1.375,12.25,2.0,12.625],"texture":"#0","tintindex":0},"north":{"uv":[12.25,0.0,12.875,0.375],"texture":"#0","tintindex":0},"west":{"uv":[2.0,12.25,2.625,12.625],"texture":"#0","tintindex":0},"up":{"uv":[1.875,11.0,1.25,10.375],"texture":"#0","tintindex":0},"down":{"uv":[8.375,10.375,7.75,11.0],"texture":"#0","tintindex":0}}},{"from":[5.5,1.9532099,0.5],"to":[10.5,4.95321,5.5],"rotation":{"origin":[8.0,1.9532099,5.5],"axis":"x","angle":45.0},"faces":{"east":{"uv":[10.625,12.125,11.25,12.5],"texture":"#0","tintindex":0},"south":{"uv":[11.25,12.125,11.875,12.5],"texture":"#0","tintindex":0},"north":{"uv":[10.0,12.125,10.625,12.5],"texture":"#0","tintindex":0},"west":{"uv":[11.875,12.125,12.5,12.5],"texture":"#0","tintindex":0},"up":{"uv":[10.875,10.25,10.25,9.625],"texture":"#0","tintindex":0},"down":{"uv":[10.375,10.25,9.75,10.875],"texture":"#0","tintindex":0}}},{"from":[5.5,5.50321,2.0],"to":[10.5,10.50321,5.0],"faces":{"east":{"uv":[6.75,12.125,7.125,12.75],"texture":"#0","tintindex":0},"south":{"uv":[8.375,10.375,9.0,11.0],"texture":"#0","tintindex":0},"north":{"uv":[10.375,7.875,11.0,8.5],"texture":"#0","tintindex":0},"west":{"uv":[0.0,12.25,0.375,12.875],"texture":"#0","tintindex":0},"up":{"uv":[3.25,12.625,2.625,12.25],"texture":"#0","tintindex":0},"down":{"uv":[12.875,3.0,12.25,3.375],"texture":"#0","tintindex":0}}}],"textures":{"particle":"#0","0":"modelengine:e964c454-ca99-43df-bcd5-e44065d1d7b1"}}