{"display":{"head":{},"firstperson_righthand":{},"thirdperson_lefthand":{},"firstperson_lefthand":{},"fixed":{},"ground":{},"thirdperson_righthand":{},"gui":{"rotation":[-150.0,-45.0,180.0]}},"elements":[{"from":[5.5,10.50321,2.0],"to":[10.5,15.50321,5.0],"rotation":{"origin":[8.0,10.50321,2.0],"axis":"x","angle":45.0},"faces":{"east":{"uv":[7.125,11.875,7.5,12.5],"texture":"#0","tintindex":0},"south":{"uv":[10.125,3.125,10.75,3.75],"texture":"#0","tintindex":0},"north":{"uv":[3.125,10.125,3.75,10.75],"texture":"#0","tintindex":0},"west":{"uv":[7.5,11.875,7.875,12.5],"texture":"#0","tintindex":0},"up":{"uv":[12.5,11.75,11.875,11.375],"texture":"#0","tintindex":0},"down":{"uv":[12.625,1.0,12.0,1.375],"texture":"#0","tintindex":0}}},{"from":[5.5,10.50321,11.0],"to":[10.5,15.50321,14.0],"rotation":{"origin":[8.0,10.50321,14.0],"axis":"x","angle":-45.0},"faces":{"east":{"uv":[7.875,11.875,8.25,12.5],"texture":"#0","tintindex":0},"south":{"uv":[10.125,3.75,10.75,4.375],"texture":"#0","tintindex":0},"north":{"uv":[3.75,10.125,4.375,10.75],"texture":"#0","tintindex":0},"west":{"uv":[12.0,2.375,12.375,3.0],"texture":"#0","tintindex":0},"up":{"uv":[5.5,12.375,4.875,12.0],"texture":"#0","tintindex":0},"down":{"uv":[12.625,8.375,12.0,8.75],"texture":"#0","tintindex":0}}},{"from":[5.5,5.50321,11.0],"to":[10.5,10.50321,14.0],"faces":{"east":{"uv":[4.5,11.875,4.875,12.5],"texture":"#0","tintindex":0},"south":{"uv":[10.125,2.5,10.75,3.125],"texture":"#0","tintindex":0},"north":{"uv":[2.5,10.125,3.125,10.75],"texture":"#0","tintindex":0},"west":{"uv":[11.875,4.75,12.25,5.375],"texture":"#0","tintindex":0},"up":{"uv":[6.125,12.25,5.5,11.875],"texture":"#0","tintindex":0},"down":{"uv":[6.75,11.875,6.125,12.25],"texture":"#0","tintindex":0}}},{"from":[5.5,11.05321,5.5],"to":[10.5,14.05321,10.5],"faces":{"east":{"uv":[12.0,10.25,12.625,10.625],"texture":"#0","tintindex":0},"south":{"uv":[12.0,10.625,12.625,11.0],"texture":"#0","tintindex":0},"north":{"uv":[12.0,8.75,12.625,9.125],"texture":"#0","tintindex":0},"west":{"uv":[12.0,11.0,12.625,11.375],"texture":"#0","tintindex":0},"up":{"uv":[10.75,5.625,10.125,5.0],"texture":"#0","tintindex":0},"down":{"uv":[5.75,10.25,5.125,10.875],"texture":"#0","tintindex":0}}},{"from":[5.5,5.50321,2.0],"to":[10.5,10.50321,5.0],"faces":{"east":{"uv":[9.0,11.75,9.375,12.375],"texture":"#0","tintindex":0},"south":{"uv":[1.875,10.125,2.5,10.75],"texture":"#0","tintindex":0},"north":{"uv":[0.625,10.125,1.25,10.75],"texture":"#0","tintindex":0},"west":{"uv":[11.875,3.75,12.25,4.375],"texture":"#0","tintindex":0},"up":{"uv":[4.5,12.25,3.875,11.875],"texture":"#0","tintindex":0},"down":{"uv":[12.5,4.375,11.875,4.75],"texture":"#0","tintindex":0}}},{"from":[5.5,1.9532099,5.5],"to":[10.5,4.95321,10.5],"faces":{"east":{"uv":[9.75,11.75,10.375,12.125],"texture":"#0","tintindex":0},"south":{"uv":[10.375,11.75,11.0,12.125],"texture":"#0","tintindex":0},"north":{"uv":[11.75,9.125,12.375,9.5],"texture":"#0","tintindex":0},"west":{"uv":[11.0,11.75,11.625,12.125],"texture":"#0","tintindex":0},"up":{"uv":[6.5,10.5,5.875,9.875],"texture":"#0","tintindex":0},"down":{"uv":[7.125,9.875,6.5,10.5],"texture":"#0","tintindex":0}}},{"from":[5.5,1.9532099,10.5],"to":[10.5,4.95321,15.5],"rotation":{"origin":[8.0,1.9532099,10.5],"axis":"x","angle":-45.0},"faces":{"east":{"uv":[2.625,11.875,3.25,12.25],"texture":"#0","tintindex":0},"south":{"uv":[3.25,11.875,3.875,12.25],"texture":"#0","tintindex":0},"north":{"uv":[11.875,2.0,12.5,2.375],"texture":"#0","tintindex":0},"west":{"uv":[11.875,3.375,12.5,3.75],"texture":"#0","tintindex":0},"up":{"uv":[10.625,1.625,10.0,1.0],"texture":"#0","tintindex":0},"down":{"uv":[10.625,7.25,10.0,7.875],"texture":"#0","tintindex":0}}},{"from":[5.5,1.9532099,0.5],"to":[10.5,4.95321,5.5],"rotation":{"origin":[8.0,1.9532099,5.5],"axis":"x","angle":45.0},"faces":{"east":{"uv":[1.375,11.875,2.0,12.25],"texture":"#0","tintindex":0},"south":{"uv":[11.875,1.625,12.5,2.0],"texture":"#0","tintindex":0},"north":{"uv":[11.625,11.75,12.25,12.125],"texture":"#0","tintindex":0},"west":{"uv":[2.0,11.875,2.625,12.25],"texture":"#0","tintindex":0},"up":{"uv":[7.75,10.5,7.125,9.875],"texture":"#0","tintindex":0},"down":{"uv":[0.625,10.0,0.0,10.625],"texture":"#0","tintindex":0}}},{"from":[6.25,4.95321,5.0],"to":[9.75,11.05321,11.0],"faces":{"east":{"uv":[3.125,8.75,3.875,9.5],"texture":"#0","tintindex":0},"south":{"uv":[10.75,3.125,11.25,3.875],"texture":"#0","tintindex":0},"north":{"uv":[2.875,10.75,3.375,11.5],"texture":"#0","tintindex":0},"west":{"uv":[8.75,3.25,9.5,4.0],"texture":"#0","tintindex":0},"up":{"uv":[3.875,11.5,3.375,10.75],"texture":"#0","tintindex":0},"down":{"uv":[4.375,10.75,3.875,11.5],"texture":"#0","tintindex":0}}}],"textures":{"particle":"#0","0":"modelengine:e964c454-ca99-43df-bcd5-e44065d1d7b1"}}