{"display":{"head":{},"firstperson_righthand":{},"thirdperson_lefthand":{},"firstperson_lefthand":{},"fixed":{},"ground":{},"thirdperson_righthand":{},"gui":{"rotation":[-150.0,-45.0,180.0]}},"elements":[{"from":[9.0,8.0,8.0],"to":[17.0,10.0,9.0],"faces":{"east":{"uv":[10.0,10.0,11.0,12.0],"texture":"#0","tintindex":0},"south":{"uv":[0.0,6.0,8.0,8.0],"texture":"#0","tintindex":0},"north":{"uv":[0.0,4.0,8.0,6.0],"texture":"#0","tintindex":0},"west":{"uv":[11.0,10.0,12.0,12.0],"texture":"#0","tintindex":0},"up":{"uv":[16.0,8.0,8.0,7.0],"texture":"#0","tintindex":0},"down":{"uv":[14.0,9.0,6.0,10.0],"texture":"#0","tintindex":0}}},{"from":[9.0,8.0,2.0],"to":[10.0,10.0,8.0],"faces":{"east":{"uv":[0.0,8.0,6.0,10.0],"texture":"#0","tintindex":0},"south":{"uv":[5.0,12.0,6.0,14.0],"texture":"#0","tintindex":0},"north":{"uv":[4.0,12.0,5.0,14.0],"texture":"#0","tintindex":0},"west":{"uv":[8.0,0.0,14.0,2.0],"texture":"#0","tintindex":0},"up":{"uv":[1.0,16.0,0.0,10.0],"texture":"#0","tintindex":0},"down":{"uv":[2.0,10.0,1.0,16.0],"texture":"#0","tintindex":0}}},{"from":[9.0,8.0,1.0],"to":[17.0,10.0,2.0],"faces":{"east":{"uv":[8.0,10.0,9.0,12.0],"texture":"#0","tintindex":0},"south":{"uv":[0.0,2.0,8.0,4.0],"texture":"#0","tintindex":0},"north":{"uv":[0.0,0.0,8.0,2.0],"texture":"#0","tintindex":0},"west":{"uv":[9.0,10.0,10.0,12.0],"texture":"#0","tintindex":0},"up":{"uv":[14.0,9.0,6.0,8.0],"texture":"#0","tintindex":0},"down":{"uv":[16.0,6.0,8.0,7.0],"texture":"#0","tintindex":0}}},{"from":[9.0,8.0,9.0],"to":[9.0,10.0,11.0],"faces":{"east":{"uv":[4.0,10.0,6.0,12.0],"texture":"#0","tintindex":0},"west":{"uv":[6.0,10.0,8.0,12.0],"texture":"#0","tintindex":0}}},{"from":[16.0,8.0,2.0],"to":[17.0,10.0,8.0],"faces":{"east":{"uv":[8.0,2.0,14.0,4.0],"texture":"#0","tintindex":0},"south":{"uv":[7.0,12.0,8.0,14.0],"texture":"#0","tintindex":0},"north":{"uv":[6.0,12.0,7.0,14.0],"texture":"#0","tintindex":0},"west":{"uv":[8.0,4.0,14.0,6.0],"texture":"#0","tintindex":0},"up":{"uv":[3.0,16.0,2.0,10.0],"texture":"#0","tintindex":0},"down":{"uv":[4.0,10.0,3.0,16.0],"texture":"#0","tintindex":0}}}],"textures":{"particle":"#0","0":"modelengine:601f27d5-8b41-4b93-9c8d-6a7d2ed3ea92"}}