{"display":{"head":{},"firstperson_righthand":{},"thirdperson_lefthand":{},"firstperson_lefthand":{},"fixed":{},"ground":{},"thirdperson_righthand":{},"gui":{"rotation":[-150.0,-45.0,180.0]}},"elements":[{"from":[9.5,20.0,11.6],"to":[12.5,22.0,14.6],"faces":{"east":{"uv":[7.0,10.5,8.5,11.5],"texture":"#0","tintindex":0},"south":{"uv":[10.5,8.0,12.0,9.0],"texture":"#0","tintindex":0},"north":{"uv":[4.0,10.5,5.5,11.5],"texture":"#0","tintindex":0},"west":{"uv":[10.5,9.0,12.0,10.0],"texture":"#0","tintindex":0},"up":{"uv":[5.5,10.5,4.0,9.0],"texture":"#0","tintindex":0},"down":{"uv":[10.5,8.0,9.0,9.5],"texture":"#0","tintindex":0}}},{"from":[10.0,9.0,12.1],"to":[12.0,20.0,14.1],"faces":{"east":{"uv":[0.0,7.0,1.0,12.5],"texture":"#0","tintindex":0},"south":{"uv":[1.0,7.0,2.0,12.5],"texture":"#0","tintindex":0},"north":{"uv":[6.0,2.0,7.0,7.5],"texture":"#0","tintindex":0},"west":{"uv":[2.0,7.0,3.0,12.5],"texture":"#0","tintindex":0},"up":{"uv":[12.5,8.0,11.5,7.0],"texture":"#0","tintindex":0},"down":{"uv":[12.5,11.0,11.5,12.0],"texture":"#0","tintindex":0}}},{"from":[11.0,17.0,10.0],"to":[23.0,17.0,12.0],"faces":{"up":{"uv":[6.0,6.0,0.0,5.0],"texture":"#0","tintindex":0},"down":{"uv":[6.0,6.0,0.0,7.0],"texture":"#0","tintindex":0}}},{"from":[22.0,14.0,12.0],"to":[22.0,16.0,21.0],"faces":{"east":{"uv":[7.0,4.0,11.5,5.0],"texture":"#0","tintindex":0},"west":{"uv":[7.0,5.0,11.5,6.0],"texture":"#0","tintindex":0}}},{"from":[14.0,17.0,12.0],"to":[20.0,19.0,12.0],"faces":{"south":{"uv":[3.0,8.0,6.0,9.0],"texture":"#0","tintindex":0},"north":{"uv":[3.0,7.0,6.0,8.0],"texture":"#0","tintindex":0}}},{"from":[15.5,8.25,11.6],"to":[17.5,11.25,14.6],"rotation":{"origin":[13.25,12.25,13.1],"axis":"z","angle":-22.5},"faces":{"east":{"uv":[9.0,9.5,10.5,11.0],"texture":"#0","tintindex":0},"south":{"uv":[4.5,11.5,5.5,13.0],"texture":"#0","tintindex":0},"north":{"uv":[11.5,4.0,12.5,5.5],"texture":"#0","tintindex":0},"west":{"uv":[5.5,10.0,7.0,11.5],"texture":"#0","tintindex":0},"up":{"uv":[6.5,13.0,5.5,11.5],"texture":"#0","tintindex":0},"down":{"uv":[12.5,5.5,11.5,7.0],"texture":"#0","tintindex":0}}},{"from":[11.0,12.0,10.0],"to":[11.0,17.0,12.0],"faces":{"east":{"uv":[8.0,8.0,9.0,10.5],"texture":"#0","tintindex":0},"west":{"uv":[3.0,9.0,4.0,11.5],"texture":"#0","tintindex":0}}},{"from":[12.0,14.0,21.0],"to":[22.0,16.0,21.0],"faces":{"south":{"uv":[7.0,3.0,12.0,4.0],"texture":"#0","tintindex":0},"north":{"uv":[7.0,2.0,12.0,3.0],"texture":"#0","tintindex":0}}},{"from":[23.0,12.0,10.0],"to":[23.0,17.0,12.0],"faces":{"east":{"uv":[6.0,7.5,7.0,10.0],"texture":"#0","tintindex":0},"west":{"uv":[7.0,8.0,8.0,10.5],"texture":"#0","tintindex":0}}},{"from":[11.0,12.0,12.0],"to":[12.0,17.0,12.0],"faces":{"south":{"uv":[7.0,11.5,7.5,14.0],"texture":"#0","tintindex":0},"north":{"uv":[6.5,11.5,7.0,14.0],"texture":"#0","tintindex":0}}},{"from":[11.0,12.0,10.0],"to":[23.0,17.0,10.0],"faces":{"south":{"uv":[0.0,2.5,6.0,5.0],"texture":"#0","tintindex":0},"north":{"uv":[0.0,0.0,6.0,2.5],"texture":"#0","tintindex":0}}},{"from":[12.0,14.0,12.0],"to":[12.0,16.0,21.0],"faces":{"east":{"uv":[7.0,6.0,11.5,7.0],"texture":"#0","tintindex":0},"west":{"uv":[7.0,7.0,11.5,8.0],"texture":"#0","tintindex":0}}},{"from":[12.5,8.75,12.1],"to":[15.5,10.75,14.1],"rotation":{"origin":[13.25,12.25,13.1],"axis":"z","angle":-22.5},"faces":{"east":{"uv":[12.0,0.0,13.0,1.0],"texture":"#0","tintindex":0},"south":{"uv":[8.5,11.0,10.0,12.0],"texture":"#0","tintindex":0},"north":{"uv":[10.5,10.0,12.0,11.0],"texture":"#0","tintindex":0},"west":{"uv":[12.0,1.0,13.0,2.0],"texture":"#0","tintindex":0},"up":{"uv":[11.5,12.0,10.0,11.0],"texture":"#0","tintindex":0},"down":{"uv":[4.5,11.5,3.0,12.5],"texture":"#0","tintindex":0}}},{"from":[22.0,12.0,12.0],"to":[23.0,17.0,12.0],"faces":{"south":{"uv":[8.0,11.5,8.5,14.0],"texture":"#0","tintindex":0},"north":{"uv":[7.5,11.5,8.0,14.0],"texture":"#0","tintindex":0}}},{"from":[11.0,12.0,10.0],"to":[23.0,12.0,12.0],"faces":{"up":{"uv":[12.0,1.0,6.0,0.0],"texture":"#0","tintindex":0},"down":{"uv":[12.0,1.0,6.0,2.0],"texture":"#0","tintindex":0}}}],"textures":{"particle":"#0","0":"modelengine:2790364a-a69b-4b53-aeed-6b6db184639b"}}