{"display":{"fixed":{"rotation":[-90.0,0.0,0.0],"translation":[0.0,0.0,-16.0],"scale":[2.0,2.0,2.0]}},"elements":[{"from":[8.0,0.0,0.0],"to":[8.0,32.0,16.0],"rotation":{"origin":[8.0,0.0,8.0],"axis":"y","angle":0.0},"shade":false,"faces":{"east":{"uv":[10.66667,0.0,16.0,10.66667],"texture":"#1"},"west":{"uv":[10.66667,0.0,16.0,10.66667],"texture":"#1"}}},{"from":[0.0,0.0,8.0],"to":[16.0,32.0,8.0],"rotation":{"origin":[8.0,0.0,8.0],"axis":"y","angle":0.0},"shade":false,"faces":{"north":{"uv":[10.66667,0.0,16.0,10.66667],"texture":"#1"},"south":{"uv":[10.66667,0.0,16.0,10.66667],"texture":"#1"}}},{"from":[0.0,0.0,8.0],"to":[16.0,16.0,8.0],"rotation":{"origin":[8.0,0.0,8.0],"axis":"y","angle":45.0},"shade":false,"faces":{"north":{"uv":[0.0,5.33333,5.33333,10.66667],"texture":"#1"},"south":{"uv":[0.0,5.33333,5.33333,10.66667],"texture":"#1"}}},{"from":[0.0,0.0,8.0],"to":[16.0,16.0,8.0],"rotation":{"origin":[8.0,0.0,8.0],"axis":"y","angle":-45.0},"shade":false,"faces":{"north":{"uv":[5.33333,0.0,10.66667,5.33333],"texture":"#1"},"south":{"uv":[5.33333,0.0,10.66667,5.33333],"texture":"#1"}}},{"from":[0.0,16.0,8.0],"to":[16.0,32.0,8.0],"rotation":{"origin":[8.0,16.0,8.0],"axis":"y","angle":45.0},"shade":false,"faces":{"north":{"uv":[5.33333,5.33333,10.66667,10.66667],"texture":"#1"},"south":{"uv":[5.33333,5.33333,10.66667,10.66667],"texture":"#1"}}},{"from":[0.0,16.0,8.0],"to":[16.0,32.0,8.0],"rotation":{"origin":[8.0,16.0,8.0],"axis":"y","angle":-45.0},"shade":false,"faces":{"north":{"uv":[5.33333,5.33333,10.66667,10.66667],"texture":"#1"},"south":{"uv":[5.33333,5.33333,10.66667,10.66667],"texture":"#1"}}},{"from":[4.9,13.0,4.5],"to":[7.9,16.0,7.5],"rotation":{"origin":[6.9,15.0,6.5],"axis":"x","angle":22.5},"shade":false,"faces":{"north":{"uv":[0.0,1.33333,1.0,2.33333],"texture":"#1"},"east":{"uv":[0.0,1.33333,1.0,2.33333],"texture":"#1"},"south":{"uv":[0.0,1.33333,1.0,2.33333],"texture":"#1"},"west":{"uv":[0.0,1.33333,1.0,2.33333],"texture":"#1"},"up":{"uv":[1.0,1.33333,2.0,2.33333],"texture":"#1"},"down":{"uv":[0.0,2.33333,1.0,3.33333],"texture":"#1"}}},{"from":[6.4,15.5,5.0],"to":[6.4,18.5,8.0],"rotation":{"origin":[6.4,17.0,6.5],"axis":"y","angle":0.0},"shade":false,"faces":{"east":{"uv":[1.0,3.33333,2.0,4.33333],"texture":"#1"},"west":{"uv":[2.0,3.33333,1.0,4.33333],"texture":"#1"}}},{"from":[4.9,16.0,6.5],"to":[7.9,19.0,6.5],"rotation":{"origin":[6.9,15.0,7.0],"axis":"y","angle":0.0},"shade":false,"faces":{"north":{"uv":[0.0,3.33333,1.0,4.33333],"texture":"#1"},"south":{"uv":[0.0,3.33333,1.0,4.33333],"texture":"#1"}}},{"from":[6.5,5.0,9.25],"to":[9.5,8.0,12.25],"rotation":{"origin":[8.5,6.0,10.25],"axis":"y","angle":22.5},"shade":false,"faces":{"north":{"uv":[0.0,1.33333,1.0,2.33333],"texture":"#1"},"east":{"uv":[0.0,1.33333,1.0,2.33333],"texture":"#1"},"south":{"uv":[0.0,1.33333,1.0,2.33333],"texture":"#1"},"west":{"uv":[0.0,1.33333,1.0,2.33333],"texture":"#1"},"up":{"uv":[1.0,1.33333,2.0,2.33333],"texture":"#1"},"down":{"uv":[0.0,2.33333,1.0,3.33333],"texture":"#1"}}},{"from":[6.5,8.0,10.75],"to":[9.5,11.0,10.75],"rotation":{"origin":[8.5,9.0,10.25],"axis":"y","angle":22.5},"shade":false,"faces":{"north":{"uv":[0.0,3.33333,1.0,4.33333],"texture":"#1"},"south":{"uv":[0.0,3.33333,1.0,4.33333],"texture":"#1"}}},{"from":[8.0,8.0,9.25],"to":[8.0,11.0,12.25],"rotation":{"origin":[8.5,9.0,10.25],"axis":"y","angle":22.5},"shade":false,"faces":{"east":{"uv":[0.0,3.33333,1.0,4.33333],"texture":"#1"},"west":{"uv":[0.0,3.33333,1.0,4.33333],"texture":"#1"}}},{"from":[8.5,18.0,8.25],"to":[11.5,21.0,11.25],"rotation":{"origin":[9.5,20.0,9.25],"axis":"y","angle":22.5},"shade":false,"faces":{"north":{"uv":[0.0,1.33333,1.0,2.33333],"texture":"#1"},"east":{"uv":[0.0,1.33333,1.0,2.33333],"texture":"#1"},"south":{"uv":[0.0,1.33333,1.0,2.33333],"texture":"#1"},"west":{"uv":[0.0,1.33333,1.0,2.33333],"texture":"#1"},"up":{"uv":[1.0,1.33333,2.0,2.33333],"texture":"#1"},"down":{"uv":[0.0,2.33333,1.0,3.33333],"texture":"#1"}}},{"from":[10.0,21.0,8.25],"to":[10.0,24.0,11.25],"rotation":{"origin":[9.5,23.0,9.25],"axis":"y","angle":22.5},"shade":false,"faces":{"east":{"uv":[0.0,3.33333,1.0,4.33333],"texture":"#1"},"west":{"uv":[0.0,3.33333,1.0,4.33333],"texture":"#1"}}},{"from":[8.5,21.0,9.75],"to":[11.5,24.0,9.75],"rotation":{"origin":[9.5,23.0,9.25],"axis":"y","angle":22.5},"shade":false,"faces":{"north":{"uv":[0.0,3.33333,1.0,4.33333],"texture":"#1"},"south":{"uv":[0.0,3.33333,1.0,4.33333],"texture":"#1"}}},{"from":[8.0,8.0,4.9],"to":[11.0,11.0,7.9],"rotation":{"origin":[9.0,10.0,6.9],"axis":"z","angle":22.5},"shade":false,"faces":{"north":{"uv":[0.0,1.33333,1.0,2.33333],"texture":"#1"},"east":{"uv":[0.0,1.33333,1.0,2.33333],"texture":"#1"},"south":{"uv":[0.0,1.33333,1.0,2.33333],"texture":"#1"},"west":{"uv":[0.0,1.33333,1.0,2.33333],"texture":"#1"},"up":{"uv":[1.0,1.33333,2.0,2.33333],"texture":"#1"},"down":{"uv":[0.0,2.33333,1.0,3.33333],"texture":"#1"}}},{"from":[7.5,10.5,6.4],"to":[10.5,13.5,6.4],"rotation":{"origin":[8.5,9.5,6.9],"axis":"z","angle":0.0},"shade":false,"faces":{"north":{"uv":[2.0,3.33333,1.0,4.33333],"texture":"#1"},"south":{"uv":[1.0,3.33333,2.0,4.33333],"texture":"#1"}}},{"from":[9.0,11.0,4.9],"to":[9.0,14.0,7.9],"rotation":{"origin":[9.0,12.5,6.4],"axis":"y","angle":0.0},"shade":false,"faces":{"east":{"uv":[0.0,3.33333,1.0,4.33333],"texture":"#1"},"west":{"uv":[0.0,3.33333,1.0,4.33333],"texture":"#1"}}}],"ambientocclusion":false,"textures":{"particle":"addcrop:3ef20133-c860-426c-a148-140e2ae27bd9","1":"addcrop:1fd06cf7-5887-467f-93e8-b690d7ae48d1"}}