{"display":{"fixed":{"rotation":[-90.0,0.0,0.0],"translation":[0.0,0.0,-16.0],"scale":[2.0,2.0,2.0]}},"elements":[{"from":[0.0,2.0,8.0],"to":[16.0,18.0,8.0],"rotation":{"origin":[8.0,2.0,8.0],"axis":"z","angle":-22.5},"shade":false,"faces":{"north":{"uv":[0.0,0.0,8.0,8.0],"texture":"#1"},"south":{"uv":[8.0,0.0,0.0,8.0],"texture":"#1"}}},{"from":[0.0,2.0,8.1],"to":[16.0,18.0,8.1],"rotation":{"origin":[8.0,2.0,8.1],"axis":"z","angle":22.5},"shade":false,"faces":{"north":{"uv":[8.0,0.0,0.0,8.0],"texture":"#1"},"south":{"uv":[0.0,0.0,8.0,8.0],"texture":"#1"}}},{"from":[8.0,2.0,0.0],"to":[8.0,18.0,16.0],"rotation":{"origin":[8.0,2.0,8.0],"axis":"x","angle":-22.5},"shade":false,"faces":{"east":{"uv":[8.0,0.0,0.0,8.0],"texture":"#1"},"west":{"uv":[0.0,0.0,8.0,8.0],"texture":"#1"}}},{"from":[7.9,2.0,0.0],"to":[7.9,18.0,16.0],"rotation":{"origin":[7.9,2.0,8.0],"axis":"x","angle":22.5},"shade":false,"faces":{"east":{"uv":[0.0,0.0,8.0,8.0],"texture":"#1"},"west":{"uv":[8.0,0.0,0.0,8.0],"texture":"#1"}}},{"from":[6.0,0.0,6.0],"to":[10.0,2.0,10.0],"rotation":{"origin":[7.5,0.0,7.5],"axis":"y","angle":0.0},"shade":false,"faces":{"north":{"uv":[2.0,10.5,4.0,11.5],"texture":"#1"},"east":{"uv":[2.0,10.5,4.0,11.5],"texture":"#1"},"south":{"uv":[2.0,10.5,4.0,11.5],"texture":"#1"},"west":{"uv":[2.0,10.5,4.0,11.5],"texture":"#1"},"up":{"uv":[0.0,10.5,2.0,12.5],"texture":"#1"},"down":{"uv":[0.0,12.5,2.0,14.5],"texture":"#1"}}},{"from":[6.5,2.0,6.5],"to":[9.5,3.0,9.5],"rotation":{"origin":[8.0,0.0,8.0],"axis":"y","angle":0.0},"shade":false,"faces":{"north":{"uv":[1.5,9.0,3.0,9.5],"texture":"#1"},"east":{"uv":[1.5,9.0,3.0,9.5],"texture":"#1"},"south":{"uv":[1.5,9.0,3.0,9.5],"texture":"#1"},"west":{"uv":[1.5,9.0,3.0,9.5],"texture":"#1"},"up":{"uv":[0.0,9.0,1.5,10.5],"texture":"#1"},"down":{"uv":[0.0,10.5,1.5,12.0],"texture":"#1"}}}],"ambientocclusion":false,"textures":{"particle":"addcrop:50b92e13-8bfd-4e80-a74e-88bb40f862d6","1":"addcrop:0d5a6c1d-e6e3-4109-958f-6c25c2d04b77"}}