{"display":{"thirdperson_righthand":{"rotation":[75.0,45.0,0.0],"translation":[0.0,2.5,0.0],"scale":[0.375,0.375,0.375]},"thirdperson_lefthand":{"rotation":[75.0,45.0,0.0],"translation":[0.0,2.5,0.0],"scale":[0.375,0.375,0.375]},"firstperson_righthand":{"rotation":[0.0,45.0,0.0],"translation":[0.0,1.0,0.0],"scale":[0.6,0.6,0.6]},"firstperson_lefthand":{"rotation":[0.0,225.0,0.0],"translation":[0.0,1.0,0.0],"scale":[0.6,0.6,0.6]},"ground":{"translation":[0.0,4.0,0.0],"scale":[0.6,0.6,0.6]},"gui":{"rotation":[30.0,225.0,0.0],"translation":[0.0,1.25,0.0],"scale":[0.7,0.7,0.7]},"fixed":{"scale":[0.5,0.5,0.5]}},"elements":[{"from":[1.0,1.0,1.0],"to":[15.0,9.0,15.0],"rotation":{"origin":[8.0,1.0,8.0],"axis":"y","angle":0.0},"shade":false,"faces":{"north":{"uv":[1.75,3.875,2.625,4.375],"texture":"#0"},"east":{"uv":[1.75,3.875,2.625,4.375],"texture":"#0"},"south":{"uv":[1.75,3.875,2.625,4.375],"texture":"#0"},"west":{"uv":[1.75,3.875,2.625,4.375],"texture":"#0"},"up":{"uv":[0.0,3.875,0.875,4.75],"texture":"#0"},"down":{"uv":[0.875,3.875,1.75,4.75],"texture":"#0"}}},{"from":[2.0,0.0,2.0],"to":[14.0,1.0,14.0],"rotation":{"origin":[8.0,0.0,8.0],"axis":"y","angle":0.0},"shade":false,"faces":{"north":{"uv":[1.8125,4.375,2.5625,4.4375],"texture":"#0"},"east":{"uv":[1.8125,4.375,2.5625,4.4375],"texture":"#0"},"south":{"uv":[1.8125,4.375,2.5625,4.4375],"texture":"#0"},"west":{"uv":[1.8125,4.375,2.5625,4.4375],"texture":"#0"},"up":{"uv":[0.9375,3.9375,1.6875,4.6875],"texture":"#0"},"down":{"uv":[0.9375,3.9375,1.6875,4.6875],"texture":"#0"}}},{"from":[4.0,9.0,4.0],"to":[12.0,11.0,12.0],"rotation":{"origin":[8.0,9.0,8.0],"axis":"y","angle":0.0},"shade":false,"faces":{"north":{"uv":[1.0,3.1875,1.5,3.3125],"texture":"#0"},"east":{"uv":[1.0,3.1875,1.5,3.3125],"texture":"#0"},"south":{"uv":[1.0,3.1875,1.5,3.3125],"texture":"#0"},"west":{"uv":[1.0,3.1875,1.5,3.3125],"texture":"#0"},"up":{"uv":[0.0,3.1875,0.5,3.6875],"texture":"#0"},"down":{"uv":[0.5,3.1875,1.0,3.6875],"texture":"#0"}}},{"from":[8.0,11.0,3.0],"to":[8.0,17.0,13.0],"rotation":{"origin":[8.0,11.0,8.0],"axis":"y","angle":22.5},"shade":false,"faces":{"east":{"uv":[0.0,2.75,0.625,3.125],"texture":"#0"},"west":{"uv":[0.625,2.75,0.0,3.125],"texture":"#0"}}},{"from":[3.0,11.0,8.0],"to":[13.0,17.0,8.0],"rotation":{"origin":[8.0,11.0,8.0],"axis":"y","angle":-22.5},"shade":false,"faces":{"north":{"uv":[0.0,2.75,0.625,3.125],"texture":"#0"},"south":{"uv":[0.625,2.75,0.0,3.125],"texture":"#0"}}}],"ambientocclusion":false,"textures":{"particle":"addcrop:e64c5c72-402f-45cf-94ca-f1d368a57180","0":"addcrop:f987484a-bc28-47db-828e-a64ceed5c192"}}