{"display":{"thirdperson_righthand":{"rotation":[75.0,45.0,0.0],"translation":[0.0,2.5,0.0],"scale":[0.375,0.375,0.375]},"thirdperson_lefthand":{"rotation":[75.0,45.0,0.0],"translation":[0.0,2.5,0.0],"scale":[0.375,0.375,0.375]},"firstperson_righthand":{"rotation":[0.0,45.0,0.0],"translation":[0.0,1.0,0.0],"scale":[0.6,0.6,0.6]},"firstperson_lefthand":{"rotation":[0.0,45.0,0.0],"translation":[0.0,1.0,0.0],"scale":[0.6,0.6,0.6]},"ground":{"translation":[0.0,4.0,0.0],"scale":[0.6,0.6,0.6]},"gui":{"rotation":[30.0,225.0,0.0],"translation":[0.0,0.5,0.0],"scale":[0.8,0.8,0.8]},"fixed":{"scale":[0.5,0.5,0.5]}},"elements":[{"from":[3.0,2.0,3.0],"to":[13.0,12.0,13.0],"rotation":{"origin":[8.0,0.0,8.0],"axis":"y","angle":0.0},"shade":false,"faces":{"north":{"uv":[0.625,5.0,1.25,5.625],"texture":"#0"},"east":{"uv":[0.625,5.0,1.25,5.625],"texture":"#0"},"south":{"uv":[0.625,5.0,1.25,5.625],"texture":"#0"},"west":{"uv":[0.625,5.0,1.25,5.625],"texture":"#0"},"down":{"uv":[0.625,5.0,0.0,5.625],"texture":"#0"}}},{"from":[4.0,0.0,4.0],"to":[12.0,2.0,12.0],"rotation":{"origin":[8.0,0.0,8.0],"axis":"y","angle":0.0},"shade":false,"faces":{"north":{"uv":[1.25,5.0,1.75,5.125],"texture":"#0"},"east":{"uv":[1.25,5.0,1.75,5.125],"texture":"#0"},"south":{"uv":[1.25,5.0,1.75,5.125],"texture":"#0"},"west":{"uv":[1.25,5.0,1.75,5.125],"texture":"#0"},"down":{"uv":[0.625,5.0,0.0,5.625],"texture":"#0"}}},{"from":[13.0,11.0,3.0],"to":[3.0,12.0,13.0],"rotation":{"origin":[8.0,0.0,8.0],"axis":"y","angle":0.0},"shade":false,"faces":{"north":{"uv":[0.625,5.0,1.25,5.0625],"texture":"#0"},"east":{"uv":[0.625,5.0,1.25,5.0625],"texture":"#0"},"south":{"uv":[0.625,5.0,1.25,5.0625],"texture":"#0"},"west":{"uv":[0.625,5.0,1.25,5.0625],"texture":"#0"},"down":{"uv":[0.625,5.0,0.0,5.625],"texture":"#0"}}},{"from":[4.0,11.0,4.0],"to":[12.0,14.0,12.0],"rotation":{"origin":[8.0,0.0,8.0],"axis":"y","angle":0.0},"shade":false,"faces":{"north":{"uv":[0.5,4.375,1.0,4.5625],"texture":"#0"},"east":{"uv":[0.5,4.375,1.0,4.5625],"texture":"#0"},"south":{"uv":[0.5,4.375,1.0,4.5625],"texture":"#0"},"west":{"uv":[0.5,4.375,1.0,4.5625],"texture":"#0"},"down":{"uv":[0.5,4.375,0.0,4.875],"texture":"#0"}}},{"from":[12.0,13.0,4.0],"to":[4.0,14.0,12.0],"rotation":{"origin":[8.0,0.0,8.0],"axis":"y","angle":0.0},"shade":false,"faces":{"north":{"uv":[1.0,4.375,0.5,4.4375],"texture":"#0"},"east":{"uv":[1.0,4.375,0.5,4.4375],"texture":"#0"},"south":{"uv":[1.0,4.375,0.5,4.4375],"texture":"#0"},"west":{"uv":[1.0,4.375,0.5,4.4375],"texture":"#0"},"down":{"uv":[0.0,4.375,0.5,4.875],"texture":"#0"}}}],"ambientocclusion":false,"textures":{"particle":"addcrop:50b92e13-8bfd-4e80-a74e-88bb40f862d6","0":"addcrop:55d2403e-e98d-4ee8-a171-ae0d304ef989"}}