{"display":{"thirdperson_righthand":{"rotation":[75.0,45.0,0.0],"translation":[0.0,2.5,0.0],"scale":[0.375,0.375,0.375]},"thirdperson_lefthand":{"rotation":[75.0,45.0,0.0],"translation":[0.0,2.5,0.0],"scale":[0.375,0.375,0.375]},"firstperson_righthand":{"rotation":[0.0,45.0,0.0],"translation":[0.0,1.0,0.0],"scale":[0.6,0.6,0.6]},"firstperson_lefthand":{"rotation":[0.0,45.0,0.0],"translation":[0.0,1.0,0.0],"scale":[0.6,0.6,0.6]},"ground":{"translation":[0.0,4.0,0.0],"scale":[0.6,0.6,0.6]},"gui":{"rotation":[-124.0,-38.0,-160.0],"translation":[0.75,1.25,0.0],"scale":[0.7,0.7,0.7]},"fixed":{"scale":[0.5,0.5,0.5]}},"elements":[{"from":[3.0,-0.5,2.0],"to":[12.0,7.5,11.0],"rotation":{"origin":[5.0,-0.5,2.0],"axis":"y","angle":0.0},"shade":false,"faces":{"north":{"uv":[0.0,5.3125,0.5625,5.8125],"texture":"#0"},"east":{"uv":[0.5625,5.3125,1.0625,4.75],"texture":"#0","rotation":90},"south":{"uv":[0.0,5.3125,0.5625,5.8125],"texture":"#0"},"west":{"uv":[0.5625,4.75,1.0625,5.3125],"texture":"#0","rotation":90},"up":{"uv":[0.0,5.3125,0.5625,4.75],"texture":"#0"},"down":{"uv":[0.0,4.75,0.5625,5.3125],"texture":"#0"}}},{"from":[2.5,-1.0,11.0],"to":[12.5,8.0,20.0],"rotation":{"origin":[2.5,-1.0,11.0],"axis":"x","angle":-22.5},"shade":false,"faces":{"north":{"uv":[0.625,4.125,1.25,4.6875],"texture":"#0"},"east":{"uv":[0.625,3.5625,1.1875,4.125],"texture":"#0"},"south":{"uv":[0.0,4.125,0.625,4.6875],"texture":"#0"},"west":{"uv":[1.1875,3.5625,0.625,4.125],"texture":"#0"},"up":{"uv":[0.0,4.125,0.625,3.5625],"texture":"#0"},"down":{"uv":[0.0,3.5625,0.625,4.125],"texture":"#0"}}},{"from":[3.5,-1.0,-4.0],"to":[11.5,6.0,3.0],"rotation":{"origin":[3.5,-1.0,5.0],"axis":"x","angle":22.5},"shade":false,"faces":{"north":{"uv":[1.75,4.0,2.25,4.4375],"texture":"#0"},"east":{"uv":[2.1875,3.5625,1.75,4.0],"texture":"#0"},"south":{"uv":[1.75,4.0,2.25,4.4375],"texture":"#0"},"west":{"uv":[1.75,3.5625,2.1875,4.0],"texture":"#0"},"up":{"uv":[1.25,3.5625,1.75,4.0],"texture":"#0"},"down":{"uv":[1.25,4.0,1.75,3.5625],"texture":"#0"}}},{"from":[4.5,5.7,-6.4],"to":[10.5,10.7,-2.4],"rotation":{"origin":[3.5,2.7,-6.4],"axis":"x","angle":45.0},"shade":false,"faces":{"north":{"uv":[1.3125,3.875,1.6875,3.5625],"texture":"#0","rotation":180},"east":{"uv":[2.0625,3.625,1.75,3.875],"texture":"#0","rotation":270},"south":{"uv":[1.25,3.5625,1.625,3.875],"texture":"#0"},"west":{"uv":[1.75,3.625,2.0625,3.875],"texture":"#0","rotation":90},"up":{"uv":[1.75,4.0,2.125,4.25],"texture":"#0","rotation":180},"down":{"uv":[1.8125,4.0625,2.1875,4.3125],"texture":"#0"}}}],"ambientocclusion":false,"textures":{"particle":"block/magenta_terracotta","0":"addcrop:e3b69f55-86bb-449b-baca-3160df319ed4"}}