{"display":{"thirdperson_righthand":{"rotation":[75.0,45.0,0.0],"translation":[0.0,2.5,0.0],"scale":[0.375,0.375,0.375]},"thirdperson_lefthand":{"rotation":[75.0,45.0,0.0],"translation":[0.0,2.5,0.0],"scale":[0.375,0.375,0.375]},"firstperson_righthand":{"rotation":[0.0,45.0,0.0],"translation":[0.0,1.0,0.0],"scale":[0.6,0.6,0.6]},"firstperson_lefthand":{"rotation":[0.0,225.0,0.0],"translation":[0.0,1.0,0.0],"scale":[0.6,0.6,0.6]},"ground":{"translation":[0.0,4.0,0.0],"scale":[0.6,0.6,0.6]},"gui":{"rotation":[30.0,225.0,0.0],"translation":[0.0,1.5,0.0],"scale":[0.8,0.8,0.8]},"fixed":{"scale":[0.5,0.5,0.5]}},"elements":[{"from":[2.0,2.0,2.0],"to":[14.0,10.0,14.0],"rotation":{"origin":[8.0,6.0,8.0],"axis":"y","angle":0.0},"shade":false,"faces":{"north":{"uv":[1.5,3.4375,2.25,3.9375],"texture":"#0"},"east":{"uv":[1.5,3.4375,2.25,3.9375],"texture":"#0"},"south":{"uv":[1.5,3.4375,2.25,3.9375],"texture":"#0"},"west":{"uv":[1.5,3.4375,2.25,3.9375],"texture":"#0"},"up":{"uv":[0.75,4.1875,0.0,3.4375],"texture":"#0"},"down":{"uv":[1.5,3.4375,0.75,4.1875],"texture":"#0"}}},{"from":[3.5,0.0,3.5],"to":[12.5,2.0,12.5],"rotation":{"origin":[7.5,6.0,7.5],"axis":"y","angle":0.0},"shade":false,"faces":{"north":{"uv":[1.625,2.875,2.1875,2.75],"texture":"#0"},"east":{"uv":[1.625,2.875,2.1875,2.75],"texture":"#0"},"south":{"uv":[1.625,2.875,2.1875,2.75],"texture":"#0"},"west":{"uv":[1.625,2.875,2.1875,2.75],"texture":"#0"},"up":{"uv":[0.8125,3.4375,0.0,2.625],"texture":"#0"},"down":{"uv":[1.625,2.625,0.8125,3.4375],"texture":"#0"}}},{"from":[1.5,10.0,8.0],"to":[14.5,16.0,8.0],"rotation":{"origin":[8.0,13.0,8.0],"axis":"y","angle":45.0},"shade":false,"faces":{"north":{"uv":[1.625,3.0625,2.4375,3.4375],"texture":"#0"},"south":{"uv":[1.625,3.0625,2.4375,3.4375],"texture":"#0"}}},{"from":[8.0,10.0,1.5],"to":[8.0,16.0,14.5],"rotation":{"origin":[8.0,13.0,8.0],"axis":"y","angle":45.0},"shade":false,"faces":{"east":{"uv":[1.625,3.0625,2.4375,3.4375],"texture":"#0"},"west":{"uv":[1.625,3.0625,2.4375,3.4375],"texture":"#0"}}}],"ambientocclusion":false,"textures":{"particle":"block/orange_concrete","0":"addcrop:493ba9ea-8576-4087-a73f-599bdddef153"}}