{"display":{"head":{"translation":[0.0,-30.5,0.0],"scale":[1.6,1.6,1.6]},"fixed":{"rotation":[-90.0,0.0,0.0],"translation":[0.0,0.0,-16.0],"scale":[2.0,2.0,2.0]}},"elements":[{"from":[4.4,0.0,9.0],"to":[7.4,2.0,12.0],"rotation":{"origin":[7.4,0.0,12.0],"axis":"x","angle":-22.5},"shade":false,"faces":{"north":{"uv":[0.1875,0.875,0.375,1.0],"texture":"#0"},"east":{"uv":[0.0,0.875,0.1875,1.0],"texture":"#0"},"south":{"uv":[0.5625,0.875,0.75,1.0],"texture":"#0"},"west":{"uv":[0.375,0.875,0.5625,1.0],"texture":"#0"},"up":{"uv":[0.375,0.875,0.1875,0.6875],"texture":"#0"},"down":{"uv":[0.5625,0.6875,0.375,0.875],"texture":"#0"}}},{"from":[6.4,0.0,8.0],"to":[7.4,2.0,9.0],"rotation":{"origin":[7.4,0.0,12.0],"axis":"x","angle":-22.5},"shade":false,"faces":{"north":{"uv":[0.0625,0.0625,0.125,0.1875],"texture":"#0"},"east":{"uv":[0.0,0.0625,0.0625,0.1875],"texture":"#0"},"south":{"uv":[0.1875,0.0625,0.25,0.1875],"texture":"#0"},"west":{"uv":[0.125,0.0625,0.1875,0.1875],"texture":"#0"},"up":{"uv":[0.125,0.0625,0.0625,0.0],"texture":"#0"},"down":{"uv":[0.1875,0.0,0.125,0.0625],"texture":"#0"}}},{"from":[9.4,-1.0,6.75],"to":[10.4,1.0,7.75],"rotation":{"origin":[9.4,-1.0,3.75],"axis":"z","angle":22.5},"shade":false,"faces":{"north":{"uv":[0.375,0.0625,0.4375,0.1875],"texture":"#0"},"east":{"uv":[0.3125,0.0625,0.375,0.1875],"texture":"#0"},"south":{"uv":[0.5,0.0625,0.5625,0.1875],"texture":"#0"},"west":{"uv":[0.4375,0.0625,0.5,0.1875],"texture":"#0"},"up":{"uv":[0.4375,0.0625,0.375,0.0],"texture":"#0"},"down":{"uv":[0.5,0.0,0.4375,0.0625],"texture":"#0"}}},{"from":[9.4,-1.0,3.75],"to":[11.4,1.0,6.75],"rotation":{"origin":[9.4,-1.0,3.75],"axis":"z","angle":22.5},"shade":false,"faces":{"north":{"uv":[1.0,0.1875,1.125,0.3125],"texture":"#0"},"east":{"uv":[0.8125,0.1875,1.0,0.3125],"texture":"#0"},"south":{"uv":[1.3125,0.1875,1.4375,0.3125],"texture":"#0"},"west":{"uv":[1.125,0.1875,1.3125,0.3125],"texture":"#0"},"up":{"uv":[1.125,0.1875,1.0,0.0],"texture":"#0"},"down":{"uv":[1.25,0.0,1.125,0.1875],"texture":"#0"}}},{"from":[3.9,0.0,4.5],"to":[6.9,2.0,6.5],"rotation":{"origin":[3.9,0.0,6.5],"axis":"z","angle":-22.5},"shade":false,"faces":{"north":{"uv":[0.9375,0.5,1.125,0.625],"texture":"#0"},"east":{"uv":[0.8125,0.5,0.9375,0.625],"texture":"#0"},"south":{"uv":[1.25,0.5,1.4375,0.625],"texture":"#0"},"west":{"uv":[1.125,0.5,1.25,0.625],"texture":"#0"},"up":{"uv":[1.125,0.5,0.9375,0.375],"texture":"#0"},"down":{"uv":[1.3125,0.375,1.125,0.5],"texture":"#0"}}},{"from":[8.9,-1.0,9.25],"to":[11.9,2.0,12.25],"rotation":{"origin":[9.9,0.0,9.25],"axis":"x","angle":22.5},"shade":false,"faces":{"north":{"uv":[0.1875,0.4375,0.375,0.625],"texture":"#0"},"east":{"uv":[0.0,0.4375,0.1875,0.625],"texture":"#0"},"south":{"uv":[0.5625,0.4375,0.75,0.625],"texture":"#0"},"west":{"uv":[0.375,0.4375,0.5625,0.625],"texture":"#0"},"up":{"uv":[0.375,0.4375,0.1875,0.25],"texture":"#0"},"down":{"uv":[0.5625,0.25,0.375,0.4375],"texture":"#0"}}}],"ambientocclusion":false,"textures":{"particle":"addcrop:bba83f49-bb9d-4af6-a901-5a000c8198ea","0":"addcrop:8925c472-542d-4eb8-924b-fd2c426849f7"}}