{"display":{"head":{"translation":[0.0,-30.5,0.0],"scale":[1.6,1.6,1.6]},"fixed":{"rotation":[-90.0,0.0,0.0],"translation":[0.0,0.0,-16.0],"scale":[2.0,2.0,2.0]}},"elements":[{"from":[8.0,0.0,0.0],"to":[8.0,16.0,16.0],"rotation":{"origin":[8.0,8.0,8.0],"axis":"y","angle":0.0},"shade":false,"faces":{"east":{"uv":[2.0,0.0,3.0,1.0],"texture":"#0"},"west":{"uv":[2.0,0.0,3.0,1.0],"texture":"#0"}}},{"from":[0.0,0.0,8.0],"to":[16.0,16.0,8.0],"rotation":{"origin":[8.0,8.0,8.0],"axis":"y","angle":0.0},"shade":false,"faces":{"north":{"uv":[2.0,0.0,3.0,1.0],"texture":"#0"},"south":{"uv":[2.0,0.0,3.0,1.0],"texture":"#0"}}}],"ambientocclusion":false,"textures":{"particle":"addcrop:50b92e13-8bfd-4e80-a74e-88bb40f862d6","0":"addcrop:8925c472-542d-4eb8-924b-fd2c426849f7"}}