{"display":{"thirdperson_righthand":{"rotation":[75.0,45.0,0.0],"translation":[0.0,2.5,0.0],"scale":[0.375,0.375,0.375]},"thirdperson_lefthand":{"rotation":[75.0,45.0,0.0],"translation":[0.0,2.5,0.0],"scale":[0.375,0.375,0.375]},"firstperson_righthand":{"rotation":[0.0,45.0,0.0],"translation":[1.0,3.0,0.0],"scale":[0.6,0.6,0.6]},"firstperson_lefthand":{"rotation":[0.0,45.0,0.0],"translation":[1.0,3.0,0.0],"scale":[0.6,0.6,0.6]},"ground":{"translation":[0.0,4.0,0.0],"scale":[0.6,0.6,0.6]},"gui":{"rotation":[30.0,225.0,0.0],"translation":[0.0,3.0,0.0],"scale":[1.4,1.4,1.4]},"fixed":{"scale":[0.5,0.5,0.5]}},"elements":[{"from":[3.0,6.0,8.0],"to":[13.0,6.0,18.0],"rotation":{"origin":[8.0,6.0,8.0],"axis":"x","angle":45.0},"shade":false,"faces":{"up":{"uv":[0.0,2.0,0.625,2.625],"texture":"#0","rotation":180},"down":{"uv":[0.625,2.0,0.0,2.625],"texture":"#0"}}},{"from":[-2.0,6.0,3.0],"to":[8.0,6.0,13.0],"rotation":{"origin":[8.0,6.0,8.0],"axis":"z","angle":45.0},"shade":false,"faces":{"up":{"uv":[0.0,2.0,0.625,2.625],"texture":"#0","rotation":270},"down":{"uv":[0.625,2.0,0.0,2.625],"texture":"#0","rotation":270}}},{"from":[8.0,6.0,3.0],"to":[18.0,6.0,13.0],"rotation":{"origin":[8.0,6.0,8.0],"axis":"z","angle":-45.0},"shade":false,"faces":{"up":{"uv":[0.0,2.625,0.625,2.0],"texture":"#0","rotation":270},"down":{"uv":[0.625,2.625,0.0,2.0],"texture":"#0","rotation":270}}},{"from":[3.0,6.0,-2.0],"to":[13.0,6.0,8.0],"rotation":{"origin":[8.0,6.0,8.0],"axis":"x","angle":-45.0},"shade":false,"faces":{"up":{"uv":[0.0,2.625,0.625,2.0],"texture":"#0","rotation":180},"down":{"uv":[0.625,2.625,0.0,2.0],"texture":"#0"}}},{"from":[3.0,0.0,8.0],"to":[13.0,10.0,8.0],"rotation":{"origin":[8.0,0.0,8.0],"axis":"x","angle":22.5},"shade":false,"faces":{"north":{"uv":[0.0,2.625,0.625,3.25],"texture":"#0"},"south":{"uv":[0.0,2.625,0.625,3.25],"texture":"#0"}}},{"from":[3.0,0.0,8.0],"to":[13.0,11.0,8.0],"rotation":{"origin":[8.0,1.0,8.0],"axis":"y","angle":0.0},"shade":false,"faces":{"north":{"uv":[1.25,3.25,0.625,3.9375],"texture":"#0"},"south":{"uv":[0.625,3.25,1.25,3.9375],"texture":"#0"}}},{"from":[8.0,0.0,3.0],"to":[8.0,11.0,13.0],"rotation":{"origin":[8.0,1.0,8.0],"axis":"y","angle":0.0},"shade":false,"faces":{"east":{"uv":[1.25,3.25,0.625,3.9375],"texture":"#0"},"west":{"uv":[0.625,3.25,1.25,3.9375],"texture":"#0"}}},{"from":[8.0,0.0,3.0],"to":[8.0,11.0,13.0],"rotation":{"origin":[8.0,1.0,8.0],"axis":"y","angle":45.0},"shade":false,"faces":{"east":{"uv":[1.25,3.25,0.625,3.9375],"texture":"#0"},"west":{"uv":[0.625,3.25,1.25,3.9375],"texture":"#0"}}},{"from":[8.0,0.0,3.0],"to":[8.0,11.0,13.0],"rotation":{"origin":[8.0,1.0,8.0],"axis":"y","angle":-45.0},"shade":false,"faces":{"east":{"uv":[0.625,3.25,1.25,3.9375],"texture":"#0"},"west":{"uv":[1.25,3.25,0.625,3.9375],"texture":"#0"}}},{"from":[3.0,0.0,8.0],"to":[13.0,10.0,8.0],"rotation":{"origin":[8.0,0.0,8.0],"axis":"x","angle":-22.5},"shade":false,"faces":{"north":{"uv":[0.0,2.625,0.625,3.25],"texture":"#0"},"south":{"uv":[0.0,2.625,0.625,3.25],"texture":"#0"}}},{"from":[8.0,0.0,3.0],"to":[8.0,10.0,13.0],"rotation":{"origin":[8.0,0.0,8.0],"axis":"z","angle":-22.5},"shade":false,"faces":{"east":{"uv":[0.0,2.625,0.625,3.25],"texture":"#0"},"west":{"uv":[0.0,2.625,0.625,3.25],"texture":"#0"}}},{"from":[8.0,0.0,3.0],"to":[8.0,10.0,13.0],"rotation":{"origin":[8.0,0.0,8.0],"axis":"z","angle":22.5},"shade":false,"faces":{"east":{"uv":[0.625,2.625,0.0,3.25],"texture":"#0"},"west":{"uv":[0.625,2.625,0.0,3.25],"texture":"#0"}}},{"from":[8.0,4.0,3.0],"to":[18.0,4.0,13.0],"rotation":{"origin":[8.0,4.0,8.0],"axis":"z","angle":22.5},"shade":false,"faces":{"up":{"uv":[0.0,3.875,0.625,3.25],"texture":"#0","rotation":270},"down":{"uv":[0.625,3.875,0.0,3.25],"texture":"#0","rotation":270}}},{"from":[-2.0,4.0,3.0],"to":[8.0,4.0,13.0],"rotation":{"origin":[8.0,4.0,8.0],"axis":"z","angle":-22.5},"shade":false,"faces":{"up":{"uv":[0.0,3.25,0.625,3.875],"texture":"#0","rotation":270},"down":{"uv":[0.625,3.25,0.0,3.875],"texture":"#0","rotation":270}}},{"from":[3.0,4.0,-2.0],"to":[13.0,4.0,8.0],"rotation":{"origin":[8.0,4.0,8.0],"axis":"x","angle":22.5},"shade":false,"faces":{"up":{"uv":[0.0,3.25,0.625,3.875],"texture":"#0"},"down":{"uv":[0.625,3.25,0.0,3.875],"texture":"#0","rotation":180}}},{"from":[3.0,4.0,8.0],"to":[13.0,4.0,18.0],"rotation":{"origin":[8.0,4.0,8.0],"axis":"x","angle":-22.5},"shade":false,"faces":{"up":{"uv":[0.625,3.875,0.0,3.25],"texture":"#0"},"down":{"uv":[0.0,3.875,0.625,3.25],"texture":"#0","rotation":180}}}],"ambientocclusion":false,"textures":{"particle":"addcrop:50b92e13-8bfd-4e80-a74e-88bb40f862d6","0":"addcrop:af54dc5e-469f-4801-9e0f-4ef2349e551e"}}