{"display":{"head":{"translation":[0.0,-30.5,0.0],"scale":[1.6,1.6,1.6]},"fixed":{"rotation":[-90.0,0.0,0.0],"translation":[0.0,0.0,-16.0],"scale":[2.0,2.0,2.0]}},"elements":[{"from":[0.0,0.0,4.0],"to":[8.0,16.0,4.0],"rotation":{"origin":[4.0,4.0,4.0],"axis":"y","angle":-45.0},"shade":false,"faces":{"north":{"uv":[1.0,1.0,1.5,2.0],"texture":"#0"},"south":{"uv":[1.0,1.0,1.5,2.0],"texture":"#0"}}},{"from":[0.0,6.0,3.9],"to":[8.0,14.0,3.9],"rotation":{"origin":[4.0,6.0,3.9],"axis":"z","angle":22.5},"shade":false,"faces":{"north":{"uv":[0.0,1.5,0.5,2.0],"texture":"#0"},"south":{"uv":[0.0,1.5,0.5,2.0],"texture":"#0"}}},{"from":[4.0,0.0,0.0],"to":[4.0,16.0,8.0],"rotation":{"origin":[4.0,4.0,4.0],"axis":"y","angle":-45.0},"shade":false,"faces":{"east":{"uv":[1.5,1.0,2.0,2.0],"texture":"#0"},"west":{"uv":[1.5,1.0,2.0,2.0],"texture":"#0"}}},{"from":[4.0,5.0,0.0],"to":[4.0,13.0,8.0],"rotation":{"origin":[4.0,5.0,4.0],"axis":"x","angle":22.5},"shade":false,"faces":{"east":{"uv":[0.5,1.5,1.0,2.0],"texture":"#0"},"west":{"uv":[0.0,1.5,0.5,2.0],"texture":"#0"}}},{"from":[0.0,6.0,4.0],"to":[8.0,14.0,4.0],"rotation":{"origin":[4.0,6.0,4.0],"axis":"z","angle":-22.5},"shade":false,"faces":{"north":{"uv":[0.0,1.5,0.5,2.0],"texture":"#0"},"south":{"uv":[0.0,1.5,0.5,2.0],"texture":"#0"}}},{"from":[3.9,5.0,0.0],"to":[3.9,13.0,8.0],"rotation":{"origin":[3.9,5.0,4.0],"axis":"x","angle":-22.5},"shade":false,"faces":{"east":{"uv":[0.5,1.5,1.0,2.0],"texture":"#0"},"west":{"uv":[0.0,1.5,0.5,2.0],"texture":"#0"}}},{"from":[8.0,0.0,4.0],"to":[16.0,16.0,4.0],"rotation":{"origin":[12.0,4.0,4.0],"axis":"y","angle":-22.5},"shade":false,"faces":{"north":{"uv":[1.5,1.0,2.0,2.0],"texture":"#0"},"south":{"uv":[1.5,1.0,2.0,2.0],"texture":"#0"}}},{"from":[12.0,0.0,0.0],"to":[12.0,16.0,8.0],"rotation":{"origin":[12.0,4.0,4.0],"axis":"y","angle":-22.5},"shade":false,"faces":{"east":{"uv":[1.5,1.0,2.0,2.0],"texture":"#0"},"west":{"uv":[1.5,1.0,2.0,2.0],"texture":"#0"}}},{"from":[8.0,4.0,3.9],"to":[16.0,12.0,3.9],"rotation":{"origin":[12.0,4.0,3.9],"axis":"z","angle":22.5},"shade":false,"faces":{"north":{"uv":[0.5,1.5,1.0,2.0],"texture":"#0"},"south":{"uv":[0.5,1.5,1.0,2.0],"texture":"#0"}}},{"from":[8.0,4.0,4.0],"to":[16.0,12.0,4.0],"rotation":{"origin":[12.0,4.0,4.0],"axis":"z","angle":-22.5},"shade":false,"faces":{"north":{"uv":[0.5,1.5,1.0,2.0],"texture":"#0"},"south":{"uv":[0.5,1.5,1.0,2.0],"texture":"#0"}}},{"from":[12.1,6.0,0.0],"to":[12.1,14.0,8.0],"rotation":{"origin":[12.1,6.0,4.0],"axis":"x","angle":-22.5},"shade":false,"faces":{"east":{"uv":[0.0,1.5,0.5,2.0],"texture":"#0"},"west":{"uv":[0.5,1.5,1.0,2.0],"texture":"#0"}}},{"from":[12.0,6.0,0.0],"to":[12.0,14.0,8.0],"rotation":{"origin":[12.0,6.0,4.0],"axis":"x","angle":22.5},"shade":false,"faces":{"east":{"uv":[0.0,1.5,0.5,2.0],"texture":"#0"},"west":{"uv":[0.5,1.5,1.0,2.0],"texture":"#0"}}},{"from":[8.0,5.0,12.0],"to":[16.0,13.0,12.0],"rotation":{"origin":[12.0,5.0,12.0],"axis":"z","angle":-22.5},"shade":false,"faces":{"north":{"uv":[0.5,1.5,1.0,2.0],"texture":"#0"},"south":{"uv":[0.5,1.5,1.0,2.0],"texture":"#0"}}},{"from":[12.0,6.0,8.0],"to":[12.0,14.0,16.0],"rotation":{"origin":[12.0,6.0,12.0],"axis":"x","angle":22.5},"shade":false,"faces":{"east":{"uv":[0.0,1.5,0.5,2.0],"texture":"#0"},"west":{"uv":[0.5,1.5,1.0,2.0],"texture":"#0"}}},{"from":[8.0,0.0,12.0],"to":[16.0,16.0,12.0],"rotation":{"origin":[12.0,4.0,12.0],"axis":"y","angle":-22.5},"shade":false,"faces":{"north":{"uv":[1.5,1.0,2.0,2.0],"texture":"#0"},"south":{"uv":[1.5,1.0,2.0,2.0],"texture":"#0"}}},{"from":[8.0,5.0,11.9],"to":[16.0,13.0,11.9],"rotation":{"origin":[12.0,5.0,11.9],"axis":"z","angle":22.5},"shade":false,"faces":{"north":{"uv":[0.5,1.5,1.0,2.0],"texture":"#0"},"south":{"uv":[0.5,1.5,1.0,2.0],"texture":"#0"}}},{"from":[12.0,0.0,8.0],"to":[12.0,16.0,16.0],"rotation":{"origin":[12.0,4.0,12.0],"axis":"y","angle":-22.5},"shade":false,"faces":{"east":{"uv":[1.0,1.0,1.5,2.0],"texture":"#0"},"west":{"uv":[1.0,1.0,1.5,2.0],"texture":"#0"}}},{"from":[12.1,6.0,8.0],"to":[12.1,14.0,16.0],"rotation":{"origin":[12.1,6.0,12.0],"axis":"x","angle":-22.5},"shade":false,"faces":{"east":{"uv":[0.0,1.5,0.5,2.0],"texture":"#0"},"west":{"uv":[0.5,1.5,1.0,2.0],"texture":"#0"}}},{"from":[4.0,0.0,8.0],"to":[4.0,16.0,16.0],"rotation":{"origin":[4.0,4.0,12.0],"axis":"y","angle":22.5},"shade":false,"faces":{"east":{"uv":[1.0,1.0,1.5,2.0],"texture":"#0"},"west":{"uv":[1.0,1.0,1.5,2.0],"texture":"#0"}}},{"from":[0.0,0.0,12.0],"to":[8.0,16.0,12.0],"rotation":{"origin":[4.0,4.0,12.0],"axis":"y","angle":22.5},"shade":false,"faces":{"north":{"uv":[1.5,1.0,2.0,2.0],"texture":"#0"},"south":{"uv":[1.5,1.0,2.0,2.0],"texture":"#0"}}},{"from":[0.0,4.0,11.9],"to":[8.0,12.0,11.9],"rotation":{"origin":[4.0,4.0,11.9],"axis":"z","angle":22.5},"shade":false,"faces":{"north":{"uv":[0.0,1.5,0.5,2.0],"texture":"#0"},"south":{"uv":[0.0,1.5,0.5,2.0],"texture":"#0"}}},{"from":[4.0,5.0,8.0],"to":[4.0,13.0,16.0],"rotation":{"origin":[4.0,5.0,12.0],"axis":"x","angle":22.5},"shade":false,"faces":{"east":{"uv":[0.5,1.5,1.0,2.0],"texture":"#0"},"west":{"uv":[0.5,1.5,1.0,2.0],"texture":"#0"}}},{"from":[0.0,4.0,12.0],"to":[8.0,12.0,12.0],"rotation":{"origin":[4.0,4.0,12.0],"axis":"z","angle":-22.5},"shade":false,"faces":{"north":{"uv":[0.0,1.5,0.5,2.0],"texture":"#0"},"south":{"uv":[0.0,1.5,0.5,2.0],"texture":"#0"}}},{"from":[3.9,5.0,8.0],"to":[3.9,13.0,16.0],"rotation":{"origin":[3.9,5.0,12.0],"axis":"x","angle":-22.5},"shade":false,"faces":{"east":{"uv":[0.5,1.5,1.0,2.0],"texture":"#0"},"west":{"uv":[0.5,1.5,1.0,2.0],"texture":"#0"}}}],"ambientocclusion":false,"textures":{"particle":"addcrop:3ef20133-c860-426c-a148-140e2ae27bd9","0":"addcrop:531f9f7a-d965-40ee-80e7-5c48c5a1d4fc"}}