{"display":{"head":{"translation":[0.0,-30.5,0.0],"scale":[1.6,1.6,1.6]},"fixed":{"rotation":[-90.0,0.0,0.0],"translation":[0.0,0.0,-16.0],"scale":[2.0,2.0,2.0]}},"elements":[{"from":[-2.0,-1.0,8.01],"to":[14.0,15.0,8.01],"rotation":{"origin":[6.0,-1.0,8.0],"axis":"z","angle":22.5},"shade":false,"faces":{"north":{"uv":[3.0,0.0,2.0,1.0],"texture":"#0"},"south":{"uv":[2.0,0.0,3.0,1.0],"texture":"#0"}}},{"from":[0.0,0.0,8.0],"to":[16.0,16.0,8.0],"rotation":{"origin":[8.0,0.0,8.0],"axis":"x","angle":22.5},"shade":false,"faces":{"north":{"uv":[2.0,2.0,3.0,3.0],"texture":"#0"},"south":{"uv":[2.0,2.0,3.0,3.0],"texture":"#0"}}},{"from":[0.0,7.39104,11.06147],"to":[16.0,7.39104,27.06147],"rotation":{"origin":[16.0,7.39104,11.06147],"axis":"x","angle":22.5},"shade":false,"faces":{"up":{"uv":[2.0,3.0,3.0,4.0],"texture":"#0","rotation":180},"down":{"uv":[2.0,3.0,3.0,4.0],"texture":"#0"}}},{"from":[0.0,0.0,8.0],"to":[16.0,16.0,8.0],"rotation":{"origin":[8.0,0.0,8.0],"axis":"x","angle":-22.5},"shade":false,"faces":{"north":{"uv":[1.0,2.0,2.0,3.0],"texture":"#0"},"south":{"uv":[1.0,2.0,2.0,3.0],"texture":"#0"}}},{"from":[2.0,-1.0,8.0],"to":[18.0,15.0,8.0],"rotation":{"origin":[10.0,-1.0,8.0],"axis":"z","angle":-22.5},"shade":false,"faces":{"north":{"uv":[2.0,0.0,3.0,1.0],"texture":"#0"},"south":{"uv":[3.0,0.0,2.0,1.0],"texture":"#0"}}},{"from":[8.0,0.0,0.0],"to":[8.0,16.0,16.0],"rotation":{"origin":[8.0,0.0,8.0],"axis":"z","angle":22.5},"shade":false,"faces":{"east":{"uv":[2.0,1.0,3.0,2.0],"texture":"#0"},"west":{"uv":[2.0,1.0,3.0,2.0],"texture":"#0"}}},{"from":[8.0,0.0,0.0],"to":[8.0,16.0,16.0],"rotation":{"origin":[8.0,0.0,8.0],"axis":"z","angle":0.0},"shade":false,"faces":{"east":{"uv":[1.0,3.0,2.0,4.0],"texture":"#0"},"west":{"uv":[1.0,3.0,2.0,4.0],"texture":"#0"}}},{"from":[0.0,0.0,8.0],"to":[16.0,16.0,8.0],"rotation":{"origin":[8.0,0.0,8.0],"axis":"y","angle":0.0},"shade":false,"faces":{"north":{"uv":[1.0,3.0,2.0,4.0],"texture":"#0"},"south":{"uv":[1.0,3.0,2.0,4.0],"texture":"#0"}}},{"from":[8.0,-1.0,2.0],"to":[8.0,15.0,18.0],"rotation":{"origin":[8.0,-1.0,10.0],"axis":"x","angle":22.5},"shade":false,"faces":{"east":{"uv":[3.0,0.0,4.0,1.0],"texture":"#0"},"west":{"uv":[4.0,0.0,3.0,1.0],"texture":"#0"}}},{"from":[7.99,-1.0,-2.0],"to":[7.99,15.0,14.0],"rotation":{"origin":[8.0,-1.0,6.0],"axis":"x","angle":-22.5},"shade":false,"faces":{"east":{"uv":[3.0,0.0,2.0,1.0],"texture":"#0"},"west":{"uv":[2.0,0.0,3.0,1.0],"texture":"#0"}}},{"from":[8.0,0.0,0.0],"to":[8.0,16.0,16.0],"rotation":{"origin":[8.0,0.0,8.0],"axis":"z","angle":-22.5},"shade":false,"faces":{"east":{"uv":[2.0,1.0,3.0,2.0],"texture":"#0"},"west":{"uv":[2.0,1.0,3.0,2.0],"texture":"#0"}}}],"ambientocclusion":false,"textures":{"particle":"addcrop:50b92e13-8bfd-4e80-a74e-88bb40f862d6","0":"addcrop:55d2403e-e98d-4ee8-a171-ae0d304ef989"}}