{"display":{"fixed":{"rotation":[-90.0,0.0,0.0],"translation":[0.0,0.0,-16.0],"scale":[2.0,2.0,2.0]}},"elements":[{"from":[8.0,0.0,0.0],"to":[8.0,16.0,16.0],"rotation":{"origin":[8.0,0.0,8.0],"axis":"y","angle":0.0},"shade":false,"faces":{"east":{"uv":[1.375,1.0,2.375,2.0],"texture":"#0"},"west":{"uv":[1.375,1.0,2.375,2.0],"texture":"#0"}}},{"from":[0.0,0.0,8.0],"to":[16.0,16.0,8.0],"rotation":{"origin":[8.0,0.0,8.0],"axis":"y","angle":0.0},"shade":false,"faces":{"north":{"uv":[1.375,1.0,2.375,2.0],"texture":"#0"},"south":{"uv":[1.375,1.0,2.375,2.0],"texture":"#0"}}},{"from":[0.0,0.0,8.0],"to":[16.0,16.0,8.0],"rotation":{"origin":[8.0,0.0,8.0],"axis":"y","angle":45.0},"shade":false,"faces":{"north":{"uv":[2.375,0.0,3.375,1.0],"texture":"#0"},"south":{"uv":[2.375,0.0,3.375,1.0],"texture":"#0"}}},{"from":[0.0,0.0,8.0],"to":[16.0,16.0,8.0],"rotation":{"origin":[8.0,0.0,8.0],"axis":"y","angle":-45.0},"shade":false,"faces":{"north":{"uv":[2.375,0.0,3.375,1.0],"texture":"#0"},"south":{"uv":[2.375,0.0,3.375,1.0],"texture":"#0"}}},{"from":[0.0,15.0,8.0],"to":[16.0,31.0,8.0],"rotation":{"origin":[8.0,15.0,8.0],"axis":"y","angle":45.0},"shade":false,"faces":{"north":{"uv":[2.375,1.0,3.375,2.0],"texture":"#0"},"south":{"uv":[2.375,1.0,3.375,2.0],"texture":"#0"}}},{"from":[0.0,15.0,8.0],"to":[16.0,31.0,8.0],"rotation":{"origin":[8.0,15.0,8.0],"axis":"y","angle":-45.0},"shade":false,"faces":{"north":{"uv":[2.375,1.0,3.375,2.0],"texture":"#0"},"south":{"uv":[2.375,1.0,3.375,2.0],"texture":"#0"}}},{"from":[5.9,14.0,6.0],"to":[7.9,16.0,8.0],"rotation":{"origin":[6.9,15.0,7.0],"axis":"x","angle":22.5},"shade":false,"faces":{"north":{"uv":[0.0,0.8125,0.125,0.9375],"texture":"#0"},"east":{"uv":[0.0,0.8125,0.125,0.9375],"texture":"#0"},"south":{"uv":[0.0,0.8125,0.125,0.9375],"texture":"#0"},"west":{"uv":[0.0,0.8125,0.125,0.9375],"texture":"#0"},"up":{"uv":[0.125,0.8125,0.25,0.9375],"texture":"#0"},"down":{"uv":[0.0,0.9375,0.125,1.0625],"texture":"#0"}}},{"from":[7.0,5.0,9.0],"to":[9.0,7.0,11.0],"rotation":{"origin":[8.0,6.0,10.0],"axis":"y","angle":22.5},"shade":false,"faces":{"north":{"uv":[0.0,0.8125,0.125,0.9375],"texture":"#0"},"east":{"uv":[0.0,0.8125,0.125,0.9375],"texture":"#0"},"south":{"uv":[0.0,0.8125,0.125,0.9375],"texture":"#0"},"west":{"uv":[0.0,0.8125,0.125,0.9375],"texture":"#0"},"up":{"uv":[0.125,0.8125,0.25,0.9375],"texture":"#0"},"down":{"uv":[0.0,0.9375,0.125,1.0625],"texture":"#0"}}},{"from":[8.5,18.0,7.5],"to":[10.5,20.0,9.5],"rotation":{"origin":[9.5,19.0,8.5],"axis":"y","angle":22.5},"shade":false,"faces":{"north":{"uv":[0.0,0.8125,0.125,0.9375],"texture":"#0"},"east":{"uv":[0.0,0.8125,0.125,0.9375],"texture":"#0"},"south":{"uv":[0.0,0.8125,0.125,0.9375],"texture":"#0"},"west":{"uv":[0.0,0.8125,0.125,0.9375],"texture":"#0"},"up":{"uv":[0.125,0.8125,0.25,0.9375],"texture":"#0"},"down":{"uv":[0.0,0.9375,0.125,1.0625],"texture":"#0"}}},{"from":[8.0,9.0,5.9],"to":[10.0,11.0,7.9],"rotation":{"origin":[9.0,10.0,6.9],"axis":"z","angle":22.5},"shade":false,"faces":{"north":{"uv":[0.0,0.8125,0.125,0.9375],"texture":"#0"},"east":{"uv":[0.0,0.8125,0.125,0.9375],"texture":"#0"},"south":{"uv":[0.0,0.8125,0.125,0.9375],"texture":"#0"},"west":{"uv":[0.0,0.8125,0.125,0.9375],"texture":"#0"},"up":{"uv":[0.125,0.8125,0.25,0.9375],"texture":"#0"},"down":{"uv":[0.0,0.9375,0.125,1.0625],"texture":"#0"}}}],"ambientocclusion":false,"textures":{"particle":"addcrop:3ef20133-c860-426c-a148-140e2ae27bd9","0":"addcrop:bc9fd73f-cf3d-4050-9a7e-bce79f197b3d"}}