{"display":{"gui":{"translation":[-72.0,25.0,0.0],"scale":[2.0,2.0,2.0]}},"elements":[{"from":[-4.0,0.0,0.0],"to":[20.0,24.0,0.0],"rotation":{"origin":[8.0,12.0,0.0],"axis":"y","angle":0.0},"shade":false,"faces":{"north":{"uv":[16.0,0.0,0.0,16.0],"texture":"#0"},"east":{"uv":[0.0,0.0,0.0,16.0],"texture":"#missing"},"south":{"uv":[0.0,0.0,16.0,16.0],"texture":"#0"},"west":{"uv":[0.0,0.0,0.0,16.0],"texture":"#missing"},"up":{"uv":[0.0,0.0,16.0,0.0],"texture":"#missing"},"down":{"uv":[0.0,0.0,16.0,0.0],"texture":"#missing"}}}],"ambientocclusion":false,"textures":{"particle":"addcrop:bd674d7b-cf41-4607-8cf7-757229be0113","0":"addcrop:bd674d7b-cf41-4607-8cf7-757229be0113"},"gui_light":"front"}