{"display":{"fixed":{"rotation":[-90.0,0.0,0.0],"translation":[0.0,0.0,-16.0],"scale":[2.0,2.0,2.0]}},"elements":[{"from":[0.0,0.0,8.0],"to":[16.0,16.0,8.0],"rotation":{"origin":[8.0,0.0,8.0],"axis":"z","angle":-22.5},"shade":false,"faces":{"north":{"uv":[0.0,0.0,1.0,1.0],"texture":"#0"},"south":{"uv":[1.0,0.0,0.0,1.0],"texture":"#0"}}},{"from":[0.0,0.0,8.1],"to":[16.0,16.0,8.1],"rotation":{"origin":[8.0,0.0,8.1],"axis":"z","angle":22.5},"shade":false,"faces":{"north":{"uv":[1.0,0.0,0.0,1.0],"texture":"#0"},"south":{"uv":[0.0,0.0,1.0,1.0],"texture":"#0"}}},{"from":[8.0,0.0,0.0],"to":[8.0,16.0,16.0],"rotation":{"origin":[8.0,0.0,8.0],"axis":"x","angle":-22.5},"shade":false,"faces":{"east":{"uv":[1.0,0.0,0.0,1.0],"texture":"#0"},"west":{"uv":[0.0,0.0,1.0,1.0],"texture":"#0"}}},{"from":[7.9,0.0,0.0],"to":[7.9,16.0,16.0],"rotation":{"origin":[7.9,0.0,8.0],"axis":"x","angle":22.5},"shade":false,"faces":{"east":{"uv":[0.0,0.0,1.0,1.0],"texture":"#0"},"west":{"uv":[1.0,0.0,0.0,1.0],"texture":"#0"}}}],"ambientocclusion":false,"textures":{"particle":"addcrop:50b92e13-8bfd-4e80-a74e-88bb40f862d6","0":"addcrop:84ec1403-089f-404d-ae8f-9dcf79b9ede5"}}