{"display":{"thirdperson_righthand":{"rotation":[75.0,45.0,0.0],"translation":[0.0,2.5,0.0],"scale":[0.375,0.375,0.375]},"thirdperson_lefthand":{"rotation":[75.0,45.0,0.0],"translation":[0.0,2.5,0.0],"scale":[0.375,0.375,0.375]},"firstperson_righthand":{"rotation":[0.0,45.0,0.0],"translation":[0.0,1.0,0.0],"scale":[0.6,0.6,0.6]},"firstperson_lefthand":{"rotation":[0.0,225.0,0.0],"translation":[0.0,1.0,0.0],"scale":[0.6,0.6,0.6]},"ground":{"translation":[0.0,4.0,0.0],"scale":[0.6,0.6,0.6]},"gui":{"rotation":[30.0,225.0,0.0],"translation":[0.5,0.0,0.0],"scale":[0.65,0.65,0.65]},"fixed":{"scale":[0.5,0.5,0.5]}},"elements":[{"from":[4.1,0.0,-2.0],"to":[11.9,8.0,9.0],"rotation":{"origin":[8.0,0.0,9.0],"axis":"y","angle":0.0},"shade":false,"faces":{"north":{"uv":[0.5,3.0,1.0,3.5],"texture":"#0"},"east":{"uv":[0.0,3.6875,0.5,3.0],"texture":"#0","rotation":90},"south":{"uv":[0.5,3.0,1.0,3.5],"texture":"#0"},"west":{"uv":[0.0,3.0,0.5,3.6875],"texture":"#0","rotation":90},"up":{"uv":[0.5,3.6875,0.0,3.0],"texture":"#0"},"down":{"uv":[0.5,3.0,0.0,3.6875],"texture":"#0"}}},{"from":[4.0,0.0,9.0],"to":[12.0,8.0,21.0],"rotation":{"origin":[4.0,0.0,9.0],"axis":"x","angle":-45.0},"shade":false,"faces":{"north":{"uv":[0.5,3.0,1.0,3.5],"texture":"#0"},"east":{"uv":[0.5,4.5625,1.0,3.8125],"texture":"#0","rotation":90},"south":{"uv":[0.5,3.0,1.0,3.5],"texture":"#0"},"west":{"uv":[0.5,3.8125,1.0,4.5625],"texture":"#0","rotation":90},"up":{"uv":[0.5,4.5625,0.0,3.8125],"texture":"#0"},"down":{"uv":[0.5,3.8125,0.0,4.5625],"texture":"#0"}}},{"from":[8.0,0.0,23.0],"to":[8.0,8.0,31.0],"rotation":{"origin":[4.0,0.0,9.0],"axis":"x","angle":-45.0},"shade":false,"faces":{"east":{"uv":[0.5,2.4375,0.0,2.9375],"texture":"#0","rotation":270},"west":{"uv":[0.0,2.4375,0.5,2.9375],"texture":"#0","rotation":90}}},{"from":[3.5,-0.5,19.0],"to":[12.5,8.5,23.0],"rotation":{"origin":[3.5,0.0,9.0],"axis":"x","angle":-45.0},"shade":false,"faces":{"north":{"uv":[0.0,1.5625,0.5625,2.125],"texture":"#0"},"east":{"uv":[0.0,2.375,0.5625,2.125],"texture":"#0","rotation":90},"south":{"uv":[0.5625,1.5625,1.125,2.125],"texture":"#0"},"west":{"uv":[0.0,2.125,0.5625,2.375],"texture":"#0","rotation":90},"up":{"uv":[0.5625,2.375,0.0,2.125],"texture":"#0"},"down":{"uv":[0.0,2.125,0.5625,2.375],"texture":"#0"}}}],"ambientocclusion":false,"textures":{"particle":"block/purple_concrete","0":"addcrop:9b0f2199-1c83-48f9-89ec-4a1ad2bf3ce1"}}