{"display":{"head":{"translation":[0.0,-30.5,0.0],"scale":[1.6,1.6,1.6]},"fixed":{"rotation":[-90.0,0.0,0.0],"translation":[0.0,0.0,-16.0],"scale":[2.0,2.0,2.0]}},"elements":[{"from":[0.0,0.0,8.0],"to":[16.0,16.0,8.0],"rotation":{"origin":[8.0,0.0,8.0],"axis":"y","angle":0.0},"shade":false,"faces":{"north":{"uv":[0.0,0.0,8.0,8.0],"texture":"#1"},"south":{"uv":[0.0,0.0,8.0,8.0],"texture":"#1"}}},{"from":[8.0,0.0,0.0],"to":[8.0,16.0,16.0],"rotation":{"origin":[8.0,0.0,8.0],"axis":"y","angle":0.0},"shade":false,"faces":{"east":{"uv":[0.0,0.0,8.0,8.0],"texture":"#1"},"west":{"uv":[0.0,0.0,8.0,8.0],"texture":"#1"}}},{"from":[8.0,2.0,0.0],"to":[8.0,18.0,16.0],"rotation":{"origin":[8.0,2.0,8.0],"axis":"y","angle":-45.0},"shade":false,"faces":{"east":{"uv":[8.0,0.0,16.0,8.0],"texture":"#1"},"west":{"uv":[8.0,0.0,16.0,8.0],"texture":"#1"}}},{"from":[8.0,2.0,0.0],"to":[8.0,18.0,16.0],"rotation":{"origin":[8.0,2.0,8.0],"axis":"y","angle":0.0},"shade":false,"faces":{"east":{"uv":[0.0,8.0,8.0,16.0],"texture":"#1"},"west":{"uv":[0.0,8.0,8.0,16.0],"texture":"#1"}}},{"from":[0.0,2.0,8.0],"to":[16.0,18.0,8.0],"rotation":{"origin":[8.0,2.0,8.0],"axis":"y","angle":0.0},"shade":false,"faces":{"north":{"uv":[0.0,8.0,8.0,16.0],"texture":"#1"},"south":{"uv":[0.0,8.0,8.0,16.0],"texture":"#1"}}},{"from":[8.0,2.0,0.0],"to":[8.0,18.0,16.0],"rotation":{"origin":[8.0,2.0,8.0],"axis":"y","angle":45.0},"shade":false,"faces":{"east":{"uv":[8.0,0.0,16.0,8.0],"texture":"#1"},"west":{"uv":[8.0,0.0,16.0,8.0],"texture":"#1"}}}],"ambientocclusion":false,"textures":{"particle":"addcrop:50b92e13-8bfd-4e80-a74e-88bb40f862d6","1":"addcrop:19d7e5af-6923-4182-8b73-cee65e213b9d"}}