{"display":{"head":{"translation":[0.0,-30.5,0.0],"scale":[1.6,1.6,1.6]},"fixed":{"rotation":[-90.0,0.0,0.0],"translation":[0.0,0.0,-16.0],"scale":[2.0,2.0,2.0]}},"elements":[{"from":[8.0,0.0,7.0],"to":[10.0,9.0,9.0],"rotation":{"origin":[8.0,0.0,7.0],"axis":"y","angle":0.0},"shade":false,"faces":{"north":{"uv":[2.0,0.0,0.0,9.0],"texture":"#2"},"east":{"uv":[0.0,0.0,2.0,9.0],"texture":"#2"},"south":{"uv":[2.0,0.0,0.0,9.0],"texture":"#2"},"west":{"uv":[0.0,0.0,2.0,9.0],"texture":"#2"},"up":{"uv":[2.0,0.0,4.0,2.0],"texture":"#2"},"down":{"uv":[2.0,2.0,4.0,4.0],"texture":"#2"}}},{"from":[7.5,9.0,6.5],"to":[10.5,13.0,9.5],"rotation":{"origin":[9.0,10.0,8.0],"axis":"y","angle":0.0},"shade":false,"faces":{"north":{"uv":[9.0,0.0,6.0,4.0],"texture":"#2"},"east":{"uv":[6.0,0.0,9.0,4.0],"texture":"#2"},"south":{"uv":[9.0,0.0,6.0,4.0],"texture":"#2"},"west":{"uv":[6.0,0.0,9.0,4.0],"texture":"#2"},"up":{"uv":[9.0,0.0,12.0,3.0],"texture":"#2"},"down":{"uv":[9.0,3.0,12.0,6.0],"texture":"#2"}}},{"from":[9.0,13.0,6.5],"to":[9.0,15.0,9.5],"rotation":{"origin":[9.0,10.0,8.0],"axis":"y","angle":0.0},"shade":false,"faces":{"east":{"uv":[6.0,4.0,9.0,6.0],"texture":"#2"},"west":{"uv":[6.0,4.0,9.0,6.0],"texture":"#2"}}},{"from":[7.5,13.0,8.0],"to":[10.5,15.0,8.0],"rotation":{"origin":[9.0,10.0,8.0],"axis":"y","angle":0.0},"shade":false,"faces":{"north":{"uv":[6.0,4.0,9.0,6.0],"texture":"#2"},"south":{"uv":[6.0,4.0,9.0,6.0],"texture":"#2"}}},{"from":[6.0,-1.0,5.0],"to":[8.0,4.0,7.0],"rotation":{"origin":[7.0,0.0,6.0],"axis":"x","angle":-22.5},"shade":false,"faces":{"north":{"uv":[4.0,4.0,2.0,9.0],"texture":"#2"},"east":{"uv":[2.0,4.0,4.0,9.0],"texture":"#2"},"south":{"uv":[4.0,4.0,2.0,9.0],"texture":"#2"},"west":{"uv":[2.0,4.0,4.0,9.0],"texture":"#2"},"up":{"uv":[4.0,0.0,6.0,2.0],"texture":"#2"},"down":{"uv":[4.0,2.0,6.0,4.0],"texture":"#2"}}},{"from":[5.5,4.0,4.5],"to":[8.5,7.0,7.5],"rotation":{"origin":[7.5,0.0,6.0],"axis":"x","angle":-22.5},"shade":false,"faces":{"north":{"uv":[12.0,0.0,15.0,3.0],"texture":"#2"},"east":{"uv":[15.0,0.0,12.0,3.0],"texture":"#2"},"south":{"uv":[12.0,0.0,15.0,3.0],"texture":"#2"},"west":{"uv":[15.0,0.0,12.0,3.0],"texture":"#2"},"up":{"uv":[9.0,0.0,12.0,3.0],"texture":"#2"},"down":{"uv":[9.0,3.0,12.0,6.0],"texture":"#2"}}},{"from":[7.0,7.0,4.5],"to":[7.0,9.0,7.5],"rotation":{"origin":[7.5,0.0,6.0],"axis":"x","angle":-22.5},"shade":false,"faces":{"east":{"uv":[9.0,4.0,6.0,6.0],"texture":"#2"},"west":{"uv":[9.0,4.0,6.0,6.0],"texture":"#2"}}},{"from":[5.5,7.0,6.0],"to":[8.5,9.0,6.0],"rotation":{"origin":[7.5,0.0,6.0],"axis":"x","angle":-22.5},"shade":false,"faces":{"north":{"uv":[6.0,4.0,9.0,6.0],"texture":"#2"},"south":{"uv":[6.0,4.0,9.0,6.0],"texture":"#2"}}},{"from":[10.0,-1.0,8.0],"to":[12.0,5.0,10.0],"rotation":{"origin":[11.0,0.0,9.0],"axis":"z","angle":-22.5},"shade":false,"faces":{"north":{"uv":[4.0,4.0,2.0,10.0],"texture":"#2"},"east":{"uv":[2.0,4.0,4.0,10.0],"texture":"#2"},"south":{"uv":[4.0,4.0,2.0,10.0],"texture":"#2"},"west":{"uv":[2.0,4.0,4.0,10.0],"texture":"#2"},"up":{"uv":[4.0,0.0,6.0,2.0],"texture":"#2"},"down":{"uv":[4.0,2.0,6.0,4.0],"texture":"#2"}}},{"from":[9.5,5.0,7.5],"to":[12.5,8.0,10.5],"rotation":{"origin":[11.0,0.0,9.0],"axis":"z","angle":-22.5},"shade":false,"faces":{"north":{"uv":[15.0,0.0,12.0,3.0],"texture":"#2"},"east":{"uv":[12.0,0.0,15.0,3.0],"texture":"#2"},"south":{"uv":[15.0,0.0,12.0,3.0],"texture":"#2"},"west":{"uv":[12.0,0.0,15.0,3.0],"texture":"#2"},"up":{"uv":[9.0,0.0,12.0,3.0],"texture":"#2"},"down":{"uv":[9.0,3.0,12.0,6.0],"texture":"#2"}}},{"from":[11.0,8.0,7.5],"to":[11.0,10.0,10.5],"rotation":{"origin":[11.0,0.0,9.0],"axis":"z","angle":-22.5},"shade":false,"faces":{"east":{"uv":[6.0,4.0,9.0,6.0],"texture":"#2"},"west":{"uv":[6.0,4.0,9.0,6.0],"texture":"#2"}}},{"from":[9.5,8.0,9.0],"to":[12.5,10.0,9.0],"rotation":{"origin":[11.0,0.0,9.0],"axis":"z","angle":-22.5},"shade":false,"faces":{"north":{"uv":[9.0,4.0,6.0,6.0],"texture":"#2"},"south":{"uv":[9.0,4.0,6.0,6.0],"texture":"#2"}}},{"from":[6.0,-1.0,10.0],"to":[8.0,7.0,12.0],"rotation":{"origin":[7.0,0.0,11.0],"axis":"z","angle":22.5},"shade":false,"faces":{"north":{"uv":[2.0,0.0,0.0,8.0],"texture":"#2"},"east":{"uv":[0.0,0.0,2.0,8.0],"texture":"#2"},"south":{"uv":[2.0,0.0,0.0,8.0],"texture":"#2"},"west":{"uv":[0.0,0.0,2.0,8.0],"texture":"#2"},"up":{"uv":[2.0,0.0,4.0,2.0],"texture":"#2"},"down":{"uv":[2.0,2.0,4.0,4.0],"texture":"#2"}}},{"from":[5.5,7.0,9.5],"to":[8.5,11.0,12.5],"rotation":{"origin":[7.0,0.0,11.0],"axis":"z","angle":22.5},"shade":false,"faces":{"north":{"uv":[9.0,0.0,6.0,4.0],"texture":"#2"},"east":{"uv":[6.0,0.0,9.0,4.0],"texture":"#2"},"south":{"uv":[9.0,0.0,6.0,4.0],"texture":"#2"},"west":{"uv":[6.0,0.0,9.0,4.0],"texture":"#2"},"up":{"uv":[9.0,0.0,12.0,3.0],"texture":"#2"},"down":{"uv":[9.0,3.0,12.0,6.0],"texture":"#2"}}},{"from":[5.5,11.0,11.0],"to":[8.5,13.0,11.0],"rotation":{"origin":[7.0,0.0,11.0],"axis":"z","angle":22.5},"shade":false,"faces":{"north":{"uv":[9.0,4.0,6.0,6.0],"texture":"#2"},"south":{"uv":[9.0,4.0,6.0,6.0],"texture":"#2"}}},{"from":[7.0,11.0,9.5],"to":[7.0,13.0,12.5],"rotation":{"origin":[7.0,0.0,11.0],"axis":"z","angle":22.5},"shade":false,"faces":{"east":{"uv":[6.0,4.0,9.0,6.0],"texture":"#2"},"west":{"uv":[6.0,4.0,9.0,6.0],"texture":"#2"}}}],"ambientocclusion":false,"textures":{"particle":"addcrop:3ef20133-c860-426c-a148-140e2ae27bd9","2":"addcrop:e18cf32f-0d8f-479d-9c65-e38048a230a6"}}