{"display":{"head":{"translation":[0.0,-30.5,0.0],"scale":[1.6,1.6,1.6]},"fixed":{"rotation":[-90.0,0.0,0.0],"translation":[0.0,0.0,-16.0],"scale":[2.0,2.0,2.0]}},"elements":[{"from":[0.0,0.0,9.0],"to":[16.0,0.0,25.0],"rotation":{"origin":[8.0,0.0,9.0],"axis":"x","angle":-22.5},"shade":false,"faces":{"up":{"uv":[2.0,0.0,3.0,1.0],"texture":"#0","rotation":180},"down":{"uv":[2.0,0.0,3.0,1.0],"texture":"#0"}}},{"from":[0.0,0.0,-9.0],"to":[16.0,0.0,7.0],"rotation":{"origin":[8.0,0.0,7.0],"axis":"x","angle":22.5},"shade":false,"faces":{"up":{"uv":[2.0,0.0,3.0,1.0],"texture":"#0"},"down":{"uv":[2.0,0.0,3.0,1.0],"texture":"#0","rotation":180}}},{"from":[9.0,0.0,0.0],"to":[25.0,0.0,16.0],"rotation":{"origin":[9.0,0.0,8.0],"axis":"z","angle":22.5},"shade":false,"faces":{"up":{"uv":[2.0,0.0,3.0,1.0],"texture":"#0","rotation":90},"down":{"uv":[2.0,0.0,3.0,1.0],"texture":"#0","rotation":90}}},{"from":[-9.0,0.0,0.0],"to":[7.0,0.0,16.0],"rotation":{"origin":[7.0,0.0,8.0],"axis":"z","angle":-22.5},"shade":false,"faces":{"up":{"uv":[2.0,0.0,3.0,1.0],"texture":"#0","rotation":270},"down":{"uv":[2.0,0.0,3.0,1.0],"texture":"#0","rotation":270}}},{"from":[0.0,0.0,8.0],"to":[16.0,16.0,8.0],"rotation":{"origin":[8.0,0.0,8.0],"axis":"y","angle":45.0},"shade":false,"faces":{"north":{"uv":[2.0,1.0,3.0,2.0],"texture":"#0"},"south":{"uv":[2.0,1.0,3.0,2.0],"texture":"#0"}}},{"from":[8.0,0.0,0.0],"to":[8.0,16.0,16.0],"rotation":{"origin":[8.0,0.0,8.0],"axis":"y","angle":45.0},"shade":false,"faces":{"east":{"uv":[2.0,1.0,3.0,2.0],"texture":"#0"},"west":{"uv":[2.0,1.0,3.0,2.0],"texture":"#0"}}},{"from":[5.5,2.0,5.5],"to":[10.5,6.0,10.5],"rotation":{"origin":[8.0,4.0,8.0],"axis":"y","angle":-45.0},"shade":false,"faces":{"north":{"uv":[0.6875,0.0,1.0,0.25],"texture":"#0"},"east":{"uv":[0.6875,0.0,1.0,0.25],"texture":"#0"},"south":{"uv":[0.6875,0.0,1.0,0.25],"texture":"#0"},"west":{"uv":[0.6875,0.0,1.0,0.25],"texture":"#0"},"up":{"uv":[0.375,0.0,0.6875,0.3125],"texture":"#0"},"down":{"uv":[0.375,0.0,0.6875,0.3125],"texture":"#0"}}},{"from":[6.5,6.0,6.5],"to":[9.5,7.0,9.5],"rotation":{"origin":[8.0,8.0,8.0],"axis":"y","angle":-45.0},"shade":false,"faces":{"north":{"uv":[0.1875,0.8125,0.375,0.875],"texture":"#0"},"east":{"uv":[0.1875,0.8125,0.375,0.875],"texture":"#0"},"south":{"uv":[0.1875,0.8125,0.375,0.875],"texture":"#0"},"west":{"uv":[0.1875,0.8125,0.375,0.875],"texture":"#0"},"up":{"uv":[0.0,0.8125,0.1875,1.0],"texture":"#0"},"down":{"uv":[0.0,0.8125,0.1875,1.0],"texture":"#0"}}},{"from":[6.5,0.0,6.5],"to":[9.5,2.0,9.5],"rotation":{"origin":[8.0,0.5,8.0],"axis":"y","angle":0.0},"shade":false,"faces":{"north":{"uv":[0.1875,0.625,0.375,0.75],"texture":"#0"},"east":{"uv":[0.1875,0.625,0.375,0.75],"texture":"#0"},"south":{"uv":[0.1875,0.625,0.375,0.75],"texture":"#0"},"west":{"uv":[0.1875,0.625,0.375,0.75],"texture":"#0"},"up":{"uv":[0.0,0.625,0.1875,0.8125],"texture":"#0"},"down":{"uv":[0.0,0.625,0.1875,0.8125],"texture":"#0"}}}],"ambientocclusion":false,"textures":{"particle":"addcrop:50b92e13-8bfd-4e80-a74e-88bb40f862d6","0":"addcrop:513b4b1a-ec5e-428b-bab6-5a749ed077b9"}}