{"display":{"head":{"translation":[0.0,-30.5,0.0],"scale":[1.6,1.6,1.6]},"fixed":{"rotation":[-90.0,0.0,0.0],"translation":[0.0,0.0,-16.0],"scale":[2.0,2.0,2.0]}},"elements":[{"from":[4.0,-1.0,6.0],"to":[5.0,2.0,7.0],"rotation":{"origin":[4.5,1.0,6.5],"axis":"z","angle":22.5},"shade":false,"faces":{"north":{"uv":[0.0,2.5625,0.0625,2.75],"texture":"#0"},"east":{"uv":[0.0,2.5625,0.0625,2.75],"texture":"#0"},"south":{"uv":[0.0,2.5625,0.0625,2.75],"texture":"#0"},"west":{"uv":[0.0,2.5625,0.0625,2.75],"texture":"#0"},"up":{"uv":[0.0,2.5625,0.0625,2.625],"texture":"#0"},"down":{"uv":[0.0,2.5625,0.0625,2.625],"texture":"#0"}}},{"from":[4.5,0.0,10.0],"to":[6.5,1.0,11.0],"rotation":{"origin":[4.5,0.0,10.5],"axis":"z","angle":-22.5},"shade":false,"faces":{"north":{"uv":[0.0,2.625,0.0625,2.75],"texture":"#0","rotation":90},"east":{"uv":[0.0,2.625,0.0625,2.6875],"texture":"#0","rotation":270},"south":{"uv":[0.0,2.625,0.0625,2.75],"texture":"#0","rotation":270},"west":{"uv":[0.0,2.625,0.0625,2.6875],"texture":"#0","rotation":270},"up":{"uv":[0.0,2.5625,0.0625,2.6875],"texture":"#0","rotation":270},"down":{"uv":[0.0,2.5625,0.0625,2.6875],"texture":"#0","rotation":270}}},{"from":[9.25,-0.25,11.0],"to":[10.25,1.75,12.0],"rotation":{"origin":[9.75,0.75,11.5],"axis":"z","angle":-22.5},"shade":false,"faces":{"north":{"uv":[0.0,2.5625,0.0625,2.6875],"texture":"#0"},"east":{"uv":[0.0,2.5625,0.0625,2.6875],"texture":"#0"},"south":{"uv":[0.0,2.5625,0.0625,2.6875],"texture":"#0"},"west":{"uv":[0.0,2.5625,0.0625,2.6875],"texture":"#0"},"up":{"uv":[0.0,2.5625,0.0625,2.625],"texture":"#0"},"down":{"uv":[0.0,2.5625,0.0625,2.625],"texture":"#0"}}},{"from":[11.0,-0.25,6.75],"to":[12.0,0.75,8.75],"rotation":{"origin":[11.5,0.25,7.75],"axis":"x","angle":22.5},"shade":false,"faces":{"north":{"uv":[0.0,2.5625,0.0625,2.625],"texture":"#0","rotation":180},"east":{"uv":[0.0,2.5625,0.0625,2.6875],"texture":"#0","rotation":90},"south":{"uv":[0.0,2.5625,0.0625,2.625],"texture":"#0"},"west":{"uv":[0.0,2.5625,0.0625,2.6875],"texture":"#0","rotation":270},"up":{"uv":[0.0,2.5625,0.0625,2.6875],"texture":"#0"},"down":{"uv":[0.0,2.5625,0.0625,2.6875],"texture":"#0","rotation":180}}},{"from":[8.0,-1.0,4.0],"to":[9.0,1.0,5.0],"rotation":{"origin":[8.5,0.0,4.5],"axis":"z","angle":22.5},"shade":false,"faces":{"north":{"uv":[0.0,2.625,0.0625,2.75],"texture":"#0"},"east":{"uv":[0.0,2.625,0.0625,2.75],"texture":"#0"},"south":{"uv":[0.0,2.625,0.0625,2.75],"texture":"#0"},"west":{"uv":[0.0,2.625,0.0625,2.75],"texture":"#0"},"up":{"uv":[0.0,2.5625,0.0625,2.625],"texture":"#0"},"down":{"uv":[0.0,2.5625,0.0625,2.625],"texture":"#0"}}}],"ambientocclusion":false,"textures":{"particle":"addcrop:50b92e13-8bfd-4e80-a74e-88bb40f862d6","0":"addcrop:93be4822-0a05-494f-a91c-e517440b7396"}}