{"display":{"head":{"translation":[0.0,-30.5,0.0],"scale":[1.6,1.6,1.6]},"fixed":{"rotation":[-90.0,0.0,0.0],"translation":[0.0,0.0,-16.0],"scale":[2.0,2.0,2.0]}},"elements":[{"from":[8.5,0.0,8.5],"to":[12.5,2.0,12.5],"rotation":{"origin":[12.5,0.0,12.5],"axis":"x","angle":-22.5},"shade":false,"faces":{"north":{"uv":[0.25,0.75,0.5,0.875],"texture":"#0"},"east":{"uv":[0.0,0.75,0.25,0.875],"texture":"#0"},"south":{"uv":[0.5,0.625,0.75,0.75],"texture":"#0"},"west":{"uv":[0.5,0.75,0.75,0.875],"texture":"#0"},"up":{"uv":[0.25,0.75,0.0,0.5],"texture":"#0"},"down":{"uv":[0.5,0.5,0.25,0.75],"texture":"#0"}}},{"from":[3.5,0.0,7.0],"to":[6.5,2.0,9.0],"rotation":{"origin":[3.5,0.0,9.0],"axis":"z","angle":-22.5},"shade":false,"faces":{"north":{"uv":[0.125,0.375,0.3125,0.5],"texture":"#0"},"east":{"uv":[0.0,0.375,0.125,0.5],"texture":"#0"},"south":{"uv":[0.375,0.25,0.5625,0.375],"texture":"#0"},"west":{"uv":[0.3125,0.375,0.4375,0.5],"texture":"#0"},"up":{"uv":[0.1875,0.375,0.0,0.25],"texture":"#0"},"down":{"uv":[0.375,0.25,0.1875,0.375],"texture":"#0"}}},{"from":[8.0,0.0,3.5],"to":[10.0,2.0,5.5],"rotation":{"origin":[8.0,0.0,3.5],"axis":"x","angle":22.5},"shade":false,"faces":{"north":{"uv":[0.125,0.125,0.25,0.25],"texture":"#0"},"east":{"uv":[0.0,0.125,0.125,0.25],"texture":"#0"},"south":{"uv":[0.0,0.0,0.125,0.125],"texture":"#0"},"west":{"uv":[0.25,0.125,0.375,0.25],"texture":"#0"},"up":{"uv":[0.25,0.125,0.125,0.0],"texture":"#0"},"down":{"uv":[0.375,0.0,0.25,0.125],"texture":"#0"}}}],"ambientocclusion":false,"textures":{"particle":"addcrop:b0c8e769-e7be-4077-af50-d638066d826a","0":"addcrop:211a6bf3-3f44-45cc-97eb-9da194b9f96e"}}