{"display":{"fixed":{"rotation":[-90.0,0.0,0.0],"translation":[0.0,0.0,-16.0],"scale":[2.0,2.0,2.0]}},"elements":[{"from":[8.0,0.0,0.0],"to":[8.0,16.0,16.0],"rotation":{"origin":[8.0,0.0,8.0],"axis":"y","angle":0.0},"shade":false,"faces":{"east":{"uv":[3.375,1.0,4.375,2.0],"texture":"#0"},"west":{"uv":[3.375,1.0,4.375,2.0],"texture":"#0"}}},{"from":[0.0,0.0,8.0],"to":[16.0,16.0,8.0],"rotation":{"origin":[8.0,0.0,8.0],"axis":"y","angle":0.0},"shade":false,"faces":{"north":{"uv":[3.375,1.0,4.375,2.0],"texture":"#0"},"south":{"uv":[3.375,1.0,4.375,2.0],"texture":"#0"}}},{"from":[0.0,0.0,8.0],"to":[16.0,16.0,8.0],"rotation":{"origin":[8.0,0.0,8.0],"axis":"y","angle":45.0},"shade":false,"faces":{"north":{"uv":[4.375,0.0,5.375,1.0],"texture":"#0"},"south":{"uv":[4.375,0.0,5.375,1.0],"texture":"#0"}}},{"from":[0.0,0.0,8.0],"to":[16.0,16.0,8.0],"rotation":{"origin":[8.0,0.0,8.0],"axis":"y","angle":-45.0},"shade":false,"faces":{"north":{"uv":[4.375,0.0,5.375,1.0],"texture":"#0"},"south":{"uv":[4.375,0.0,5.375,1.0],"texture":"#0"}}},{"from":[0.0,12.0,8.0],"to":[16.0,28.0,8.0],"rotation":{"origin":[8.0,12.0,8.0],"axis":"y","angle":45.0},"shade":false,"faces":{"north":{"uv":[3.375,0.0,4.375,1.0],"texture":"#0"},"south":{"uv":[3.375,0.0,4.375,1.0],"texture":"#0"}}},{"from":[0.0,12.0,8.0],"to":[16.0,28.0,8.0],"rotation":{"origin":[8.0,12.0,8.0],"axis":"y","angle":-45.0},"shade":false,"faces":{"north":{"uv":[3.375,0.0,4.375,1.0],"texture":"#0"},"south":{"uv":[3.375,0.0,4.375,1.0],"texture":"#0"}}}],"ambientocclusion":false,"textures":{"particle":"addcrop:3ef20133-c860-426c-a148-140e2ae27bd9","0":"addcrop:bc9fd73f-cf3d-4050-9a7e-bce79f197b3d"}}