{"display":{"head":{"translation":[0.0,-30.5,0.0],"scale":[1.6,1.6,1.6]},"fixed":{"rotation":[-90.0,0.0,0.0],"translation":[0.0,0.0,-16.0],"scale":[2.0,2.0,2.0]}},"elements":[{"from":[3.0,-2.0,12.0],"to":[5.0,0.0,14.0],"rotation":{"origin":[3.0,-2.0,9.0],"axis":"x","angle":-22.5},"shade":false,"faces":{"north":{"uv":[0.125,0.125,0.25,0.25],"texture":"#0"},"east":{"uv":[0.0,0.125,0.125,0.25],"texture":"#0"},"south":{"uv":[0.25,0.0,0.375,0.125],"texture":"#0"},"west":{"uv":[0.25,0.125,0.375,0.25],"texture":"#0"},"up":{"uv":[0.125,0.125,0.0,0.0],"texture":"#0"},"down":{"uv":[0.25,0.0,0.125,0.125],"texture":"#0"}}},{"from":[3.0,-2.0,9.0],"to":[6.0,0.0,12.0],"rotation":{"origin":[3.0,-2.0,9.0],"axis":"x","angle":-22.5},"shade":false,"faces":{"north":{"uv":[0.1875,0.4375,0.375,0.5625],"texture":"#0"},"east":{"uv":[0.0,0.4375,0.1875,0.5625],"texture":"#0"},"south":{"uv":[0.1875,0.5625,0.375,0.6875],"texture":"#0"},"west":{"uv":[0.0,0.5625,0.1875,0.6875],"texture":"#0"},"up":{"uv":[0.1875,0.4375,0.0,0.25],"texture":"#0"},"down":{"uv":[0.375,0.25,0.1875,0.4375],"texture":"#0"}}},{"from":[5.0,0.0,3.0],"to":[7.0,2.0,5.0],"rotation":{"origin":[5.0,0.0,3.0],"axis":"z","angle":-22.5},"shade":false,"faces":{"north":{"uv":[0.25,0.125,0.375,0.25],"texture":"#0"},"east":{"uv":[0.125,0.125,0.25,0.25],"texture":"#0"},"south":{"uv":[0.0,0.125,0.125,0.25],"texture":"#0"},"west":{"uv":[0.25,0.0,0.375,0.125],"texture":"#0"},"up":{"uv":[0.125,0.125,0.0,0.0],"texture":"#0","rotation":90},"down":{"uv":[0.25,0.0,0.125,0.125],"texture":"#0","rotation":270}}},{"from":[7.0,0.0,3.0],"to":[10.0,2.0,6.0],"rotation":{"origin":[5.0,0.0,3.0],"axis":"z","angle":-22.5},"shade":false,"faces":{"north":{"uv":[0.0,0.5625,0.1875,0.6875],"texture":"#0"},"east":{"uv":[0.1875,0.4375,0.375,0.5625],"texture":"#0"},"south":{"uv":[0.0,0.4375,0.1875,0.5625],"texture":"#0"},"west":{"uv":[0.1875,0.5625,0.375,0.6875],"texture":"#0"},"up":{"uv":[0.1875,0.4375,0.0,0.25],"texture":"#0","rotation":90},"down":{"uv":[0.375,0.25,0.1875,0.4375],"texture":"#0","rotation":270}}},{"from":[8.0,0.0,8.0],"to":[10.0,2.0,10.0],"rotation":{"origin":[13.0,0.0,8.0],"axis":"z","angle":22.5},"shade":false,"faces":{"north":{"uv":[0.625,0.125,0.75,0.25],"texture":"#0"},"east":{"uv":[0.5,0.125,0.625,0.25],"texture":"#0"},"south":{"uv":[0.375,0.125,0.5,0.25],"texture":"#0"},"west":{"uv":[0.625,0.0,0.75,0.125],"texture":"#0"},"up":{"uv":[0.5,0.125,0.375,0.0],"texture":"#0","rotation":90},"down":{"uv":[0.625,0.0,0.5,0.125],"texture":"#0","rotation":270}}},{"from":[10.0,0.0,8.0],"to":[13.0,2.0,11.0],"rotation":{"origin":[13.0,0.0,8.0],"axis":"z","angle":22.5},"shade":false,"faces":{"north":{"uv":[0.375,0.5625,0.5625,0.6875],"texture":"#0"},"east":{"uv":[0.5625,0.4375,0.75,0.5625],"texture":"#0"},"south":{"uv":[0.375,0.4375,0.5625,0.5625],"texture":"#0"},"west":{"uv":[0.5625,0.5625,0.75,0.6875],"texture":"#0"},"up":{"uv":[0.5625,0.4375,0.375,0.25],"texture":"#0","rotation":90},"down":{"uv":[0.75,0.25,0.5625,0.4375],"texture":"#0","rotation":270}}}],"ambientocclusion":false,"textures":{"particle":"addcrop:5c55001d-d8dc-43e2-87af-304997b670a4","0":"addcrop:af54dc5e-469f-4801-9e0f-4ef2349e551e"}}