{"display":{"head":{"translation":[0.0,-30.5,0.0],"scale":[1.6,1.6,1.6]},"fixed":{"rotation":[-90.0,0.0,0.0],"translation":[0.0,0.0,-16.0],"scale":[2.0,2.0,2.0]}},"elements":[{"from":[8.0,0.0,0.0],"to":[8.0,16.0,16.0],"rotation":{"origin":[8.0,8.0,8.0],"axis":"y","angle":0.0},"shade":false,"faces":{"east":{"uv":[0.0,2.0,1.0,1.0],"texture":"#0","rotation":180},"west":{"uv":[0.0,2.0,1.0,1.0],"texture":"#0","rotation":180}}},{"from":[0.0,0.0,8.0],"to":[16.0,16.0,8.0],"rotation":{"origin":[8.0,8.0,8.0],"axis":"y","angle":-45.0},"shade":false,"faces":{"north":{"uv":[1.0,2.0,2.0,1.0],"texture":"#0","rotation":180},"south":{"uv":[1.0,2.0,2.0,1.0],"texture":"#0","rotation":180}}},{"from":[0.0,0.0,8.0],"to":[16.0,16.0,8.0],"rotation":{"origin":[8.0,8.0,8.0],"axis":"y","angle":45.0},"shade":false,"faces":{"north":{"uv":[1.0,2.0,2.0,1.0],"texture":"#0","rotation":180},"south":{"uv":[1.0,2.0,2.0,1.0],"texture":"#0","rotation":180}}},{"from":[0.0,0.0,8.0],"to":[16.0,16.0,8.0],"rotation":{"origin":[8.0,8.0,8.0],"axis":"y","angle":0.0},"shade":false,"faces":{"north":{"uv":[0.0,2.0,1.0,1.0],"texture":"#0","rotation":180},"south":{"uv":[0.0,2.0,1.0,1.0],"texture":"#0","rotation":180}}},{"from":[0.0,0.0,8.0],"to":[8.0,0.0,16.0],"rotation":{"origin":[8.0,0.0,8.0],"axis":"z","angle":-22.5},"shade":false,"faces":{"up":{"uv":[2.0,1.0,1.5,0.5],"texture":"#0","rotation":90},"down":{"uv":[1.5,1.0,2.0,0.5],"texture":"#0","rotation":90}}},{"from":[8.0,0.0,8.0],"to":[16.0,0.0,16.0],"rotation":{"origin":[8.0,0.0,8.0],"axis":"x","angle":-22.5},"shade":false,"faces":{"up":{"uv":[1.5,1.0,1.0,0.5],"texture":"#0"},"down":{"uv":[1.0,1.0,1.5,0.5],"texture":"#0","rotation":180}}},{"from":[0.0,0.0,0.0],"to":[8.0,0.0,8.0],"rotation":{"origin":[8.0,0.0,8.0],"axis":"x","angle":22.5},"shade":false,"faces":{"up":{"uv":[1.5,1.0,1.0,0.5],"texture":"#0","rotation":180},"down":{"uv":[1.0,1.0,1.5,0.5],"texture":"#0"}}},{"from":[8.0,0.0,0.0],"to":[16.0,0.0,8.0],"rotation":{"origin":[8.0,0.0,8.0],"axis":"z","angle":22.5},"shade":false,"faces":{"up":{"uv":[2.0,1.0,1.5,0.5],"texture":"#0","rotation":270},"down":{"uv":[1.5,1.0,2.0,0.5],"texture":"#0","rotation":270}}}],"ambientocclusion":false,"textures":{"particle":"addcrop:54b9cfc9-5e1b-48e7-b2e4-605aca4ae9ee","0":"addcrop:dc288b4e-2cb5-4e02-afce-e7c8a3ca7cdd"}}