{"display":{"fixed":{"rotation":[-90.0,0.0,0.0],"translation":[0.0,0.0,-16.0],"scale":[2.0,2.0,2.0]}},"elements":[{"from":[3.5,0.0,8.5],"to":[6.5,2.0,11.5],"rotation":{"origin":[5.0,1.0,10.0],"axis":"y","angle":-22.5},"shade":false,"faces":{"north":{"uv":[0.1875,0.625,0.375,0.75],"texture":"#0"},"east":{"uv":[0.0,0.625,0.1875,0.75],"texture":"#0"},"south":{"uv":[0.375,0.5625,0.5625,0.6875],"texture":"#0"},"west":{"uv":[0.375,0.4375,0.5625,0.5625],"texture":"#0"},"up":{"uv":[0.1875,0.625,0.0,0.4375],"texture":"#0"},"down":{"uv":[0.375,0.4375,0.1875,0.625],"texture":"#0"}}},{"from":[9.25,0.0,7.0],"to":[12.25,1.0,10.0],"rotation":{"origin":[11.25,0.5,9.0],"axis":"y","angle":-22.5},"shade":false,"faces":{"north":{"uv":[0.1875,0.375,0.375,0.4375],"texture":"#0"},"east":{"uv":[0.0,0.375,0.1875,0.4375],"texture":"#0"},"south":{"uv":[0.375,0.25,0.5625,0.3125],"texture":"#0"},"west":{"uv":[0.375,0.1875,0.5625,0.25],"texture":"#0"},"up":{"uv":[0.1875,0.375,0.0,0.1875],"texture":"#0"},"down":{"uv":[0.375,0.1875,0.1875,0.375],"texture":"#0"}}},{"from":[6.25,0.0,3.5],"to":[8.25,1.0,5.5],"rotation":{"origin":[7.25,0.5,4.5],"axis":"y","angle":22.5},"shade":false,"faces":{"north":{"uv":[0.125,0.125,0.25,0.1875],"texture":"#0"},"east":{"uv":[0.0,0.125,0.125,0.1875],"texture":"#0"},"south":{"uv":[0.25,0.0625,0.375,0.125],"texture":"#0"},"west":{"uv":[0.25,0.0,0.375,0.0625],"texture":"#0"},"up":{"uv":[0.125,0.125,0.0,0.0],"texture":"#0"},"down":{"uv":[0.25,0.0,0.125,0.125],"texture":"#0"}}}],"ambientocclusion":false,"textures":{"particle":"addcrop:e64c5c72-402f-45cf-94ca-f1d368a57180","0":"addcrop:dc617239-fdc8-4641-99e2-9de3df37a2ad"}}