{"display":{"head":{"translation":[0.0,-30.5,0.0],"scale":[1.6,1.6,1.6]},"fixed":{"rotation":[-90.0,0.0,0.0],"translation":[0.0,0.0,-16.0],"scale":[2.0,2.0,2.0]}},"elements":[{"from":[4.0,0.0,-4.0],"to":[12.0,0.0,4.0],"rotation":{"origin":[8.0,0.0,4.0],"axis":"x","angle":45.0},"shade":false,"faces":{"up":{"uv":[11.5,8.0,15.5,12.0],"texture":"#2"},"down":{"uv":[11.5,8.0,15.5,12.0],"texture":"#2","rotation":180}}},{"from":[2.0,0.0,-4.0],"to":[14.0,0.0,4.0],"rotation":{"origin":[8.0,0.0,4.0],"axis":"x","angle":22.5},"shade":false,"faces":{"up":{"uv":[0.0,9.0,6.0,13.0],"texture":"#2"},"down":{"uv":[0.0,9.0,6.0,13.0],"texture":"#2","rotation":180}}},{"from":[0.0,0.0,4.0],"to":[8.0,8.0,4.0],"rotation":{"origin":[4.0,0.0,4.0],"axis":"y","angle":45.0},"shade":false,"faces":{"north":{"uv":[7.5,8.0,11.5,12.0],"texture":"#2"},"south":{"uv":[7.5,8.0,11.5,12.0],"texture":"#2"}}},{"from":[4.0,0.0,8.0],"to":[4.0,8.0,16.0],"rotation":{"origin":[4.0,0.0,12.0],"axis":"y","angle":45.0},"shade":false,"faces":{"east":{"uv":[7.5,8.0,11.5,12.0],"texture":"#2"},"west":{"uv":[7.5,8.0,11.5,12.0],"texture":"#2"}}},{"from":[12.0,0.0,0.0],"to":[12.0,8.0,8.0],"rotation":{"origin":[12.0,0.0,4.0],"axis":"y","angle":45.0},"shade":false,"faces":{"east":{"uv":[7.5,8.0,11.5,12.0],"texture":"#2"},"west":{"uv":[7.5,8.0,11.5,12.0],"texture":"#2"}}},{"from":[8.0,0.0,12.0],"to":[16.0,8.0,12.0],"rotation":{"origin":[12.0,0.0,12.0],"axis":"y","angle":45.0},"shade":false,"faces":{"north":{"uv":[7.5,8.0,11.5,12.0],"texture":"#2"},"south":{"uv":[7.5,8.0,11.5,12.0],"texture":"#2"}}},{"from":[4.0,0.0,4.0],"to":[4.0,8.0,12.0],"rotation":{"origin":[4.0,0.0,8.0],"axis":"z","angle":45.0},"shade":false,"faces":{"east":{"uv":[11.5,8.0,15.5,12.0],"texture":"#2"},"west":{"uv":[11.5,8.0,15.5,12.0],"texture":"#2"}}},{"from":[-4.0,0.0,2.0],"to":[4.0,0.0,14.0],"rotation":{"origin":[4.0,0.0,8.0],"axis":"z","angle":-22.5},"shade":false,"faces":{"up":{"uv":[0.0,9.0,6.0,13.0],"texture":"#2","rotation":270},"down":{"uv":[0.0,9.0,6.0,13.0],"texture":"#2","rotation":270}}},{"from":[12.0,0.0,4.0],"to":[12.0,8.0,12.0],"rotation":{"origin":[12.0,0.0,8.0],"axis":"z","angle":-45.0},"shade":false,"faces":{"east":{"uv":[11.5,8.0,15.5,12.0],"texture":"#2"},"west":{"uv":[11.5,8.0,15.5,12.0],"texture":"#2"}}},{"from":[12.0,0.0,2.0],"to":[20.0,0.0,14.0],"rotation":{"origin":[12.0,0.0,8.0],"axis":"z","angle":22.5},"shade":false,"faces":{"up":{"uv":[0.0,9.0,6.0,13.0],"texture":"#2","rotation":90},"down":{"uv":[0.0,9.0,6.0,13.0],"texture":"#2","rotation":90}}},{"from":[4.0,0.0,12.0],"to":[12.0,8.0,12.0],"rotation":{"origin":[8.0,0.0,12.0],"axis":"x","angle":45.0},"shade":false,"faces":{"north":{"uv":[11.5,8.0,15.5,12.0],"texture":"#2"},"south":{"uv":[11.5,8.0,15.5,12.0],"texture":"#2"}}},{"from":[2.0,0.0,12.0],"to":[14.0,0.0,20.0],"rotation":{"origin":[8.0,0.0,12.0],"axis":"x","angle":-22.5},"shade":false,"faces":{"up":{"uv":[0.0,9.0,6.0,13.0],"texture":"#2","rotation":180},"down":{"uv":[0.0,9.0,6.0,13.0],"texture":"#2"}}},{"from":[4.5,8.0,11.0],"to":[11.5,10.0,11.0],"rotation":{"origin":[8.0,8.0,11.0],"axis":"x","angle":22.5},"shade":false,"faces":{"north":{"uv":[0.0,13.5,3.5,14.5],"texture":"#2"},"south":{"uv":[0.0,13.5,3.5,14.5],"texture":"#2"}}},{"from":[4.5,8.0,5.0],"to":[11.5,10.0,5.0],"rotation":{"origin":[8.0,8.0,5.0],"axis":"x","angle":-22.5},"shade":false,"faces":{"north":{"uv":[0.0,13.5,3.5,14.5],"texture":"#2"},"south":{"uv":[0.0,13.5,3.5,14.5],"texture":"#2"}}},{"from":[5.0,8.0,4.5],"to":[5.0,10.0,11.5],"rotation":{"origin":[5.0,8.0,8.0],"axis":"z","angle":22.5},"shade":false,"faces":{"east":{"uv":[0.0,13.5,3.5,14.5],"texture":"#2"},"west":{"uv":[0.0,13.5,3.5,14.5],"texture":"#2"}}},{"from":[11.0,8.0,4.5],"to":[11.0,10.0,11.5],"rotation":{"origin":[11.0,8.0,8.0],"axis":"z","angle":-22.5},"shade":false,"faces":{"east":{"uv":[0.0,13.5,3.5,14.5],"texture":"#2"},"west":{"uv":[0.0,13.5,3.5,14.5],"texture":"#2"}}},{"from":[3.5,0.0,3.5],"to":[12.5,8.0,12.5],"rotation":{"origin":[8.5,1.0,7.5],"axis":"y","angle":0.0},"shade":false,"faces":{"north":{"uv":[9.0,4.0,13.5,8.0],"texture":"#2"},"east":{"uv":[4.5,0.0,9.0,4.0],"texture":"#2"},"south":{"uv":[4.5,4.0,9.0,8.0],"texture":"#2"},"west":{"uv":[9.0,0.0,13.5,4.0],"texture":"#2"},"up":{"uv":[0.0,0.0,4.5,4.5],"texture":"#2"},"down":{"uv":[0.0,4.5,4.5,9.0],"texture":"#2"}}}],"ambientocclusion":false,"textures":{"particle":"addcrop:3ef20133-c860-426c-a148-140e2ae27bd9","2":"addcrop:99d100b6-ceb2-4cc9-9583-152728b69a7a"}}