{"display":{"thirdperson_righthand":{"rotation":[75.0,45.0,0.0],"translation":[0.0,2.5,0.0],"scale":[0.375,0.375,0.375]},"thirdperson_lefthand":{"rotation":[75.0,45.0,0.0],"translation":[0.0,2.5,0.0],"scale":[0.375,0.375,0.375]},"firstperson_righthand":{"rotation":[0.0,45.0,0.0],"translation":[0.0,1.0,0.0],"scale":[0.6,0.6,0.6]},"firstperson_lefthand":{"rotation":[0.0,45.0,0.0],"translation":[0.0,1.0,0.0],"scale":[0.6,0.6,0.6]},"ground":{"translation":[0.0,4.0,0.0],"scale":[0.6,0.6,0.6]},"gui":{"rotation":[30.0,225.0,0.0],"translation":[0.0,1.0,0.0],"scale":[0.7,0.7,0.7]}},"elements":[{"from":[1.0,0.0,1.0],"to":[15.0,12.0,15.0],"rotation":{"origin":[8.0,0.0,8.0],"axis":"y","angle":0.0},"shade":false,"faces":{"north":{"uv":[1.75,2.5,0.875,3.25],"texture":"#0"},"east":{"uv":[0.875,2.5,1.75,3.25],"texture":"#0"},"south":{"uv":[0.875,2.5,1.75,3.25],"texture":"#0"},"west":{"uv":[1.75,2.5,0.875,3.25],"texture":"#0"},"up":{"uv":[0.0,2.5,0.875,3.375],"texture":"#0"},"down":{"uv":[0.0,3.375,0.875,4.25],"texture":"#0"}}},{"from":[2.0,12.0,6.0],"to":[14.0,18.0,6.0],"rotation":{"origin":[8.0,12.0,6.0],"axis":"x","angle":-45.0},"shade":false,"faces":{"north":{"uv":[0.875,3.25,1.625,3.625],"texture":"#0"},"south":{"uv":[1.625,3.25,0.875,3.625],"texture":"#0"}}},{"from":[3.0,12.0,8.0],"to":[13.0,20.0,8.0],"rotation":{"origin":[8.0,12.0,8.0],"axis":"y","angle":45.0},"shade":false,"faces":{"north":{"uv":[0.875,3.625,1.5,4.125],"texture":"#0"},"south":{"uv":[1.5,3.625,0.875,4.125],"texture":"#0"}}},{"from":[3.0,12.0,8.0],"to":[13.0,20.0,8.0],"rotation":{"origin":[8.0,12.0,8.0],"axis":"y","angle":-45.0},"shade":false,"faces":{"north":{"uv":[0.875,3.625,1.5,4.125],"texture":"#0"},"south":{"uv":[1.5,3.625,0.875,4.125],"texture":"#0"}}},{"from":[10.0,12.0,2.0],"to":[10.0,18.0,14.0],"rotation":{"origin":[10.0,12.0,8.0],"axis":"z","angle":-45.0},"shade":false,"faces":{"east":{"uv":[0.875,3.25,1.625,3.625],"texture":"#0"},"west":{"uv":[1.625,3.25,0.875,3.625],"texture":"#0"}}},{"from":[6.0,12.0,2.0],"to":[6.0,18.0,14.0],"rotation":{"origin":[6.0,12.0,8.0],"axis":"z","angle":45.0},"shade":false,"faces":{"east":{"uv":[0.875,3.25,1.625,3.625],"texture":"#0"},"west":{"uv":[1.625,3.25,0.875,3.625],"texture":"#0"}}},{"from":[2.0,12.0,10.0],"to":[14.0,18.0,10.0],"rotation":{"origin":[8.0,12.0,10.0],"axis":"x","angle":45.0},"shade":false,"faces":{"north":{"uv":[0.875,3.25,1.625,3.625],"texture":"#0"},"south":{"uv":[1.625,3.25,0.875,3.625],"texture":"#0"}}}],"ambientocclusion":false,"textures":{"particle":"block/red_concrete","0":"addcrop:bc9fd73f-cf3d-4050-9a7e-bce79f197b3d"}}