{"display":{"head":{"translation":[0.0,-30.5,0.0],"scale":[1.6,1.6,1.6]},"fixed":{"rotation":[-90.0,0.0,0.0],"translation":[0.0,0.0,-16.0],"scale":[2.0,2.0,2.0]}},"elements":[{"from":[3.0,0.0,3.4],"to":[5.0,2.0,6.4],"rotation":{"origin":[5.0,0.0,3.4],"axis":"x","angle":22.5},"shade":false,"faces":{"north":{"uv":[0.625,0.375,0.75,0.5],"texture":"#0"},"east":{"uv":[0.4375,0.375,0.625,0.5],"texture":"#0"},"south":{"uv":[0.6875,0.25,0.8125,0.375],"texture":"#0"},"west":{"uv":[0.75,0.375,0.9375,0.5],"texture":"#0"},"up":{"uv":[0.5625,0.375,0.4375,0.1875],"texture":"#0"},"down":{"uv":[0.6875,0.1875,0.5625,0.375],"texture":"#0"}}},{"from":[4.0,0.0,6.4],"to":[5.0,2.0,7.4],"rotation":{"origin":[5.0,0.0,3.4],"axis":"x","angle":22.5},"shade":false,"faces":{"north":{"uv":[0.0625,0.0625,0.125,0.1875],"texture":"#0"},"east":{"uv":[0.0,0.0625,0.0625,0.1875],"texture":"#0"},"south":{"uv":[0.1875,0.0625,0.25,0.1875],"texture":"#0"},"west":{"uv":[0.125,0.0625,0.1875,0.1875],"texture":"#0"},"up":{"uv":[0.0625,0.0625,0.0,0.0],"texture":"#0"},"down":{"uv":[0.125,0.0,0.0625,0.0625],"texture":"#0"}}},{"from":[11.0,0.0,8.0],"to":[13.0,2.0,11.0],"rotation":{"origin":[11.0,0.0,11.0],"axis":"x","angle":-22.5},"shade":false,"faces":{"north":{"uv":[0.625,0.6875,0.75,0.8125],"texture":"#0"},"east":{"uv":[0.4375,0.6875,0.625,0.8125],"texture":"#0"},"south":{"uv":[0.6875,0.5625,0.8125,0.6875],"texture":"#0"},"west":{"uv":[0.75,0.6875,0.9375,0.8125],"texture":"#0"},"up":{"uv":[0.5625,0.6875,0.4375,0.5],"texture":"#0"},"down":{"uv":[0.6875,0.5,0.5625,0.6875],"texture":"#0"}}},{"from":[11.0,0.0,7.0],"to":[12.0,2.0,8.0],"rotation":{"origin":[11.0,0.0,11.0],"axis":"x","angle":-22.5},"shade":false,"faces":{"north":{"uv":[0.5625,0.0625,0.625,0.1875],"texture":"#0"},"east":{"uv":[0.5,0.0625,0.5625,0.1875],"texture":"#0"},"south":{"uv":[0.6875,0.0625,0.75,0.1875],"texture":"#0"},"west":{"uv":[0.625,0.0625,0.6875,0.1875],"texture":"#0"},"up":{"uv":[0.5625,0.0625,0.5,0.0],"texture":"#0"},"down":{"uv":[0.625,0.0,0.5625,0.0625],"texture":"#0"}}},{"from":[7.5,0.0,10.0],"to":[9.5,2.0,13.0],"rotation":{"origin":[7.5,0.0,13.0],"axis":"x","angle":-22.5},"shade":false,"faces":{"north":{"uv":[0.1875,0.9375,0.3125,1.0625],"texture":"#0"},"east":{"uv":[0.0,0.9375,0.1875,1.0625],"texture":"#0"},"south":{"uv":[0.25,0.8125,0.375,0.9375],"texture":"#0"},"west":{"uv":[0.3125,0.9375,0.5,1.0625],"texture":"#0"},"up":{"uv":[0.125,0.9375,0.0,0.75],"texture":"#0"},"down":{"uv":[0.25,0.75,0.125,0.9375],"texture":"#0"}}},{"from":[7.5,0.0,9.0],"to":[8.5,2.0,10.0],"rotation":{"origin":[7.5,0.0,13.0],"axis":"x","angle":-22.5},"shade":false,"faces":{"north":{"uv":[0.3125,0.0625,0.375,0.1875],"texture":"#0"},"east":{"uv":[0.25,0.0625,0.3125,0.1875],"texture":"#0"},"south":{"uv":[0.4375,0.0625,0.5,0.1875],"texture":"#0"},"west":{"uv":[0.375,0.0625,0.4375,0.1875],"texture":"#0"},"up":{"uv":[0.3125,0.0625,0.25,0.0],"texture":"#0"},"down":{"uv":[0.375,0.0,0.3125,0.0625],"texture":"#0"}}},{"from":[8.0,0.0,2.0],"to":[10.0,2.0,5.0],"rotation":{"origin":[8.0,0.0,2.0],"axis":"x","angle":22.5},"shade":false,"faces":{"north":{"uv":[0.1875,0.625,0.3125,0.75],"texture":"#0"},"east":{"uv":[0.0,0.625,0.1875,0.75],"texture":"#0"},"south":{"uv":[0.3125,0.625,0.4375,0.75],"texture":"#0"},"west":{"uv":[0.25,0.5,0.4375,0.625],"texture":"#0"},"up":{"uv":[0.125,0.625,0.0,0.4375],"texture":"#0"},"down":{"uv":[0.25,0.4375,0.125,0.625],"texture":"#0"}}},{"from":[3.0,-1.0,9.5],"to":[5.0,1.0,11.5],"rotation":{"origin":[3.0,-1.0,9.5],"axis":"z","angle":-22.5},"shade":false,"faces":{"north":{"uv":[0.125,0.3125,0.25,0.4375],"texture":"#0"},"east":{"uv":[0.0,0.3125,0.125,0.4375],"texture":"#0"},"south":{"uv":[0.25,0.1875,0.375,0.3125],"texture":"#0"},"west":{"uv":[0.25,0.3125,0.375,0.4375],"texture":"#0"},"up":{"uv":[0.125,0.3125,0.0,0.1875],"texture":"#0"},"down":{"uv":[0.25,0.1875,0.125,0.3125],"texture":"#0"}}}],"ambientocclusion":false,"textures":{"particle":"addcrop:45834700-bd92-4207-91ad-619af2f57fcf","0":"addcrop:493ba9ea-8576-4087-a73f-599bdddef153"}}