{"display":{"head":{"translation":[0.0,-30.5,0.0],"scale":[1.6,1.6,1.6]},"fixed":{"rotation":[-90.0,0.0,0.0],"translation":[0.0,0.0,-16.0],"scale":[2.0,2.0,2.0]}},"elements":[{"from":[8.0,0.0,7.0],"to":[10.0,9.0,9.0],"rotation":{"origin":[8.0,0.0,7.0],"axis":"y","angle":0.0},"shade":false,"faces":{"north":{"uv":[1.125,0.0,1.0,0.5625],"texture":"#0"},"east":{"uv":[1.0,0.0,1.125,0.5625],"texture":"#0"},"south":{"uv":[1.125,0.0,1.0,0.5625],"texture":"#0"},"west":{"uv":[1.0,0.0,1.125,0.5625],"texture":"#0"},"up":{"uv":[1.125,0.0,1.25,0.125],"texture":"#0"},"down":{"uv":[1.125,0.125,1.25,0.25],"texture":"#0"}}},{"from":[7.5,8.0,6.5],"to":[10.5,12.0,9.5],"rotation":{"origin":[9.0,10.0,8.0],"axis":"y","angle":0.0},"shade":false,"faces":{"north":{"uv":[1.6875,0.375,1.5,0.625],"texture":"#0"},"east":{"uv":[1.5,0.375,1.6875,0.625],"texture":"#0"},"south":{"uv":[1.6875,0.375,1.5,0.625],"texture":"#0"},"west":{"uv":[1.5,0.375,1.6875,0.625],"texture":"#0"},"up":{"uv":[1.6875,0.375,1.875,0.5625],"texture":"#0"},"down":{"uv":[1.6875,0.5625,1.875,0.75],"texture":"#0"}}},{"from":[6.0,-1.0,5.0],"to":[8.0,4.0,7.0],"rotation":{"origin":[7.0,0.0,6.0],"axis":"x","angle":-22.5},"shade":false,"faces":{"north":{"uv":[1.25,0.0,1.375,0.3125],"texture":"#0"},"east":{"uv":[1.375,0.0,1.25,0.3125],"texture":"#0"},"south":{"uv":[1.25,0.0,1.375,0.3125],"texture":"#0"},"west":{"uv":[1.375,0.0,1.25,0.3125],"texture":"#0"},"up":{"uv":[1.375,0.0,1.5,0.125],"texture":"#0"},"down":{"uv":[1.375,0.125,1.5,0.25],"texture":"#0"}}},{"from":[5.5,3.0,4.5],"to":[8.5,6.0,7.5],"rotation":{"origin":[7.5,0.0,6.0],"axis":"x","angle":-22.5},"shade":false,"faces":{"north":{"uv":[1.875,0.375,2.0625,0.5625],"texture":"#0"},"east":{"uv":[2.0625,0.375,1.875,0.5625],"texture":"#0"},"south":{"uv":[1.875,0.375,2.0625,0.5625],"texture":"#0"},"west":{"uv":[2.0625,0.375,1.875,0.5625],"texture":"#0"},"up":{"uv":[1.6875,0.375,1.875,0.5625],"texture":"#0"},"down":{"uv":[1.6875,0.5625,1.875,0.75],"texture":"#0"}}},{"from":[10.0,-1.0,8.0],"to":[12.0,5.0,10.0],"rotation":{"origin":[11.0,0.0,9.0],"axis":"z","angle":-22.5},"shade":false,"faces":{"north":{"uv":[1.375,0.0,1.25,0.375],"texture":"#0"},"east":{"uv":[1.25,0.0,1.375,0.375],"texture":"#0"},"south":{"uv":[1.375,0.0,1.25,0.375],"texture":"#0"},"west":{"uv":[1.25,0.0,1.375,0.375],"texture":"#0"},"up":{"uv":[1.375,0.0,1.5,0.125],"texture":"#0"},"down":{"uv":[1.375,0.125,1.5,0.25],"texture":"#0"}}},{"from":[9.5,4.0,7.5],"to":[12.5,7.0,10.5],"rotation":{"origin":[11.0,0.0,9.0],"axis":"z","angle":-22.5},"shade":false,"faces":{"north":{"uv":[2.0625,0.375,1.875,0.5625],"texture":"#0"},"east":{"uv":[1.875,0.375,2.0625,0.5625],"texture":"#0"},"south":{"uv":[2.0625,0.375,1.875,0.5625],"texture":"#0"},"west":{"uv":[1.875,0.375,2.0625,0.5625],"texture":"#0"},"up":{"uv":[1.6875,0.375,1.875,0.5625],"texture":"#0"},"down":{"uv":[1.6875,0.5625,1.875,0.75],"texture":"#0"}}},{"from":[6.0,-1.0,10.0],"to":[8.0,7.0,12.0],"rotation":{"origin":[7.0,0.0,11.0],"axis":"z","angle":22.5},"shade":false,"faces":{"north":{"uv":[1.125,0.0,1.0,0.5],"texture":"#0"},"east":{"uv":[1.0,0.0,1.125,0.5],"texture":"#0"},"south":{"uv":[1.125,0.0,1.0,0.5],"texture":"#0"},"west":{"uv":[1.0,0.0,1.125,0.5],"texture":"#0"},"up":{"uv":[1.125,0.0,1.25,0.125],"texture":"#0"},"down":{"uv":[1.125,0.125,1.25,0.25],"texture":"#0"}}},{"from":[5.5,6.0,9.5],"to":[8.5,10.0,12.5],"rotation":{"origin":[7.0,0.0,11.0],"axis":"z","angle":22.5},"shade":false,"faces":{"north":{"uv":[1.6875,0.375,1.5,0.625],"texture":"#0"},"east":{"uv":[1.5,0.375,1.6875,0.625],"texture":"#0"},"south":{"uv":[1.6875,0.375,1.5,0.625],"texture":"#0"},"west":{"uv":[1.5,0.375,1.6875,0.625],"texture":"#0"},"up":{"uv":[1.6875,0.375,1.875,0.5625],"texture":"#0"},"down":{"uv":[1.6875,0.5625,1.875,0.75],"texture":"#0"}}}],"ambientocclusion":false,"textures":{"particle":"addcrop:3ef20133-c860-426c-a148-140e2ae27bd9","0":"addcrop:cca7f16a-a793-4361-bb7b-5524ab156e82"}}