{"display":{"head":{"translation":[0.0,-30.5,0.0],"scale":[1.6,1.6,1.6]},"fixed":{"rotation":[-90.0,0.0,0.0],"translation":[0.0,0.0,-16.0],"scale":[2.0,2.0,2.0]}},"elements":[{"from":[10.0,-1.75,8.0],"to":[13.0,0.25,10.0],"rotation":{"origin":[9.0,-1.75,8.0],"axis":"z","angle":22.5},"shade":false,"faces":{"north":{"uv":[0.1875,0.125,0.0,0.25],"texture":"#0"},"east":{"uv":[0.1875,0.125,0.3125,0.0],"texture":"#0","rotation":90},"south":{"uv":[0.0,0.125,0.1875,0.25],"texture":"#0"},"west":{"uv":[0.1875,0.125,0.3125,0.25],"texture":"#0"},"up":{"uv":[0.0,0.0,0.1875,0.125],"texture":"#0"},"down":{"uv":[0.3125,0.0,0.4375,0.1875],"texture":"#0"}}},{"from":[7.0,-1.45,2.75],"to":[9.0,0.55,5.75],"rotation":{"origin":[7.0,-1.45,5.75],"axis":"x","angle":22.5},"shade":false,"faces":{"north":{"uv":[0.1875,0.0,0.3125,0.125],"texture":"#0","rotation":90},"east":{"uv":[0.0,0.125,0.1875,0.25],"texture":"#0"},"south":{"uv":[0.1875,0.125,0.3125,0.25],"texture":"#0"},"west":{"uv":[0.1875,0.125,0.0,0.25],"texture":"#0"},"up":{"uv":[0.1875,0.0,0.0,0.125],"texture":"#0","rotation":90},"down":{"uv":[0.3125,0.0,0.4375,0.1875],"texture":"#0"}}},{"from":[5.0,-1.35,9.25],"to":[7.0,0.65,12.25],"rotation":{"origin":[7.0,-1.35,9.25],"axis":"x","angle":-22.5},"shade":false,"faces":{"north":{"uv":[0.1875,0.125,0.3125,0.25],"texture":"#0"},"east":{"uv":[0.1875,0.125,0.0,0.25],"texture":"#0"},"south":{"uv":[0.1875,0.0,0.3125,0.125],"texture":"#0","rotation":90},"west":{"uv":[0.0,0.125,0.1875,0.25],"texture":"#0"},"up":{"uv":[0.0,0.0,0.1875,0.125],"texture":"#0","rotation":90},"down":{"uv":[0.3125,0.0,0.4375,0.1875],"texture":"#0"}}},{"from":[6.0,0.25,6.0],"to":[6.0,8.25,14.0],"rotation":{"origin":[6.0,0.25,10.0],"axis":"y","angle":0.0},"shade":false,"faces":{"east":{"uv":[0.0,0.3125,0.5,0.8125],"texture":"#0"},"west":{"uv":[0.0,0.3125,0.5,0.8125],"texture":"#0"}}},{"from":[2.5,0.25,10.0],"to":[9.5,8.25,10.0],"rotation":{"origin":[6.5,0.25,10.0],"axis":"y","angle":0.0},"shade":false,"faces":{"north":{"uv":[0.5,0.8125,0.9375,1.3125],"texture":"#0"},"south":{"uv":[0.9375,0.8125,0.5,1.3125],"texture":"#0"}}},{"from":[8.0,0.25,1.0],"to":[8.0,8.25,9.0],"rotation":{"origin":[8.0,0.25,5.0],"axis":"y","angle":0.0},"shade":false,"faces":{"east":{"uv":[0.0,0.3125,0.5,0.8125],"texture":"#0"},"west":{"uv":[0.5,0.3125,0.0,0.8125],"texture":"#0"}}},{"from":[4.5,0.25,5.0],"to":[11.5,8.25,5.0],"rotation":{"origin":[8.5,0.25,5.0],"axis":"y","angle":0.0},"shade":false,"faces":{"north":{"uv":[0.5,0.8125,0.9375,1.3125],"texture":"#0"},"south":{"uv":[0.5,0.8125,0.9375,1.3125],"texture":"#0"}}},{"from":[7.0,0.25,9.0],"to":[15.0,8.25,9.0],"rotation":{"origin":[11.0,0.25,9.0],"axis":"y","angle":0.0},"shade":false,"faces":{"north":{"uv":[0.0,0.8125,0.5,1.3125],"texture":"#0"},"south":{"uv":[0.0,0.8125,0.5,1.3125],"texture":"#0"}}},{"from":[11.0,0.25,5.5],"to":[11.0,8.25,12.5],"rotation":{"origin":[11.0,0.25,9.5],"axis":"y","angle":0.0},"shade":false,"faces":{"east":{"uv":[0.5,0.3125,0.9375,0.8125],"texture":"#0"},"west":{"uv":[0.5,0.3125,0.9375,0.8125],"texture":"#0"}}}],"ambientocclusion":false,"textures":{"particle":"addcrop:50b92e13-8bfd-4e80-a74e-88bb40f862d6","0":"addcrop:f987484a-bc28-47db-828e-a64ceed5c192"}}