{"display":{"head":{"translation":[0.0,-30.5,0.0],"scale":[1.6,1.6,1.6]},"fixed":{"rotation":[-90.0,0.0,0.0],"translation":[0.0,0.0,-16.0],"scale":[2.0,2.0,2.0]}},"elements":[{"from":[8.0,0.0,0.0],"to":[8.0,32.0,16.0],"rotation":{"origin":[8.0,0.0,8.0],"axis":"y","angle":22.5},"shade":false,"faces":{"east":{"uv":[5.33333,0.0,10.66667,10.66667],"texture":"#1"},"west":{"uv":[5.33333,0.0,10.66667,10.66667],"texture":"#1"}}},{"from":[0.0,0.0,8.0],"to":[16.0,32.0,8.0],"rotation":{"origin":[8.0,0.0,8.0],"axis":"y","angle":22.5},"shade":false,"faces":{"north":{"uv":[0.0,0.0,5.33333,10.66667],"texture":"#1"},"south":{"uv":[0.0,0.0,5.33333,10.66667],"texture":"#1"}}},{"from":[7.9,16.0,5.2],"to":[9.9,20.0,7.2],"rotation":{"origin":[7.9,20.0,7.2],"axis":"x","angle":22.5},"shade":false,"faces":{"north":{"uv":[12.0,0.0,11.33333,1.33333],"texture":"#1"},"east":{"uv":[12.66667,0.0,12.0,1.33333],"texture":"#1"},"south":{"uv":[12.0,0.0,12.66667,1.33333],"texture":"#1"},"west":{"uv":[12.0,0.0,11.33333,1.33333],"texture":"#1"},"up":{"uv":[10.66667,0.0,11.33333,0.66667],"texture":"#1"},"down":{"uv":[10.66667,0.66667,11.33333,1.33333],"texture":"#1"}}},{"from":[7.8,19.0,5.1],"to":[10.0,20.1,7.3],"rotation":{"origin":[7.9,20.0,7.2],"axis":"x","angle":22.5},"shade":false,"faces":{"north":{"uv":[14.33333,0.0,15.0,0.33333],"texture":"#1"},"east":{"uv":[15.0,0.33333,14.33333,0.66667],"texture":"#1"},"south":{"uv":[14.33333,0.33333,15.0,0.66667],"texture":"#1"},"west":{"uv":[14.33333,0.0,15.0,0.33333],"texture":"#1"},"up":{"uv":[14.33333,0.0,13.66667,0.66667],"texture":"#1"},"down":{"uv":[14.33333,1.66667,14.66667,2.0],"texture":"#1"}}},{"from":[8.9,20.1,5.1],"to":[8.9,22.1,7.3],"rotation":{"origin":[7.9,20.0,7.2],"axis":"x","angle":22.5},"shade":false,"faces":{"east":{"uv":[13.66667,0.66667,15.0,2.0],"texture":"#1"},"west":{"uv":[15.0,0.66667,13.66667,2.0],"texture":"#1"}}},{"from":[8.0,16.30448,2.66927],"to":[9.8,18.30448,5.66927],"rotation":{"origin":[7.9,16.30448,5.66927],"axis":"x","angle":-22.5},"shade":false,"faces":{"north":{"uv":[10.66667,2.0,11.33333,2.66667],"texture":"#1","rotation":90},"east":{"uv":[12.0,2.33333,11.33333,3.33333],"texture":"#1","rotation":270},"south":{"uv":[10.66667,1.33333,11.33333,2.0],"texture":"#1"},"west":{"uv":[12.0,1.33333,11.33333,2.33333],"texture":"#1","rotation":90},"up":{"uv":[11.33333,1.33333,12.0,2.33333],"texture":"#1","rotation":180},"down":{"uv":[12.0,1.33333,12.66667,2.33333],"texture":"#1"}}},{"from":[5.4,5.0,6.0],"to":[7.4,9.0,8.0],"rotation":{"origin":[7.4,9.0,8.0],"axis":"z","angle":-22.5},"shade":false,"faces":{"north":{"uv":[11.33333,0.0,12.0,1.33333],"texture":"#1"},"east":{"uv":[13.33333,0.0,12.66667,1.33333],"texture":"#1"},"south":{"uv":[12.0,0.0,12.66667,1.33333],"texture":"#1"},"west":{"uv":[12.0,0.0,11.33333,1.33333],"texture":"#1"},"up":{"uv":[10.66667,0.0,11.33333,0.66667],"texture":"#1"},"down":{"uv":[10.66667,0.66667,11.33333,1.33333],"texture":"#1"}}},{"from":[5.3,8.0,5.9],"to":[7.5,9.1,8.1],"rotation":{"origin":[7.4,9.0,8.0],"axis":"z","angle":-22.5},"shade":false,"faces":{"north":{"uv":[15.0,0.0,14.33333,0.33333],"texture":"#1"},"east":{"uv":[15.0,0.33333,14.33333,0.66667],"texture":"#1"},"south":{"uv":[15.0,0.33333,14.33333,0.66667],"texture":"#1"},"west":{"uv":[14.33333,0.0,15.0,0.33333],"texture":"#1"},"up":{"uv":[14.33333,0.0,13.66667,0.66667],"texture":"#1"},"down":{"uv":[14.0,1.66667,14.33333,2.0],"texture":"#1"}}},{"from":[5.3,9.1,7.0],"to":[7.5,11.1,7.0],"rotation":{"origin":[7.4,9.0,8.0],"axis":"z","angle":-22.5},"shade":false,"faces":{"north":{"uv":[13.66667,0.66667,15.0,2.0],"texture":"#1"},"south":{"uv":[15.0,0.66667,13.66667,2.0],"texture":"#1"}}},{"from":[2.86927,5.30448,6.1],"to":[5.86927,7.30448,7.9],"rotation":{"origin":[5.86927,5.30448,8.0],"axis":"z","angle":22.5},"shade":false,"faces":{"north":{"uv":[11.33333,1.33333,12.0,2.33333],"texture":"#1","rotation":270},"east":{"uv":[10.66667,1.33333,11.33333,2.0],"texture":"#1","rotation":90},"south":{"uv":[11.33333,2.33333,12.0,3.33333],"texture":"#1","rotation":90},"west":{"uv":[10.66667,2.0,11.33333,2.66667],"texture":"#1"},"up":{"uv":[12.0,1.33333,11.33333,2.33333],"texture":"#1","rotation":90},"down":{"uv":[12.66667,1.33333,12.0,2.33333],"texture":"#1","rotation":90}}},{"from":[8.75,10.0,7.55],"to":[10.95,11.1,9.75],"rotation":{"origin":[8.85,11.0,7.65],"axis":"z","angle":22.5},"shade":false,"faces":{"north":{"uv":[14.17468,0.32917,14.8125,0.65833],"texture":"#1"},"east":{"uv":[14.17468,0.0,14.8125,0.32917],"texture":"#1"},"south":{"uv":[14.8125,0.0,14.17468,0.32917],"texture":"#1"},"west":{"uv":[14.8125,0.32917,14.17468,0.65833],"texture":"#1"},"up":{"uv":[13.53686,0.65833,14.17468,0.0],"texture":"#1"},"down":{"uv":[13.85577,1.64583,14.17468,1.975],"texture":"#1"}}},{"from":[8.75,11.1,8.65],"to":[10.95,13.1,8.65],"rotation":{"origin":[8.85,11.0,7.65],"axis":"z","angle":22.5},"shade":false,"faces":{"north":{"uv":[14.8125,0.65833,13.53686,1.975],"texture":"#1"},"south":{"uv":[13.53686,0.65833,14.8125,1.975],"texture":"#1"}}},{"from":[8.85,7.0,7.65],"to":[10.85,11.0,9.65],"rotation":{"origin":[8.85,11.0,7.65],"axis":"z","angle":22.5},"shade":false,"faces":{"north":{"uv":[12.0,0.0,12.66667,1.33333],"texture":"#1"},"east":{"uv":[12.0,0.0,11.33333,1.33333],"texture":"#1"},"south":{"uv":[11.33333,0.0,12.0,1.33333],"texture":"#1"},"west":{"uv":[13.33333,0.0,12.66667,1.33333],"texture":"#1"},"up":{"uv":[11.33333,0.66667,10.66667,0.0],"texture":"#1"},"down":{"uv":[10.66667,0.65833,11.33333,1.325],"texture":"#1"}}},{"from":[10.38073,7.30448,7.75],"to":[13.38073,9.30448,9.55],"rotation":{"origin":[10.38073,7.30448,7.65],"axis":"z","angle":-22.5},"shade":false,"faces":{"north":{"uv":[12.0,3.33333,11.33333,2.33333],"texture":"#1","rotation":270},"east":{"uv":[10.66667,2.0,11.33333,2.66667],"texture":"#1"},"south":{"uv":[11.33333,1.33333,12.0,2.33333],"texture":"#1","rotation":90},"west":{"uv":[10.66667,2.0,11.33333,2.66667],"texture":"#1"},"up":{"uv":[11.33333,1.33333,12.0,2.33333],"texture":"#1","rotation":90},"down":{"uv":[12.66667,1.33333,12.0,2.33333],"texture":"#1","rotation":90}}},{"from":[6.4,13.0,8.7],"to":[8.4,17.0,10.7],"rotation":{"origin":[8.4,17.0,8.7],"axis":"x","angle":-22.5},"shade":false,"faces":{"north":{"uv":[13.33333,0.0,12.66667,1.33333],"texture":"#1"},"east":{"uv":[12.0,0.0,12.66667,1.33333],"texture":"#1"},"south":{"uv":[12.0,0.0,11.33333,1.33333],"texture":"#1"},"west":{"uv":[11.33333,0.0,12.0,1.33333],"texture":"#1"},"up":{"uv":[10.66667,0.66667,11.33333,0.0],"texture":"#1"},"down":{"uv":[10.66667,0.66667,11.33333,1.33333],"texture":"#1"}}},{"from":[6.3,16.0,8.6],"to":[8.5,17.1,10.8],"rotation":{"origin":[8.4,17.0,8.7],"axis":"x","angle":-22.5},"shade":false,"faces":{"north":{"uv":[15.0,0.33333,14.33333,0.66667],"texture":"#1"},"east":{"uv":[14.33333,0.33333,15.0,0.66667],"texture":"#1"},"south":{"uv":[14.33333,0.0,15.0,0.33333],"texture":"#1"},"west":{"uv":[15.0,0.0,14.33333,0.33333],"texture":"#1"},"up":{"uv":[14.33333,0.66667,13.66667,0.0],"texture":"#1"},"down":{"uv":[14.0,1.66667,14.33333,2.0],"texture":"#1"}}},{"from":[7.4,17.1,8.6],"to":[7.4,19.1,10.8],"rotation":{"origin":[8.4,17.0,8.7],"axis":"x","angle":-22.5},"shade":false,"faces":{"east":{"uv":[15.0,0.66667,13.66667,2.0],"texture":"#1"},"west":{"uv":[13.66667,0.66667,15.0,2.0],"texture":"#1"}}},{"from":[6.5,13.30448,10.23073],"to":[8.3,15.30448,13.23073],"rotation":{"origin":[8.4,13.30448,10.23073],"axis":"x","angle":22.5},"shade":false,"faces":{"north":{"uv":[10.66667,1.33333,11.33333,2.0],"texture":"#1","rotation":270},"east":{"uv":[11.33333,2.33333,12.0,3.33333],"texture":"#1","rotation":90},"south":{"uv":[10.66667,2.0,11.33333,2.66667],"texture":"#1"},"west":{"uv":[12.0,2.33333,11.33333,1.33333],"texture":"#1","rotation":90},"up":{"uv":[12.0,2.33333,12.66667,1.33333],"texture":"#1"},"down":{"uv":[12.0,2.33333,12.66667,1.33333],"texture":"#1"}}}],"ambientocclusion":false,"textures":{"particle":"addcrop:50b92e13-8bfd-4e80-a74e-88bb40f862d6","1":"addcrop:01090063-d997-4e7d-931a-a7e68f2b6ed3"}}