{"parent":"block/block","display":{"thirdperson_righthand":{"rotation":[75.0,45.0,0.0],"translation":[0.0,2.5,0.0],"scale":[0.375,0.375,0.375]},"thirdperson_lefthand":{"rotation":[75.0,45.0,0.0],"translation":[0.0,2.5,0.0],"scale":[0.375,0.375,0.375]},"firstperson_righthand":{"rotation":[0.0,45.0,0.0],"scale":[0.4,0.4,0.4]},"firstperson_lefthand":{"rotation":[0.0,225.0,0.0],"scale":[0.4,0.4,0.4]},"ground":{"translation":[0.0,3.0,0.0],"scale":[0.25,0.25,0.25]},"gui":{"rotation":[30.0,225.0,0.0],"translation":[0.0,-0.5,0.0],"scale":[0.55,0.55,0.55]},"fixed":{"scale":[0.5,0.5,0.5]}},"elements":[{"from":[0.0,0.0,0.0],"to":[16.0,16.0,16.0],"faces":{"north":{"uv":[0.0,0.0,8.0,8.0],"texture":"#0"},"east":{"uv":[0.0,0.0,8.0,8.0],"texture":"#0"},"south":{"uv":[0.0,0.0,8.0,8.0],"texture":"#0"},"west":{"uv":[0.0,0.0,8.0,8.0],"texture":"#0"},"down":{"uv":[11.0,2.5,15.0,6.5],"texture":"#0"}}},{"from":[1.0,15.0,0.0],"to":[15.0,17.75,1.0],"rotation":{"origin":[8.0,16.0,0.0],"axis":"x","angle":-22.5},"faces":{"north":{"uv":[8.0,0.0,15.0,1.5],"texture":"#0","cullface":"north"},"south":{"uv":[8.0,0.0,15.0,1.5],"texture":"#0","cullface":"north"},"up":{"uv":[8.0,0.0,15.0,0.5],"texture":"#0","cullface":"north"}}},{"from":[0.0,15.0,1.0],"to":[1.0,17.75,15.0],"rotation":{"origin":[0.0,16.0,8.0],"axis":"z","angle":22.5},"faces":{"east":{"uv":[8.0,0.0,15.0,1.5],"texture":"#0","cullface":"west"},"west":{"uv":[8.0,0.0,15.0,1.5],"texture":"#0","cullface":"west"},"up":{"uv":[8.0,0.0,15.0,0.5],"texture":"#0","cullface":"west","rotation":270}}},{"from":[15.0,15.0,1.0],"to":[16.0,17.75,15.0],"rotation":{"origin":[16.0,16.0,8.0],"axis":"z","angle":-22.5},"faces":{"east":{"uv":[8.0,0.0,15.0,1.5],"texture":"#0","cullface":"east"},"west":{"uv":[8.0,0.0,15.0,1.5],"texture":"#0","cullface":"east"},"up":{"uv":[8.0,0.0,15.0,0.5],"texture":"#0","cullface":"east","rotation":270}}},{"from":[1.0,15.0,15.0],"to":[15.0,17.75,16.0],"rotation":{"origin":[8.0,16.0,16.0],"axis":"x","angle":22.5},"faces":{"north":{"uv":[8.0,0.0,15.0,1.5],"texture":"#0","cullface":"south"},"south":{"uv":[8.0,0.0,15.0,1.5],"texture":"#0","cullface":"south"},"up":{"uv":[8.0,0.0,15.0,0.5],"texture":"#0","cullface":"south"}}},{"from":[0.0,16.0,0.0],"to":[16.0,16.0,16.0],"rotation":{"origin":[0.0,16.0,0.0],"axis":"y","angle":0.0},"faces":{"up":{"uv":[16.0,16.0,0.0,0.0],"texture":"#1"}}},{"from":[15.0,0.0,-1.0],"to":[17.0,18.0,1.0],"rotation":{"origin":[16.0,16.0,0.0],"axis":"y","angle":0.0},"faces":{"north":{"uv":[16.0,0.0,15.0,9.0],"texture":"#0","cullface":"east"},"east":{"uv":[15.0,0.0,16.0,9.0],"texture":"#0","cullface":"east"},"south":{"uv":[16.0,0.0,15.0,9.0],"texture":"#0","cullface":"east"},"west":{"uv":[15.0,0.0,16.0,9.0],"texture":"#0","cullface":"east"},"up":{"uv":[14.0,1.5,15.0,2.5],"texture":"#0","cullface":"east"},"down":{"uv":[13.0,1.5,14.0,2.5],"texture":"#0","cullface":"east"}}},{"from":[15.0,0.0,-1.0],"to":[17.0,18.0,1.0],"rotation":{"origin":[16.0,16.0,0.0],"axis":"y","angle":0.0},"faces":{"north":{"uv":[16.0,0.0,15.0,9.0],"texture":"#0","cullface":"north"},"east":{"uv":[15.0,0.0,16.0,9.0],"texture":"#0","cullface":"north"},"south":{"uv":[16.0,0.0,15.0,9.0],"texture":"#0","cullface":"north"},"west":{"uv":[15.0,0.0,16.0,9.0],"texture":"#0","cullface":"north"},"up":{"uv":[14.0,1.5,15.0,2.5],"texture":"#0","cullface":"north"},"down":{"uv":[13.0,1.5,14.0,2.5],"texture":"#0","cullface":"north"}}},{"from":[-1.0,0.0,15.0],"to":[1.0,18.0,17.0],"rotation":{"origin":[0.0,16.0,16.0],"axis":"y","angle":0.0},"faces":{"north":{"uv":[16.0,0.0,15.0,9.0],"texture":"#0","cullface":"south"},"east":{"uv":[15.0,0.0,16.0,9.0],"texture":"#0","cullface":"south"},"south":{"uv":[16.0,0.0,15.0,9.0],"texture":"#0","cullface":"south"},"west":{"uv":[15.0,0.0,16.0,9.0],"texture":"#0","cullface":"south"},"up":{"uv":[14.0,1.5,15.0,2.5],"texture":"#0","cullface":"south","rotation":180},"down":{"uv":[13.0,1.5,14.0,2.5],"texture":"#0","cullface":"south","rotation":180}}},{"from":[-1.0,0.0,15.0],"to":[1.0,18.0,17.0],"rotation":{"origin":[0.0,16.0,16.0],"axis":"y","angle":0.0},"faces":{"north":{"uv":[16.0,0.0,15.0,9.0],"texture":"#0","cullface":"west"},"east":{"uv":[15.0,0.0,16.0,9.0],"texture":"#0","cullface":"west"},"south":{"uv":[16.0,0.0,15.0,9.0],"texture":"#0","cullface":"west"},"west":{"uv":[15.0,0.0,16.0,9.0],"texture":"#0","cullface":"west"},"up":{"uv":[14.0,1.5,15.0,2.5],"texture":"#0","cullface":"west","rotation":180},"down":{"uv":[13.0,1.5,14.0,2.5],"texture":"#0","cullface":"west","rotation":180}}},{"from":[-1.0,0.0,-1.0],"to":[1.0,18.0,1.0],"rotation":{"origin":[0.0,16.0,0.0],"axis":"y","angle":0.0},"faces":{"north":{"uv":[15.0,0.0,16.0,9.0],"texture":"#0","cullface":"west"},"east":{"uv":[16.0,0.0,15.0,9.0],"texture":"#0","cullface":"west"},"south":{"uv":[15.0,0.0,16.0,9.0],"texture":"#0","cullface":"west"},"west":{"uv":[16.0,0.0,15.0,9.0],"texture":"#0","cullface":"west"},"up":{"uv":[14.0,1.5,15.0,2.5],"texture":"#0","cullface":"west","rotation":270},"down":{"uv":[13.0,1.5,14.0,2.5],"texture":"#0","cullface":"west","rotation":90}}},{"from":[-1.0,0.0,-1.0],"to":[1.0,18.0,1.0],"rotation":{"origin":[0.0,16.0,0.0],"axis":"y","angle":0.0},"faces":{"north":{"uv":[15.0,0.0,16.0,9.0],"texture":"#0","cullface":"north"},"east":{"uv":[16.0,0.0,15.0,9.0],"texture":"#0","cullface":"north"},"south":{"uv":[15.0,0.0,16.0,9.0],"texture":"#0","cullface":"north"},"west":{"uv":[16.0,0.0,15.0,9.0],"texture":"#0","cullface":"north"},"up":{"uv":[14.0,1.5,15.0,2.5],"texture":"#0","cullface":"north","rotation":270},"down":{"uv":[13.0,1.5,14.0,2.5],"texture":"#0","cullface":"north","rotation":90}}},{"from":[15.0,0.0,15.0],"to":[17.0,18.0,17.0],"rotation":{"origin":[16.0,16.0,16.0],"axis":"y","angle":0.0},"faces":{"north":{"uv":[15.0,0.0,16.0,9.0],"texture":"#0","cullface":"east"},"east":{"uv":[16.0,0.0,15.0,9.0],"texture":"#0","cullface":"east"},"south":{"uv":[15.0,0.0,16.0,9.0],"texture":"#0","cullface":"east"},"west":{"uv":[16.0,0.0,15.0,9.0],"texture":"#0","cullface":"east"},"up":{"uv":[14.0,1.5,15.0,2.5],"texture":"#0","cullface":"east","rotation":90},"down":{"uv":[13.0,1.5,14.0,2.5],"texture":"#0","cullface":"east","rotation":270}}},{"from":[15.0,0.0,15.0],"to":[17.0,18.0,17.0],"rotation":{"origin":[16.0,16.0,16.0],"axis":"y","angle":0.0},"faces":{"north":{"uv":[15.0,0.0,16.0,9.0],"texture":"#0","cullface":"south"},"east":{"uv":[16.0,0.0,15.0,9.0],"texture":"#0","cullface":"south"},"south":{"uv":[15.0,0.0,16.0,9.0],"texture":"#0","cullface":"south"},"west":{"uv":[16.0,0.0,15.0,9.0],"texture":"#0","cullface":"south"},"up":{"uv":[14.0,1.5,15.0,2.5],"texture":"#0","cullface":"south","rotation":90},"down":{"uv":[13.0,1.5,14.0,2.5],"texture":"#0","cullface":"south","rotation":270}}}],"ambientocclusion":false,"textures":{"particle":"block/oak_planks","0":"addcrop:3e1d568d-b6aa-49a1-8113-5bee22154fb2","1":"block/farmland_moist"}}