{"display":{"head":{"translation":[0.0,-30.5,0.0],"scale":[1.6,1.6,1.6]},"fixed":{"rotation":[-90.0,0.0,0.0],"translation":[0.0,0.0,-16.0],"scale":[2.0,2.0,2.0]}},"elements":[{"from":[10.0,0.0,0.0],"to":[10.0,16.0,16.0],"rotation":{"origin":[10.0,0.0,8.0],"axis":"z","angle":-45.0},"shade":false,"faces":{"east":{"uv":[8.0,16.0,16.0,8.0],"texture":"#1","rotation":180},"west":{"uv":[8.0,16.0,16.0,8.0],"texture":"#1","rotation":180}}},{"from":[6.0,0.0,0.0],"to":[6.0,16.0,16.0],"rotation":{"origin":[6.0,0.0,8.0],"axis":"z","angle":45.0},"shade":false,"faces":{"east":{"uv":[8.0,16.0,16.0,8.0],"texture":"#1","rotation":180},"west":{"uv":[8.0,16.0,16.0,8.0],"texture":"#1","rotation":180}}},{"from":[0.0,0.0,10.0],"to":[16.0,16.0,10.0],"rotation":{"origin":[8.0,0.0,10.0],"axis":"x","angle":45.0},"shade":false,"faces":{"north":{"uv":[8.0,16.0,16.0,8.0],"texture":"#1","rotation":180},"south":{"uv":[8.0,16.0,16.0,8.0],"texture":"#1","rotation":180}}},{"from":[0.0,0.0,6.0],"to":[16.0,16.0,6.0],"rotation":{"origin":[8.0,0.0,6.0],"axis":"x","angle":-45.0},"shade":false,"faces":{"north":{"uv":[8.0,16.0,16.0,8.0],"texture":"#1","rotation":180},"south":{"uv":[8.0,16.0,16.0,8.0],"texture":"#1","rotation":180}}},{"from":[0.0,0.0,8.0],"to":[16.0,16.0,8.0],"rotation":{"origin":[8.0,8.0,8.0],"axis":"y","angle":-45.0},"shade":false,"faces":{"north":{"uv":[0.0,16.0,8.0,8.0],"texture":"#1","rotation":180},"south":{"uv":[0.0,16.0,8.0,8.0],"texture":"#1","rotation":180}}},{"from":[0.0,0.0,8.0],"to":[16.0,16.0,8.0],"rotation":{"origin":[8.0,8.0,8.0],"axis":"y","angle":45.0},"shade":false,"faces":{"north":{"uv":[0.0,16.0,8.0,8.0],"texture":"#1","rotation":180},"south":{"uv":[0.0,16.0,8.0,8.0],"texture":"#1","rotation":180}}},{"from":[0.0,0.0,8.0],"to":[16.0,16.0,8.0],"rotation":{"origin":[8.0,8.0,8.0],"axis":"y","angle":0.0},"shade":false,"faces":{"north":{"uv":[0.0,8.0,8.0,0.0],"texture":"#1","rotation":180},"south":{"uv":[0.0,8.0,8.0,0.0],"texture":"#1","rotation":180}}},{"from":[8.0,0.0,0.0],"to":[8.0,16.0,16.0],"rotation":{"origin":[8.0,8.0,8.0],"axis":"y","angle":0.0},"shade":false,"faces":{"east":{"uv":[0.0,8.0,8.0,0.0],"texture":"#1","rotation":180},"west":{"uv":[0.0,8.0,8.0,0.0],"texture":"#1","rotation":180}}},{"from":[0.0,0.0,8.0],"to":[8.0,0.0,16.0],"rotation":{"origin":[8.0,0.0,8.0],"axis":"z","angle":-22.5},"shade":false,"faces":{"up":{"uv":[16.0,8.0,12.0,4.0],"texture":"#1","rotation":90},"down":{"uv":[12.0,8.0,16.0,4.0],"texture":"#1","rotation":90}}},{"from":[8.0,0.0,8.0],"to":[16.0,0.0,16.0],"rotation":{"origin":[8.0,0.0,8.0],"axis":"x","angle":-22.5},"shade":false,"faces":{"up":{"uv":[12.0,8.0,8.0,4.0],"texture":"#1"},"down":{"uv":[8.0,8.0,12.0,4.0],"texture":"#1","rotation":180}}},{"from":[0.0,0.0,0.0],"to":[8.0,0.0,8.0],"rotation":{"origin":[8.0,0.0,8.0],"axis":"x","angle":22.5},"shade":false,"faces":{"up":{"uv":[12.0,8.0,8.0,4.0],"texture":"#1","rotation":180},"down":{"uv":[8.0,8.0,12.0,4.0],"texture":"#1"}}},{"from":[8.0,0.0,0.0],"to":[16.0,0.0,8.0],"rotation":{"origin":[8.0,0.0,8.0],"axis":"z","angle":22.5},"shade":false,"faces":{"up":{"uv":[16.0,8.0,12.0,4.0],"texture":"#1","rotation":270},"down":{"uv":[12.0,8.0,16.0,4.0],"texture":"#1","rotation":270}}}],"ambientocclusion":false,"textures":{"particle":"addcrop:54b9cfc9-5e1b-48e7-b2e4-605aca4ae9ee","1":"addcrop:5c54b7ec-6b3e-482e-bb89-8f5daf88b50f"}}