{"display":{"head":{"translation":[0.0,-30.5,0.0],"scale":[1.6,1.6,1.6]},"fixed":{"rotation":[-90.0,0.0,0.0],"translation":[0.0,0.0,-16.0],"scale":[2.0,2.0,2.0]}},"elements":[{"from":[8.0,6.0,0.0],"to":[8.0,22.0,16.0],"rotation":{"origin":[8.0,6.0,8.0],"axis":"y","angle":0.0},"shade":false,"faces":{"east":{"uv":[0.0,8.0,8.0,16.0],"texture":"#1"},"west":{"uv":[0.0,8.0,8.0,16.0],"texture":"#1"}}},{"from":[8.0,6.0,0.0],"to":[8.0,22.0,16.0],"rotation":{"origin":[8.0,6.0,8.0],"axis":"y","angle":45.0},"shade":false,"faces":{"east":{"uv":[0.0,0.0,8.0,8.0],"texture":"#1"},"west":{"uv":[0.0,0.0,8.0,8.0],"texture":"#1"}}},{"from":[0.0,6.0,8.0],"to":[16.0,22.0,8.0],"rotation":{"origin":[8.0,6.0,8.0],"axis":"y","angle":0.0},"shade":false,"faces":{"north":{"uv":[0.0,8.0,8.0,16.0],"texture":"#1"},"south":{"uv":[0.0,8.0,8.0,16.0],"texture":"#1"}}},{"from":[8.0,6.0,0.0],"to":[8.0,22.0,16.0],"rotation":{"origin":[8.0,6.0,8.0],"axis":"y","angle":-45.0},"shade":false,"faces":{"east":{"uv":[0.0,0.0,8.0,8.0],"texture":"#1"},"west":{"uv":[0.0,0.0,8.0,8.0],"texture":"#1"}}},{"from":[4.5,0.0,4.5],"to":[11.5,6.0,11.5],"rotation":{"origin":[8.0,3.0,8.0],"axis":"y","angle":0.0},"shade":false,"faces":{"north":{"uv":[11.5,0.0,15.0,3.0],"texture":"#1"},"east":{"uv":[11.5,0.0,15.0,3.0],"texture":"#1"},"south":{"uv":[11.5,0.0,15.0,3.0],"texture":"#1"},"west":{"uv":[11.5,0.0,15.0,3.0],"texture":"#1"},"up":{"uv":[8.0,0.0,11.5,3.5],"texture":"#1"},"down":{"uv":[8.0,0.0,11.5,3.5],"texture":"#1"}}}],"ambientocclusion":false,"textures":{"particle":"addcrop:3ef20133-c860-426c-a148-140e2ae27bd9","1":"addcrop:436de202-e7fb-463a-ab42-4fbc4def77c0"}}