{"display":{"head":{"translation":[0.0,-30.5,0.0],"scale":[1.6,1.6,1.6]},"fixed":{"rotation":[-90.0,0.0,0.0],"translation":[0.0,0.0,-16.0],"scale":[2.0,2.0,2.0]}},"elements":[{"from":[5.0,0.0,7.0],"to":[5.0,8.0,15.0],"rotation":{"origin":[5.0,4.0,11.0],"axis":"y","angle":22.5},"shade":false,"faces":{"east":{"uv":[1.5,0.0,2.0,0.5],"texture":"#0"},"west":{"uv":[1.5,0.0,2.0,0.5],"texture":"#0"}}},{"from":[7.0,0.0,5.0],"to":[15.0,8.0,5.0],"rotation":{"origin":[11.0,4.0,5.0],"axis":"y","angle":-22.5},"shade":false,"faces":{"north":{"uv":[0.5,0.0,1.0,0.5],"texture":"#0"},"south":{"uv":[0.5,0.0,1.0,0.5],"texture":"#0"}}},{"from":[11.0,0.0,1.0],"to":[11.0,8.0,9.0],"rotation":{"origin":[11.0,4.0,5.0],"axis":"y","angle":-22.5},"shade":false,"faces":{"east":{"uv":[1.0,0.0,1.5,0.5],"texture":"#0"},"west":{"uv":[1.0,0.0,1.5,0.5],"texture":"#0"}}},{"from":[5.0,0.0,1.0],"to":[5.0,8.0,9.0],"rotation":{"origin":[5.0,4.0,5.0],"axis":"y","angle":-45.0},"shade":false,"faces":{"east":{"uv":[0.5,0.0,1.0,0.5],"texture":"#0"},"west":{"uv":[0.5,0.0,1.0,0.5],"texture":"#0"}}},{"from":[1.0,0.0,5.0],"to":[9.0,8.0,5.0],"rotation":{"origin":[5.0,4.0,5.0],"axis":"y","angle":-45.0},"shade":false,"faces":{"north":{"uv":[0.0,0.0,0.5,0.5],"texture":"#0"},"south":{"uv":[0.0,0.0,0.5,0.5],"texture":"#0"}}},{"from":[7.0,0.0,11.0],"to":[15.0,8.0,11.0],"rotation":{"origin":[11.0,4.0,11.0],"axis":"y","angle":-22.5},"shade":false,"faces":{"north":{"uv":[1.0,0.0,1.5,0.5],"texture":"#0"},"south":{"uv":[1.0,0.0,1.5,0.5],"texture":"#0"}}},{"from":[11.0,0.0,7.0],"to":[11.0,8.0,15.0],"rotation":{"origin":[11.0,4.0,11.0],"axis":"y","angle":-22.5},"shade":false,"faces":{"east":{"uv":[0.0,0.0,0.5,0.5],"texture":"#0"},"west":{"uv":[0.0,0.0,0.5,0.5],"texture":"#0"}}},{"from":[1.0,0.0,11.0],"to":[9.0,8.0,11.0],"rotation":{"origin":[5.0,4.0,11.0],"axis":"y","angle":22.5},"shade":false,"faces":{"north":{"uv":[0.5,0.0,1.0,0.5],"texture":"#0"},"south":{"uv":[0.5,0.0,1.0,0.5],"texture":"#0"}}}],"ambientocclusion":false,"textures":{"particle":"addcrop:3ef20133-c860-426c-a148-140e2ae27bd9","0":"addcrop:531f9f7a-d965-40ee-80e7-5c48c5a1d4fc"}}