{"display":{"fixed":{"rotation":[-90.0,0.0,0.0],"translation":[0.0,0.0,-16.0],"scale":[2.0,2.0,2.0]}},"elements":[{"from":[8.0,0.0,0.0],"to":[8.0,32.0,16.0],"rotation":{"origin":[8.0,8.0,8.0],"axis":"y","angle":0.0},"shade":false,"faces":{"east":{"uv":[0.0,0.0,8.0,16.0],"texture":"#2"},"west":{"uv":[0.0,0.0,8.0,16.0],"texture":"#2"}}},{"from":[0.0,0.0,8.0],"to":[16.0,32.0,8.0],"rotation":{"origin":[8.0,8.0,8.0],"axis":"y","angle":0.0},"shade":false,"faces":{"north":{"uv":[0.0,0.0,8.0,16.0],"texture":"#2"},"south":{"uv":[0.0,0.0,8.0,16.0],"texture":"#2"}}},{"from":[5.0,0.0,5.0],"to":[11.0,2.0,11.0],"rotation":{"origin":[7.0,0.0,7.0],"axis":"y","angle":0.0},"shade":false,"faces":{"north":{"uv":[11.0,2.0,14.0,3.0],"texture":"#2"},"east":{"uv":[11.0,2.0,14.0,3.0],"texture":"#2"},"south":{"uv":[11.0,2.0,14.0,3.0],"texture":"#2"},"west":{"uv":[11.0,2.0,14.0,3.0],"texture":"#2"},"up":{"uv":[8.0,2.0,11.0,5.0],"texture":"#2"},"down":{"uv":[8.0,2.0,11.0,5.0],"texture":"#2"}}},{"from":[6.0,2.0,6.0],"to":[10.0,3.0,10.0],"rotation":{"origin":[7.0,1.0,7.0],"axis":"y","angle":0.0},"shade":false,"faces":{"north":{"uv":[10.0,1.0,12.0,1.5],"texture":"#2"},"east":{"uv":[10.0,1.0,12.0,1.5],"texture":"#2"},"south":{"uv":[10.0,1.0,12.0,1.5],"texture":"#2"},"west":{"uv":[10.0,1.0,12.0,1.5],"texture":"#2"},"up":{"uv":[8.0,0.0,10.0,2.0],"texture":"#2"},"down":{"uv":[8.0,0.0,10.0,2.0],"texture":"#2"}}},{"from":[2.0,-1.5,5.0],"to":[4.0,0.5,7.0],"rotation":{"origin":[2.0,-1.5,5.0],"axis":"x","angle":-22.5},"shade":false,"faces":{"north":{"uv":[10.0,5.5,9.0,6.5],"texture":"#2"},"east":{"uv":[10.0,5.5,9.0,6.5],"texture":"#2"},"south":{"uv":[10.0,5.5,9.0,6.5],"texture":"#2"},"west":{"uv":[10.0,5.5,9.0,6.5],"texture":"#2"},"up":{"uv":[8.0,5.5,9.0,6.5],"texture":"#2"},"down":{"uv":[8.0,6.5,9.0,7.5],"texture":"#2"}}},{"from":[4.0,-0.5,12.0],"to":[6.0,1.5,14.0],"rotation":{"origin":[4.0,-0.5,12.0],"axis":"z","angle":-22.5},"shade":false,"faces":{"north":{"uv":[10.0,5.5,9.0,6.5],"texture":"#2"},"east":{"uv":[10.0,5.5,9.0,6.5],"texture":"#2"},"south":{"uv":[10.0,5.5,9.0,6.5],"texture":"#2"},"west":{"uv":[10.0,5.5,9.0,6.5],"texture":"#2"},"up":{"uv":[8.0,5.5,9.0,6.5],"texture":"#2"},"down":{"uv":[8.0,6.5,9.0,7.5],"texture":"#2"}}},{"from":[12.0,-0.5,4.0],"to":[14.0,1.5,6.0],"rotation":{"origin":[12.0,-0.5,4.0],"axis":"x","angle":22.5},"shade":false,"faces":{"north":{"uv":[10.0,5.5,9.0,6.5],"texture":"#2"},"east":{"uv":[10.0,5.5,9.0,6.5],"texture":"#2"},"south":{"uv":[10.0,5.5,9.0,6.5],"texture":"#2"},"west":{"uv":[10.0,5.5,9.0,6.5],"texture":"#2"},"up":{"uv":[8.0,5.5,9.0,6.5],"texture":"#2"},"down":{"uv":[8.0,6.5,9.0,7.5],"texture":"#2"}}}],"ambientocclusion":false,"textures":{"particle":"addcrop:50b92e13-8bfd-4e80-a74e-88bb40f862d6","2":"addcrop:3a27f620-4dc1-4bf9-874e-7e835d9f5ace"}}