{"display":{"head":{"translation":[0.0,-30.5,0.0],"scale":[1.6,1.6,1.6]},"fixed":{"rotation":[-90.0,0.0,0.0],"translation":[0.0,0.0,-16.0],"scale":[2.0,2.0,2.0]}},"elements":[{"from":[4.0,-0.5,12.0],"to":[5.0,1.5,13.0],"rotation":{"origin":[4.0,-0.5,12.0],"axis":"x","angle":-22.5},"shade":false,"faces":{"north":{"uv":[0.1875,0.0,0.25,0.125],"texture":"#0"},"east":{"uv":[0.1875,0.0,0.25,0.125],"texture":"#0"},"south":{"uv":[0.1875,0.0,0.25,0.125],"texture":"#0"},"west":{"uv":[0.1875,0.0,0.25,0.125],"texture":"#0"},"up":{"uv":[0.1875,0.0,0.25,0.0625],"texture":"#0"},"down":{"uv":[0.1875,0.0625,0.25,0.125],"texture":"#0"}}},{"from":[7.0,-0.5,8.0],"to":[8.0,1.5,9.0],"rotation":{"origin":[7.0,-0.5,8.0],"axis":"z","angle":22.5},"shade":false,"faces":{"north":{"uv":[0.125,0.0,0.1875,0.125],"texture":"#0"},"east":{"uv":[0.125,0.0,0.1875,0.125],"texture":"#0"},"south":{"uv":[0.125,0.0,0.1875,0.125],"texture":"#0"},"west":{"uv":[0.125,0.0,0.1875,0.125],"texture":"#0"},"up":{"uv":[0.0,0.0,0.0625,0.0625],"texture":"#0"},"down":{"uv":[0.125,0.0625,0.1875,0.125],"texture":"#0"}}},{"from":[7.0,-0.5,3.0],"to":[8.0,1.5,4.0],"rotation":{"origin":[7.0,-0.5,3.0],"axis":"z","angle":-22.5},"shade":false,"faces":{"north":{"uv":[0.25,0.0,0.3125,0.125],"texture":"#0"},"east":{"uv":[0.25,0.0,0.3125,0.125],"texture":"#0"},"south":{"uv":[0.25,0.0,0.3125,0.125],"texture":"#0"},"west":{"uv":[0.25,0.0,0.3125,0.125],"texture":"#0"},"up":{"uv":[0.0,0.125,0.0625,0.1875],"texture":"#0"},"down":{"uv":[0.25,0.0625,0.3125,0.125],"texture":"#0"}}},{"from":[11.0,-0.5,5.0],"to":[12.0,1.5,6.0],"rotation":{"origin":[11.0,-0.5,5.0],"axis":"x","angle":22.5},"shade":false,"faces":{"north":{"uv":[0.1875,0.0,0.25,0.125],"texture":"#0"},"east":{"uv":[0.1875,0.0,0.25,0.125],"texture":"#0"},"south":{"uv":[0.1875,0.0,0.25,0.125],"texture":"#0"},"west":{"uv":[0.1875,0.0,0.25,0.125],"texture":"#0"},"up":{"uv":[0.1875,0.0,0.25,0.0625],"texture":"#0"},"down":{"uv":[0.1875,0.0625,0.25,0.125],"texture":"#0"}}},{"from":[11.0,-0.5,10.0],"to":[13.0,1.5,12.0],"rotation":{"origin":[12.0,-0.5,11.0],"axis":"z","angle":22.5},"shade":false,"faces":{"north":{"uv":[0.0,0.0,0.125,0.125],"texture":"#0"},"east":{"uv":[0.125,0.0,0.0,0.125],"texture":"#0"},"south":{"uv":[0.25,0.125,0.125,0.25],"texture":"#0"},"west":{"uv":[0.125,0.125,0.25,0.25],"texture":"#0"},"up":{"uv":[0.125,0.0,0.0,0.125],"texture":"#0"},"down":{"uv":[0.1875,0.1875,0.25,0.25],"texture":"#0"}}},{"from":[3.0,-0.5,5.0],"to":[5.0,1.5,7.0],"rotation":{"origin":[4.0,-0.5,6.0],"axis":"x","angle":-22.5},"shade":false,"faces":{"north":{"uv":[0.25,0.125,0.375,0.25],"texture":"#0"},"east":{"uv":[0.0,0.125,0.125,0.25],"texture":"#0"},"south":{"uv":[0.125,0.125,0.0,0.25],"texture":"#0"},"west":{"uv":[0.375,0.125,0.25,0.25],"texture":"#0"},"up":{"uv":[0.125,0.25,0.0,0.125],"texture":"#0"},"down":{"uv":[0.3125,0.1875,0.375,0.25],"texture":"#0"}}}],"ambientocclusion":false,"textures":{"particle":"addcrop:b0c8e769-e7be-4077-af50-d638066d826a","0":"addcrop:513b4b1a-ec5e-428b-bab6-5a749ed077b9"}}