{"display":{"head":{"translation":[0.0,-30.5,0.0],"scale":[1.6,1.6,1.6]},"fixed":{"rotation":[-90.0,0.0,0.0],"translation":[0.0,0.0,-16.0],"scale":[2.0,2.0,2.0]}},"elements":[{"from":[5.5,0.0,4.0],"to":[8.5,3.0,7.0],"rotation":{"origin":[5.5,0.0,4.0],"axis":"x","angle":22.5},"shade":false,"faces":{"north":{"uv":[0.1875,0.0,0.375,0.1875],"texture":"#0"},"east":{"uv":[0.1875,0.0,0.375,0.1875],"texture":"#0"},"south":{"uv":[0.1875,0.0,0.375,0.1875],"texture":"#0"},"west":{"uv":[0.1875,0.0,0.375,0.1875],"texture":"#0"},"up":{"uv":[0.0,0.0,0.1875,0.1875],"texture":"#0"},"down":{"uv":[0.0,0.1875,0.1875,0.375],"texture":"#0"}}},{"from":[4.5,0.0,9.0],"to":[6.5,2.0,11.0],"rotation":{"origin":[4.5,0.0,9.0],"axis":"z","angle":-22.5},"shade":false,"faces":{"north":{"uv":[0.25,0.375,0.125,0.5],"texture":"#0"},"east":{"uv":[0.125,0.375,0.25,0.5],"texture":"#0"},"south":{"uv":[0.125,0.375,0.25,0.5],"texture":"#0"},"west":{"uv":[0.25,0.375,0.125,0.5],"texture":"#0"},"up":{"uv":[0.0,0.375,0.125,0.5],"texture":"#0"},"down":{"uv":[0.0,0.5,0.125,0.625],"texture":"#0"}}},{"from":[9.5,-1.0,8.0],"to":[11.5,1.0,10.0],"rotation":{"origin":[9.5,-1.0,8.0],"axis":"x","angle":-22.5},"shade":false,"faces":{"north":{"uv":[0.125,0.375,0.25,0.5],"texture":"#0"},"east":{"uv":[0.25,0.375,0.125,0.5],"texture":"#0"},"south":{"uv":[0.25,0.375,0.125,0.5],"texture":"#0"},"west":{"uv":[0.125,0.375,0.25,0.5],"texture":"#0"},"up":{"uv":[0.125,0.5,0.0,0.375],"texture":"#0"},"down":{"uv":[0.0,0.5,0.125,0.625],"texture":"#0"}}}],"ambientocclusion":false,"textures":{"particle":"addcrop:3ef20133-c860-426c-a148-140e2ae27bd9","0":"addcrop:ff42524c-8b00-4bf7-b36d-5ff714bd8149"}}