{"display":{"thirdperson_righthand":{"translation":[0.0,3.0,1.0],"scale":[0.55,0.55,0.55]},"thirdperson_lefthand":{"translation":[0.0,3.0,1.0],"scale":[0.55,0.55,0.55]},"firstperson_righthand":{"rotation":[0.0,90.0,-25.0],"translation":[1.13,3.2,1.13],"scale":[0.68,0.68,0.68]},"firstperson_lefthand":{"rotation":[0.0,90.0,-25.0],"translation":[1.13,3.2,1.13],"scale":[0.68,0.68,0.68]},"ground":{"translation":[0.0,2.0,0.0],"scale":[0.5,0.5,0.5]},"gui":{"rotation":[0.0,180.0,0.0]},"head":{"rotation":[0.0,180.0,0.0],"translation":[0.0,13.0,7.0]}},"elements":[{"from":[-1.0,-1.0,8.0],"to":[17.0,17.0,8.0],"rotation":{"origin":[0.0,0.0,8.0],"axis":"y","angle":0.0},"shade":false,"faces":{"north":{"uv":[0.0,0.0,16.0,16.0],"texture":"#2"}}},{"from":[-1.0,-1.0,9.0],"to":[17.0,17.0,9.0],"rotation":{"origin":[0.0,0.0,9.0],"axis":"y","angle":0.0},"shade":false,"faces":{"south":{"uv":[16.0,0.0,0.0,16.0],"texture":"#2"}}},{"from":[8.0,-1.0,8.0],"to":[12.0,1.0,9.0],"rotation":{"origin":[11.0,0.0,8.0],"axis":"y","angle":0.0},"shade":false,"faces":{"east":{"uv":[6.22222,0.0,7.11111,0.88889],"texture":"#2"},"west":{"uv":[6.22222,0.0,7.11111,0.88889],"texture":"#2"},"up":{"uv":[6.22222,0.0,7.11111,0.88889],"texture":"#2"},"down":{"uv":[6.22222,0.0,7.11111,0.88889],"texture":"#2"}}},{"from":[6.0,1.0,8.0],"to":[15.0,3.0,9.0],"rotation":{"origin":[11.0,2.0,8.0],"axis":"y","angle":0.0},"shade":false,"faces":{"east":{"uv":[6.22222,0.0,7.11111,0.88889],"texture":"#2"},"west":{"uv":[6.22222,0.0,7.11111,0.88889],"texture":"#2"},"up":{"uv":[6.22222,0.0,7.11111,0.88889],"texture":"#2"},"down":{"uv":[6.22222,0.0,7.11111,0.88889],"texture":"#2"}}},{"from":[3.0,3.0,8.0],"to":[16.0,5.0,9.0],"rotation":{"origin":[11.0,4.0,8.0],"axis":"y","angle":0.0},"shade":false,"faces":{"east":{"uv":[6.22222,0.0,7.11111,0.88889],"texture":"#2"},"west":{"uv":[6.22222,0.0,7.11111,0.88889],"texture":"#2"},"up":{"uv":[6.22222,0.0,7.11111,0.88889],"texture":"#2"},"down":{"uv":[6.22222,0.0,7.11111,0.88889],"texture":"#2"}}},{"from":[0.0,5.0,8.0],"to":[17.0,7.0,9.0],"rotation":{"origin":[11.0,6.0,8.0],"axis":"y","angle":0.0},"shade":false,"faces":{"east":{"uv":[6.22222,0.0,7.11111,0.88889],"texture":"#2"},"west":{"uv":[6.22222,0.0,7.11111,0.88889],"texture":"#2"},"up":{"uv":[6.22222,0.0,7.11111,0.88889],"texture":"#2"},"down":{"uv":[6.22222,0.0,7.11111,0.88889],"texture":"#2"}}},{"from":[-1.0,7.0,8.0],"to":[16.0,9.0,9.0],"rotation":{"origin":[11.0,8.0,8.0],"axis":"y","angle":0.0},"shade":false,"faces":{"east":{"uv":[6.22222,0.0,7.11111,0.88889],"texture":"#2"},"west":{"uv":[6.22222,0.0,7.11111,0.88889],"texture":"#2"},"up":{"uv":[6.22222,0.0,7.11111,0.88889],"texture":"#2"},"down":{"uv":[6.22222,0.0,7.11111,0.88889],"texture":"#2"}}},{"from":[0.0,9.0,8.0],"to":[14.0,11.0,9.0],"rotation":{"origin":[11.0,10.0,8.0],"axis":"y","angle":0.0},"shade":false,"faces":{"east":{"uv":[6.22222,0.0,7.11111,0.88889],"texture":"#2"},"west":{"uv":[6.22222,0.0,7.11111,0.88889],"texture":"#2"},"up":{"uv":[6.22222,0.0,7.11111,0.88889],"texture":"#2"},"down":{"uv":[6.22222,0.0,7.11111,0.88889],"texture":"#2"}}},{"from":[-1.0,11.0,8.0],"to":[13.0,13.0,9.0],"rotation":{"origin":[11.0,12.0,8.0],"axis":"y","angle":0.0},"shade":false,"faces":{"east":{"uv":[6.22222,0.0,7.11111,0.88889],"texture":"#2"},"west":{"uv":[6.22222,0.0,7.11111,0.88889],"texture":"#2"},"up":{"uv":[6.22222,0.0,7.11111,0.88889],"texture":"#2"},"down":{"uv":[6.22222,0.0,7.11111,0.88889],"texture":"#2"}}},{"from":[0.0,13.0,8.0],"to":[12.0,15.0,9.0],"rotation":{"origin":[11.0,14.0,8.0],"axis":"y","angle":0.0},"shade":false,"faces":{"east":{"uv":[6.22222,0.0,7.11111,0.88889],"texture":"#2"},"west":{"uv":[6.22222,0.0,7.11111,0.88889],"texture":"#2"},"up":{"uv":[6.22222,0.0,7.11111,0.88889],"texture":"#2"},"down":{"uv":[6.22222,0.0,7.11111,0.88889],"texture":"#2"}}},{"from":[7.0,15.0,8.0],"to":[10.0,17.0,9.0],"rotation":{"origin":[11.0,16.0,8.0],"axis":"y","angle":0.0},"shade":false,"faces":{"east":{"uv":[6.22222,0.0,7.11111,0.88889],"texture":"#2"},"west":{"uv":[6.22222,0.0,7.11111,0.88889],"texture":"#2"},"up":{"uv":[6.22222,0.0,7.11111,0.88889],"texture":"#2"},"down":{"uv":[6.22222,0.0,7.11111,0.88889],"texture":"#2"}}},{"from":[2.0,15.0,8.0],"to":[6.0,17.0,9.0],"rotation":{"origin":[7.0,16.0,8.0],"axis":"y","angle":0.0},"shade":false,"faces":{"east":{"uv":[6.22222,0.0,7.11111,0.88889],"texture":"#2"},"west":{"uv":[6.22222,0.0,7.11111,0.88889],"texture":"#2"},"up":{"uv":[6.22222,0.0,7.11111,0.88889],"texture":"#2"},"down":{"uv":[6.22222,0.0,7.11111,0.88889],"texture":"#2"}}},{"from":[1.0,15.0,8.0],"to":[2.0,16.0,9.0],"rotation":{"origin":[3.0,16.0,8.0],"axis":"y","angle":0.0},"shade":false,"faces":{"east":{"uv":[6.22222,0.0,7.11111,0.88889],"texture":"#2"},"west":{"uv":[6.22222,0.0,7.11111,0.88889],"texture":"#2"},"up":{"uv":[6.22222,0.0,7.11111,0.88889],"texture":"#2"},"down":{"uv":[6.22222,0.0,7.11111,0.88889],"texture":"#2"}}},{"from":[-1.0,13.0,8.0],"to":[0.0,14.0,9.0],"rotation":{"origin":[1.0,14.0,8.0],"axis":"y","angle":0.0},"shade":false,"faces":{"east":{"uv":[6.22222,0.0,7.11111,0.88889],"texture":"#2"},"west":{"uv":[6.22222,0.0,7.11111,0.88889],"texture":"#2"},"up":{"uv":[6.22222,0.0,7.11111,0.88889],"texture":"#2"},"down":{"uv":[6.22222,0.0,7.11111,0.88889],"texture":"#2"}}},{"from":[-1.0,10.0,8.0],"to":[0.0,11.0,9.0],"rotation":{"origin":[1.0,11.0,8.0],"axis":"y","angle":0.0},"shade":false,"faces":{"east":{"uv":[6.22222,0.0,7.11111,0.88889],"texture":"#2"},"west":{"uv":[6.22222,0.0,7.11111,0.88889],"texture":"#2"},"up":{"uv":[6.22222,0.0,7.11111,0.88889],"texture":"#2"},"down":{"uv":[6.22222,0.0,7.11111,0.88889],"texture":"#2"}}},{"from":[-1.0,6.0,8.0],"to":[0.0,7.0,9.0],"rotation":{"origin":[1.0,7.0,8.0],"axis":"y","angle":0.0},"shade":false,"faces":{"east":{"uv":[6.22222,0.0,7.11111,0.88889],"texture":"#2"},"west":{"uv":[6.22222,0.0,7.11111,0.88889],"texture":"#2"},"up":{"uv":[6.22222,0.0,7.11111,0.88889],"texture":"#2"},"down":{"uv":[6.22222,0.0,7.11111,0.88889],"texture":"#2"}}},{"from":[1.0,4.0,8.0],"to":[3.0,5.0,9.0],"rotation":{"origin":[4.0,5.0,8.0],"axis":"y","angle":0.0},"shade":false,"faces":{"east":{"uv":[6.22222,0.0,7.11111,0.88889],"texture":"#2"},"west":{"uv":[6.22222,0.0,7.11111,0.88889],"texture":"#2"},"up":{"uv":[6.22222,0.0,7.11111,0.88889],"texture":"#2"},"down":{"uv":[6.22222,0.0,7.11111,0.88889],"texture":"#2"}}},{"from":[5.0,2.0,8.0],"to":[6.0,3.0,9.0],"rotation":{"origin":[7.0,3.0,8.0],"axis":"y","angle":0.0},"shade":false,"faces":{"east":{"uv":[6.22222,0.0,7.11111,0.88889],"texture":"#2"},"west":{"uv":[6.22222,0.0,7.11111,0.88889],"texture":"#2"},"up":{"uv":[6.22222,0.0,7.11111,0.88889],"texture":"#2"},"down":{"uv":[6.22222,0.0,7.11111,0.88889],"texture":"#2"}}},{"from":[7.0,0.0,8.0],"to":[8.0,1.0,9.0],"rotation":{"origin":[9.0,1.0,8.0],"axis":"y","angle":0.0},"shade":false,"faces":{"east":{"uv":[6.22222,0.0,7.11111,0.88889],"texture":"#2"},"west":{"uv":[6.22222,0.0,7.11111,0.88889],"texture":"#2"},"up":{"uv":[6.22222,0.0,7.11111,0.88889],"texture":"#2"},"down":{"uv":[6.22222,0.0,7.11111,0.88889],"texture":"#2"}}},{"from":[12.0,0.0,8.0],"to":[14.0,1.0,9.0],"rotation":{"origin":[14.0,1.0,8.0],"axis":"y","angle":0.0},"shade":false,"faces":{"east":{"uv":[6.22222,0.0,7.11111,0.88889],"texture":"#2"},"west":{"uv":[6.22222,0.0,7.11111,0.88889],"texture":"#2"},"up":{"uv":[6.22222,0.0,7.11111,0.88889],"texture":"#2"},"down":{"uv":[6.22222,0.0,7.11111,0.88889],"texture":"#2"}}},{"from":[15.0,2.0,8.0],"to":[16.0,3.0,9.0],"rotation":{"origin":[17.0,3.0,8.0],"axis":"y","angle":0.0},"shade":false,"faces":{"east":{"uv":[6.22222,0.0,7.11111,0.88889],"texture":"#2"},"west":{"uv":[6.22222,0.0,7.11111,0.88889],"texture":"#2"},"up":{"uv":[6.22222,0.0,7.11111,0.88889],"texture":"#2"},"down":{"uv":[6.22222,0.0,7.11111,0.88889],"texture":"#2"}}},{"from":[16.0,4.0,8.0],"to":[17.0,5.0,9.0],"rotation":{"origin":[18.0,5.0,8.0],"axis":"y","angle":0.0},"shade":false,"faces":{"east":{"uv":[6.22222,0.0,7.11111,0.88889],"texture":"#2"},"west":{"uv":[6.22222,0.0,7.11111,0.88889],"texture":"#2"},"up":{"uv":[6.22222,0.0,7.11111,0.88889],"texture":"#2"},"down":{"uv":[6.22222,0.0,7.11111,0.88889],"texture":"#2"}}},{"from":[16.0,7.0,8.0],"to":[17.0,8.0,9.0],"rotation":{"origin":[18.0,8.0,8.0],"axis":"y","angle":0.0},"shade":false,"faces":{"east":{"uv":[6.22222,0.0,7.11111,0.88889],"texture":"#2"},"west":{"uv":[6.22222,0.0,7.11111,0.88889],"texture":"#2"},"up":{"uv":[6.22222,0.0,7.11111,0.88889],"texture":"#2"},"down":{"uv":[6.22222,0.0,7.11111,0.88889],"texture":"#2"}}},{"from":[14.0,9.0,8.0],"to":[15.0,10.0,9.0],"rotation":{"origin":[16.0,10.0,8.0],"axis":"y","angle":0.0},"shade":false,"faces":{"east":{"uv":[6.22222,0.0,7.11111,0.88889],"texture":"#2"},"west":{"uv":[6.22222,0.0,7.11111,0.88889],"texture":"#2"},"up":{"uv":[6.22222,0.0,7.11111,0.88889],"texture":"#2"},"down":{"uv":[6.22222,0.0,7.11111,0.88889],"texture":"#2"}}},{"from":[10.0,15.0,8.0],"to":[11.0,16.0,9.0],"rotation":{"origin":[12.0,16.0,8.0],"axis":"y","angle":0.0},"shade":false,"faces":{"east":{"uv":[6.22222,0.0,7.11111,0.88889],"texture":"#2"},"west":{"uv":[6.22222,0.0,7.11111,0.88889],"texture":"#2"},"up":{"uv":[6.22222,0.0,7.11111,0.88889],"texture":"#2"},"down":{"uv":[6.22222,0.0,7.11111,0.88889],"texture":"#2"}}},{"from":[6.0,15.0,8.0],"to":[7.0,16.0,9.0],"rotation":{"origin":[8.0,16.0,8.0],"axis":"y","angle":0.0},"shade":false,"faces":{"east":{"uv":[6.22222,0.0,7.11111,0.88889],"texture":"#2"},"west":{"uv":[6.22222,0.0,7.11111,0.88889],"texture":"#2"},"up":{"uv":[6.22222,0.0,7.11111,0.88889],"texture":"#2"},"down":{"uv":[6.22222,0.0,7.11111,0.88889],"texture":"#2"}}}],"ambientocclusion":false,"textures":{"2":"addcrop:81923976-5f82-42bc-9ede-d7d81eeb5140"},"gui_light":"front"}