{"display":{"thirdperson_righthand":{"translation":[0.0,3.0,1.0],"scale":[0.55,0.55,0.55]},"thirdperson_lefthand":{"translation":[0.0,3.0,1.0],"scale":[0.55,0.55,0.55]},"firstperson_righthand":{"rotation":[-16.0,160.0,-6.0],"translation":[2.5,3.5,0.0],"scale":[0.5,0.5,0.5]},"firstperson_lefthand":{"rotation":[-16.0,160.0,-6.0],"translation":[2.5,3.5,0.0],"scale":[0.5,0.5,0.5]},"ground":{"translation":[0.0,2.0,0.0],"scale":[0.5,0.5,0.5]},"gui":{"rotation":[0.0,180.0,0.0]},"head":{"rotation":[0.0,180.0,0.0],"translation":[0.0,13.0,7.0]}},"elements":[{"from":[0.0,0.0,8.0],"to":[16.0,16.0,8.0],"rotation":{"origin":[0.0,0.0,8.0],"axis":"y","angle":0.0},"shade":false,"faces":{"north":{"uv":[0.0,0.0,8.0,8.0],"texture":"#0"}}},{"from":[0.0,0.0,9.0],"to":[16.0,16.0,9.0],"rotation":{"origin":[0.0,0.0,9.0],"axis":"y","angle":0.0},"shade":false,"faces":{"south":{"uv":[8.0,0.0,0.0,8.0],"texture":"#0"}}},{"from":[7.0,14.0,8.0],"to":[11.0,15.0,9.0],"rotation":{"origin":[0.0,0.0,8.0],"axis":"y","angle":0.0},"shade":false,"faces":{"east":{"uv":[8.0,0.0,8.5,0.5],"texture":"#0"},"west":{"uv":[8.0,0.0,8.5,0.5],"texture":"#0"},"up":{"uv":[8.5,0.0,8.0,0.5],"texture":"#0"}}},{"from":[11.0,12.0,8.0],"to":[12.0,14.0,9.0],"rotation":{"origin":[4.0,0.0,8.0],"axis":"y","angle":0.0},"shade":false,"faces":{"east":{"uv":[8.0,0.5,8.5,1.5],"texture":"#0"},"up":{"uv":[8.0,0.0,8.5,0.5],"texture":"#0"},"down":{"uv":[8.5,0.0,9.0,0.5],"texture":"#0"}}},{"from":[2.0,11.0,8.0],"to":[3.0,13.0,9.0],"rotation":{"origin":[0.0,0.0,8.0],"axis":"y","angle":0.0},"shade":false,"faces":{"west":{"uv":[8.0,0.5,8.5,1.5],"texture":"#0"},"up":{"uv":[8.0,0.0,8.5,0.5],"texture":"#0"},"down":{"uv":[8.5,0.0,9.0,0.5],"texture":"#0"}}},{"from":[3.0,11.0,8.0],"to":[11.0,14.0,9.0],"rotation":{"origin":[0.0,0.0,8.0],"axis":"y","angle":0.0},"shade":false,"faces":{"east":{"uv":[8.5,0.0,9.0,0.5],"texture":"#0"},"west":{"uv":[8.0,0.0,8.5,0.5],"texture":"#0"},"up":{"uv":[8.0,0.0,8.5,0.5],"texture":"#0"},"down":{"uv":[8.5,0.0,9.0,0.5],"texture":"#0"}}},{"from":[3.0,10.0,8.0],"to":[10.0,11.0,9.0],"rotation":{"origin":[0.0,0.0,8.0],"axis":"y","angle":0.0},"shade":false,"faces":{"east":{"uv":[8.5,0.0,9.0,0.5],"texture":"#0"},"west":{"uv":[8.5,0.0,9.0,0.5],"texture":"#0"},"down":{"uv":[8.5,0.0,9.0,0.5],"texture":"#0"}}},{"from":[5.0,1.0,8.0],"to":[11.0,2.0,9.0],"rotation":{"origin":[0.0,0.0,8.0],"axis":"y","angle":0.0},"shade":false,"faces":{"east":{"uv":[8.5,0.0,9.0,0.5],"texture":"#0"},"west":{"uv":[8.5,0.0,9.0,0.5],"texture":"#0"},"down":{"uv":[8.5,0.0,9.0,0.5],"texture":"#0"}}},{"from":[3.0,2.0,8.0],"to":[12.0,9.0,9.0],"rotation":{"origin":[0.0,0.0,8.0],"axis":"y","angle":0.0},"shade":false,"faces":{"east":{"uv":[8.0,0.0,8.5,0.5],"texture":"#0"},"west":{"uv":[8.5,0.0,9.0,0.5],"texture":"#0"},"up":{"uv":[8.0,1.5,12.5,2.0],"texture":"#0"},"down":{"uv":[8.5,0.0,9.0,0.5],"texture":"#0"}}},{"from":[12.0,2.0,8.0],"to":[13.0,8.0,9.0],"rotation":{"origin":[0.0,0.0,8.0],"axis":"y","angle":0.0},"shade":false,"faces":{"east":{"uv":[8.5,0.0,9.0,0.5],"texture":"#0"},"up":{"uv":[8.5,0.0,9.0,0.5],"texture":"#0"},"down":{"uv":[8.5,0.0,9.0,0.5],"texture":"#0"}}},{"from":[13.0,3.0,8.0],"to":[14.0,6.0,9.0],"rotation":{"origin":[0.0,0.0,8.0],"axis":"y","angle":0.0},"shade":false,"faces":{"east":{"uv":[8.5,0.0,9.0,0.5],"texture":"#0"},"up":{"uv":[8.5,0.0,9.0,0.5],"texture":"#0"},"down":{"uv":[8.5,0.0,9.0,0.5],"texture":"#0"}}},{"from":[2.0,3.0,8.0],"to":[3.0,7.0,9.0],"rotation":{"origin":[0.0,0.0,8.0],"axis":"y","angle":0.0},"shade":false,"faces":{"west":{"uv":[8.5,0.0,9.0,0.5],"texture":"#0"},"up":{"uv":[8.5,0.0,9.0,0.5],"texture":"#0"},"down":{"uv":[8.5,0.0,9.0,0.5],"texture":"#0"}}},{"from":[4.0,9.0,8.0],"to":[11.0,10.0,9.0],"rotation":{"origin":[0.0,0.0,8.0],"axis":"y","angle":0.0},"shade":false,"faces":{"east":{"uv":[8.0,0.0,8.5,0.5],"texture":"#0"},"west":{"uv":[8.5,0.0,9.0,0.5],"texture":"#0"},"up":{"uv":[8.0,0.0,8.5,0.5],"texture":"#0"}}},{"from":[5.0,3.0,9.01],"to":[11.0,9.0,9.01],"shade":false,"faces":{"south":{"uv":[0.0,0.0,16.0,16.0],"texture":"#1"}}},{"from":[5.0,3.0,7.99],"to":[11.0,9.0,7.99],"shade":false,"faces":{"north":{"uv":[0.0,0.0,16.0,16.0],"texture":"#1"}}}],"ambientocclusion":false,"textures":{"particle":"addcrop:f61f0781-4e2a-4f08-8db5-d135c7046c9d","0":"addcrop:f61f0781-4e2a-4f08-8db5-d135c7046c9d","1":"addcrop:0bb3e849-5b27-4387-bf92-d4d3827d2b6e"},"gui_light":"front"}