{"display":{"fixed":{"rotation":[-90.0,0.0,0.0],"translation":[0.0,0.0,-16.0],"scale":[2.0,2.0,2.0]}},"elements":[{"from":[0.0,2.0,8.0],"to":[16.0,18.0,8.0],"rotation":{"origin":[8.0,2.0,8.0],"axis":"y","angle":0.0},"shade":false,"faces":{"north":{"uv":[0.0,0.0,8.0,8.0],"texture":"#1"},"south":{"uv":[0.0,0.0,8.0,8.0],"texture":"#1"}}},{"from":[8.0,2.0,0.0],"to":[8.0,18.0,16.0],"rotation":{"origin":[8.0,2.0,8.0],"axis":"y","angle":0.0},"shade":false,"faces":{"east":{"uv":[0.0,0.0,8.0,8.0],"texture":"#1"},"west":{"uv":[0.0,0.0,8.0,8.0],"texture":"#1"}}},{"from":[7.0,2.0,7.0],"to":[9.0,3.0,9.0],"rotation":{"origin":[7.0,1.0,7.0],"axis":"y","angle":0.0},"shade":false,"faces":{"north":{"uv":[11.0,2.5,10.0,3.0],"texture":"#1"},"east":{"uv":[10.0,2.5,11.0,3.0],"texture":"#1"},"south":{"uv":[11.0,2.5,10.0,3.0],"texture":"#1"},"west":{"uv":[10.0,2.5,11.0,3.0],"texture":"#1"},"up":{"uv":[10.0,1.5,11.0,2.5],"texture":"#1"},"down":{"uv":[11.0,1.5,12.0,2.5],"texture":"#1"}}},{"from":[6.5,0.0,5.5],"to":[9.5,2.0,9.5],"rotation":{"origin":[8.0,0.5,7.5],"axis":"y","angle":0.0},"shade":false,"faces":{"north":{"uv":[8.0,4.0,9.5,5.0],"texture":"#1"},"east":{"uv":[9.5,3.5,11.5,4.5],"texture":"#1"},"south":{"uv":[8.0,4.0,9.5,5.0],"texture":"#1"},"west":{"uv":[9.5,3.5,11.5,4.5],"texture":"#1"},"up":{"uv":[8.0,0.0,9.5,2.0],"texture":"#1"},"down":{"uv":[8.0,2.0,9.5,4.0],"texture":"#1"}}}],"ambientocclusion":false,"textures":{"particle":"addcrop:50b92e13-8bfd-4e80-a74e-88bb40f862d6","1":"addcrop:938f58e9-ad44-4516-b24e-c30f6f5fe329"}}