{"display":{"head":{"translation":[0.0,-30.5,0.0],"scale":[1.6,1.6,1.6]},"fixed":{"rotation":[-90.0,0.0,0.0],"translation":[0.0,0.0,-16.0],"scale":[2.0,2.0,2.0]}},"elements":[{"from":[8.0,0.0,0.0],"to":[8.0,32.0,16.0],"rotation":{"origin":[8.0,8.0,8.0],"axis":"y","angle":0.0},"shade":false,"faces":{"east":{"uv":[0.0,0.0,8.0,16.0],"texture":"#1"},"west":{"uv":[0.0,0.0,8.0,16.0],"texture":"#1"}}},{"from":[0.0,0.0,8.0],"to":[16.0,32.0,8.0],"rotation":{"origin":[8.0,8.0,8.0],"axis":"y","angle":0.0},"shade":false,"faces":{"north":{"uv":[0.0,0.0,8.0,16.0],"texture":"#1"},"south":{"uv":[0.0,0.0,8.0,16.0],"texture":"#1"}}},{"from":[8.5,9.0,8.0],"to":[11.5,12.0,11.0],"rotation":{"origin":[8.5,12.0,8.0],"axis":"x","angle":-22.5},"shade":false,"faces":{"north":{"uv":[11.0,0.0,9.5,1.5],"texture":"#1"},"east":{"uv":[8.0,0.0,9.5,1.5],"texture":"#1"},"south":{"uv":[9.5,0.0,8.0,1.5],"texture":"#1"},"west":{"uv":[9.5,0.0,11.0,1.5],"texture":"#1"},"up":{"uv":[9.5,1.5,8.0,3.0],"texture":"#1"},"down":{"uv":[11.0,1.5,9.5,3.0],"texture":"#1"}}},{"from":[10.0,12.0,8.5],"to":[10.0,14.0,10.5],"rotation":{"origin":[8.5,12.0,8.0],"axis":"x","angle":-22.5},"shade":false,"faces":{"east":{"uv":[8.0,3.0,9.5,4.5],"texture":"#1"},"west":{"uv":[9.5,3.0,8.0,4.5],"texture":"#1"}}},{"from":[8.75,8.0,8.25],"to":[11.25,9.0,10.75],"rotation":{"origin":[8.5,12.0,8.0],"axis":"x","angle":-22.5},"shade":false,"faces":{"north":{"uv":[11.0,1.0,9.5,1.5],"texture":"#1"},"east":{"uv":[9.5,1.0,8.0,1.5],"texture":"#1"},"south":{"uv":[9.5,1.0,8.0,1.5],"texture":"#1"},"west":{"uv":[11.0,1.0,9.5,1.5],"texture":"#1"},"up":{"uv":[11.0,0.0,9.5,1.5],"texture":"#1"},"down":{"uv":[11.0,1.5,9.5,3.0],"texture":"#1"}}},{"from":[5.0,17.0,8.5],"to":[8.0,20.0,11.5],"rotation":{"origin":[8.0,20.0,8.5],"axis":"z","angle":-22.5},"shade":false,"faces":{"north":{"uv":[9.5,0.0,11.0,1.5],"texture":"#1"},"east":{"uv":[11.0,0.0,9.5,1.5],"texture":"#1"},"south":{"uv":[8.0,0.0,9.5,1.5],"texture":"#1"},"west":{"uv":[9.5,0.0,8.0,1.5],"texture":"#1"},"up":{"uv":[8.0,1.5,9.5,3.0],"texture":"#1"},"down":{"uv":[9.5,1.5,11.0,3.0],"texture":"#1"}}},{"from":[5.5,20.0,10.0],"to":[7.5,22.0,10.0],"rotation":{"origin":[8.0,20.0,8.5],"axis":"z","angle":-22.5},"shade":false,"faces":{"north":{"uv":[9.5,3.0,8.0,4.5],"texture":"#1"},"south":{"uv":[8.0,3.0,9.5,4.5],"texture":"#1"}}},{"from":[5.25,16.0,8.75],"to":[7.75,17.0,11.25],"rotation":{"origin":[8.0,20.0,8.5],"axis":"z","angle":-22.5},"shade":false,"faces":{"north":{"uv":[11.0,1.0,9.5,1.5],"texture":"#1"},"east":{"uv":[11.0,1.0,9.5,1.5],"texture":"#1"},"south":{"uv":[9.5,1.0,8.0,1.5],"texture":"#1"},"west":{"uv":[9.5,1.0,8.0,1.5],"texture":"#1"},"up":{"uv":[9.5,1.5,8.0,3.0],"texture":"#1"},"down":{"uv":[9.5,1.5,11.0,3.0],"texture":"#1"}}},{"from":[5.0,7.0,4.5],"to":[8.0,10.0,7.5],"rotation":{"origin":[8.0,10.0,4.5],"axis":"z","angle":-22.5},"shade":false,"faces":{"north":{"uv":[9.5,0.0,8.0,1.5],"texture":"#1"},"east":{"uv":[11.0,0.0,9.5,1.5],"texture":"#1"},"south":{"uv":[11.0,0.0,9.5,1.5],"texture":"#1"},"west":{"uv":[8.0,0.0,9.5,1.5],"texture":"#1"},"up":{"uv":[8.0,3.0,9.5,1.5],"texture":"#1"},"down":{"uv":[11.0,1.5,9.5,3.0],"texture":"#1"}}},{"from":[5.5,10.0,6.0],"to":[7.5,12.0,6.0],"rotation":{"origin":[8.0,10.0,4.5],"axis":"z","angle":-22.5},"shade":false,"faces":{"north":{"uv":[9.5,3.0,8.0,4.5],"texture":"#1"},"south":{"uv":[8.0,3.0,9.5,4.5],"texture":"#1"}}},{"from":[5.25,6.0,4.75],"to":[7.75,7.0,7.25],"rotation":{"origin":[8.0,10.0,4.5],"axis":"z","angle":-22.5},"shade":false,"faces":{"north":{"uv":[9.5,1.0,8.0,1.5],"texture":"#1"},"east":{"uv":[11.0,1.0,9.5,1.5],"texture":"#1"},"south":{"uv":[11.0,1.0,9.5,1.5],"texture":"#1"},"west":{"uv":[9.5,1.0,8.0,1.5],"texture":"#1"},"up":{"uv":[9.5,1.5,8.0,3.0],"texture":"#1"},"down":{"uv":[9.5,3.0,11.0,1.5],"texture":"#1"}}},{"from":[8.25,13.0,4.75],"to":[10.75,14.0,7.25],"rotation":{"origin":[8.0,17.0,7.5],"axis":"z","angle":22.5},"shade":false,"faces":{"north":{"uv":[8.0,1.0,9.5,1.5],"texture":"#1"},"east":{"uv":[8.0,1.0,9.5,1.5],"texture":"#1"},"south":{"uv":[9.5,1.0,11.0,1.5],"texture":"#1"},"west":{"uv":[9.5,1.0,11.0,1.5],"texture":"#1"},"up":{"uv":[9.5,1.5,8.0,3.0],"texture":"#1","rotation":180},"down":{"uv":[9.5,3.0,11.0,1.5],"texture":"#1","rotation":180}}},{"from":[8.5,17.0,6.0],"to":[10.5,19.0,6.0],"rotation":{"origin":[8.0,17.0,7.5],"axis":"z","angle":22.5},"shade":false,"faces":{"north":{"uv":[8.0,3.0,9.5,4.5],"texture":"#1"},"south":{"uv":[9.5,3.0,8.0,4.5],"texture":"#1"}}},{"from":[8.0,14.0,4.5],"to":[11.0,17.0,7.5],"rotation":{"origin":[8.0,17.0,7.5],"axis":"z","angle":22.5},"shade":false,"faces":{"north":{"uv":[8.0,0.0,9.5,1.5],"texture":"#1"},"east":{"uv":[9.5,0.0,8.0,1.5],"texture":"#1"},"south":{"uv":[11.0,0.0,9.5,1.5],"texture":"#1"},"west":{"uv":[9.5,0.0,11.0,1.5],"texture":"#1"},"up":{"uv":[8.0,3.0,9.5,1.5],"texture":"#1","rotation":180},"down":{"uv":[11.0,1.5,9.5,3.0],"texture":"#1","rotation":180}}}],"ambientocclusion":false,"textures":{"particle":"addcrop:50b92e13-8bfd-4e80-a74e-88bb40f862d6","1":"addcrop:2cfe10d9-0216-49b3-b013-5f4c941d2ab6"}}