{"display":{"head":{"translation":[0.0,-30.5,0.0],"scale":[1.6,1.6,1.6]},"fixed":{"rotation":[-90.0,0.0,0.0],"translation":[0.0,0.0,-16.0],"scale":[2.0,2.0,2.0]}},"elements":[{"from":[-3.0,0.0,5.0],"to":[13.0,16.0,5.0],"rotation":{"origin":[5.0,8.0,5.0],"axis":"y","angle":0.0},"shade":false,"faces":{"north":{"uv":[2.0,1.0,3.0,2.0],"texture":"#0"},"south":{"uv":[3.0,1.0,2.0,2.0],"texture":"#0"}}},{"from":[5.0,0.0,-3.0],"to":[5.0,16.0,13.0],"rotation":{"origin":[5.0,8.0,5.0],"axis":"y","angle":0.0},"shade":false,"faces":{"east":{"uv":[2.0,1.0,3.0,2.0],"texture":"#0"},"west":{"uv":[3.0,1.0,2.0,2.0],"texture":"#0"}}},{"from":[3.0,0.0,7.0],"to":[19.0,16.0,7.0],"rotation":{"origin":[11.0,8.0,7.0],"axis":"y","angle":22.5},"shade":false,"faces":{"north":{"uv":[3.0,0.0,2.0,1.0],"texture":"#0"},"south":{"uv":[2.0,0.0,3.0,1.0],"texture":"#0"}}},{"from":[11.0,0.0,-1.0],"to":[11.0,16.0,15.0],"rotation":{"origin":[11.0,8.0,7.0],"axis":"y","angle":22.5},"shade":false,"faces":{"east":{"uv":[2.0,0.0,3.0,1.0],"texture":"#0"},"west":{"uv":[3.0,0.0,2.0,1.0],"texture":"#0"}}},{"from":[-1.0,0.0,11.0],"to":[15.0,16.0,11.0],"rotation":{"origin":[7.0,8.0,11.0],"axis":"y","angle":0.0},"shade":false,"faces":{"north":{"uv":[2.0,0.0,3.0,1.0],"texture":"#0"},"south":{"uv":[3.0,0.0,2.0,1.0],"texture":"#0"}}},{"from":[7.0,0.0,3.0],"to":[7.0,16.0,19.0],"rotation":{"origin":[7.0,8.0,11.0],"axis":"y","angle":0.0},"shade":false,"faces":{"east":{"uv":[3.0,0.0,2.0,1.0],"texture":"#0"},"west":{"uv":[2.0,0.0,3.0,1.0],"texture":"#0"}}}],"ambientocclusion":false,"textures":{"particle":"addcrop:50b92e13-8bfd-4e80-a74e-88bb40f862d6","0":"addcrop:e6200a7e-4207-4612-9425-fecebff89dc8"}}