{"display":{"head":{"translation":[0.0,-30.5,0.0],"scale":[1.6,1.6,1.6]},"fixed":{"rotation":[-90.0,0.0,0.0],"translation":[0.0,0.0,-16.0],"scale":[2.0,2.0,2.0]}},"elements":[{"from":[0.0,0.0,4.0],"to":[8.0,18.0,4.0],"rotation":{"origin":[4.0,4.0,4.0],"axis":"y","angle":-45.0},"shade":false,"faces":{"north":{"uv":[0.0,0.0,4.0,9.0],"texture":"#1"},"south":{"uv":[0.0,0.0,4.0,9.0],"texture":"#1"}}},{"from":[0.0,8.0,3.9],"to":[8.0,16.0,3.9],"rotation":{"origin":[4.0,8.0,3.9],"axis":"z","angle":22.5},"shade":false,"faces":{"north":{"uv":[4.0,9.0,0.0,13.0],"texture":"#1"},"south":{"uv":[0.0,9.0,4.0,13.0],"texture":"#1"}}},{"from":[4.0,0.0,0.0],"to":[4.0,18.0,8.0],"rotation":{"origin":[4.0,4.0,4.0],"axis":"y","angle":-45.0},"shade":false,"faces":{"east":{"uv":[4.0,0.0,8.0,9.0],"texture":"#1"},"west":{"uv":[4.0,0.0,8.0,9.0],"texture":"#1"}}},{"from":[4.0,7.0,0.0],"to":[4.0,15.0,8.0],"rotation":{"origin":[4.0,7.0,4.0],"axis":"x","angle":22.5},"shade":false,"faces":{"east":{"uv":[8.0,9.0,4.0,13.0],"texture":"#1"},"west":{"uv":[4.0,9.0,0.0,13.0],"texture":"#1"}}},{"from":[0.0,8.0,4.0],"to":[8.0,16.0,4.0],"rotation":{"origin":[4.0,8.0,4.0],"axis":"z","angle":-22.5},"shade":false,"faces":{"north":{"uv":[0.0,9.0,4.0,13.0],"texture":"#1"},"south":{"uv":[4.0,9.0,0.0,13.0],"texture":"#1"}}},{"from":[3.9,7.0,0.0],"to":[3.9,15.0,8.0],"rotation":{"origin":[3.9,7.0,4.0],"axis":"x","angle":-22.5},"shade":false,"faces":{"east":{"uv":[4.0,9.0,8.0,13.0],"texture":"#1"},"west":{"uv":[0.0,9.0,4.0,13.0],"texture":"#1"}}},{"from":[8.0,0.0,4.0],"to":[16.0,18.0,4.0],"rotation":{"origin":[12.0,4.0,4.0],"axis":"y","angle":-22.5},"shade":false,"faces":{"north":{"uv":[4.0,0.0,8.0,9.0],"texture":"#1"},"south":{"uv":[4.0,0.0,8.0,9.0],"texture":"#1"}}},{"from":[12.0,0.0,0.0],"to":[12.0,18.0,8.0],"rotation":{"origin":[12.0,4.0,4.0],"axis":"y","angle":-22.5},"shade":false,"faces":{"east":{"uv":[4.0,0.0,8.0,9.0],"texture":"#1"},"west":{"uv":[4.0,0.0,8.0,9.0],"texture":"#1"}}},{"from":[8.0,7.0,3.9],"to":[16.0,15.0,3.9],"rotation":{"origin":[12.0,7.0,3.9],"axis":"z","angle":22.5},"shade":false,"faces":{"north":{"uv":[4.0,9.0,8.0,13.0],"texture":"#1"},"south":{"uv":[8.0,9.0,4.0,13.0],"texture":"#1"}}},{"from":[8.0,7.0,4.0],"to":[16.0,15.0,4.0],"rotation":{"origin":[12.0,7.0,4.0],"axis":"z","angle":-22.5},"shade":false,"faces":{"north":{"uv":[8.0,9.0,4.0,13.0],"texture":"#1"},"south":{"uv":[4.0,9.0,8.0,13.0],"texture":"#1"}}},{"from":[12.1,8.0,0.0],"to":[12.1,16.0,8.0],"rotation":{"origin":[12.1,8.0,4.0],"axis":"x","angle":-22.5},"shade":false,"faces":{"east":{"uv":[4.0,9.0,0.0,13.0],"texture":"#1"},"west":{"uv":[8.0,9.0,4.0,13.0],"texture":"#1"}}},{"from":[12.0,8.0,0.0],"to":[12.0,16.0,8.0],"rotation":{"origin":[12.0,8.0,4.0],"axis":"x","angle":22.5},"shade":false,"faces":{"east":{"uv":[0.0,9.0,4.0,13.0],"texture":"#1"},"west":{"uv":[4.0,9.0,8.0,13.0],"texture":"#1"}}},{"from":[8.0,7.0,12.0],"to":[16.0,15.0,12.0],"rotation":{"origin":[12.0,7.0,12.0],"axis":"z","angle":-22.5},"shade":false,"faces":{"north":{"uv":[8.0,9.0,4.0,13.0],"texture":"#1"},"south":{"uv":[4.0,9.0,8.0,13.0],"texture":"#1"}}},{"from":[12.0,8.0,8.0],"to":[12.0,16.0,16.0],"rotation":{"origin":[12.0,8.0,12.0],"axis":"x","angle":22.5},"shade":false,"faces":{"east":{"uv":[0.0,9.0,4.0,13.0],"texture":"#1"},"west":{"uv":[4.0,9.0,8.0,13.0],"texture":"#1"}}},{"from":[8.0,0.0,12.0],"to":[16.0,18.0,12.0],"rotation":{"origin":[12.0,4.0,12.0],"axis":"y","angle":-22.5},"shade":false,"faces":{"north":{"uv":[4.0,0.0,8.0,9.0],"texture":"#1"},"south":{"uv":[4.0,0.0,8.0,9.0],"texture":"#1"}}},{"from":[8.0,7.0,11.9],"to":[16.0,15.0,11.9],"rotation":{"origin":[12.0,7.0,11.9],"axis":"z","angle":22.5},"shade":false,"faces":{"north":{"uv":[4.0,9.0,8.0,13.0],"texture":"#1"},"south":{"uv":[8.0,9.0,4.0,13.0],"texture":"#1"}}},{"from":[12.0,0.0,8.0],"to":[12.0,18.0,16.0],"rotation":{"origin":[12.0,4.0,12.0],"axis":"y","angle":-22.5},"shade":false,"faces":{"east":{"uv":[0.0,0.0,4.0,9.0],"texture":"#1"},"west":{"uv":[0.0,0.0,4.0,9.0],"texture":"#1"}}},{"from":[12.1,8.0,8.0],"to":[12.1,16.0,16.0],"rotation":{"origin":[12.1,8.0,12.0],"axis":"x","angle":-22.5},"shade":false,"faces":{"east":{"uv":[4.0,9.0,0.0,13.0],"texture":"#1"},"west":{"uv":[8.0,9.0,4.0,13.0],"texture":"#1"}}},{"from":[4.0,0.0,8.0],"to":[4.0,18.0,16.0],"rotation":{"origin":[4.0,4.0,12.0],"axis":"y","angle":22.5},"shade":false,"faces":{"east":{"uv":[0.0,0.0,4.0,9.0],"texture":"#1"},"west":{"uv":[0.0,0.0,4.0,9.0],"texture":"#1"}}},{"from":[0.0,0.0,12.0],"to":[8.0,18.0,12.0],"rotation":{"origin":[4.0,4.0,12.0],"axis":"y","angle":22.5},"shade":false,"faces":{"north":{"uv":[4.0,0.0,8.0,9.0],"texture":"#1"},"south":{"uv":[4.0,0.0,8.0,9.0],"texture":"#1"}}},{"from":[0.0,7.0,11.9],"to":[8.0,15.0,11.9],"rotation":{"origin":[4.0,7.0,11.9],"axis":"z","angle":22.5},"shade":false,"faces":{"north":{"uv":[4.0,9.0,0.0,13.0],"texture":"#1"},"south":{"uv":[0.0,9.0,4.0,13.0],"texture":"#1"}}},{"from":[4.0,8.0,8.0],"to":[4.0,16.0,16.0],"rotation":{"origin":[4.0,8.0,12.0],"axis":"x","angle":22.5},"shade":false,"faces":{"east":{"uv":[8.0,9.0,4.0,13.0],"texture":"#1"},"west":{"uv":[4.0,9.0,8.0,13.0],"texture":"#1"}}},{"from":[0.0,7.0,12.0],"to":[8.0,15.0,12.0],"rotation":{"origin":[4.0,7.0,12.0],"axis":"z","angle":-22.5},"shade":false,"faces":{"north":{"uv":[0.0,9.0,4.0,13.0],"texture":"#1"},"south":{"uv":[4.0,9.0,0.0,13.0],"texture":"#1"}}},{"from":[3.9,8.0,8.0],"to":[3.9,16.0,16.0],"rotation":{"origin":[3.9,8.0,12.0],"axis":"x","angle":-22.5},"shade":false,"faces":{"east":{"uv":[4.0,9.0,8.0,13.0],"texture":"#1"},"west":{"uv":[8.0,9.0,4.0,13.0],"texture":"#1"}}}],"ambientocclusion":false,"textures":{"particle":"addcrop:e64c5c72-402f-45cf-94ca-f1d368a57180","1":"addcrop:60bc80e6-f79a-48fa-ac63-2475852b7f1d"}}