{"display":{"head":{"translation":[0.0,-30.5,0.0],"scale":[1.6,1.6,1.6]},"fixed":{"rotation":[-90.0,0.0,0.0],"translation":[0.0,0.0,-16.0],"scale":[2.0,2.0,2.0]}},"elements":[{"from":[11.0,-1.0,9.0],"to":[13.0,1.0,11.0],"rotation":{"origin":[11.0,-1.0,9.0],"axis":"z","angle":45.0},"shade":false,"faces":{"north":{"uv":[1.875,0.0,1.75,0.125],"texture":"#0"},"east":{"uv":[1.625,0.0,1.75,0.125],"texture":"#0"},"south":{"uv":[1.75,0.0,1.875,0.125],"texture":"#0"},"west":{"uv":[1.875,0.0,2.0,0.125],"texture":"#0"},"up":{"uv":[1.625,0.0,1.5,0.125],"texture":"#0"},"down":{"uv":[1.875,0.0,2.0,0.125],"texture":"#0","rotation":90}}},{"from":[9.0,-1.0,3.75],"to":[11.0,1.0,5.75],"rotation":{"origin":[9.0,-1.0,5.75],"axis":"x","angle":22.5},"shade":false,"faces":{"north":{"uv":[1.625,0.125,1.75,0.25],"texture":"#0"},"east":{"uv":[1.75,0.125,1.875,0.25],"texture":"#0"},"south":{"uv":[1.875,0.125,2.0,0.25],"texture":"#0"},"west":{"uv":[1.875,0.125,1.75,0.25],"texture":"#0"},"up":{"uv":[1.5,0.125,1.625,0.25],"texture":"#0","rotation":90},"down":{"uv":[2.0,0.125,2.125,0.25],"texture":"#0"}}},{"from":[3.75,-1.0,5.0],"to":[5.75,1.0,7.0],"rotation":{"origin":[5.75,-1.0,7.0],"axis":"z","angle":-22.5},"shade":false,"faces":{"north":{"uv":[1.75,0.0,1.875,0.125],"texture":"#0"},"east":{"uv":[1.875,0.0,2.0,0.125],"texture":"#0"},"south":{"uv":[1.875,0.0,1.75,0.125],"texture":"#0"},"west":{"uv":[1.625,0.0,1.75,0.125],"texture":"#0"},"up":{"uv":[1.5,0.0,1.625,0.125],"texture":"#0"},"down":{"uv":[2.0,0.0,2.125,0.125],"texture":"#0"}}},{"from":[5.0,-1.0,10.25],"to":[7.0,1.0,12.25],"rotation":{"origin":[7.0,-1.0,10.25],"axis":"x","angle":-22.5},"shade":false,"faces":{"north":{"uv":[1.875,0.125,2.0,0.25],"texture":"#0"},"east":{"uv":[1.875,0.125,1.75,0.25],"texture":"#0"},"south":{"uv":[1.625,0.125,1.75,0.25],"texture":"#0"},"west":{"uv":[1.75,0.125,1.875,0.25],"texture":"#0"},"up":{"uv":[1.625,0.125,1.5,0.25],"texture":"#0","rotation":90},"down":{"uv":[2.0,0.125,2.125,0.25],"texture":"#0"}}}],"ambientocclusion":false,"textures":{"particle":"addcrop:786de793-2815-4f1f-a539-b56ca207c86f","0":"addcrop:dc288b4e-2cb5-4e02-afce-e7c8a3ca7cdd"}}