{"display":{"head":{"translation":[0.0,-30.5,0.0],"scale":[1.6,1.6,1.6]},"fixed":{"rotation":[-90.0,0.0,0.0],"translation":[0.0,0.0,-16.0],"scale":[2.0,2.0,2.0]}},"elements":[{"from":[8.0,0.0,4.0],"to":[8.0,8.0,12.0],"rotation":{"origin":[8.0,0.0,8.0],"axis":"y","angle":22.5},"shade":false,"faces":{"east":{"uv":[1.5,0.0,2.0,0.5],"texture":"#0"},"west":{"uv":[1.5,0.0,2.0,0.5],"texture":"#0"}}},{"from":[4.0,0.0,8.0],"to":[12.0,8.0,8.0],"rotation":{"origin":[8.0,0.0,8.0],"axis":"y","angle":22.5},"shade":false,"faces":{"north":{"uv":[1.5,0.0,2.0,0.5],"texture":"#0"},"south":{"uv":[1.5,0.0,2.0,0.5],"texture":"#0"}}}],"ambientocclusion":false,"textures":{"particle":"addcrop:50b92e13-8bfd-4e80-a74e-88bb40f862d6","0":"addcrop:9b0f2199-1c83-48f9-89ec-4a1ad2bf3ce1"}}