{"display":{"head":{"translation":[0.0,-30.5,0.0],"scale":[1.6,1.6,1.6]},"fixed":{"rotation":[-90.0,0.0,0.0],"translation":[0.0,0.0,-16.0],"scale":[2.0,2.0,2.0]}},"elements":[{"from":[4.0,0.0,3.0],"to":[8.0,2.0,5.0],"rotation":{"origin":[8.0,0.0,3.0],"axis":"z","angle":22.5},"shade":false,"faces":{"north":{"uv":[0.875,1.9375,1.125,2.0625],"texture":"#0"},"east":{"uv":[0.5,1.8125,0.625,1.9375],"texture":"#0"},"south":{"uv":[0.875,1.8125,1.125,1.9375],"texture":"#0"},"west":{"uv":[0.5,1.9375,0.625,2.0625],"texture":"#0"},"up":{"uv":[0.625,1.9375,0.875,2.0625],"texture":"#0"},"down":{"uv":[0.625,1.8125,0.875,1.9375],"texture":"#0"}}},{"from":[11.0,0.0,5.0],"to":[13.0,2.0,8.0],"rotation":{"origin":[13.0,0.0,8.0],"axis":"z","angle":22.5},"shade":false,"faces":{"north":{"uv":[0.5,1.5625,0.625,1.6875],"texture":"#0"},"east":{"uv":[0.625,1.6875,0.8125,1.8125],"texture":"#0"},"south":{"uv":[0.5,1.6875,0.625,1.8125],"texture":"#0"},"west":{"uv":[0.625,1.5625,0.8125,1.6875],"texture":"#0"},"up":{"uv":[0.8125,1.5625,1.0,1.6875],"texture":"#0","rotation":90},"down":{"uv":[0.8125,1.6875,1.0,1.8125],"texture":"#0","rotation":270}}},{"from":[4.0,0.0,8.0],"to":[6.0,2.0,12.0],"rotation":{"origin":[6.0,0.0,12.0],"axis":"x","angle":-22.5},"shade":false,"faces":{"north":{"uv":[0.375,1.5625,0.5,1.6875],"texture":"#0"},"east":{"uv":[0.25,1.6875,0.5,1.8125],"texture":"#0"},"south":{"uv":[0.0,1.5625,0.125,1.6875],"texture":"#0"},"west":{"uv":[0.25,1.6875,0.0,1.8125],"texture":"#0"},"up":{"uv":[0.375,1.5625,0.125,1.6875],"texture":"#0","rotation":90},"down":{"uv":[0.0,1.8125,0.25,1.9375],"texture":"#0","rotation":270}}},{"from":[9.0,0.0,10.0],"to":[11.0,2.0,13.0],"rotation":{"origin":[11.0,0.0,10.0],"axis":"x","angle":22.5},"shade":false,"faces":{"north":{"uv":[0.0,2.0625,0.125,2.1875],"texture":"#0"},"east":{"uv":[0.125,2.0625,0.3125,2.1875],"texture":"#0"},"south":{"uv":[0.0,1.9375,0.125,2.0625],"texture":"#0"},"west":{"uv":[0.3125,1.9375,0.5,2.0625],"texture":"#0"},"up":{"uv":[0.125,1.9375,0.3125,2.0625],"texture":"#0","rotation":90},"down":{"uv":[0.3125,2.0625,0.5,2.1875],"texture":"#0","rotation":270}}}],"ambientocclusion":false,"textures":{"particle":"addcrop:bba83f49-bb9d-4af6-a901-5a000c8198ea","0":"addcrop:148ddecb-d542-4abc-ab07-9779db3ac742"}}