{"display":{"head":{"translation":[0.0,-30.5,0.0],"scale":[1.6,1.6,1.6]},"fixed":{"rotation":[-90.0,0.0,0.0],"translation":[0.0,0.0,-16.0],"scale":[2.0,2.0,2.0]}},"elements":[{"from":[-2.0,-1.0,8.01],"to":[14.0,15.0,8.01],"rotation":{"origin":[6.0,-1.0,8.0],"axis":"z","angle":22.5},"shade":false,"faces":{"north":{"uv":[5.0,0.0,4.0,1.0],"texture":"#0"},"south":{"uv":[4.0,0.0,5.0,1.0],"texture":"#0"}}},{"from":[0.0,0.0,8.0],"to":[16.0,16.0,8.0],"rotation":{"origin":[8.0,0.0,8.0],"axis":"x","angle":22.5},"shade":false,"faces":{"north":{"uv":[4.0,2.0,5.0,3.0],"texture":"#0"},"south":{"uv":[4.0,2.0,5.0,3.0],"texture":"#0"}}},{"from":[0.0,7.39104,11.06147],"to":[16.0,7.39104,27.06147],"rotation":{"origin":[16.0,7.39104,11.06147],"axis":"x","angle":22.5},"shade":false,"faces":{"up":{"uv":[4.0,3.0,5.0,4.0],"texture":"#0","rotation":180},"down":{"uv":[4.0,3.0,5.0,4.0],"texture":"#0"}}},{"from":[0.0,0.0,8.0],"to":[16.0,16.0,8.0],"rotation":{"origin":[8.0,0.0,8.0],"axis":"x","angle":-22.5},"shade":false,"faces":{"north":{"uv":[5.0,3.0,6.0,4.0],"texture":"#0"},"south":{"uv":[5.0,3.0,6.0,4.0],"texture":"#0"}}},{"from":[2.0,-1.0,8.0],"to":[18.0,15.0,8.0],"rotation":{"origin":[10.0,-1.0,8.0],"axis":"z","angle":-22.5},"shade":false,"faces":{"north":{"uv":[4.0,0.0,5.0,1.0],"texture":"#0"},"south":{"uv":[5.0,0.0,4.0,1.0],"texture":"#0"}}},{"from":[8.0,0.0,0.0],"to":[8.0,16.0,16.0],"rotation":{"origin":[8.0,0.0,8.0],"axis":"z","angle":22.5},"shade":false,"faces":{"east":{"uv":[4.0,1.0,5.0,2.0],"texture":"#0"},"west":{"uv":[4.0,1.0,5.0,2.0],"texture":"#0"}}},{"from":[8.0,0.0,0.0],"to":[8.0,16.0,16.0],"rotation":{"origin":[8.0,0.0,8.0],"axis":"z","angle":0.0},"shade":false,"faces":{"east":{"uv":[5.0,1.0,6.0,2.0],"texture":"#0"},"west":{"uv":[5.0,1.0,6.0,2.0],"texture":"#0"}}},{"from":[0.0,0.0,8.0],"to":[16.0,16.0,8.0],"rotation":{"origin":[8.0,0.0,8.0],"axis":"y","angle":0.0},"shade":false,"faces":{"north":{"uv":[5.0,1.0,6.0,2.0],"texture":"#0"},"south":{"uv":[5.0,1.0,6.0,2.0],"texture":"#0"}}},{"from":[8.0,-1.0,2.0],"to":[8.0,15.0,18.0],"rotation":{"origin":[8.0,-1.0,10.0],"axis":"x","angle":22.5},"shade":false,"faces":{"east":{"uv":[5.0,0.0,6.0,1.0],"texture":"#0"},"west":{"uv":[6.0,0.0,5.0,1.0],"texture":"#0"}}},{"from":[7.99,-1.0,-2.0],"to":[7.99,15.0,14.0],"rotation":{"origin":[8.0,-1.0,6.0],"axis":"x","angle":-22.5},"shade":false,"faces":{"east":{"uv":[5.0,0.0,4.0,1.0],"texture":"#0"},"west":{"uv":[4.0,0.0,5.0,1.0],"texture":"#0"}}},{"from":[8.0,0.0,0.0],"to":[8.0,16.0,16.0],"rotation":{"origin":[8.0,0.0,8.0],"axis":"z","angle":-22.5},"shade":false,"faces":{"east":{"uv":[4.0,1.0,5.0,2.0],"texture":"#0"},"west":{"uv":[4.0,1.0,5.0,2.0],"texture":"#0"}}},{"from":[6.0,9.0,6.0],"to":[10.0,12.0,10.0],"rotation":{"origin":[7.0,9.0,7.0],"axis":"y","angle":0.0},"shade":false,"faces":{"north":{"uv":[0.25,1.8125,0.5,2.0],"texture":"#0"},"east":{"uv":[0.25,1.8125,0.5,2.0],"texture":"#0"},"south":{"uv":[0.25,1.8125,0.5,2.0],"texture":"#0"},"west":{"uv":[0.25,1.8125,0.5,2.0],"texture":"#0"},"down":{"uv":[0.25,1.75,0.0,2.0],"texture":"#0"}}},{"from":[10.0,11.0,6.0],"to":[6.0,12.0,10.0],"rotation":{"origin":[11.0,11.0,7.0],"axis":"y","angle":0.0},"shade":false,"faces":{"north":{"uv":[0.25,1.8125,0.5,1.875],"texture":"#0"},"east":{"uv":[0.25,1.8125,0.5,1.875],"texture":"#0"},"south":{"uv":[0.25,1.8125,0.5,1.875],"texture":"#0"},"west":{"uv":[0.25,1.8125,0.5,1.875],"texture":"#0"},"down":{"uv":[0.25,2.0,0.0,2.25],"texture":"#0"}}},{"from":[6.25,11.0,6.25],"to":[9.75,14.0,9.75],"rotation":{"origin":[7.0,11.0,7.0],"axis":"y","angle":0.0},"shade":false,"faces":{"north":{"uv":[0.1875,1.375,0.375,1.5625],"texture":"#0"},"east":{"uv":[0.1875,1.375,0.375,1.5625],"texture":"#0"},"south":{"uv":[0.1875,1.375,0.375,1.5625],"texture":"#0"},"west":{"uv":[0.1875,1.375,0.375,1.5625],"texture":"#0"},"down":{"uv":[0.1875,1.375,0.0,1.5625],"texture":"#0"}}},{"from":[9.75,13.0,6.25],"to":[6.25,14.0,9.75],"rotation":{"origin":[10.5,13.0,7.0],"axis":"y","angle":0.0},"shade":false,"faces":{"north":{"uv":[0.1875,1.375,0.375,1.4375],"texture":"#0"},"east":{"uv":[0.1875,1.375,0.375,1.4375],"texture":"#0"},"south":{"uv":[0.1875,1.375,0.375,1.4375],"texture":"#0"},"west":{"uv":[0.1875,1.375,0.375,1.4375],"texture":"#0"},"down":{"uv":[0.1875,1.5625,0.0,1.75],"texture":"#0"}}},{"from":[6.5,13.0,6.5],"to":[9.5,15.0,9.5],"rotation":{"origin":[6.5,13.0,6.5],"axis":"y","angle":0.0},"shade":false,"faces":{"north":{"uv":[0.375,1.25,0.5625,1.375],"texture":"#0"},"east":{"uv":[0.375,1.25,0.5625,1.375],"texture":"#0"},"south":{"uv":[0.375,1.25,0.5625,1.375],"texture":"#0"},"west":{"uv":[0.375,1.25,0.5625,1.375],"texture":"#0"},"down":{"uv":[0.375,1.1875,0.1875,1.375],"texture":"#0"}}},{"from":[9.5,14.0,6.5],"to":[6.5,15.0,9.5],"rotation":{"origin":[9.5,14.0,6.5],"axis":"y","angle":0.0},"shade":false,"faces":{"north":{"uv":[0.375,1.25,0.5625,1.375],"texture":"#0"},"east":{"uv":[0.375,1.25,0.5625,1.375],"texture":"#0"},"south":{"uv":[0.375,1.25,0.5625,1.375],"texture":"#0"},"west":{"uv":[0.375,1.25,0.5625,1.375],"texture":"#0"},"down":{"uv":[0.1875,1.1875,0.0,1.375],"texture":"#0"}}}],"ambientocclusion":false,"textures":{"particle":"addcrop:50b92e13-8bfd-4e80-a74e-88bb40f862d6","0":"addcrop:55d2403e-e98d-4ee8-a171-ae0d304ef989"}}