{"display":{"head":{"translation":[0.0,-30.5,0.0],"scale":[1.6,1.6,1.6]},"fixed":{"rotation":[-90.0,0.0,0.0],"translation":[0.0,0.0,-16.0],"scale":[2.0,2.0,2.0]}},"elements":[{"from":[4.0,-0.5,7.0],"to":[6.0,0.5,9.0],"rotation":{"origin":[5.0,0.5,8.0],"axis":"z","angle":-22.5},"shade":false,"faces":{"north":{"uv":[0.5,1.0,0.625,1.0625],"texture":"#0"},"east":{"uv":[0.625,1.0625,0.5,1.125],"texture":"#0"},"south":{"uv":[0.625,1.0,0.75,1.0625],"texture":"#0"},"west":{"uv":[0.625,1.0,0.5,1.0625],"texture":"#0"},"up":{"uv":[0.375,1.0625,0.5,1.1875],"texture":"#0"},"down":{"uv":[0.5,1.0625,0.625,1.1875],"texture":"#0"}}},{"from":[8.0,-0.5,4.0],"to":[10.0,0.5,6.0],"rotation":{"origin":[9.0,0.5,5.0],"axis":"x","angle":22.5},"shade":false,"faces":{"north":{"uv":[0.625,1.0,0.5,1.0625],"texture":"#0"},"east":{"uv":[0.5,1.0,0.625,1.0625],"texture":"#0"},"south":{"uv":[0.5,1.0625,0.625,1.125],"texture":"#0"},"west":{"uv":[0.625,1.0,0.75,1.0625],"texture":"#0"},"up":{"uv":[0.5,1.0625,0.375,1.1875],"texture":"#0"},"down":{"uv":[0.5,1.0625,0.625,1.1875],"texture":"#0"}}},{"from":[9.0,-1.25,9.0],"to":[12.0,0.75,12.0],"rotation":{"origin":[11.0,0.75,11.0],"axis":"z","angle":22.5},"shade":false,"faces":{"north":{"uv":[0.75,1.1875,0.9375,1.3125],"texture":"#0"},"east":{"uv":[0.375,1.1875,0.5625,1.3125],"texture":"#0"},"south":{"uv":[0.5625,1.1875,0.75,1.3125],"texture":"#0"},"west":{"uv":[0.75,1.3125,0.9375,1.4375],"texture":"#0"},"up":{"uv":[0.375,1.3125,0.5625,1.5],"texture":"#0","rotation":90},"down":{"uv":[0.5625,1.3125,0.75,1.5],"texture":"#0"}}}],"ambientocclusion":false,"textures":{"particle":"addcrop:e64c5c72-402f-45cf-94ca-f1d368a57180","0":"addcrop:01014b0d-c474-46d6-b661-cb4ed43f3ebc"}}