{"display":{"head":{},"firstperson_righthand":{},"thirdperson_lefthand":{},"firstperson_lefthand":{},"fixed":{},"ground":{},"thirdperson_righthand":{},"gui":{"rotation":[-150.0,-45.0,180.0]}},"elements":[{"from":[13.068125,6.57417,-1.2255793],"to":[13.068125,7.92417,5.18692],"rotation":{"origin":[17.793125,8.49792,-2.23808],"axis":"x","angle":-22.5},"faces":{"east":{"uv":[8.75,7.0,10.0,7.25],"texture":"#0","tintindex":0},"west":{"uv":[8.75,7.25,10.0,7.5],"texture":"#0","tintindex":0}}},{"from":[5.643125,8.49792,8.05567],"to":[6.824375,9.17292,8.05567],"rotation":{"origin":[5.305625,8.835421,6.5369205],"axis":"x","angle":-22.5},"faces":{"south":{"uv":[11.5,12.25,11.75,12.375],"texture":"#0","tintindex":0},"north":{"uv":[12.25,10.25,12.5,10.375],"texture":"#0","tintindex":0}}},{"from":[0.24312449,5.12292,4.8494205],"to":[3.618125,8.49792,5.52442],"faces":{"east":{"uv":[9.625,12.125,9.75,12.75],"texture":"#0","tintindex":0},"south":{"uv":[4.125,8.625,4.75,9.25],"texture":"#0","tintindex":0},"north":{"uv":[3.5,8.625,4.125,9.25],"texture":"#0","tintindex":0},"west":{"uv":[9.75,12.125,9.875,12.75],"texture":"#0","tintindex":0},"up":{"uv":[12.75,6.75,12.125,6.625],"texture":"#0","tintindex":0},"down":{"uv":[12.75,6.75,12.125,6.875],"texture":"#0","tintindex":0}}},{"from":[2.9431248,15.585421,5.0856705],"to":[13.743125,16.26042,5.7606697],"rotation":{"origin":[2.9431248,11.19792,5.0856705],"axis":"x","angle":22.5},"faces":{"east":{"uv":[12.375,3.375,12.5,3.5],"texture":"#0","tintindex":0},"south":{"uv":[10.125,5.875,12.125,6.0],"texture":"#0","tintindex":0},"north":{"uv":[10.0,3.0,12.0,3.125],"texture":"#0","tintindex":0},"west":{"uv":[12.375,3.5,12.5,3.625],"texture":"#0","tintindex":0},"up":{"uv":[12.25,7.625,10.25,7.5],"texture":"#0","tintindex":0},"down":{"uv":[12.25,7.625,10.25,7.75],"texture":"#0","tintindex":0}}},{"from":[13.068125,5.12292,4.8494205],"to":[16.443127,8.49792,5.52442],"faces":{"east":{"uv":[10.0,12.125,10.125,12.75],"texture":"#0","tintindex":0},"south":{"uv":[4.75,8.625,5.375,9.25],"texture":"#0","tintindex":0},"north":{"uv":[8.625,4.625,9.25,5.25],"texture":"#0","tintindex":0},"west":{"uv":[10.75,12.125,10.875,12.75],"texture":"#0","tintindex":0},"up":{"uv":[12.75,7.0,12.125,6.875],"texture":"#0","tintindex":0},"down":{"uv":[12.75,7.875,12.125,8.0],"texture":"#0","tintindex":0}}},{"from":[13.068125,9.17292,-1.9005795],"to":[14.755625,10.86042,-0.55058],"faces":{"east":{"uv":[7.375,12.0,7.625,12.375],"texture":"#0","tintindex":0},"south":{"uv":[11.25,9.75,11.625,10.125],"texture":"#0","tintindex":0},"north":{"uv":[11.25,7.875,11.625,8.25],"texture":"#0","tintindex":0},"west":{"uv":[8.875,12.0,9.125,12.375],"texture":"#0","tintindex":0},"up":{"uv":[4.875,11.25,4.5,11.0],"texture":"#0","tintindex":0},"down":{"uv":[10.625,12.0,10.25,12.25],"texture":"#0","tintindex":0}}},{"from":[3.618125,9.84792,18.18067],"to":[13.068125,10.522921,23.07442],"faces":{"east":{"uv":[0.0,7.375,0.875,7.5],"texture":"#0","tintindex":0},"south":{"uv":[10.625,1.625,12.375,1.75],"texture":"#0","tintindex":0},"north":{"uv":[10.5,9.625,12.25,9.75],"texture":"#0","tintindex":0},"west":{"uv":[9.25,5.125,10.125,5.25],"texture":"#0","tintindex":0},"up":{"uv":[1.75,6.125,0.0,5.25],"texture":"#0","tintindex":0},"down":{"uv":[7.0,0.75,5.25,1.625],"texture":"#0","tintindex":0}}},{"from":[13.068125,5.73042,2.1494207],"to":[13.068125,6.57417,4.68067],"rotation":{"origin":[17.793125,8.49792,-2.23808],"axis":"x","angle":-22.5},"faces":{"east":{"uv":[12.25,1.5,12.75,1.625],"texture":"#0","tintindex":0},"west":{"uv":[12.25,5.0,12.75,5.125],"texture":"#0","tintindex":0}}},{"from":[3.618125,6.57417,-1.2255793],"to":[3.618125,7.92417,5.18692],"rotation":{"origin":[8.343124,8.49792,-2.23808],"axis":"x","angle":-22.5},"faces":{"east":{"uv":[8.875,8.75,10.125,9.0],"texture":"#0","tintindex":0},"west":{"uv":[8.875,9.0,10.125,9.25],"texture":"#0","tintindex":0}}},{"from":[3.955625,4.7854204,5.52442],"to":[5.305625,6.1354203,6.19942],"rotation":{"origin":[4.630625,5.46042,5.52442],"axis":"x","angle":-45.0},"faces":{"east":{"uv":[10.5,12.25,10.625,12.5],"texture":"#0","tintindex":0},"south":{"uv":[5.125,12.25,5.375,12.5],"texture":"#0","tintindex":0},"north":{"uv":[4.875,12.25,5.125,12.5],"texture":"#0","tintindex":0},"west":{"uv":[11.75,12.25,11.875,12.5],"texture":"#0","tintindex":0},"up":{"uv":[12.375,12.375,12.125,12.25],"texture":"#0","tintindex":0},"down":{"uv":[12.625,0.0,12.375,0.125],"texture":"#0","tintindex":0}}},{"from":[3.618125,9.84792,5.52442],"to":[13.068125,11.53542,6.19942],"faces":{"east":{"uv":[12.25,8.375,12.375,8.75],"texture":"#0","tintindex":0},"south":{"uv":[7.5,6.375,9.25,6.75],"texture":"#0","tintindex":0},"north":{"uv":[7.5,6.0,9.25,6.375],"texture":"#0","tintindex":0},"west":{"uv":[8.625,12.25,8.75,12.625],"texture":"#0","tintindex":0},"up":{"uv":[12.25,8.75,10.5,8.625],"texture":"#0","tintindex":0},"down":{"uv":[12.25,8.75,10.5,8.875],"texture":"#0","tintindex":0}}},{"from":[10.25665,5.12292,22.354462],"to":[12.281651,7.14792,24.37946],"rotation":{"origin":[11.26915,6.1354203,23.451336],"axis":"x","angle":-22.5},"faces":{"east":{"uv":[8.625,11.375,9.0,11.75],"texture":"#0","tintindex":0},"south":{"uv":[11.375,8.875,11.75,9.25],"texture":"#0","tintindex":0},"north":{"uv":[8.25,11.375,8.625,11.75],"texture":"#0","tintindex":0},"west":{"uv":[9.0,11.375,9.375,11.75],"texture":"#0","tintindex":0},"up":{"uv":[11.75,9.625,11.375,9.25],"texture":"#0","tintindex":0},"down":{"uv":[9.75,11.375,9.375,11.75],"texture":"#0","tintindex":0}}},{"from":[3.618125,4.11042,4.8494205],"to":[13.068125,5.46042,15.64942],"faces":{"east":{"uv":[8.25,0.0,10.25,0.25],"texture":"#0","tintindex":0},"south":{"uv":[8.5,3.875,10.25,4.125],"texture":"#0","tintindex":0},"north":{"uv":[8.5,3.625,10.25,3.875],"texture":"#0","tintindex":0},"west":{"uv":[8.25,0.25,10.25,0.5],"texture":"#0","tintindex":0},"up":{"uv":[1.75,2.0,0.0,0.0],"texture":"#0","tintindex":0},"down":{"uv":[3.5,0.0,1.75,2.0],"texture":"#0","tintindex":0}}},{"from":[3.618125,5.46042,4.8494205],"to":[13.068125,11.53542,5.52442],"faces":{"east":{"uv":[7.375,10.875,7.5,12.0],"texture":"#0","tintindex":0},"south":{"uv":[3.5,1.875,5.25,3.0],"texture":"#0","tintindex":0},"north":{"uv":[3.5,0.75,5.25,1.875],"texture":"#0","tintindex":0},"west":{"uv":[7.5,10.875,7.625,12.0],"texture":"#0","tintindex":0},"up":{"uv":[12.25,5.75,10.5,5.625],"texture":"#0","tintindex":0},"down":{"uv":[12.25,5.75,10.5,5.875],"texture":"#0","tintindex":0}}},{"from":[0.24312449,5.12292,14.974421],"to":[16.443127,9.17292,15.64942],"faces":{"east":{"uv":[2.875,9.5,3.0,10.25],"texture":"#0","tintindex":0},"south":{"uv":[3.5,0.0,6.5,0.75],"texture":"#0","tintindex":0},"north":{"uv":[0.0,3.5,3.0,4.25],"texture":"#0","tintindex":0},"west":{"uv":[10.125,11.875,10.25,12.625],"texture":"#0","tintindex":0},"up":{"uv":[11.625,2.625,8.625,2.5],"texture":"#0","tintindex":0},"down":{"uv":[11.625,2.625,8.625,2.75],"texture":"#0","tintindex":0}}},{"from":[4.968125,4.7854204,-3.5880795],"to":[6.318125,6.1354203,4.8494205],"faces":{"east":{"uv":[8.5,4.125,10.125,4.375],"texture":"#0","tintindex":0},"south":{"uv":[12.125,10.5,12.375,10.75],"texture":"#0","tintindex":0},"north":{"uv":[3.375,11.0,3.625,11.25],"texture":"#0","tintindex":0},"west":{"uv":[8.5,4.375,10.125,4.625],"texture":"#0","tintindex":0},"up":{"uv":[8.125,10.125,7.875,8.5],"texture":"#0","tintindex":0},"down":{"uv":[8.375,8.5,8.125,10.125],"texture":"#0","tintindex":0}}},{"from":[6.824375,7.3166704,7.88692],"to":[6.824375,10.18542,8.56192],"rotation":{"origin":[5.305625,8.49792,6.5369205],"axis":"x","angle":-22.5},"faces":{"east":{"uv":[2.625,7.5,2.75,8.0],"texture":"#0","tintindex":0},"west":{"uv":[10.125,4.125,10.25,4.625],"texture":"#0","tintindex":0}}},{"from":[10.368125,6.1354203,-3.5880795],"to":[11.718124,7.48542,-2.23808],"faces":{"east":{"uv":[1.25,12.25,1.5,12.5],"texture":"#0","tintindex":0},"south":{"uv":[1.5,12.25,1.75,12.5],"texture":"#0","tintindex":0},"north":{"uv":[1.0,12.25,1.25,12.5],"texture":"#0","tintindex":0},"west":{"uv":[1.75,12.25,2.0,12.5],"texture":"#0","tintindex":0},"up":{"uv":[2.25,12.5,2.0,12.25],"texture":"#0","tintindex":0},"down":{"uv":[2.5,12.25,2.25,12.5],"texture":"#0","tintindex":0}}},{"from":[11.043125,7.8229203,20.37442],"to":[13.068125,9.84792,21.04942],"faces":{"east":{"uv":[12.25,9.125,12.375,9.5],"texture":"#0","tintindex":0},"south":{"uv":[6.5,11.25,6.875,11.625],"texture":"#0","tintindex":0},"north":{"uv":[10.375,11.125,10.75,11.5],"texture":"#0","tintindex":0},"west":{"uv":[9.375,12.25,9.5,12.625],"texture":"#0","tintindex":0},"up":{"uv":[12.625,7.875,12.25,7.75],"texture":"#0","tintindex":0},"down":{"uv":[12.625,9.5,12.25,9.625],"texture":"#0","tintindex":0}}},{"from":[0.24312449,5.12292,5.52442],"to":[0.9181247,8.49792,14.974421],"faces":{"east":{"uv":[6.25,5.375,8.0,6.0],"texture":"#0","tintindex":0},"south":{"uv":[11.0,12.125,11.125,12.75],"texture":"#0","tintindex":0},"north":{"uv":[10.875,12.125,11.0,12.75],"texture":"#0","tintindex":0},"west":{"uv":[6.5,0.0,8.25,0.625],"texture":"#0","tintindex":0},"up":{"uv":[7.75,12.25,7.625,10.5],"texture":"#0","tintindex":0},"down":{"uv":[7.875,10.5,7.75,12.25],"texture":"#0","tintindex":0}}},{"from":[14.418125,5.12292,5.52442],"to":[15.768126,5.46042,14.974421],"faces":{"east":{"uv":[10.625,1.75,12.375,1.875],"texture":"#0","tintindex":0},"south":{"uv":[12.375,1.875,12.625,2.0],"texture":"#0","tintindex":0},"north":{"uv":[12.375,1.75,12.625,1.875],"texture":"#0","tintindex":0},"west":{"uv":[10.625,1.875,12.375,2.0],"texture":"#0","tintindex":0},"up":{"uv":[7.125,10.25,6.875,8.5],"texture":"#0","tintindex":0},"down":{"uv":[7.375,8.5,7.125,10.25],"texture":"#0","tintindex":0}}},{"from":[0.24312449,8.93667,15.04192],"to":[16.443127,9.6116705,18.51817],"rotation":{"origin":[1.930625,9.27417,16.05442],"axis":"x","angle":-22.5},"faces":{"east":{"uv":[12.125,5.875,12.75,6.0],"texture":"#0","tintindex":0},"south":{"uv":[8.625,2.375,11.625,2.5],"texture":"#0","tintindex":0},"north":{"uv":[8.25,0.5,11.25,0.625],"texture":"#0","tintindex":0},"west":{"uv":[12.125,6.0,12.75,6.125],"texture":"#0","tintindex":0},"up":{"uv":[6.0,4.125,3.0,3.5],"texture":"#0","tintindex":0},"down":{"uv":[6.0,4.125,3.0,4.75],"texture":"#0","tintindex":0}}},{"from":[3.618125,7.92417,-2.5755796],"to":[13.068125,8.599171,5.52442],"rotation":{"origin":[8.343124,8.49792,-2.23808],"axis":"x","angle":-22.5},"faces":{"east":{"uv":[10.75,1.5,12.25,1.625],"texture":"#0","tintindex":0},"south":{"uv":[10.75,1.125,12.5,1.25],"texture":"#0","tintindex":0},"north":{"uv":[10.625,7.375,12.375,7.5],"texture":"#0","tintindex":0},"west":{"uv":[10.75,7.75,12.25,7.875],"texture":"#0","tintindex":0},"up":{"uv":[1.75,3.5,0.0,2.0],"texture":"#0","tintindex":0},"down":{"uv":[3.5,2.0,1.75,3.5],"texture":"#0","tintindex":0}}},{"from":[10.368125,4.7854204,-3.5880795],"to":[11.718124,6.1354203,4.8494205],"faces":{"east":{"uv":[8.375,8.5,10.0,8.75],"texture":"#0","tintindex":0},"south":{"uv":[2.75,12.25,3.0,12.5],"texture":"#0","tintindex":0},"north":{"uv":[2.5,12.25,2.75,12.5],"texture":"#0","tintindex":0},"west":{"uv":[8.625,2.125,10.25,2.375],"texture":"#0","tintindex":0},"up":{"uv":[3.25,10.25,3.0,8.625],"texture":"#0","tintindex":0},"down":{"uv":[3.5,8.625,3.25,10.25],"texture":"#0","tintindex":0}}},{"from":[2.268125,7.8229203,5.0856705],"to":[2.9431248,16.26042,5.7606697],"rotation":{"origin":[2.9431248,11.19792,5.0856705],"axis":"x","angle":22.5},"faces":{"east":{"uv":[1.25,10.625,1.375,12.25],"texture":"#0","tintindex":0},"south":{"uv":[1.375,10.625,1.5,12.25],"texture":"#0","tintindex":0},"north":{"uv":[6.0,8.875,6.125,10.5],"texture":"#0","tintindex":0},"west":{"uv":[1.5,10.625,1.625,12.25],"texture":"#0","tintindex":0},"up":{"uv":[9.75,11.875,9.625,11.75],"texture":"#0","tintindex":0},"down":{"uv":[12.5,2.75,12.375,2.875],"texture":"#0","tintindex":0}}},{"from":[3.618125,4.11042,15.64942],"to":[13.068125,9.17292,20.37442],"faces":{"east":{"uv":[7.0,2.125,7.875,3.125],"texture":"#0","tintindex":0},"south":{"uv":[1.75,4.75,3.5,5.75],"texture":"#0","tintindex":0},"north":{"uv":[0.0,4.25,1.75,5.25],"texture":"#0","tintindex":0},"west":{"uv":[6.5,7.0,7.375,8.0],"texture":"#0","tintindex":0},"up":{"uv":[7.0,2.5,5.25,1.625],"texture":"#0","tintindex":0},"down":{"uv":[7.0,2.5,5.25,3.375],"texture":"#0","tintindex":0}}},{"from":[12.393126,8.49792,5.52442],"to":[13.068125,9.17292,6.87442],"faces":{"east":{"uv":[7.75,4.625,8.0,4.75],"texture":"#0","tintindex":0},"south":{"uv":[8.25,10.125,8.375,10.25],"texture":"#0","tintindex":0},"north":{"uv":[0.875,7.375,1.0,7.5],"texture":"#0","tintindex":0},"west":{"uv":[2.5,9.375,2.75,9.5],"texture":"#0","tintindex":0},"up":{"uv":[7.75,3.375,7.625,3.125],"texture":"#0","tintindex":0},"down":{"uv":[5.5,8.625,5.375,8.875],"texture":"#0","tintindex":0}}},{"from":[3.7868748,7.3166704,7.88692],"to":[3.7868748,10.18542,8.56192],"rotation":{"origin":[5.305625,8.49792,6.5369205],"axis":"x","angle":-22.5},"faces":{"east":{"uv":[11.375,12.125,11.5,12.625],"texture":"#0","tintindex":0},"west":{"uv":[3.25,12.25,3.375,12.75],"texture":"#0","tintindex":0}}},{"from":[4.7421,5.46042,19.823212],"to":[6.0921,6.81042,22.52321],"rotation":{"origin":[5.4171,6.1354203,23.451336],"axis":"x","angle":-22.5},"faces":{"east":{"uv":[8.375,9.5,8.875,9.75],"texture":"#0","tintindex":0},"south":{"uv":[8.125,12.25,8.375,12.5],"texture":"#0","tintindex":0},"north":{"uv":[7.875,12.25,8.125,12.5],"texture":"#0","tintindex":0},"west":{"uv":[5.875,11.0,6.375,11.25],"texture":"#0","tintindex":0},"up":{"uv":[6.5,7.75,6.25,7.25],"texture":"#0","tintindex":0},"down":{"uv":[2.75,8.875,2.5,9.375],"texture":"#0","tintindex":0}}},{"from":[4.968125,6.1354203,-3.5880795],"to":[6.318125,7.48542,-2.23808],"faces":{"east":{"uv":[12.125,12.0,12.375,12.25],"texture":"#0","tintindex":0},"south":{"uv":[0.0,12.25,0.25,12.5],"texture":"#0","tintindex":0},"north":{"uv":[11.125,12.125,11.375,12.375],"texture":"#0","tintindex":0},"west":{"uv":[0.25,12.25,0.5,12.5],"texture":"#0","tintindex":0},"up":{"uv":[0.75,12.5,0.5,12.25],"texture":"#0","tintindex":0},"down":{"uv":[1.0,12.25,0.75,12.5],"texture":"#0","tintindex":0}}},{"from":[5.980625,4.7854204,5.52442],"to":[7.330625,6.1354203,6.19942],"rotation":{"origin":[6.655625,5.46042,5.52442],"axis":"x","angle":-45.0},"faces":{"east":{"uv":[12.375,0.125,12.5,0.375],"texture":"#0","tintindex":0},"south":{"uv":[12.25,5.625,12.5,5.875],"texture":"#0","tintindex":0},"north":{"uv":[5.375,12.25,5.625,12.5],"texture":"#0","tintindex":0},"west":{"uv":[12.375,0.625,12.5,0.875],"texture":"#0","tintindex":0},"up":{"uv":[12.625,0.5,12.375,0.375],"texture":"#0","tintindex":0},"down":{"uv":[12.625,1.625,12.375,1.75],"texture":"#0","tintindex":0}}},{"from":[3.618125,9.17292,16.66192],"to":[13.068125,9.84792,20.37442],"faces":{"east":{"uv":[11.625,10.75,12.375,10.875],"texture":"#0","tintindex":0},"south":{"uv":[10.75,1.375,12.5,1.5],"texture":"#0","tintindex":0},"north":{"uv":[10.75,1.25,12.5,1.375],"texture":"#0","tintindex":0},"west":{"uv":[12.0,0.5,12.75,0.625],"texture":"#0","tintindex":0},"up":{"uv":[3.5,6.5,1.75,5.75],"texture":"#0","tintindex":0},"down":{"uv":[7.75,3.375,6.0,4.125],"texture":"#0","tintindex":0}}},{"from":[10.594151,5.46042,19.823212],"to":[11.94415,6.81042,22.52321],"rotation":{"origin":[11.26915,6.1354203,23.451336],"axis":"x","angle":-22.5},"faces":{"east":{"uv":[9.75,11.375,10.25,11.625],"texture":"#0","tintindex":0},"south":{"uv":[8.375,12.25,8.625,12.5],"texture":"#0","tintindex":0},"north":{"uv":[12.25,8.125,12.5,8.375],"texture":"#0","tintindex":0},"west":{"uv":[11.375,11.0,11.875,11.25],"texture":"#0","tintindex":0},"up":{"uv":[0.25,12.0,0.0,11.5],"texture":"#0","tintindex":0},"down":{"uv":[0.5,11.5,0.25,12.0],"texture":"#0","tintindex":0}}},{"from":[13.068125,9.84792,18.21442],"to":[16.443127,11.19792,23.07442],"faces":{"east":{"uv":[9.25,1.125,10.125,1.375],"texture":"#0","tintindex":0},"south":{"uv":[0.0,11.0,0.625,11.25],"texture":"#0","tintindex":0},"north":{"uv":[7.0,3.125,7.625,3.375],"texture":"#0","tintindex":0},"west":{"uv":[10.5,8.875,11.375,9.125],"texture":"#0","tintindex":0},"up":{"uv":[2.125,8.875,1.5,8.0],"texture":"#0","tintindex":0},"down":{"uv":[2.75,8.0,2.125,8.875],"texture":"#0","tintindex":0}}},{"from":[0.24312449,6.7766705,-2.8118296],"to":[3.618125,8.46417,-2.1368294],"rotation":{"origin":[1.930625,8.16042,-2.6430798],"axis":"x","angle":22.5},"faces":{"east":{"uv":[9.5,12.25,9.625,12.625],"texture":"#0","tintindex":0},"south":{"uv":[10.5,8.25,11.125,8.625],"texture":"#0","tintindex":0},"north":{"uv":[7.0,10.5,7.625,10.875],"texture":"#0","tintindex":0},"west":{"uv":[12.25,9.625,12.375,10.0],"texture":"#0","tintindex":0},"up":{"uv":[12.75,6.5,12.125,6.375],"texture":"#0","tintindex":0},"down":{"uv":[12.75,6.5,12.125,6.625],"texture":"#0","tintindex":0}}},{"from":[13.068125,8.49792,-1.2255793],"to":[13.743125,9.17292,-0.55058],"faces":{"east":{"uv":[12.375,4.0,12.5,4.125],"texture":"#0","tintindex":0},"south":{"uv":[5.625,12.375,5.75,12.5],"texture":"#0","tintindex":0},"north":{"uv":[12.375,3.875,12.5,4.0],"texture":"#0","tintindex":0},"west":{"uv":[5.75,12.375,5.875,12.5],"texture":"#0","tintindex":0},"up":{"uv":[6.25,12.5,6.125,12.375],"texture":"#0","tintindex":0},"down":{"uv":[6.375,12.375,6.25,12.5],"texture":"#0","tintindex":0}}},{"from":[3.7868748,8.49792,8.05567],"to":[4.968125,9.17292,8.05567],"rotation":{"origin":[5.305625,8.835421,6.5369205],"axis":"x","angle":-22.5},"faces":{"south":{"uv":[10.25,12.25,10.5,12.375],"texture":"#0","tintindex":0},"north":{"uv":[12.25,10.125,12.5,10.25],"texture":"#0","tintindex":0}}},{"from":[4.4046,5.12292,22.354462],"to":[6.4296,7.14792,24.37946],"rotation":{"origin":[5.4171,6.1354203,23.451336],"axis":"x","angle":-22.5},"faces":{"east":{"uv":[11.25,10.5,11.625,10.875],"texture":"#0","tintindex":0},"south":{"uv":[10.75,11.25,11.125,11.625],"texture":"#0","tintindex":0},"north":{"uv":[11.25,10.125,11.625,10.5],"texture":"#0","tintindex":0},"west":{"uv":[11.125,11.25,11.5,11.625],"texture":"#0","tintindex":0},"up":{"uv":[1.0,11.75,0.625,11.375],"texture":"#0","tintindex":0},"down":{"uv":[8.25,11.375,7.875,11.75],"texture":"#0","tintindex":0}}},{"from":[13.068125,4.11042,4.8494205],"to":[14.418125,5.46042,15.64942],"faces":{"east":{"uv":[8.5,3.125,10.5,3.375],"texture":"#0","tintindex":0},"south":{"uv":[12.25,4.75,12.5,5.0],"texture":"#0","tintindex":0},"north":{"uv":[4.625,12.25,4.875,12.5],"texture":"#0","tintindex":0},"west":{"uv":[8.5,3.375,10.5,3.625],"texture":"#0","tintindex":0},"up":{"uv":[6.625,10.5,6.375,8.5],"texture":"#0","tintindex":0},"down":{"uv":[6.875,8.5,6.625,10.5],"texture":"#0","tintindex":0}}},{"from":[0.9181247,5.12292,5.52442],"to":[2.268125,5.46042,14.974421],"faces":{"east":{"uv":[10.625,2.0,12.375,2.125],"texture":"#0","tintindex":0},"south":{"uv":[12.375,2.625,12.625,2.75],"texture":"#0","tintindex":0},"north":{"uv":[12.375,2.0,12.625,2.125],"texture":"#0","tintindex":0},"west":{"uv":[10.625,7.0,12.375,7.125],"texture":"#0","tintindex":0},"up":{"uv":[7.625,10.25,7.375,8.5],"texture":"#0","tintindex":0},"down":{"uv":[7.875,8.5,7.625,10.25],"texture":"#0","tintindex":0}}},{"from":[2.6056247,4.27917,18.68692],"to":[14.080626,5.6291704,20.03692],"faces":{"east":{"uv":[12.25,7.5,12.5,7.75],"texture":"#0","tintindex":0},"south":{"uv":[8.125,7.5,10.25,7.75],"texture":"#0","tintindex":0},"north":{"uv":[8.0,5.75,10.125,6.0],"texture":"#0","tintindex":0},"west":{"uv":[7.625,12.25,7.875,12.5],"texture":"#0","tintindex":0},"up":{"uv":[10.25,8.0,8.125,7.75],"texture":"#0","tintindex":0},"down":{"uv":[10.25,8.0,8.125,8.25],"texture":"#0","tintindex":0}}},{"from":[2.9431248,8.49792,-1.2255793],"to":[3.618125,9.17292,-0.55058],"faces":{"east":{"uv":[6.5,12.375,6.625,12.5],"texture":"#0","tintindex":0},"south":{"uv":[6.625,12.375,6.75,12.5],"texture":"#0","tintindex":0},"north":{"uv":[6.375,12.375,6.5,12.5],"texture":"#0","tintindex":0},"west":{"uv":[6.75,12.375,6.875,12.5],"texture":"#0","tintindex":0},"up":{"uv":[7.0,12.5,6.875,12.375],"texture":"#0","tintindex":0},"down":{"uv":[7.125,12.375,7.0,12.5],"texture":"#0","tintindex":0}}},{"from":[0.24312449,9.84792,18.18067],"to":[3.618125,11.19792,23.07442],"faces":{"east":{"uv":[10.5,9.125,11.375,9.375],"texture":"#0","tintindex":0},"south":{"uv":[2.125,11.0,2.75,11.25],"texture":"#0","tintindex":0},"north":{"uv":[11.0,0.875,11.625,1.125],"texture":"#0","tintindex":0},"west":{"uv":[10.5,9.375,11.375,9.625],"texture":"#0","tintindex":0},"up":{"uv":[8.625,5.5,8.0,4.625],"texture":"#0","tintindex":0},"down":{"uv":[6.125,8.0,5.5,8.875],"texture":"#0","tintindex":0}}},{"from":[4.968125,8.49792,5.18692],"to":[5.643125,9.17292,8.39317],"rotation":{"origin":[5.305625,8.835421,6.5369205],"axis":"x","angle":-22.5},"faces":{"east":{"uv":[12.125,4.25,12.75,4.375],"texture":"#0","tintindex":0},"south":{"uv":[11.625,8.125,11.75,8.25],"texture":"#0","tintindex":0},"north":{"uv":[6.375,11.5,6.5,11.625],"texture":"#0","tintindex":0},"west":{"uv":[12.125,4.375,12.75,4.5],"texture":"#0","tintindex":0},"up":{"uv":[10.75,12.625,10.625,12.0],"texture":"#0","tintindex":0},"down":{"uv":[12.25,4.5,12.125,5.125],"texture":"#0","tintindex":0}}},{"from":[1.930625,9.17292,-1.9005795],"to":[3.618125,10.86042,-0.55058],"faces":{"east":{"uv":[5.625,12.0,5.875,12.375],"texture":"#0","tintindex":0},"south":{"uv":[6.875,11.25,7.25,11.625],"texture":"#0","tintindex":0},"north":{"uv":[11.25,6.5,11.625,6.875],"texture":"#0","tintindex":0},"west":{"uv":[6.125,12.0,6.375,12.375],"texture":"#0","tintindex":0},"up":{"uv":[9.625,6.75,9.25,6.5],"texture":"#0","tintindex":0},"down":{"uv":[8.25,10.875,7.875,11.125],"texture":"#0","tintindex":0}}},{"from":[13.743125,7.8229203,5.0856705],"to":[14.418125,16.26042,5.7606697],"rotation":{"origin":[2.9431248,11.19792,5.0856705],"axis":"x","angle":22.5},"faces":{"east":{"uv":[1.75,10.625,1.875,12.25],"texture":"#0","tintindex":0},"south":{"uv":[1.875,10.625,2.0,12.25],"texture":"#0","tintindex":0},"north":{"uv":[1.625,10.625,1.75,12.25],"texture":"#0","tintindex":0},"west":{"uv":[2.0,10.625,2.125,12.25],"texture":"#0","tintindex":0},"up":{"uv":[12.5,3.75,12.375,3.625],"texture":"#0","tintindex":0},"down":{"uv":[12.5,3.75,12.375,3.875],"texture":"#0","tintindex":0}}},{"from":[3.618125,5.46042,-2.5755796],"to":[13.068125,8.43042,-1.9005795],"faces":{"east":{"uv":[5.875,12.25,6.0,12.75],"texture":"#0","tintindex":0},"south":{"uv":[7.0,1.625,8.75,2.125],"texture":"#0","tintindex":0},"north":{"uv":[3.5,3.0,5.25,3.5],"texture":"#0","tintindex":0},"west":{"uv":[6.0,12.25,6.125,12.75],"texture":"#0","tintindex":0},"up":{"uv":[12.375,7.25,10.625,7.125],"texture":"#0","tintindex":0},"down":{"uv":[12.375,7.25,10.625,7.375],"texture":"#0","tintindex":0}}},{"from":[0.24312449,7.8229203,-2.6430798],"to":[3.618125,8.49792,4.8494205],"faces":{"east":{"uv":[8.625,2.75,10.0,2.875],"texture":"#0","tintindex":0},"south":{"uv":[12.125,6.25,12.75,6.375],"texture":"#0","tintindex":0},"north":{"uv":[12.125,6.125,12.75,6.25],"texture":"#0","tintindex":0},"west":{"uv":[10.75,10.875,12.125,11.0],"texture":"#0","tintindex":0},"up":{"uv":[3.625,8.625,3.0,7.25],"texture":"#0","tintindex":0},"down":{"uv":[4.25,7.25,3.625,8.625],"texture":"#0","tintindex":0}}},{"from":[4.630625,5.46042,-1.9005795],"to":[12.055625,8.16042,4.8494205],"faces":{"east":{"uv":[1.75,4.25,3.0,4.75],"texture":"#0","tintindex":0},"south":{"uv":[0.0,7.5,1.375,8.0],"texture":"#0","tintindex":0},"north":{"uv":[7.375,7.0,8.75,7.5],"texture":"#0","tintindex":0},"west":{"uv":[1.375,7.5,2.625,8.0],"texture":"#0","tintindex":0},"up":{"uv":[4.875,6.0,3.5,4.75],"texture":"#0","tintindex":0},"down":{"uv":[6.25,4.75,4.875,6.0],"texture":"#0","tintindex":0}}},{"from":[15.768126,5.12292,5.52442],"to":[16.443127,8.49792,14.974421],"faces":{"east":{"uv":[6.0,4.125,7.75,4.75],"texture":"#0","tintindex":0},"south":{"uv":[9.875,12.125,10.0,12.75],"texture":"#0","tintindex":0},"north":{"uv":[12.125,9.75,12.25,10.375],"texture":"#0","tintindex":0},"west":{"uv":[6.25,4.75,8.0,5.375],"texture":"#0","tintindex":0},"up":{"uv":[1.125,12.25,1.0,10.5],"texture":"#0","tintindex":0},"down":{"uv":[1.25,10.5,1.125,12.25],"texture":"#0","tintindex":0}}},{"from":[3.7868748,7.3166704,7.88692],"to":[6.824375,7.3166704,8.56192],"rotation":{"origin":[5.305625,8.49792,6.5369205],"axis":"x","angle":-22.5},"faces":{"up":{"uv":[12.75,5.5,12.125,5.375],"texture":"#0","tintindex":0},"down":{"uv":[12.75,5.5,12.125,5.625],"texture":"#0","tintindex":0}}},{"from":[2.6056247,4.11042,0.79942036],"to":[14.080626,5.46042,2.1494207],"faces":{"east":{"uv":[6.25,7.75,6.5,8.0],"texture":"#0","tintindex":0},"south":{"uv":[7.875,2.875,10.0,3.125],"texture":"#0","tintindex":0},"north":{"uv":[7.5,6.75,9.625,7.0],"texture":"#0","tintindex":0},"west":{"uv":[9.875,5.25,10.125,5.5],"texture":"#0","tintindex":0},"up":{"uv":[10.125,1.625,8.0,1.375],"texture":"#0","tintindex":0},"down":{"uv":[10.125,5.5,8.0,5.75],"texture":"#0","tintindex":0}}},{"from":[3.618125,7.8229203,20.37442],"to":[5.643125,9.84792,21.04942],"faces":{"east":{"uv":[8.75,12.25,8.875,12.625],"texture":"#0","tintindex":0},"south":{"uv":[0.625,11.0,1.0,11.375],"texture":"#0","tintindex":0},"north":{"uv":[2.125,10.625,2.5,11.0],"texture":"#0","tintindex":0},"west":{"uv":[12.25,8.75,12.375,9.125],"texture":"#0","tintindex":0},"up":{"uv":[11.625,7.0,11.25,6.875],"texture":"#0","tintindex":0},"down":{"uv":[12.0,2.875,11.625,3.0],"texture":"#0","tintindex":0}}},{"from":[3.7868748,10.18542,7.88692],"to":[6.824375,10.18542,8.56192],"rotation":{"origin":[5.305625,8.49792,6.5369205],"axis":"x","angle":-22.5},"faces":{"up":{"uv":[12.75,5.25,12.125,5.125],"texture":"#0","tintindex":0},"down":{"uv":[12.75,5.25,12.125,5.375],"texture":"#0","tintindex":0}}},{"from":[13.068125,7.8229203,-2.6430798],"to":[16.443127,8.49792,4.8494205],"faces":{"east":{"uv":[11.0,0.625,12.375,0.75],"texture":"#0","tintindex":0},"south":{"uv":[12.125,10.375,12.75,10.5],"texture":"#0","tintindex":0},"north":{"uv":[12.125,8.0,12.75,8.125],"texture":"#0","tintindex":0},"west":{"uv":[11.0,0.75,12.375,0.875],"texture":"#0","tintindex":0},"up":{"uv":[4.875,8.625,4.25,7.25],"texture":"#0","tintindex":0},"down":{"uv":[5.5,7.25,4.875,8.625],"texture":"#0","tintindex":0}}},{"from":[8.343124,8.49792,6.87442],"to":[12.393126,9.17292,6.87442],"faces":{"south":{"uv":[11.25,0.5,12.0,0.625],"texture":"#0","tintindex":0},"north":{"uv":[5.25,3.375,6.0,3.5],"texture":"#0","tintindex":0}}},{"from":[7.668125,8.49792,5.52442],"to":[8.343124,9.17292,6.87442],"faces":{"east":{"uv":[1.25,9.5,1.5,9.625],"texture":"#0","tintindex":0},"south":{"uv":[10.25,11.375,10.375,11.5],"texture":"#0","tintindex":0},"north":{"uv":[5.875,10.375,6.0,10.5],"texture":"#0","tintindex":0},"west":{"uv":[12.25,10.0,12.5,10.125],"texture":"#0","tintindex":0},"up":{"uv":[10.125,8.75,10.0,8.5],"texture":"#0","tintindex":0},"down":{"uv":[0.625,11.5,0.5,11.75],"texture":"#0","tintindex":0}}},{"from":[13.068125,6.7091703,-2.8118296],"to":[16.443127,8.46417,-2.1368294],"rotation":{"origin":[14.755625,8.16042,-2.6430798],"axis":"x","angle":22.5},"faces":{"east":{"uv":[1.625,6.125,1.75,6.5],"texture":"#0","tintindex":0},"south":{"uv":[6.375,10.5,7.0,10.875],"texture":"#0","tintindex":0},"north":{"uv":[1.0,6.125,1.625,6.5],"texture":"#0","tintindex":0},"west":{"uv":[7.25,11.25,7.375,11.625],"texture":"#0","tintindex":0},"up":{"uv":[11.75,8.625,11.125,8.5],"texture":"#0","tintindex":0},"down":{"uv":[12.75,4.125,12.125,4.25],"texture":"#0","tintindex":0}}},{"from":[3.618125,5.73042,2.1494207],"to":[3.618125,6.57417,4.68067],"rotation":{"origin":[8.343124,8.49792,-2.23808],"axis":"x","angle":-22.5},"faces":{"east":{"uv":[6.5,0.625,7.0,0.75],"texture":"#0","tintindex":0},"west":{"uv":[12.125,10.875,12.625,11.0],"texture":"#0","tintindex":0}}},{"from":[2.268125,4.11042,4.8494205],"to":[3.618125,5.46042,15.64942],"faces":{"east":{"uv":[6.125,8.25,8.125,8.5],"texture":"#0","tintindex":0},"south":{"uv":[12.25,4.5,12.5,4.75],"texture":"#0","tintindex":0},"north":{"uv":[3.0,12.25,3.25,12.5],"texture":"#0","tintindex":0},"west":{"uv":[8.125,8.25,10.125,8.5],"texture":"#0","tintindex":0},"up":{"uv":[3.0,9.5,2.75,7.5],"texture":"#0","tintindex":0},"down":{"uv":[6.375,8.5,6.125,10.5],"texture":"#0","tintindex":0}}}],"textures":{"particle":"#0","0":"modelengine:014c88f6-f9fd-4664-9992-1c419e3e312a"}}