{"display":{"head":{},"firstperson_righthand":{},"thirdperson_lefthand":{},"firstperson_lefthand":{},"fixed":{},"ground":{},"thirdperson_righthand":{},"gui":{"rotation":[-150.0,-45.0,180.0]}},"elements":[{"from":[4.625,2.94345,9.017801],"to":[11.374999,5.64345,14.417801],"rotation":{"origin":[8.675,4.29345,11.7178],"axis":"x","angle":-45.0},"faces":{"east":{"uv":[2.875,12.0,3.375,12.25],"texture":"#0","tintindex":0},"south":{"uv":[0.0,11.25,0.625,11.5],"texture":"#0","tintindex":0},"north":{"uv":[9.75,11.125,10.375,11.375],"texture":"#0","tintindex":0},"west":{"uv":[12.0,2.875,12.5,3.125],"texture":"#0","tintindex":0},"up":{"uv":[10.25,10.25,9.625,9.75],"texture":"#0","tintindex":0},"down":{"uv":[10.5,0.625,9.875,1.125],"texture":"#0","tintindex":0}}},{"from":[4.625,8.88345,10.367802],"to":[11.374999,14.418449,13.0678005],"rotation":{"origin":[8.675,11.58345,11.7178],"axis":"x","angle":-45.0},"faces":{"east":{"uv":[4.125,12.0,4.375,12.5],"texture":"#0","tintindex":0},"south":{"uv":[10.0,1.625,10.625,2.125],"texture":"#0","tintindex":0},"north":{"uv":[0.625,10.0,1.25,10.5],"texture":"#0","tintindex":0},"west":{"uv":[4.375,12.0,4.625,12.5],"texture":"#0","tintindex":0},"up":{"uv":[3.375,11.5,2.75,11.25],"texture":"#0","tintindex":0},"down":{"uv":[4.0,11.25,3.375,11.5],"texture":"#0","tintindex":0}}},{"from":[5.3,4.15845,3.9553013],"to":[10.7,11.92095,12.055302],"faces":{"east":{"uv":[8.0,0.625,8.75,1.375],"texture":"#0","tintindex":0},"south":{"uv":[8.375,8.75,8.875,9.5],"texture":"#0","tintindex":0},"north":{"uv":[1.0,8.75,1.5,9.5],"texture":"#0","tintindex":0},"west":{"uv":[0.75,8.0,1.5,8.75],"texture":"#0","tintindex":0},"up":{"uv":[2.0,9.625,1.5,8.875],"texture":"#0","tintindex":0},"down":{"uv":[2.5,8.875,2.0,9.625],"texture":"#0","tintindex":0}}},{"from":[4.625,11.853451,5.2378006],"to":[11.374999,14.55345,10.6378],"faces":{"east":{"uv":[7.875,12.0,8.375,12.25],"texture":"#0","tintindex":0},"south":{"uv":[5.875,11.25,6.5,11.5],"texture":"#0","tintindex":0},"north":{"uv":[5.25,11.25,5.875,11.5],"texture":"#0","tintindex":0},"west":{"uv":[8.375,12.0,8.875,12.25],"texture":"#0","tintindex":0},"up":{"uv":[1.875,10.625,1.25,10.125],"texture":"#0","tintindex":0},"down":{"uv":[2.5,10.125,1.875,10.625],"texture":"#0","tintindex":0}}},{"from":[4.625,1.4584498,5.3053007],"to":[11.374999,4.15845,10.705301],"faces":{"east":{"uv":[11.875,11.0,12.375,11.25],"texture":"#0","tintindex":0},"south":{"uv":[11.125,8.25,11.75,8.5],"texture":"#0","tintindex":0},"north":{"uv":[7.875,11.125,8.5,11.375],"texture":"#0","tintindex":0},"west":{"uv":[0.0,12.0,0.5,12.25],"texture":"#0","tintindex":0},"up":{"uv":[4.75,10.25,4.125,9.75],"texture":"#0","tintindex":0},"down":{"uv":[5.375,9.75,4.75,10.25],"texture":"#0","tintindex":0}}},{"from":[4.625,5.17095,11.8528],"to":[11.374999,10.57095,14.552801],"faces":{"east":{"uv":[3.625,12.0,3.875,12.5],"texture":"#0","tintindex":0},"south":{"uv":[0.0,10.0,0.625,10.5],"texture":"#0","tintindex":0},"north":{"uv":[9.875,6.0,10.5,6.5],"texture":"#0","tintindex":0},"west":{"uv":[3.875,12.0,4.125,12.5],"texture":"#0","tintindex":0},"up":{"uv":[2.75,11.5,2.125,11.25],"texture":"#0","tintindex":0},"down":{"uv":[11.875,2.125,11.25,2.375],"texture":"#0","tintindex":0}}},{"from":[4.625,5.37345,1.4578009],"to":[11.374999,10.773449,4.1578007],"faces":{"east":{"uv":[7.125,11.875,7.375,12.375],"texture":"#0","tintindex":0},"south":{"uv":[5.375,9.875,6.0,10.375],"texture":"#0","tintindex":0},"north":{"uv":[9.875,4.625,10.5,5.125],"texture":"#0","tintindex":0},"west":{"uv":[3.375,12.0,3.625,12.5],"texture":"#0","tintindex":0},"up":{"uv":[11.875,0.25,11.25,0.0],"texture":"#0","tintindex":0},"down":{"uv":[11.875,0.25,11.25,0.5],"texture":"#0","tintindex":0}}},{"from":[4.625,3.01095,1.6603012],"to":[11.374999,5.71095,7.060301],"rotation":{"origin":[8.675,4.3609495,4.360301],"axis":"x","angle":45.0},"faces":{"east":{"uv":[0.5,12.0,1.0,12.25],"texture":"#0","tintindex":0},"south":{"uv":[9.125,11.125,9.75,11.375],"texture":"#0","tintindex":0},"north":{"uv":[8.5,11.125,9.125,11.375],"texture":"#0","tintindex":0},"west":{"uv":[2.375,12.0,2.875,12.25],"texture":"#0","tintindex":0},"up":{"uv":[9.0,10.25,8.375,9.75],"texture":"#0","tintindex":0},"down":{"uv":[9.625,9.75,9.0,10.25],"texture":"#0","tintindex":0}}},{"from":[4.625,10.36845,1.5928011],"to":[11.374999,13.068449,6.9928017],"rotation":{"origin":[8.675,11.718451,4.292801],"axis":"x","angle":-45.0},"faces":{"east":{"uv":[4.625,12.0,5.125,12.25],"texture":"#0","tintindex":0},"south":{"uv":[4.625,11.25,5.25,11.5],"texture":"#0","tintindex":0},"north":{"uv":[4.0,11.25,4.625,11.5],"texture":"#0","tintindex":0},"west":{"uv":[5.125,12.0,5.625,12.25],"texture":"#0","tintindex":0},"up":{"uv":[10.625,7.5,10.0,7.0],"texture":"#0","tintindex":0},"down":{"uv":[10.75,1.125,10.125,1.625],"texture":"#0","tintindex":0}}}],"textures":{"particle":"#0","0":"modelengine:014c88f6-f9fd-4664-9992-1c419e3e312a"}}