{"display":{"head":{},"firstperson_righthand":{},"thirdperson_lefthand":{},"firstperson_lefthand":{},"fixed":{},"ground":{},"thirdperson_righthand":{},"gui":{"rotation":[-150.0,-45.0,180.0]}},"elements":[{"from":[5.3,11.16564,5.217499],"to":[10.700001,13.86564,10.6175],"faces":{"east":{"uv":[8.375,11.75,8.875,12.0],"texture":"#0","tintindex":0},"south":{"uv":[11.75,8.375,12.25,8.625],"texture":"#0","tintindex":0},"north":{"uv":[11.75,8.125,12.25,8.375],"texture":"#0","tintindex":0},"west":{"uv":[8.875,11.75,9.375,12.0],"texture":"#0","tintindex":0},"up":{"uv":[6.375,11.0,5.875,10.5],"texture":"#0","tintindex":0},"down":{"uv":[11.0,6.0,10.5,6.5],"texture":"#0","tintindex":0}}},{"from":[5.3,3.6731396,2.3824997],"to":[10.700001,6.37314,7.039999],"rotation":{"origin":[9.35,5.02314,4.34],"axis":"x","angle":45.0},"faces":{"east":{"uv":[12.125,0.875,12.5,1.125],"texture":"#0","tintindex":0},"south":{"uv":[11.625,9.75,12.125,10.0],"texture":"#0","tintindex":0},"north":{"uv":[9.75,11.625,10.25,11.875],"texture":"#0","tintindex":0},"west":{"uv":[12.125,2.125,12.5,2.375],"texture":"#0","tintindex":0},"up":{"uv":[11.25,10.5,10.75,10.125],"texture":"#0","tintindex":0},"down":{"uv":[10.75,10.75,10.25,11.125],"texture":"#0","tintindex":0}}},{"from":[5.3,5.4281397,2.045],"to":[10.700001,10.69314,4.744999],"faces":{"east":{"uv":[10.75,11.625,11.0,12.125],"texture":"#0","tintindex":0},"south":{"uv":[3.875,10.5,4.375,11.0],"texture":"#0","tintindex":0},"north":{"uv":[10.5,3.625,11.0,4.125],"texture":"#0","tintindex":0},"west":{"uv":[11.0,11.625,11.25,12.125],"texture":"#0","tintindex":0},"up":{"uv":[12.125,10.75,11.625,10.5],"texture":"#0","tintindex":0},"down":{"uv":[1.0,11.75,0.5,12.0],"texture":"#0","tintindex":0}}},{"from":[5.3,2.1206398,5.285],"to":[10.700001,4.8206396,10.684999],"faces":{"east":{"uv":[11.625,6.75,12.125,7.0],"texture":"#0","tintindex":0},"south":{"uv":[6.875,11.625,7.375,11.875],"texture":"#0","tintindex":0},"north":{"uv":[11.625,6.5,12.125,6.75],"texture":"#0","tintindex":0},"west":{"uv":[11.625,7.875,12.125,8.125],"texture":"#0","tintindex":0},"up":{"uv":[11.0,1.125,10.5,0.625],"texture":"#0","tintindex":0},"down":{"uv":[11.0,3.125,10.5,3.625],"texture":"#0","tintindex":0}}},{"from":[5.3,3.60564,8.997499],"to":[10.700001,6.3056397,13.655],"rotation":{"origin":[9.35,4.95564,11.697499],"axis":"x","angle":-45.0},"faces":{"east":{"uv":[12.125,2.375,12.5,2.625],"texture":"#0","tintindex":0},"south":{"uv":[11.625,10.25,12.125,10.5],"texture":"#0","tintindex":0},"north":{"uv":[11.625,10.0,12.125,10.25],"texture":"#0","tintindex":0},"west":{"uv":[12.125,3.125,12.5,3.375],"texture":"#0","tintindex":0},"up":{"uv":[11.25,10.875,10.75,10.5],"texture":"#0","tintindex":0},"down":{"uv":[5.875,10.875,5.375,11.25],"texture":"#0","tintindex":0}}},{"from":[5.9750004,4.14564,3.9349995],"to":[10.025,11.90814,12.035],"faces":{"east":{"uv":[7.75,3.125,8.5,3.875],"texture":"#0","tintindex":0},"south":{"uv":[2.5,10.25,2.875,11.0],"texture":"#0","tintindex":0},"north":{"uv":[10.125,9.0,10.5,9.75],"texture":"#0","tintindex":0},"west":{"uv":[7.75,3.875,8.5,4.625],"texture":"#0","tintindex":0},"up":{"uv":[3.25,11.0,2.875,10.25],"texture":"#0","tintindex":0},"down":{"uv":[3.625,10.25,3.25,11.0],"texture":"#0","tintindex":0}}},{"from":[5.3,5.3606396,11.359999],"to":[10.700001,10.49064,14.059999],"faces":{"east":{"uv":[11.25,11.625,11.5,12.125],"texture":"#0","tintindex":0},"south":{"uv":[4.375,10.5,4.875,11.0],"texture":"#0","tintindex":0},"north":{"uv":[10.5,4.125,11.0,4.625],"texture":"#0","tintindex":0},"west":{"uv":[2.125,11.75,2.375,12.25],"texture":"#0","tintindex":0},"up":{"uv":[2.875,12.0,2.375,11.75],"texture":"#0","tintindex":0},"down":{"uv":[3.375,11.75,2.875,12.0],"texture":"#0","tintindex":0}}},{"from":[5.3,9.54564,8.862499],"to":[10.700001,12.24564,13.655],"rotation":{"origin":[9.35,10.895639,11.697499],"axis":"x","angle":45.0},"faces":{"east":{"uv":[3.875,11.75,4.375,12.0],"texture":"#0","tintindex":0},"south":{"uv":[4.375,11.75,4.875,12.0],"texture":"#0","tintindex":0},"north":{"uv":[3.375,11.75,3.875,12.0],"texture":"#0","tintindex":0},"west":{"uv":[4.875,11.75,5.375,12.0],"texture":"#0","tintindex":0},"up":{"uv":[11.0,5.125,10.5,4.625],"texture":"#0","tintindex":0},"down":{"uv":[11.0,5.125,10.5,5.625],"texture":"#0","tintindex":0}}},{"from":[5.3,9.208139,2.9224987],"to":[10.700001,13.730639,5.6224995],"rotation":{"origin":[9.35,11.03064,4.272499],"axis":"x","angle":45.0},"faces":{"east":{"uv":[12.125,3.375,12.375,3.75],"texture":"#0","tintindex":0},"south":{"uv":[6.875,10.875,7.375,11.25],"texture":"#0","tintindex":0},"north":{"uv":[6.375,10.875,6.875,11.25],"texture":"#0","tintindex":0},"west":{"uv":[12.125,3.75,12.375,4.125],"texture":"#0","tintindex":0},"up":{"uv":[5.875,12.0,5.375,11.75],"texture":"#0","tintindex":0},"down":{"uv":[8.375,11.75,7.875,12.0],"texture":"#0","tintindex":0}}}],"textures":{"particle":"#0","0":"modelengine:014c88f6-f9fd-4664-9992-1c419e3e312a"}}