{"display":{"head":{},"firstperson_righthand":{},"thirdperson_lefthand":{},"firstperson_lefthand":{},"fixed":{},"ground":{},"thirdperson_righthand":{},"gui":{"rotation":[-150.0,-45.0,180.0]}},"elements":[{"from":[10.0,8.0,6.0],"to":[10.0,11.0,10.0],"rotation":{"origin":[10.0,8.0,8.0],"axis":"z","angle":-22.5},"faces":{"east":{"uv":[0.375,2.75,0.625,2.9375],"texture":"#0","tintindex":0},"west":{"uv":[0.375,2.75,0.625,2.9375],"texture":"#0","tintindex":0}}},{"from":[6.0,8.0,6.0],"to":[10.0,11.0,6.0],"rotation":{"origin":[8.0,8.0,6.0],"axis":"x","angle":-22.5},"faces":{"south":{"uv":[0.375,2.75,0.625,2.9375],"texture":"#0","tintindex":0},"north":{"uv":[0.375,2.75,0.625,2.9375],"texture":"#0","tintindex":0}}},{"from":[6.0,8.0,6.0],"to":[10.0,11.0,10.0],"faces":{"east":{"uv":[0.375,2.5625,0.625,2.75],"texture":"#0","tintindex":0},"south":{"uv":[0.375,2.5625,0.625,2.75],"texture":"#0","tintindex":0},"north":{"uv":[0.375,2.5625,0.625,2.75],"texture":"#0","tintindex":0},"west":{"uv":[0.375,2.5625,0.625,2.75],"texture":"#0","tintindex":0},"up":{"uv":[0.125,2.5625,0.375,2.8125],"texture":"#0","tintindex":0},"down":{"uv":[0.125,2.8125,0.375,3.0625],"texture":"#0","tintindex":0}}},{"from":[6.0,8.0,10.0],"to":[10.0,11.0,10.0],"rotation":{"origin":[8.0,8.0,10.0],"axis":"x","angle":22.5},"faces":{"south":{"uv":[0.375,2.75,0.625,2.9375],"texture":"#0","tintindex":0},"north":{"uv":[0.375,2.75,0.625,2.9375],"texture":"#0","tintindex":0}}},{"from":[6.0,8.0,6.0],"to":[6.0,11.0,10.0],"rotation":{"origin":[6.0,8.0,8.0],"axis":"z","angle":22.5},"faces":{"east":{"uv":[0.375,2.75,0.625,2.9375],"texture":"#0","tintindex":0},"west":{"uv":[0.375,2.75,0.625,2.9375],"texture":"#0","tintindex":0}}}],"textures":{"particle":"#0","0":"modelengine:ee3f885f-f93b-4499-b06e-ac74783a742a"}}