{"display":{"head":{},"firstperson_righthand":{},"thirdperson_lefthand":{},"firstperson_lefthand":{},"fixed":{},"ground":{},"thirdperson_righthand":{},"gui":{"rotation":[-150.0,-45.0,180.0]}},"elements":[{"from":[7.5,8.0,-4.0],"to":[8.5,10.0,8.0],"faces":{"east":{"uv":[6.0,0.0,9.0,0.5],"texture":"#0","tintindex":0},"south":{"uv":[2.0,8.5,2.25,9.0],"texture":"#0","tintindex":0},"north":{"uv":[1.75,8.5,2.0,9.0],"texture":"#0","tintindex":0},"west":{"uv":[6.0,0.5,9.0,1.0],"texture":"#0","tintindex":0},"up":{"uv":[7.75,6.5,7.5,3.5],"texture":"#0","tintindex":0},"down":{"uv":[7.25,7.5,7.0,10.5],"texture":"#0","tintindex":0}}},{"from":[8.0,14.0,-2.5],"to":[11.0,15.0,8.5],"faces":{"east":{"uv":[7.75,3.5,10.5,3.75],"texture":"#0","tintindex":0},"south":{"uv":[8.25,7.75,9.0,8.0],"texture":"#0","tintindex":0},"north":{"uv":[8.25,7.5,9.0,7.75],"texture":"#0","tintindex":0},"west":{"uv":[7.75,3.75,10.5,4.0],"texture":"#0","tintindex":0},"up":{"uv":[5.5,2.75,4.75,0.0],"texture":"#0","tintindex":0},"down":{"uv":[5.5,2.75,4.75,5.5],"texture":"#0","tintindex":0}}},{"from":[-1.5,8.0,6.0],"to":[-0.5,23.0,8.0],"rotation":{"origin":[-1.0,8.0,8.0],"axis":"x","angle":22.5},"faces":{"east":{"uv":[0.0,5.5,0.5,9.25],"texture":"#0","tintindex":0},"south":{"uv":[6.25,7.5,6.5,11.25],"texture":"#0","tintindex":0},"north":{"uv":[6.0,7.5,6.25,11.25],"texture":"#0","tintindex":0},"west":{"uv":[5.5,0.0,6.0,3.75],"texture":"#0","tintindex":0},"up":{"uv":[3.0,9.0,2.75,8.5],"texture":"#0","tintindex":0},"down":{"uv":[3.25,8.5,3.0,9.0],"texture":"#0","tintindex":0}}},{"from":[-4.0,14.0,-2.5],"to":[-1.0,15.0,8.5],"faces":{"east":{"uv":[7.5,6.5,10.25,6.75],"texture":"#0","tintindex":0},"south":{"uv":[8.25,6.25,9.0,6.5],"texture":"#0","tintindex":0},"north":{"uv":[8.25,6.0,9.0,6.25],"texture":"#0","tintindex":0},"west":{"uv":[7.5,6.75,10.25,7.0],"texture":"#0","tintindex":0},"up":{"uv":[4.75,2.75,4.0,0.0],"texture":"#0","tintindex":0},"down":{"uv":[4.75,2.75,4.0,5.5],"texture":"#0","tintindex":0}}},{"from":[-3.5,0.099999905,2.0],"to":[-1.5,12.1,4.0],"rotation":{"origin":[-2.6000004,10.0,0.5],"axis":"x","angle":-45.0},"faces":{"east":{"uv":[2.0,5.5,2.5,8.5],"texture":"#0","tintindex":0},"south":{"uv":[2.5,5.5,3.0,8.5],"texture":"#0","tintindex":0},"north":{"uv":[1.5,5.5,2.0,8.5],"texture":"#0","tintindex":0},"west":{"uv":[3.0,5.5,3.5,8.5],"texture":"#0","tintindex":0},"up":{"uv":[5.5,8.5,5.0,8.0],"texture":"#0","tintindex":0},"down":{"uv":[8.25,8.0,7.75,8.5],"texture":"#0","tintindex":0}}},{"from":[8.5,0.099999905,2.0],"to":[10.5,12.1,4.0],"rotation":{"origin":[-2.3999996,10.0,0.5],"axis":"x","angle":-45.0},"faces":{"east":{"uv":[5.5,3.75,6.0,6.75],"texture":"#0","tintindex":0},"south":{"uv":[4.0,5.5,4.5,8.5],"texture":"#0","tintindex":0},"north":{"uv":[3.5,5.5,4.0,8.5],"texture":"#0","tintindex":0},"west":{"uv":[4.5,5.5,5.0,8.5],"texture":"#0","tintindex":0},"up":{"uv":[8.75,5.5,8.25,5.0],"texture":"#0","tintindex":0},"down":{"uv":[8.75,5.5,8.25,6.0],"texture":"#0","tintindex":0}}},{"from":[7.5,8.0,6.0],"to":[8.5,23.0,8.0],"rotation":{"origin":[8.0,8.0,8.0],"axis":"x","angle":22.5},"faces":{"east":{"uv":[0.5,5.5,1.0,9.25],"texture":"#0","tintindex":0},"south":{"uv":[6.75,7.5,7.0,11.25],"texture":"#0","tintindex":0},"north":{"uv":[6.5,7.5,6.75,11.25],"texture":"#0","tintindex":0},"west":{"uv":[1.0,5.5,1.5,9.25],"texture":"#0","tintindex":0},"up":{"uv":[3.5,9.0,3.25,8.5],"texture":"#0","tintindex":0},"down":{"uv":[3.75,8.5,3.5,9.0],"texture":"#0","tintindex":0}}},{"from":[-0.5,20.0,6.5],"to":[7.5,22.0,7.5],"rotation":{"origin":[8.0,8.0,8.0],"axis":"x","angle":22.5},"faces":{"east":{"uv":[3.75,8.5,4.0,9.0],"texture":"#0","tintindex":0},"south":{"uv":[7.5,3.0,9.5,3.5],"texture":"#0","tintindex":0},"north":{"uv":[7.5,2.5,9.5,3.0],"texture":"#0","tintindex":0},"west":{"uv":[4.0,8.5,4.25,9.0],"texture":"#0","tintindex":0},"up":{"uv":[9.75,4.75,7.75,4.5],"texture":"#0","tintindex":0},"down":{"uv":[9.75,4.75,7.75,5.0],"texture":"#0","tintindex":0}}},{"from":[-0.5,10.0,-4.0],"to":[7.5,10.0,7.25],"faces":{"up":{"uv":[2.0,2.75,0.0,0.0],"texture":"#0","tintindex":0},"down":{"uv":[4.0,0.0,2.0,2.75],"texture":"#0","tintindex":0}}},{"from":[-1.5,8.0,-4.0],"to":[-0.5,10.0,8.0],"faces":{"east":{"uv":[6.0,1.0,9.0,1.5],"texture":"#0","tintindex":0},"south":{"uv":[2.5,8.5,2.75,9.0],"texture":"#0","tintindex":0},"north":{"uv":[2.25,8.5,2.5,9.0],"texture":"#0","tintindex":0},"west":{"uv":[6.0,1.5,9.0,2.0],"texture":"#0","tintindex":0},"up":{"uv":[7.5,10.5,7.25,7.5],"texture":"#0","tintindex":0},"down":{"uv":[7.75,7.5,7.5,10.5],"texture":"#0","tintindex":0}}},{"from":[-1.5,8.0,-5.0],"to":[8.5,10.0,-4.0],"faces":{"east":{"uv":[8.25,8.0,8.5,8.5],"texture":"#0","tintindex":0},"south":{"uv":[7.5,2.0,10.0,2.5],"texture":"#0","tintindex":0},"north":{"uv":[6.0,7.0,8.5,7.5],"texture":"#0","tintindex":0},"west":{"uv":[1.5,8.5,1.75,9.0],"texture":"#0","tintindex":0},"up":{"uv":[10.25,4.25,7.75,4.0],"texture":"#0","tintindex":0},"down":{"uv":[10.25,4.25,7.75,4.5],"texture":"#0","tintindex":0}}},{"from":[8.5,4.0,-0.5],"to":[10.5,14.0,1.5],"faces":{"east":{"uv":[5.5,6.75,6.0,9.25],"texture":"#0","tintindex":0},"south":{"uv":[7.0,2.0,7.5,4.5],"texture":"#0","tintindex":0},"north":{"uv":[6.5,4.5,7.0,7.0],"texture":"#0","tintindex":0},"west":{"uv":[7.0,4.5,7.5,7.0],"texture":"#0","tintindex":0},"up":{"uv":[8.25,6.5,7.75,6.0],"texture":"#0","tintindex":0},"down":{"uv":[8.25,7.5,7.75,8.0],"texture":"#0","tintindex":0}}},{"from":[-0.5,9.5,6.5],"to":[7.5,20.0,6.5],"rotation":{"origin":[8.0,8.0,8.0],"axis":"x","angle":22.5},"faces":{"south":{"uv":[2.0,2.75,4.0,5.5],"texture":"#0","tintindex":0},"north":{"uv":[0.0,2.75,2.0,5.5],"texture":"#0","tintindex":0}}},{"from":[-3.5,4.0,-0.5],"to":[-1.5,14.0,1.5],"faces":{"east":{"uv":[6.0,2.0,6.5,4.5],"texture":"#0","tintindex":0},"south":{"uv":[6.0,4.5,6.5,7.0],"texture":"#0","tintindex":0},"north":{"uv":[5.0,5.5,5.5,8.0],"texture":"#0","tintindex":0},"west":{"uv":[6.5,2.0,7.0,4.5],"texture":"#0","tintindex":0},"up":{"uv":[8.25,5.5,7.75,5.0],"texture":"#0","tintindex":0},"down":{"uv":[8.25,5.5,7.75,6.0],"texture":"#0","tintindex":0}}}],"textures":{"particle":"#0","0":"modelengine:215aae87-2051-474d-bc15-dbff08201d7d"}}