{"display":{"thirdperson_righthand":{"rotation":[90.0,90.0,-20.0],"translation":[0.0,2.0,1.0],"scale":[0.3,0.3,0.3]},"thirdperson_lefthand":{"rotation":[90.0,90.0,-20.0],"translation":[0.0,2.0,1.0],"scale":[0.3,0.3,0.3]},"firstperson_righthand":{"rotation":[0.0,90.0,0.0],"translation":[0.0,0.0,-1.0],"scale":[0.3,0.3,0.3]},"firstperson_lefthand":{"rotation":[0.0,90.0,0.0],"translation":[0.0,0.0,-1.0],"scale":[0.3,0.3,0.3]},"ground":{"translation":[0.0,5.0,0.0],"scale":[0.7,0.7,0.7]},"gui":{"rotation":[-160.0,-35.0,-180.0],"translation":[0.5,0.0,0.0],"scale":[0.5,0.5,0.5]},"head":{"translation":[0.0,-27.0,-1.0],"scale":[2.0,2.0,2.0]},"fixed":{"rotation":[-90.0,0.0,0.0],"translation":[0.0,0.0,-18.0],"scale":[2.5,2.5,2.5]}},"elements":[{"from":[0.0,1.0,-4.0],"to":[2.0,15.0,-2.0],"rotation":{"origin":[1.0,1.0,-4.0],"axis":"x","angle":45.0},"faces":{"north":{"uv":[7.0,7.0,7.5,10.5],"texture":"#1"},"east":{"uv":[7.5,7.0,8.0,10.5],"texture":"#1"},"south":{"uv":[0.0,8.0,0.5,11.5],"texture":"#1"},"west":{"uv":[0.5,8.0,1.0,11.5],"texture":"#1"},"up":{"uv":[1.0,12.0,0.5,11.5],"texture":"#1"},"down":{"uv":[1.5,11.5,1.0,12.0],"texture":"#1"}}},{"from":[14.0,1.0,-4.0],"to":[16.0,15.0,-2.0],"rotation":{"origin":[15.0,1.0,-4.0],"axis":"x","angle":45.0},"faces":{"north":{"uv":[1.0,8.0,1.5,11.5],"texture":"#1"},"east":{"uv":[1.5,8.0,2.0,11.5],"texture":"#1"},"south":{"uv":[2.0,8.0,2.5,11.5],"texture":"#1"},"west":{"uv":[2.5,8.0,3.0,11.5],"texture":"#1"},"up":{"uv":[2.0,12.0,1.5,11.5],"texture":"#1"},"down":{"uv":[2.5,11.5,2.0,12.0],"texture":"#1"}}},{"from":[2.0,1.0,-4.0],"to":[14.0,3.0,-2.0],"rotation":{"origin":[15.0,1.0,-4.0],"axis":"x","angle":45.0},"faces":{"north":{"uv":[8.0,1.0,11.0,1.5],"texture":"#1"},"east":{"uv":[2.5,11.5,3.0,12.0],"texture":"#1"},"south":{"uv":[8.0,1.5,11.0,2.0],"texture":"#1"},"west":{"uv":[3.0,11.5,3.5,12.0],"texture":"#1"},"up":{"uv":[11.0,2.5,8.0,2.0],"texture":"#1"},"down":{"uv":[11.0,2.5,8.0,3.0],"texture":"#1"}}},{"from":[0.0,1.0,19.0],"to":[2.0,15.0,21.0],"rotation":{"origin":[0.0,1.0,21.0],"axis":"x","angle":-45.0},"faces":{"north":{"uv":[3.0,8.0,3.5,11.5],"texture":"#1"},"east":{"uv":[3.5,8.0,4.0,11.5],"texture":"#1"},"south":{"uv":[4.0,8.0,4.5,11.5],"texture":"#1"},"west":{"uv":[4.5,8.0,5.0,11.5],"texture":"#1"},"up":{"uv":[4.0,12.0,3.5,11.5],"texture":"#1"},"down":{"uv":[4.5,11.5,4.0,12.0],"texture":"#1"}}},{"from":[14.0,1.0,19.0],"to":[16.0,15.0,21.0],"rotation":{"origin":[14.0,1.0,21.0],"axis":"x","angle":-45.0},"faces":{"north":{"uv":[5.0,8.0,5.5,11.5],"texture":"#1"},"east":{"uv":[5.5,8.0,6.0,11.5],"texture":"#1"},"south":{"uv":[8.0,7.0,8.5,10.5],"texture":"#1"},"west":{"uv":[8.5,7.0,9.0,10.5],"texture":"#1"},"up":{"uv":[5.0,12.0,4.5,11.5],"texture":"#1"},"down":{"uv":[5.5,11.5,5.0,12.0],"texture":"#1"}}},{"from":[2.0,1.0,19.0],"to":[14.0,3.0,21.0],"rotation":{"origin":[14.0,1.0,21.0],"axis":"x","angle":-45.0},"faces":{"north":{"uv":[9.0,7.0,12.0,7.5],"texture":"#1"},"east":{"uv":[11.5,5.0,12.0,5.5],"texture":"#1"},"south":{"uv":[9.0,7.5,12.0,8.0],"texture":"#1"},"west":{"uv":[5.5,11.5,6.0,12.0],"texture":"#1"},"up":{"uv":[12.0,8.5,9.0,8.0],"texture":"#1"},"down":{"uv":[12.0,8.5,9.0,9.0],"texture":"#1"}}},{"from":[-0.75,9.25,2.5],"to":[2.75,11.25,14.5],"rotation":{"origin":[0.0,9.25,7.0],"axis":"y","angle":0.0},"faces":{"north":{"uv":[6.0,9.0,7.0,9.5],"texture":"#1"},"east":{"uv":[9.0,9.0,12.0,9.5],"texture":"#1"},"south":{"uv":[6.0,9.5,7.0,10.0],"texture":"#1"},"west":{"uv":[9.0,9.5,12.0,10.0],"texture":"#1"},"up":{"uv":[7.0,3.0,6.0,0.0],"texture":"#1"},"down":{"uv":[7.0,3.0,6.0,6.0],"texture":"#1"}}},{"from":[1.0,3.25,1.0],"to":[1.0,4.25,16.0],"rotation":{"origin":[0.0,9.25,7.0],"axis":"y","angle":0.0},"faces":{"north":{"uv":[0.0,0.0,0.0,0.25],"texture":"#1"},"east":{"uv":[11.0,1.5,14.75,1.75],"texture":"#1"},"south":{"uv":[0.0,0.0,0.0,0.25],"texture":"#1"},"west":{"uv":[11.0,1.75,14.75,2.0],"texture":"#1"},"up":{"uv":[0.0,3.75,0.0,0.0],"texture":"#1"},"down":{"uv":[0.0,0.0,0.0,3.75],"texture":"#1"}}},{"from":[15.0,3.25,1.0],"to":[15.0,4.25,16.0],"rotation":{"origin":[14.0,9.25,7.0],"axis":"y","angle":0.0},"faces":{"north":{"uv":[0.0,0.0,0.0,0.25],"texture":"#1"},"east":{"uv":[11.0,2.0,14.75,2.25],"texture":"#1"},"south":{"uv":[0.0,0.0,0.0,0.25],"texture":"#1"},"west":{"uv":[11.0,2.25,14.75,2.5],"texture":"#1"},"up":{"uv":[0.0,0.0,0.0,3.75],"texture":"#1"},"down":{"uv":[0.0,0.0,0.0,3.75],"texture":"#1"}}},{"from":[13.25,9.25,2.5],"to":[16.75,11.25,14.5],"rotation":{"origin":[14.0,9.25,7.0],"axis":"y","angle":0.0},"faces":{"north":{"uv":[6.0,10.0,7.0,10.5],"texture":"#1"},"east":{"uv":[10.0,3.0,13.0,3.5],"texture":"#1"},"south":{"uv":[7.0,11.0,8.0,11.5],"texture":"#1"},"west":{"uv":[10.0,3.5,13.0,4.0],"texture":"#1"},"up":{"uv":[7.0,9.0,6.0,6.0],"texture":"#1"},"down":{"uv":[8.0,0.0,7.0,3.0],"texture":"#1"}}},{"from":[2.0,5.0,-3.5],"to":[14.0,7.0,14.0],"rotation":{"origin":[0.0,7.0,0.0],"axis":"y","angle":0.0},"faces":{"north":{"uv":[10.0,4.0,13.0,4.5],"texture":"#1"},"east":{"uv":[7.0,5.0,11.5,5.5],"texture":"#1"},"south":{"uv":[10.0,4.5,13.0,5.0],"texture":"#1"},"west":{"uv":[7.0,5.5,11.5,6.0],"texture":"#1"},"up":{"uv":[3.0,4.5,0.0,0.0],"texture":"#1"},"down":{"uv":[6.0,0.0,3.0,4.5],"texture":"#1"}}},{"from":[2.0,5.0,14.0],"to":[3.0,7.0,24.5],"rotation":{"origin":[0.0,7.0,0.0],"axis":"y","angle":0.0},"faces":{"north":{"uv":[11.5,5.5,11.75,6.0],"texture":"#1"},"east":{"uv":[10.5,6.0,13.25,6.5],"texture":"#1"},"south":{"uv":[7.0,11.5,7.25,12.0],"texture":"#1"},"west":{"uv":[10.5,6.5,13.25,7.0],"texture":"#1"},"up":{"uv":[6.25,13.75,6.0,11.0],"texture":"#1"},"down":{"uv":[6.5,11.0,6.25,13.75],"texture":"#1"}}},{"from":[13.0,5.0,14.0],"to":[14.0,7.0,24.5],"rotation":{"origin":[11.0,7.0,0.0],"axis":"y","angle":0.0},"faces":{"north":{"uv":[7.25,11.5,7.5,12.0],"texture":"#1"},"east":{"uv":[9.0,10.5,11.75,11.0],"texture":"#1"},"south":{"uv":[7.5,11.5,7.75,12.0],"texture":"#1"},"west":{"uv":[11.0,0.0,13.75,0.5],"texture":"#1"},"up":{"uv":[6.75,13.75,6.5,11.0],"texture":"#1"},"down":{"uv":[7.0,11.0,6.75,13.75],"texture":"#1"}}},{"from":[3.0,5.0,23.5],"to":[13.0,7.0,24.5],"rotation":{"origin":[0.0,7.0,0.0],"axis":"y","angle":0.0},"faces":{"north":{"uv":[11.0,0.5,13.5,1.0],"texture":"#1"},"east":{"uv":[7.75,11.5,8.0,12.0],"texture":"#1"},"south":{"uv":[11.0,1.0,13.5,1.5],"texture":"#1"},"west":{"uv":[8.0,11.5,8.25,12.0],"texture":"#1"},"up":{"uv":[13.5,2.75,11.0,2.5],"texture":"#1"},"down":{"uv":[13.5,2.75,11.0,3.0],"texture":"#1"}}},{"from":[3.0,7.0,23.5],"to":[4.0,13.0,24.5],"rotation":{"origin":[3.5,7.0,24.5],"axis":"x","angle":-45.0},"faces":{"north":{"uv":[10.0,11.0,10.25,12.5],"texture":"#1"},"east":{"uv":[10.25,11.0,10.5,12.5],"texture":"#1"},"south":{"uv":[10.5,11.0,10.75,12.5],"texture":"#1"},"west":{"uv":[10.75,11.0,11.0,12.5],"texture":"#1"},"up":{"uv":[8.5,11.75,8.25,11.5],"texture":"#1"},"down":{"uv":[8.75,11.5,8.5,11.75],"texture":"#1"}}},{"from":[12.0,7.0,23.5],"to":[13.0,13.0,24.5],"rotation":{"origin":[12.5,7.0,24.5],"axis":"x","angle":-45.0},"faces":{"north":{"uv":[11.0,11.0,11.25,12.5],"texture":"#1"},"east":{"uv":[11.25,11.0,11.5,12.5],"texture":"#1"},"south":{"uv":[0.0,11.5,0.25,13.0],"texture":"#1"},"west":{"uv":[0.25,11.5,0.5,13.0],"texture":"#1"},"up":{"uv":[9.0,11.75,8.75,11.5],"texture":"#1"},"down":{"uv":[9.25,11.5,9.0,11.75],"texture":"#1"}}},{"from":[2.0,13.0,15.75],"to":[14.0,15.0,29.75],"rotation":{"origin":[3.5,7.0,24.5],"axis":"x","angle":-45.0},"faces":{"north":{"uv":[8.0,0.0,11.0,0.5],"texture":"#1"},"east":{"uv":[7.0,6.0,10.5,6.5],"texture":"#1"},"south":{"uv":[8.0,0.5,11.0,1.0],"texture":"#1"},"west":{"uv":[7.0,6.5,10.5,7.0],"texture":"#1"},"up":{"uv":[3.0,8.0,0.0,4.5],"texture":"#1"},"down":{"uv":[6.0,4.5,3.0,8.0],"texture":"#1"}}},{"from":[2.0,5.0,-7.5],"to":[14.0,7.0,-3.5],"rotation":{"origin":[8.0,7.0,-3.5],"axis":"x","angle":-45.0},"faces":{"north":{"uv":[9.0,10.0,12.0,10.5],"texture":"#1"},"east":{"uv":[8.0,11.0,9.0,11.5],"texture":"#1"},"south":{"uv":[6.0,10.5,9.0,11.0],"texture":"#1"},"west":{"uv":[9.0,11.0,10.0,11.5],"texture":"#1"},"up":{"uv":[10.0,4.0,7.0,3.0],"texture":"#1"},"down":{"uv":[10.0,4.0,7.0,5.0],"texture":"#1"}}}],"textures":{"particle":"b4a37203-8d1b-4441-8483-7c038b336acd","1":"b4a37203-8d1b-4441-8483-7c038b336acd"}}