{"display":{"ground":{"translation":[0.0,2.0,0.0],"scale":[0.3,0.3,0.3]},"gui":{"rotation":[30.0,45.0,0.0],"scale":[0.8,0.8,0.8]},"head":{"translation":[0.0,-31.0,0.0],"scale":[1.5,1.5,1.5]},"fixed":{"rotation":[-90.0,0.0,0.0],"translation":[0.0,0.0,-16.0],"scale":[2.0,2.0,2.0]}},"elements":[{"from":[7.0,7.0,1.55166],"to":[9.0,9.0,13.55166],"faces":{"east":{"uv":[0.0,7.0,12.0,9.0],"texture":"#0"},"west":{"uv":[0.0,7.0,12.0,9.0],"texture":"#0"},"up":{"uv":[14.0,0.0,16.0,12.0],"texture":"#0"},"down":{"uv":[14.0,0.0,16.0,12.0],"texture":"#0"}}},{"from":[7.0,0.0,6.5],"to":[9.0,4.0,8.5],"faces":{"north":{"uv":[13.0,9.0,15.0,13.0],"texture":"#0"},"east":{"uv":[13.0,12.0,15.0,16.0],"texture":"#0"},"south":{"uv":[9.0,7.0,11.0,11.0],"texture":"#0"},"west":{"uv":[13.0,0.0,15.0,4.0],"texture":"#0"},"up":{"uv":[2.0,5.0,5.0,8.0],"texture":"#0"},"down":{"uv":[10.0,5.0,12.0,7.0],"texture":"#0"}}},{"from":[6.5,3.0,6.0],"to":[9.5,7.0,9.0],"faces":{"north":{"uv":[13.0,9.0,16.0,13.0],"texture":"#0"},"east":{"uv":[0.0,8.0,3.0,12.0],"texture":"#0"},"south":{"uv":[9.0,7.0,12.0,11.0],"texture":"#0"},"west":{"uv":[5.0,3.0,8.0,7.0],"texture":"#0"},"up":{"uv":[2.0,5.0,5.0,8.0],"texture":"#0"},"down":{"uv":[6.0,7.0,9.0,10.0],"texture":"#0"}}},{"from":[6.0,6.0,1.0],"to":[10.0,10.0,2.0],"faces":{"north":{"uv":[0.0,0.0,4.0,4.0],"texture":"#0"},"east":{"uv":[0.0,0.0,1.0,4.0],"texture":"#0"},"south":{"uv":[0.0,0.0,4.0,4.0],"texture":"#0"},"west":{"uv":[3.0,0.0,4.0,4.0],"texture":"#0"},"up":{"uv":[0.0,0.0,4.0,1.0],"texture":"#0"},"down":{"uv":[0.0,3.0,4.0,4.0],"texture":"#0"}}},{"from":[6.0,6.0,13.5],"to":[10.0,10.0,14.5],"faces":{"north":{"uv":[0.0,0.0,4.0,4.0],"texture":"#0"},"east":{"uv":[0.0,0.0,1.0,4.0],"texture":"#0"},"south":{"uv":[0.0,0.0,4.0,4.0],"texture":"#0"},"west":{"uv":[3.0,0.0,4.0,4.0],"texture":"#0"},"up":{"uv":[0.0,0.0,4.0,1.0],"texture":"#0"},"down":{"uv":[0.0,3.0,4.0,4.0],"texture":"#0"}}},{"from":[1.0,6.0,5.5],"to":[2.0,10.0,9.5],"faces":{"north":{"uv":[0.0,0.0,1.0,4.0],"texture":"#0"},"east":{"uv":[0.0,0.0,4.0,4.0],"texture":"#0"},"south":{"uv":[3.0,0.0,4.0,4.0],"texture":"#0"},"west":{"uv":[0.0,0.0,4.0,4.0],"texture":"#0"},"up":{"uv":[0.0,0.0,4.0,1.0],"texture":"#0","rotation":270},"down":{"uv":[0.0,3.0,4.0,4.0],"texture":"#0","rotation":90}}},{"from":[14.0,6.0,5.5],"to":[15.0,10.0,9.5],"faces":{"north":{"uv":[0.0,0.0,1.0,4.0],"texture":"#0"},"east":{"uv":[0.0,0.0,4.0,4.0],"texture":"#0"},"south":{"uv":[3.0,0.0,4.0,4.0],"texture":"#0"},"west":{"uv":[0.0,0.0,4.0,4.0],"texture":"#0"},"up":{"uv":[0.0,0.0,4.0,1.0],"texture":"#0","rotation":270},"down":{"uv":[0.0,3.0,4.0,4.0],"texture":"#0","rotation":90}}},{"from":[2.0,7.1,6.55166],"to":[14.0,9.1,8.55166],"faces":{"north":{"uv":[0.0,7.0,12.0,9.0],"texture":"#0"},"south":{"uv":[0.0,7.0,12.0,9.0],"texture":"#0"},"up":{"uv":[14.0,0.0,16.0,12.0],"texture":"#0","rotation":270},"down":{"uv":[14.0,0.0,16.0,12.0],"texture":"#0","rotation":90}}}],"textures":{"particle":"e3f96d1e-3fc0-412c-85fb-04ba90a7a5b7","0":"e3f96d1e-3fc0-412c-85fb-04ba90a7a5b7"},"gui_light":"front"}