{"display":{"thirdperson_righthand":{"rotation":[70.0,0.0,0.0],"scale":[0.5,0.5,0.5]},"thirdperson_lefthand":{"rotation":[70.0,0.0,0.0],"scale":[0.5,0.5,0.5]},"firstperson_righthand":{"translation":[0.0,3.0,0.0],"scale":[0.5,0.5,0.5]},"firstperson_lefthand":{"translation":[0.0,3.0,0.0],"scale":[0.5,0.5,0.5]},"ground":{"translation":[0.0,6.0,0.0]},"gui":{"rotation":[-160.0,35.0,-180.0],"translation":[-0.5,2.25,0.0],"scale":[0.8,0.8,0.8]},"head":{"translation":[0.75,18.0,1.0],"scale":[2.0,2.0,2.0]},"fixed":{"translation":[0.0,2.0,0.0]}},"elements":[{"from":[3.5,0.0,-1.0],"to":[5.5,2.0,5.0],"rotation":{"origin":[4.5,1.0,1.0],"axis":"y","angle":22.5},"faces":{"north":{"uv":[3.25,6.25,3.75,6.75],"texture":"#0"},"east":{"uv":[7.5,5.5,9.0,6.0],"texture":"#0"},"south":{"uv":[4.75,8.75,5.25,9.25],"texture":"#0"},"west":{"uv":[6.0,7.5,7.5,8.0],"texture":"#0"},"up":{"uv":[8.0,9.0,7.5,7.5],"texture":"#0"},"down":{"uv":[0.5,7.75,0.0,9.25],"texture":"#0"}}},{"from":[3.0,3.25,4.5],"to":[12.0,12.25,13.5],"rotation":{"origin":[7.5,7.75,9.0],"axis":"x","angle":22.5},"faces":{"north":{"uv":[0.0,0.0,2.25,2.25],"texture":"#0"},"east":{"uv":[0.0,2.25,2.25,4.5],"texture":"#0"},"south":{"uv":[2.25,0.0,4.5,2.25],"texture":"#0"},"west":{"uv":[2.25,2.25,4.5,4.5],"texture":"#0"},"up":{"uv":[2.25,6.75,0.0,4.5],"texture":"#0"},"down":{"uv":[6.75,0.0,4.5,2.25],"texture":"#0"}}},{"from":[2.5,1.25,4.0],"to":[6.0,5.25,6.0],"rotation":{"origin":[7.5,7.75,9.0],"axis":"x","angle":22.5},"faces":{"north":{"uv":[2.25,6.25,3.25,7.25],"texture":"#0"},"east":{"uv":[8.5,8.0,9.0,9.0],"texture":"#0"},"south":{"uv":[6.25,2.25,7.25,3.25],"texture":"#0"},"west":{"uv":[0.5,8.75,1.0,9.75],"texture":"#0"},"up":{"uv":[5.5,4.5,4.5,4.0],"texture":"#0"},"down":{"uv":[2.0,6.75,1.0,7.25],"texture":"#0"}}},{"from":[9.0,1.25,4.0],"to":[12.5,5.25,6.0],"rotation":{"origin":[7.5,7.75,9.0],"axis":"x","angle":22.5},"faces":{"north":{"uv":[5.75,6.5,6.75,7.5],"texture":"#0"},"east":{"uv":[1.0,8.75,1.5,9.75],"texture":"#0"},"south":{"uv":[0.0,6.75,1.0,7.75],"texture":"#0"},"west":{"uv":[1.5,8.75,2.0,9.75],"texture":"#0"},"up":{"uv":[9.5,7.5,8.5,7.0],"texture":"#0"},"down":{"uv":[10.0,0.5,9.0,1.0],"texture":"#0"}}},{"from":[-1.4,-0.25,5.0],"to":[4.6,1.75,7.0],"rotation":{"origin":[2.1,0.75,6.0],"axis":"z","angle":22.5},"faces":{"north":{"uv":[7.5,6.0,9.0,6.5],"texture":"#0"},"east":{"uv":[9.0,1.0,9.5,1.5],"texture":"#0"},"south":{"uv":[0.5,7.75,2.0,8.25],"texture":"#0"},"west":{"uv":[9.0,1.5,9.5,2.0],"texture":"#0"},"up":{"uv":[9.5,3.5,8.0,3.0],"texture":"#0"},"down":{"uv":[4.75,8.0,3.25,8.5],"texture":"#0"}}},{"from":[-2.4,-0.25,8.0],"to":[4.6,1.75,10.0],"rotation":{"origin":[2.1,0.75,9.0],"axis":"z","angle":22.5},"faces":{"north":{"uv":[6.25,3.25,8.0,3.75],"texture":"#0"},"east":{"uv":[9.0,2.0,9.5,2.5],"texture":"#0"},"south":{"uv":[6.75,0.0,8.5,0.5],"texture":"#0"},"west":{"uv":[2.5,9.0,3.0,9.5],"texture":"#0"},"up":{"uv":[8.5,1.0,6.75,0.5],"texture":"#0"},"down":{"uv":[8.5,1.0,6.75,1.5],"texture":"#0"}}},{"from":[-1.4,1.75,5.0],"to":[-1.4,2.75,7.0],"rotation":{"origin":[2.1,0.75,6.0],"axis":"z","angle":22.5},"faces":{"north":{"uv":[0.0,0.0,0.0,0.25],"texture":"#0"},"east":{"uv":[6.25,3.75,6.75,4.0],"texture":"#0"},"south":{"uv":[0.0,0.0,0.0,0.25],"texture":"#0"},"west":{"uv":[6.75,2.0,7.25,2.25],"texture":"#0"},"up":{"uv":[0.0,0.5,0.0,0.0],"texture":"#0"},"down":{"uv":[0.0,0.0,0.0,0.5],"texture":"#0"}}},{"from":[-2.4,1.75,8.0],"to":[-2.4,2.75,10.0],"rotation":{"origin":[2.1,0.75,9.0],"axis":"z","angle":22.5},"faces":{"north":{"uv":[0.0,0.0,0.0,0.25],"texture":"#0"},"east":{"uv":[3.25,6.75,3.75,7.0],"texture":"#0"},"south":{"uv":[0.0,0.0,0.0,0.25],"texture":"#0"},"west":{"uv":[6.75,3.75,7.25,4.0],"texture":"#0"},"up":{"uv":[0.0,0.5,0.0,0.0],"texture":"#0"},"down":{"uv":[0.0,0.0,0.0,0.5],"texture":"#0"}}},{"from":[10.25,-0.25,5.0],"to":[16.25,1.75,7.0],"rotation":{"origin":[13.25,0.75,6.0],"axis":"z","angle":-22.5},"faces":{"north":{"uv":[8.0,3.5,9.5,4.0],"texture":"#0"},"east":{"uv":[9.0,2.5,9.5,3.0],"texture":"#0"},"south":{"uv":[8.0,4.0,9.5,4.5],"texture":"#0"},"west":{"uv":[9.0,5.5,9.5,6.0],"texture":"#0"},"up":{"uv":[9.5,5.0,8.0,4.5],"texture":"#0"},"down":{"uv":[9.5,5.0,8.0,5.5],"texture":"#0"}}},{"from":[16.25,1.75,5.0],"to":[16.25,2.75,7.0],"rotation":{"origin":[13.25,0.75,6.0],"axis":"z","angle":-22.5},"faces":{"north":{"uv":[0.0,0.0,0.0,0.25],"texture":"#0"},"east":{"uv":[7.25,3.0,7.75,3.25],"texture":"#0"},"south":{"uv":[0.0,0.0,0.0,0.25],"texture":"#0"},"west":{"uv":[5.25,9.25,5.75,9.5],"texture":"#0"},"up":{"uv":[0.0,0.5,0.0,0.0],"texture":"#0"},"down":{"uv":[0.0,0.0,0.0,0.5],"texture":"#0"}}},{"from":[10.25,-0.25,8.0],"to":[17.25,1.75,10.0],"rotation":{"origin":[13.25,0.75,9.0],"axis":"z","angle":-22.5},"faces":{"north":{"uv":[6.75,1.5,8.5,2.0],"texture":"#0"},"east":{"uv":[6.0,9.0,6.5,9.5],"texture":"#0"},"south":{"uv":[6.75,6.5,8.5,7.0],"texture":"#0"},"west":{"uv":[9.0,6.0,9.5,6.5],"texture":"#0"},"up":{"uv":[5.0,7.5,3.25,7.0],"texture":"#0"},"down":{"uv":[8.5,7.0,6.75,7.5],"texture":"#0"}}},{"from":[17.25,1.75,8.0],"to":[17.25,2.75,10.0],"rotation":{"origin":[13.25,0.75,9.0],"axis":"z","angle":-22.5},"faces":{"north":{"uv":[0.0,0.0,0.0,0.25],"texture":"#0"},"east":{"uv":[9.5,1.0,10.0,1.25],"texture":"#0"},"south":{"uv":[0.0,0.0,0.0,0.25],"texture":"#0"},"west":{"uv":[9.5,1.25,10.0,1.5],"texture":"#0"},"up":{"uv":[0.0,0.5,0.0,0.0],"texture":"#0"},"down":{"uv":[0.0,0.0,0.0,0.5],"texture":"#0"}}},{"from":[5.0,-0.75,10.5],"to":[7.0,1.25,17.5],"rotation":{"origin":[6.0,0.25,13.5],"axis":"x","angle":22.5},"faces":{"north":{"uv":[6.5,9.0,7.0,9.5],"texture":"#0"},"east":{"uv":[1.0,7.25,2.75,7.75],"texture":"#0"},"south":{"uv":[7.0,9.0,7.5,9.5],"texture":"#0"},"west":{"uv":[7.25,2.0,9.0,2.5],"texture":"#0"},"up":{"uv":[5.5,8.75,5.0,7.0],"texture":"#0"},"down":{"uv":[3.25,7.25,2.75,9.0],"texture":"#0"}}},{"from":[0.0,0.0,9.0],"to":[2.0,2.0,15.0],"rotation":{"origin":[1.0,1.0,14.0],"axis":"y","angle":-45.0},"faces":{"north":{"uv":[7.5,9.0,8.0,9.5],"texture":"#0"},"east":{"uv":[6.0,8.0,7.5,8.5],"texture":"#0"},"south":{"uv":[9.0,8.0,9.5,8.5],"texture":"#0"},"west":{"uv":[8.0,7.5,9.5,8.0],"texture":"#0"},"up":{"uv":[2.5,9.25,2.0,7.75],"texture":"#0"},"down":{"uv":[8.5,8.0,8.0,9.5],"texture":"#0"}}},{"from":[8.0,-0.75,10.5],"to":[10.0,1.25,17.5],"rotation":{"origin":[9.0,0.25,13.5],"axis":"x","angle":22.5},"faces":{"north":{"uv":[8.5,9.0,9.0,9.5],"texture":"#0"},"east":{"uv":[7.25,2.5,9.0,3.0],"texture":"#0"},"south":{"uv":[9.0,8.5,9.5,9.0],"texture":"#0"},"west":{"uv":[3.25,7.5,5.0,8.0],"texture":"#0"},"up":{"uv":[8.0,5.5,7.5,3.75],"texture":"#0"},"down":{"uv":[6.0,7.5,5.5,9.25],"texture":"#0"}}},{"from":[13.0,0.0,9.0],"to":[15.0,2.0,15.0],"rotation":{"origin":[14.0,1.0,14.0],"axis":"y","angle":45.0},"faces":{"north":{"uv":[9.0,9.0,9.5,9.5],"texture":"#0"},"east":{"uv":[0.5,8.25,2.0,8.75],"texture":"#0"},"south":{"uv":[0.0,9.25,0.5,9.75],"texture":"#0"},"west":{"uv":[8.5,0.0,10.0,0.5],"texture":"#0"},"up":{"uv":[9.0,2.0,8.5,0.5],"texture":"#0"},"down":{"uv":[3.75,8.5,3.25,10.0],"texture":"#0"}}},{"from":[5.0,1.25,17.5],"to":[7.0,2.25,17.5],"rotation":{"origin":[6.0,0.25,13.5],"axis":"x","angle":22.5},"faces":{"north":{"uv":[9.5,1.5,10.0,1.75],"texture":"#0"},"east":{"uv":[0.0,0.0,0.0,0.25],"texture":"#0"},"south":{"uv":[9.5,1.75,10.0,2.0],"texture":"#0"},"west":{"uv":[0.0,0.0,0.0,0.25],"texture":"#0"},"up":{"uv":[0.5,0.0,0.0,0.0],"texture":"#0"},"down":{"uv":[0.5,0.0,0.0,0.0],"texture":"#0"}}},{"from":[8.0,1.25,17.5],"to":[10.0,2.25,17.5],"rotation":{"origin":[9.0,0.25,13.5],"axis":"x","angle":22.5},"faces":{"north":{"uv":[9.5,2.0,10.0,2.25],"texture":"#0"},"east":{"uv":[0.0,0.0,0.0,0.25],"texture":"#0"},"south":{"uv":[9.5,2.25,10.0,2.5],"texture":"#0"},"west":{"uv":[0.0,0.0,0.0,0.25],"texture":"#0"},"up":{"uv":[0.5,0.0,0.0,0.0],"texture":"#0"},"down":{"uv":[0.5,0.0,0.0,0.0],"texture":"#0"}}},{"from":[4.0,0.0,4.0],"to":[11.0,5.0,11.0],"rotation":{"origin":[6.0,2.0,6.0],"axis":"y","angle":0.0},"faces":{"north":{"uv":[4.0,4.5,5.75,5.75],"texture":"#0"},"east":{"uv":[4.0,5.75,5.75,7.0],"texture":"#0"},"south":{"uv":[5.75,4.0,7.5,5.25],"texture":"#0"},"west":{"uv":[5.75,5.25,7.5,6.5],"texture":"#0"},"up":{"uv":[4.0,6.25,2.25,4.5],"texture":"#0"},"down":{"uv":[6.25,2.25,4.5,4.0],"texture":"#0"}}},{"from":[9.5,0.0,-1.0],"to":[11.5,2.0,5.0],"rotation":{"origin":[10.5,1.0,1.0],"axis":"y","angle":-22.5},"faces":{"north":{"uv":[2.0,9.25,2.5,9.75],"texture":"#0"},"east":{"uv":[6.0,8.5,7.5,9.0],"texture":"#0"},"south":{"uv":[4.75,9.25,5.25,9.75],"texture":"#0"},"west":{"uv":[8.5,6.5,10.0,7.0],"texture":"#0"},"up":{"uv":[4.25,10.0,3.75,8.5],"texture":"#0"},"down":{"uv":[4.75,8.5,4.25,10.0],"texture":"#0"}}}],"textures":{"particle":"964da028-bfb4-47d6-822b-571600028c55","0":"964da028-bfb4-47d6-822b-571600028c55"}}