{"display":{"thirdperson_righthand":{"rotation":[70.0,0.0,0.0],"translation":[0.0,4.0,4.0],"scale":[0.7,0.7,0.7]},"thirdperson_lefthand":{"rotation":[70.0,0.0,0.0],"translation":[0.0,4.0,4.0],"scale":[0.7,0.7,0.7]},"firstperson_righthand":{"translation":[0.0,6.0,0.0]},"firstperson_lefthand":{"translation":[0.0,6.0,0.0]},"ground":{"translation":[0.0,6.0,0.0]},"gui":{"rotation":[-165.0,45.0,-180.0],"translation":[-0.75,7.25,0.0],"scale":[1.2,1.2,1.2]},"head":{"translation":[0.0,17.25,0.0],"scale":[2.0,2.0,2.0]},"fixed":{"translation":[0.0,6.5,0.0]}},"elements":[{"from":[4.0,0.0,4.0],"to":[12.0,2.0,5.0],"rotation":{"origin":[4.0,0.0,4.0],"axis":"y","angle":0.0},"faces":{"north":{"uv":[0.0,0.0,8.0,2.0],"texture":"#0"},"east":{"uv":[8.0,10.0,9.0,12.0],"texture":"#0"},"south":{"uv":[0.0,2.0,8.0,4.0],"texture":"#0"},"west":{"uv":[9.0,10.0,10.0,12.0],"texture":"#0"},"up":{"uv":[14.0,9.0,6.0,8.0],"texture":"#0"},"down":{"uv":[16.0,6.0,8.0,7.0],"texture":"#0"}}},{"from":[4.0,0.0,11.0],"to":[12.0,2.0,12.0],"rotation":{"origin":[4.0,0.0,12.0],"axis":"y","angle":0.0},"faces":{"north":{"uv":[0.0,4.0,8.0,6.0],"texture":"#0"},"east":{"uv":[10.0,10.0,11.0,12.0],"texture":"#0"},"south":{"uv":[0.0,6.0,8.0,8.0],"texture":"#0"},"west":{"uv":[11.0,10.0,12.0,12.0],"texture":"#0"},"up":{"uv":[16.0,8.0,8.0,7.0],"texture":"#0"},"down":{"uv":[14.0,9.0,6.0,10.0],"texture":"#0"}}},{"from":[4.0,0.0,12.0],"to":[4.0,2.0,14.0],"rotation":{"origin":[4.0,0.0,12.0],"axis":"y","angle":0.0},"faces":{"north":{"uv":[0.0,0.0,0.0,2.0],"texture":"#0"},"east":{"uv":[4.0,10.0,6.0,12.0],"texture":"#0"},"south":{"uv":[0.0,0.0,0.0,2.0],"texture":"#0"},"west":{"uv":[6.0,10.0,8.0,12.0],"texture":"#0"},"up":{"uv":[0.0,2.0,0.0,0.0],"texture":"#0"},"down":{"uv":[0.0,0.0,0.0,2.0],"texture":"#0"}}},{"from":[4.0,0.0,5.0],"to":[5.0,2.0,11.0],"rotation":{"origin":[4.0,0.0,12.0],"axis":"y","angle":0.0},"faces":{"north":{"uv":[4.0,12.0,5.0,14.0],"texture":"#0"},"east":{"uv":[0.0,8.0,6.0,10.0],"texture":"#0"},"south":{"uv":[5.0,12.0,6.0,14.0],"texture":"#0"},"west":{"uv":[8.0,0.0,14.0,2.0],"texture":"#0"},"up":{"uv":[1.0,16.0,0.0,10.0],"texture":"#0"},"down":{"uv":[2.0,10.0,1.0,16.0],"texture":"#0"}}},{"from":[11.0,0.0,5.0],"to":[12.0,2.0,11.0],"rotation":{"origin":[4.0,0.0,12.0],"axis":"y","angle":0.0},"faces":{"north":{"uv":[6.0,12.0,7.0,14.0],"texture":"#0"},"east":{"uv":[8.0,2.0,14.0,4.0],"texture":"#0"},"south":{"uv":[7.0,12.0,8.0,14.0],"texture":"#0"},"west":{"uv":[8.0,4.0,14.0,6.0],"texture":"#0"},"up":{"uv":[3.0,16.0,2.0,10.0],"texture":"#0"},"down":{"uv":[4.0,10.0,3.0,16.0],"texture":"#0"}}}],"textures":{"particle":"a425afdd-a0ff-4f9a-8490-59e324f35ec8","0":"a425afdd-a0ff-4f9a-8490-59e324f35ec8"}}