{"display":{"thirdperson_righthand":{"rotation":[70.0,0.0,0.0],"translation":[0.0,1.0,0.0],"scale":[0.2,0.2,0.2]},"thirdperson_lefthand":{"rotation":[70.0,0.0,0.0],"translation":[0.0,1.0,0.0],"scale":[0.2,0.2,0.2]},"firstperson_righthand":{"scale":[0.2,0.2,0.2]},"firstperson_lefthand":{"scale":[0.2,0.2,0.2]},"ground":{"translation":[0.0,6.0,0.0],"scale":[0.5,0.5,0.5]},"gui":{"rotation":[-160.0,35.0,-180.0],"translation":[0.0,-0.5,0.0],"scale":[0.3,0.3,0.3]},"head":{"translation":[0.0,-29.5,0.0],"scale":[1.7,1.7,1.7]},"fixed":{"rotation":[-90.0,0.0,0.0],"translation":[0.0,2.0,-18.0],"scale":[2.5,2.5,2.5]}},"elements":[{"from":[-15.5,0.0,-1.0],"to":[-13.5,4.0,1.0],"rotation":{"origin":[-15.5,-1.0,-1.0],"axis":"y","angle":0.0},"faces":{"north":{"uv":[9.625,9.0,9.875,9.5],"texture":"#1"},"east":{"uv":[9.625,9.5,9.875,10.0],"texture":"#1"},"south":{"uv":[5.75,9.75,6.0,10.25],"texture":"#1"},"west":{"uv":[6.0,9.75,6.25,10.25],"texture":"#1"},"up":{"uv":[9.875,8.75,9.625,8.5],"texture":"#1"},"down":{"uv":[4.75,9.875,4.5,10.125],"texture":"#1"}}},{"from":[29.5,0.0,-1.0],"to":[31.5,4.0,1.0],"rotation":{"origin":[29.5,-1.0,-1.0],"axis":"y","angle":0.0},"faces":{"north":{"uv":[9.625,9.0,9.875,9.5],"texture":"#1"},"east":{"uv":[9.625,9.5,9.875,10.0],"texture":"#1"},"south":{"uv":[5.75,9.75,6.0,10.25],"texture":"#1"},"west":{"uv":[6.0,9.75,6.25,10.25],"texture":"#1"},"up":{"uv":[9.625,8.5,9.875,8.75],"texture":"#1"},"down":{"uv":[4.5,9.875,4.75,10.125],"texture":"#1"}}},{"from":[-15.5,0.0,14.0],"to":[-13.5,4.0,16.0],"rotation":{"origin":[-15.5,-1.0,14.0],"axis":"y","angle":0.0},"faces":{"north":{"uv":[6.25,9.75,6.5,10.25],"texture":"#1"},"east":{"uv":[6.5,9.75,6.75,10.25],"texture":"#1"},"south":{"uv":[6.75,9.75,7.0,10.25],"texture":"#1"},"west":{"uv":[7.0,9.75,7.25,10.25],"texture":"#1"},"up":{"uv":[10.125,8.75,9.875,8.5],"texture":"#1"},"down":{"uv":[10.125,9.0,9.875,9.25],"texture":"#1"}}},{"from":[29.5,0.0,14.0],"to":[31.5,4.0,16.0],"rotation":{"origin":[29.5,-1.0,14.0],"axis":"y","angle":0.0},"faces":{"north":{"uv":[7.25,9.75,7.5,10.25],"texture":"#1"},"east":{"uv":[7.5,9.75,7.75,10.25],"texture":"#1"},"south":{"uv":[4.0,9.875,4.25,10.375],"texture":"#1"},"west":{"uv":[4.25,9.875,4.5,10.375],"texture":"#1"},"up":{"uv":[9.5,10.125,9.25,9.875],"texture":"#1"},"down":{"uv":[10.125,9.25,9.875,9.5],"texture":"#1"}}},{"from":[-15.5,4.0,-1.0],"to":[31.5,7.0,16.0],"rotation":{"origin":[-15.5,-1.0,1.0],"axis":"y","angle":0.0},"faces":{"north":{"uv":[5.875,3.625,11.75,4.0],"texture":"#1"},"east":{"uv":[3.25,8.375,5.375,8.75],"texture":"#1"},"south":{"uv":[5.375,6.375,11.25,6.75],"texture":"#1"},"west":{"uv":[5.375,8.375,7.5,8.75],"texture":"#1"},"up":{"uv":[5.875,2.125,0.0,0.0],"texture":"#1"},"down":{"uv":[5.875,2.125,0.0,4.25],"texture":"#1"}}},{"from":[-13.5,7.0,-2.0],"to":[29.5,10.0,15.0],"rotation":{"origin":[-15.5,-1.0,1.0],"axis":"y","angle":0.0},"faces":{"north":{"uv":[5.375,6.75,10.75,7.125],"texture":"#1"},"east":{"uv":[7.5,8.375,9.625,8.75],"texture":"#1"},"south":{"uv":[5.375,7.125,10.75,7.5],"texture":"#1"},"west":{"uv":[3.25,8.75,5.375,9.125],"texture":"#1"},"up":{"uv":[5.375,6.375,0.0,4.25],"texture":"#1"},"down":{"uv":[10.75,4.25,5.375,6.375],"texture":"#1"}}},{"from":[-15.5,7.0,14.0],"to":[-13.5,20.0,16.0],"rotation":{"origin":[-14.5,-1.0,15.0],"axis":"y","angle":0.0},"faces":{"north":{"uv":[0.875,9.125,1.125,10.75],"texture":"#1"},"east":{"uv":[1.125,9.125,1.375,10.75],"texture":"#1"},"south":{"uv":[1.375,9.125,1.625,10.75],"texture":"#1"},"west":{"uv":[1.625,9.125,1.875,10.75],"texture":"#1"},"up":{"uv":[10.125,9.75,9.875,9.5],"texture":"#1"},"down":{"uv":[10.125,9.75,9.875,10.0],"texture":"#1"}}},{"from":[-15.5,7.0,-1.0],"to":[-13.5,13.0,1.0],"rotation":{"origin":[-14.5,-1.0,0.0],"axis":"y","angle":0.0},"faces":{"north":{"uv":[7.75,9.625,8.0,10.375],"texture":"#1"},"east":{"uv":[8.0,9.625,8.25,10.375],"texture":"#1"},"south":{"uv":[8.25,9.625,8.5,10.375],"texture":"#1"},"west":{"uv":[8.5,9.625,8.75,10.375],"texture":"#1"},"up":{"uv":[3.125,10.25,2.875,10.0],"texture":"#1"},"down":{"uv":[3.375,10.0,3.125,10.25],"texture":"#1"}}},{"from":[29.5,13.0,-2.0],"to":[31.5,14.0,14.0],"rotation":{"origin":[30.5,-1.0,1.0],"axis":"y","angle":0.0},"faces":{"north":{"uv":[4.875,9.5,5.125,9.625],"texture":"#1"},"east":{"uv":[5.75,9.625,7.75,9.75],"texture":"#1"},"south":{"uv":[5.125,9.5,5.375,9.625],"texture":"#1"},"west":{"uv":[9.625,8.375,11.625,8.5],"texture":"#1"},"up":{"uv":[0.625,11.125,0.375,9.125],"texture":"#1"},"down":{"uv":[0.875,9.125,0.625,11.125],"texture":"#1"}}},{"from":[31.5,7.0,1.0],"to":[31.5,13.0,14.0],"rotation":{"origin":[32.5,-1.0,1.0],"axis":"y","angle":0.0},"faces":{"north":{"uv":[0.0,0.0,0.0,0.75],"texture":"#1"},"east":{"uv":[0.0,8.375,1.625,9.125],"texture":"#1"},"south":{"uv":[0.0,0.0,0.0,0.75],"texture":"#1"},"west":{"uv":[1.625,8.375,3.25,9.125],"texture":"#1"},"up":{"uv":[0.0,1.625,0.0,0.0],"texture":"#1"},"down":{"uv":[0.0,0.0,0.0,1.625],"texture":"#1"}}},{"from":[29.5,7.0,-1.0],"to":[31.5,13.0,1.0],"rotation":{"origin":[30.5,-1.0,0.0],"axis":"y","angle":0.0},"faces":{"north":{"uv":[7.75,9.625,8.0,10.375],"texture":"#1"},"east":{"uv":[8.0,9.625,8.25,10.375],"texture":"#1"},"south":{"uv":[8.25,9.625,8.5,10.375],"texture":"#1"},"west":{"uv":[8.5,9.625,8.75,10.375],"texture":"#1"},"up":{"uv":[2.875,10.0,3.125,10.25],"texture":"#1"},"down":{"uv":[3.125,10.0,3.375,10.25],"texture":"#1"}}},{"from":[-15.5,7.0,1.0],"to":[-15.5,13.0,14.0],"rotation":{"origin":[-14.5,-1.0,1.0],"axis":"y","angle":0.0},"faces":{"north":{"uv":[0.0,0.0,0.0,0.75],"texture":"#1"},"east":{"uv":[0.0,8.375,1.625,9.125],"texture":"#1"},"south":{"uv":[0.0,0.0,0.0,0.75],"texture":"#1"},"west":{"uv":[1.625,8.375,3.25,9.125],"texture":"#1"},"up":{"uv":[0.0,0.0,0.0,1.625],"texture":"#1"},"down":{"uv":[0.0,0.0,0.0,1.625],"texture":"#1"}}},{"from":[-15.5,13.0,-2.0],"to":[-13.5,14.0,14.0],"rotation":{"origin":[-14.5,-1.0,1.0],"axis":"y","angle":0.0},"faces":{"north":{"uv":[4.875,9.5,5.125,9.625],"texture":"#1"},"east":{"uv":[5.75,9.625,7.75,9.75],"texture":"#1"},"south":{"uv":[5.125,9.5,5.375,9.625],"texture":"#1"},"west":{"uv":[9.625,8.375,11.625,8.5],"texture":"#1"},"up":{"uv":[0.375,9.125,0.625,11.125],"texture":"#1"},"down":{"uv":[0.625,9.125,0.875,11.125],"texture":"#1"}}},{"from":[29.5,7.0,14.0],"to":[31.5,20.0,16.0],"rotation":{"origin":[29.5,2.0,14.0],"axis":"y","angle":0.0},"faces":{"north":{"uv":[1.875,9.125,2.125,10.75],"texture":"#1"},"east":{"uv":[2.125,9.125,2.375,10.75],"texture":"#1"},"south":{"uv":[2.375,9.125,2.625,10.75],"texture":"#1"},"west":{"uv":[2.625,9.125,2.875,10.75],"texture":"#1"},"up":{"uv":[3.625,10.25,3.375,10.0],"texture":"#1"},"down":{"uv":[5.0,10.0,4.75,10.25],"texture":"#1"}}},{"from":[-13.5,10.0,14.0],"to":[29.5,11.0,16.0],"rotation":{"origin":[29.5,2.0,14.0],"axis":"y","angle":0.0},"faces":{"north":{"uv":[8.875,8.75,14.25,8.875],"texture":"#1"},"east":{"uv":[5.5,10.0,5.75,10.125],"texture":"#1"},"south":{"uv":[8.875,8.875,14.25,9.0],"texture":"#1"},"west":{"uv":[9.5,10.0,9.75,10.125],"texture":"#1"},"up":{"uv":[11.25,4.25,5.875,4.0],"texture":"#1"},"down":{"uv":[5.375,7.625,0.0,7.875],"texture":"#1"}}},{"from":[-13.5,18.0,14.0],"to":[29.5,20.0,16.0],"rotation":{"origin":[29.5,1.0,14.0],"axis":"y","angle":0.0},"faces":{"north":{"uv":[0.0,7.875,5.375,8.125],"texture":"#1"},"east":{"uv":[5.0,10.0,5.25,10.25],"texture":"#1"},"south":{"uv":[5.375,7.875,10.75,8.125],"texture":"#1"},"west":{"uv":[5.25,10.0,5.5,10.25],"texture":"#1"},"up":{"uv":[5.375,8.375,0.0,8.125],"texture":"#1"},"down":{"uv":[10.75,8.125,5.375,8.375],"texture":"#1"}}},{"from":[-13.5,10.0,11.0],"to":[29.5,21.0,14.0],"rotation":{"origin":[-31.5,-1.0,-5.0],"axis":"y","angle":0.0},"faces":{"north":{"uv":[5.875,0.0,11.25,1.375],"texture":"#1"},"east":{"uv":[8.875,9.0,9.25,10.375],"texture":"#1"},"south":{"uv":[5.875,1.375,11.25,2.75],"texture":"#1"},"west":{"uv":[0.0,9.125,0.375,10.5],"texture":"#1"},"up":{"uv":[5.375,7.625,0.0,7.25],"texture":"#1"},"down":{"uv":[10.75,7.5,5.375,7.875],"texture":"#1"}}},{"from":[-13.5,10.0,8.0],"to":[-6.5,17.0,11.0],"rotation":{"origin":[-10.0,13.5,9.5],"axis":"y","angle":-22.5},"faces":{"north":{"uv":[5.375,8.75,6.25,9.625],"texture":"#1"},"east":{"uv":[2.875,9.125,3.25,10.0],"texture":"#1"},"south":{"uv":[6.25,8.75,7.125,9.625],"texture":"#1"},"west":{"uv":[3.25,9.125,3.625,10.0],"texture":"#1"},"up":{"uv":[4.5,9.5,3.625,9.125],"texture":"#1"},"down":{"uv":[5.375,9.125,4.5,9.5],"texture":"#1"}}},{"from":[22.35355,10.0,7.89645],"to":[29.35355,17.0,10.89645],"rotation":{"origin":[25.85355,13.5,9.39645],"axis":"y","angle":22.5},"faces":{"north":{"uv":[7.125,8.75,8.0,9.625],"texture":"#1"},"east":{"uv":[9.25,9.0,9.625,9.875],"texture":"#1"},"south":{"uv":[8.0,8.75,8.875,9.625],"texture":"#1"},"west":{"uv":[3.625,9.5,4.0,10.375],"texture":"#1"},"up":{"uv":[4.875,9.875,4.0,9.5],"texture":"#1"},"down":{"uv":[5.75,9.625,4.875,10.0],"texture":"#1"}}},{"from":[-13.5,11.0,16.0],"to":[29.5,18.0,16.0],"rotation":{"origin":[29.5,1.0,14.0],"axis":"y","angle":0.0},"faces":{"north":{"uv":[5.875,2.75,11.25,3.625],"texture":"#1"},"east":{"uv":[0.0,0.0,0.0,0.875],"texture":"#1"},"south":{"uv":[0.0,6.375,5.375,7.25],"texture":"#1"},"west":{"uv":[0.0,0.0,0.0,0.875],"texture":"#1"},"up":{"uv":[5.375,0.0,0.0,0.0],"texture":"#1"},"down":{"uv":[0.0,0.0,5.375,0.0],"texture":"#1"}}}],"textures":{"particle":"363f9dcb-36cb-4626-9a12-21ec7b77c707","1":"363f9dcb-36cb-4626-9a12-21ec7b77c707"}}