{"display":{"thirdperson_righthand":{"rotation":[70.0,0.0,0.0],"translation":[0.0,3.0,2.0],"scale":[0.5,0.5,0.5]},"thirdperson_lefthand":{"rotation":[70.0,0.0,0.0],"translation":[0.0,3.0,2.0],"scale":[0.5,0.5,0.5]},"firstperson_righthand":{"translation":[0.0,4.0,0.0],"scale":[0.5,0.5,0.5]},"firstperson_lefthand":{"translation":[0.0,4.0,0.0],"scale":[0.5,0.5,0.5]},"ground":{"translation":[0.0,6.0,0.0]},"gui":{"rotation":[25.0,45.0,0.0],"translation":[0.0,3.5,0.0],"scale":[0.7,0.7,0.7]},"head":{"translation":[0.0,11.25,0.0],"scale":[1.2,1.2,1.2]},"fixed":{"translation":[0.0,6.0,0.0]}},"elements":[{"from":[12.0,0.0,4.0],"to":[16.0,4.0,12.0],"rotation":{"origin":[12.0,0.0,12.0],"axis":"y","angle":0.0},"faces":{"north":{"uv":[6.5,5.0,7.5,6.0],"texture":"#0"},"east":{"uv":[4.0,3.0,6.0,4.0],"texture":"#0"},"south":{"uv":[5.5,6.5,6.5,7.5],"texture":"#0"},"west":{"uv":[4.0,4.0,6.0,5.0],"texture":"#0"},"up":{"uv":[1.0,7.0,0.0,5.0],"texture":"#0"},"down":{"uv":[2.0,5.0,1.0,7.0],"texture":"#0"}}},{"from":[0.0,0.0,0.0],"to":[16.0,4.0,4.0],"faces":{"north":{"uv":[0.0,0.0,4.0,1.0],"texture":"#0"},"east":{"uv":[6.5,6.0,7.5,7.0],"texture":"#0"},"south":{"uv":[0.0,1.0,4.0,2.0],"texture":"#0"},"west":{"uv":[0.0,7.0,1.0,8.0],"texture":"#0"},"up":{"uv":[4.0,3.0,0.0,2.0],"texture":"#0"},"down":{"uv":[4.0,3.0,0.0,4.0],"texture":"#0"}}},{"from":[0.0,0.0,12.0],"to":[16.0,4.0,16.0],"rotation":{"origin":[0.0,0.0,12.0],"axis":"y","angle":0.0},"faces":{"north":{"uv":[0.0,4.0,4.0,5.0],"texture":"#0"},"east":{"uv":[1.0,7.0,2.0,8.0],"texture":"#0"},"south":{"uv":[4.0,0.0,8.0,1.0],"texture":"#0"},"west":{"uv":[6.5,7.0,7.5,8.0],"texture":"#0"},"up":{"uv":[8.0,2.0,4.0,1.0],"texture":"#0"},"down":{"uv":[8.0,2.0,4.0,3.0],"texture":"#0"}}},{"from":[0.0,0.0,4.0],"to":[4.0,4.0,12.0],"rotation":{"origin":[0.0,0.0,12.0],"axis":"y","angle":0.0},"faces":{"north":{"uv":[7.5,5.0,8.5,6.0],"texture":"#0"},"east":{"uv":[2.0,5.0,4.0,6.0],"texture":"#0"},"south":{"uv":[5.5,7.5,6.5,8.5],"texture":"#0"},"west":{"uv":[4.0,5.0,6.0,6.0],"texture":"#0"},"up":{"uv":[3.0,8.0,2.0,6.0],"texture":"#0"},"down":{"uv":[4.0,6.0,3.0,8.0],"texture":"#0"}}},{"from":[-2.0,2.0,1.0],"to":[0.0,2.0,15.0],"rotation":{"origin":[0.0,0.0,12.0],"axis":"y","angle":0.0},"faces":{"north":{"uv":[0.0,0.0,0.5,0.0],"texture":"#0"},"east":{"uv":[0.0,0.0,3.5,0.0],"texture":"#0"},"south":{"uv":[0.0,0.0,0.5,0.0],"texture":"#0"},"west":{"uv":[0.0,0.0,3.5,0.0],"texture":"#0"},"up":{"uv":[6.5,6.5,6.0,3.0],"texture":"#0"},"down":{"uv":[4.5,6.0,4.0,9.5],"texture":"#0"}}},{"from":[16.0,2.0,1.0],"to":[18.0,2.0,15.0],"rotation":{"origin":[18.0,0.0,12.0],"axis":"y","angle":0.0},"faces":{"north":{"uv":[0.0,0.0,0.5,0.0],"texture":"#0"},"east":{"uv":[0.0,0.0,3.5,0.0],"texture":"#0"},"south":{"uv":[0.0,0.0,0.5,0.0],"texture":"#0"},"west":{"uv":[0.0,0.0,3.5,0.0],"texture":"#0"},"up":{"uv":[5.0,9.5,4.5,6.0],"texture":"#0"},"down":{"uv":[5.5,6.0,5.0,9.5],"texture":"#0"}}},{"from":[1.0,2.0,-2.0],"to":[15.0,2.0,0.0],"faces":{"north":{"uv":[0.0,0.0,3.5,0.0],"texture":"#0"},"east":{"uv":[0.0,0.0,0.5,0.0],"texture":"#0"},"south":{"uv":[0.0,0.0,3.5,0.0],"texture":"#0"},"west":{"uv":[0.0,0.0,0.5,0.0],"texture":"#0"},"up":{"uv":[10.0,3.5,6.5,3.0],"texture":"#0"},"down":{"uv":[10.0,3.5,6.5,4.0],"texture":"#0"}}},{"from":[1.0,2.0,16.0],"to":[15.0,2.0,18.0],"rotation":{"origin":[0.0,0.0,18.0],"axis":"y","angle":0.0},"faces":{"north":{"uv":[0.0,0.0,3.5,0.0],"texture":"#0"},"east":{"uv":[0.0,0.0,0.5,0.0],"texture":"#0"},"south":{"uv":[0.0,0.0,3.5,0.0],"texture":"#0"},"west":{"uv":[0.0,0.0,0.5,0.0],"texture":"#0"},"up":{"uv":[10.0,4.5,6.5,4.0],"texture":"#0"},"down":{"uv":[10.0,4.5,6.5,5.0],"texture":"#0"}}}],"textures":{"particle":"09b1e0f1-5592-4033-87db-c8fb45e69e66","0":"09b1e0f1-5592-4033-87db-c8fb45e69e66"}}