{"display":{"thirdperson_righthand":{"rotation":[70.0,0.0,0.0],"translation":[0.0,3.0,1.0],"scale":[0.3,0.3,0.3]},"thirdperson_lefthand":{"rotation":[70.0,0.0,0.0],"translation":[0.0,3.0,1.0],"scale":[0.3,0.3,0.3]},"firstperson_righthand":{"translation":[0.0,3.0,0.0],"scale":[0.3,0.3,0.3]},"firstperson_lefthand":{"translation":[0.0,3.0,0.0],"scale":[0.3,0.3,0.3]},"ground":{"translation":[0.0,6.0,0.0],"scale":[0.3,0.3,0.3]},"gui":{"rotation":[20.0,35.0,0.0],"translation":[0.0,3.0,0.0],"scale":[0.45,0.45,0.45]},"head":{"translation":[0.0,-27.0,0.0],"scale":[2.0,2.0,2.0]},"fixed":{"rotation":[-90.0,0.0,0.0],"translation":[0.0,0.0,-24.5],"scale":[3.0,3.0,3.0]}},"elements":[{"from":[-3.0,0.1,-7.0],"to":[19.0,0.1,23.0],"rotation":{"origin":[0.0,0.1,0.0],"axis":"y","angle":0.0},"faces":{"north":{"uv":[0.0,0.0,5.5,0.0],"texture":"#0"},"east":{"uv":[0.0,0.0,7.5,0.0],"texture":"#0"},"south":{"uv":[0.0,0.0,5.5,0.0],"texture":"#0"},"west":{"uv":[0.0,0.0,7.5,0.0],"texture":"#0"},"up":{"uv":[5.5,7.5,0.0,0.0],"texture":"#0"},"down":{"uv":[11.0,0.0,5.5,7.5],"texture":"#0"}}}],"textures":{"particle":"a9d24188-6e56-4270-ae09-decedbcecf7b","0":"a9d24188-6e56-4270-ae09-decedbcecf7b"}}