{"display":{"thirdperson_righthand":{"rotation":[70.0,0.0,0.0],"translation":[0.0,2.5,2.0],"scale":[0.5,0.5,0.5]},"thirdperson_lefthand":{"rotation":[70.0,0.0,0.0],"translation":[0.0,2.5,2.0],"scale":[0.5,0.5,0.5]},"firstperson_righthand":{"translation":[0.0,2.0,0.0],"scale":[0.5,0.5,0.5]},"firstperson_lefthand":{"translation":[0.0,2.0,0.0],"scale":[0.5,0.5,0.5]},"ground":{"translation":[0.0,6.0,0.0]},"gui":{"rotation":[-160.0,35.0,-180.0],"translation":[-0.5,1.5,0.0],"scale":[0.6,0.6,0.6]},"head":{"translation":[0.0,-27.0,0.0],"scale":[2.0,2.0,2.0]},"fixed":{"rotation":[-90.0,0.0,0.0],"translation":[0.0,0.0,-18.0],"scale":[2.5,2.5,2.5]}},"elements":[{"from":[0.0,0.0,0.0],"to":[16.0,4.0,4.0],"faces":{"north":{"uv":[0.0,0.0,4.0,1.0],"texture":"#0"},"east":{"uv":[7.5,6.0,8.5,7.0],"texture":"#0"},"south":{"uv":[0.0,1.0,4.0,2.0],"texture":"#0"},"west":{"uv":[8.0,2.0,9.0,3.0],"texture":"#0"},"up":{"uv":[4.0,3.0,0.0,2.0],"texture":"#0"},"down":{"uv":[4.0,3.0,0.0,4.0],"texture":"#0"}}},{"from":[0.0,0.0,12.0],"to":[16.0,4.0,16.0],"rotation":{"origin":[0.0,0.0,12.0],"axis":"y","angle":0.0},"faces":{"north":{"uv":[0.0,4.0,4.0,5.0],"texture":"#0"},"east":{"uv":[8.0,8.0,9.0,9.0],"texture":"#0"},"south":{"uv":[4.0,0.0,8.0,1.0],"texture":"#0"},"west":{"uv":[8.25,3.0,9.25,4.0],"texture":"#0"},"up":{"uv":[8.0,2.0,4.0,1.0],"texture":"#0"},"down":{"uv":[8.0,2.0,4.0,3.0],"texture":"#0"}}},{"from":[0.0,0.0,4.0],"to":[4.0,4.0,12.0],"rotation":{"origin":[0.0,0.0,12.0],"axis":"y","angle":0.0},"faces":{"north":{"uv":[8.25,4.0,9.25,5.0],"texture":"#0"},"east":{"uv":[6.25,3.0,8.25,4.0],"texture":"#0"},"south":{"uv":[4.5,8.25,5.5,9.25],"texture":"#0"},"west":{"uv":[6.25,4.0,8.25,5.0],"texture":"#0"},"up":{"uv":[7.5,7.0,6.5,5.0],"texture":"#0"},"down":{"uv":[3.0,6.75,2.0,8.75],"texture":"#0"}}},{"from":[12.0,0.0,4.0],"to":[16.0,4.0,12.0],"faces":{"north":{"uv":[5.5,8.25,6.5,9.25],"texture":"#0"},"east":{"uv":[6.5,7.0,8.5,8.0],"texture":"#0"},"south":{"uv":[8.5,6.0,9.5,7.0],"texture":"#0"},"west":{"uv":[7.5,5.0,9.5,6.0],"texture":"#0"},"up":{"uv":[4.0,8.75,3.0,6.75],"texture":"#0"},"down":{"uv":[9.0,0.0,8.0,2.0],"texture":"#0"}}},{"from":[-1.0,1.0,5.0],"to":[1.0,6.0,14.0],"rotation":{"origin":[0.0,2.5,5.0],"axis":"y","angle":-22.5},"faces":{"north":{"uv":[4.0,9.0,4.5,10.25],"texture":"#0"},"east":{"uv":[4.0,3.0,6.25,4.25],"texture":"#0"},"south":{"uv":[8.0,9.0,8.5,10.25],"texture":"#0"},"west":{"uv":[4.0,4.25,6.25,5.5],"texture":"#0"},"up":{"uv":[4.5,9.0,4.0,6.75],"texture":"#0"},"down":{"uv":[7.0,8.0,6.5,10.25],"texture":"#0"}}},{"from":[15.0,1.0,5.0],"to":[17.0,6.0,14.0],"rotation":{"origin":[16.0,2.5,5.0],"axis":"y","angle":22.5},"faces":{"north":{"uv":[9.0,8.0,9.5,9.25],"texture":"#0"},"east":{"uv":[0.0,5.0,2.25,6.25],"texture":"#0"},"south":{"uv":[8.5,9.0,9.0,10.25],"texture":"#0"},"west":{"uv":[2.25,5.5,4.5,6.75],"texture":"#0"},"up":{"uv":[7.5,10.25,7.0,8.0],"texture":"#0"},"down":{"uv":[8.0,8.0,7.5,10.25],"texture":"#0"}}},{"from":[15.0,6.0,14.0],"to":[17.0,6.0,15.0],"rotation":{"origin":[16.0,2.5,5.0],"axis":"y","angle":22.5},"faces":{"north":{"uv":[0.0,0.0,0.5,0.0],"texture":"#0"},"east":{"uv":[0.0,0.0,0.25,0.0],"texture":"#0"},"south":{"uv":[0.0,0.0,0.5,0.0],"texture":"#0"},"west":{"uv":[0.0,0.0,0.25,0.0],"texture":"#0"},"up":{"uv":[3.75,5.25,3.25,5.0],"texture":"#0"},"down":{"uv":[3.75,5.25,3.25,5.5],"texture":"#0"}}},{"from":[17.0,1.0,14.0],"to":[17.0,6.0,15.0],"rotation":{"origin":[16.0,2.5,5.0],"axis":"y","angle":22.5},"faces":{"north":{"uv":[0.0,0.0,0.0,1.25],"texture":"#0"},"east":{"uv":[1.75,9.0,2.0,10.25],"texture":"#0"},"south":{"uv":[0.0,0.0,0.0,1.25],"texture":"#0"},"west":{"uv":[9.25,3.0,9.5,4.25],"texture":"#0"},"up":{"uv":[0.0,0.25,0.0,0.0],"texture":"#0"},"down":{"uv":[0.0,0.0,0.0,0.25],"texture":"#0"}}},{"from":[-1.0,6.0,14.0],"to":[1.0,6.0,15.0],"rotation":{"origin":[0.0,2.5,5.0],"axis":"y","angle":-22.5},"faces":{"north":{"uv":[0.0,0.0,0.5,0.0],"texture":"#0"},"east":{"uv":[0.0,0.0,0.25,0.0],"texture":"#0"},"south":{"uv":[0.0,0.0,0.5,0.0],"texture":"#0"},"west":{"uv":[0.0,0.0,0.25,0.0],"texture":"#0"},"up":{"uv":[9.75,5.0,9.25,4.75],"texture":"#0"},"down":{"uv":[5.5,9.25,5.0,9.5],"texture":"#0"}}},{"from":[-1.0,1.0,14.0],"to":[-1.0,6.0,15.0],"rotation":{"origin":[0.0,2.5,5.0],"axis":"y","angle":-22.5},"faces":{"north":{"uv":[0.0,0.0,0.0,1.25],"texture":"#0"},"east":{"uv":[4.5,9.25,4.75,10.5],"texture":"#0"},"south":{"uv":[0.0,0.0,0.0,1.25],"texture":"#0"},"west":{"uv":[4.75,9.25,5.0,10.5],"texture":"#0"},"up":{"uv":[0.0,0.25,0.0,0.0],"texture":"#0"},"down":{"uv":[0.0,0.0,0.0,0.25],"texture":"#0"}}},{"from":[6.0,4.0,0.0],"to":[10.0,15.0,4.0],"faces":{"north":{"uv":[4.5,5.5,5.5,8.25],"texture":"#0"},"east":{"uv":[5.5,5.5,6.5,8.25],"texture":"#0"},"south":{"uv":[0.0,6.25,1.0,9.0],"texture":"#0"},"west":{"uv":[1.0,6.25,2.0,9.0],"texture":"#0"},"up":{"uv":[9.5,8.0,8.5,7.0],"texture":"#0"},"down":{"uv":[3.0,8.75,2.0,9.75],"texture":"#0"}}},{"from":[6.0,11.0,-3.0],"to":[10.0,15.0,0.0],"faces":{"north":{"uv":[3.0,8.75,4.0,9.75],"texture":"#0"},"east":{"uv":[9.0,0.0,9.75,1.0],"texture":"#0"},"south":{"uv":[0.0,9.0,1.0,10.0],"texture":"#0"},"west":{"uv":[1.0,9.0,1.75,10.0],"texture":"#0"},"up":{"uv":[10.0,1.75,9.0,1.0],"texture":"#0"},"down":{"uv":[10.0,1.75,9.0,2.5],"texture":"#0"}}},{"from":[6.0,9.0,-3.0],"to":[10.0,11.0,-2.0],"rotation":{"origin":[8.0,11.0,-2.0],"axis":"y","angle":0.0},"faces":{"north":{"uv":[2.25,5.0,3.25,5.5],"texture":"#0"},"east":{"uv":[3.75,5.0,4.0,5.5],"texture":"#0"},"south":{"uv":[9.0,2.5,10.0,3.0],"texture":"#0"},"west":{"uv":[2.0,6.25,2.25,6.75],"texture":"#0"},"up":{"uv":[10.25,4.5,9.25,4.25],"texture":"#0"},"down":{"uv":[10.25,4.5,9.25,4.75],"texture":"#0"}}}],"textures":{"particle":"97da0b0f-5b28-45cb-886d-2152f2975e2e","0":"97da0b0f-5b28-45cb-886d-2152f2975e2e"}}