{"display":{"head":{"translation":[0.0,-35.0,0.0],"scale":[1.6,1.6,1.6]}},"elements":[{"from":[6.0,0.0,6.0],"to":[10.0,7.0,10.0],"rotation":{"origin":[0.0,0.0,0.0],"axis":"x","angle":-22.5},"faces":{"north":{"uv":[0.0,0.0,4.0,7.0],"texture":"#0","tintindex":0},"east":{"uv":[8.0,0.0,4.0,7.0],"texture":"#0","tintindex":0},"south":{"uv":[8.0,0.0,12.0,7.0],"texture":"#0","tintindex":0},"west":{"uv":[4.0,0.0,8.0,7.0],"texture":"#0","tintindex":0},"up":{"uv":[3.0,6.0,4.0,7.0],"texture":"#0","tintindex":0},"down":{"uv":[3.0,6.0,4.0,7.0],"texture":"#0","tintindex":0}}},{"from":[6.5,9.0,2.5],"to":[9.5,12.0,6.5],"rotation":{"origin":[8.0,10.0,2.0],"axis":"x","angle":0.0},"faces":{"north":{"uv":[12.0,3.0,15.0,6.0],"texture":"#0","tintindex":0},"east":{"uv":[16.0,0.0,12.0,3.0],"texture":"#0","tintindex":0},"south":{"uv":[12.0,3.0,15.0,6.0],"texture":"#0","tintindex":0},"west":{"uv":[12.0,0.0,16.0,3.0],"texture":"#0","tintindex":0},"up":{"uv":[0.0,13.0,4.0,16.0],"texture":"#0","rotation":90,"tintindex":0},"down":{"uv":[0.0,13.0,4.0,16.0],"texture":"#0","rotation":90,"tintindex":0}}},{"from":[7.0,10.0,2.0],"to":[9.0,12.0,6.0],"rotation":{"origin":[8.0,10.0,2.0],"axis":"x","angle":-22.5},"faces":{"north":{"uv":[1.0,4.0,3.0,6.0],"texture":"#0","tintindex":0},"east":{"uv":[5.0,0.0,7.0,4.0],"texture":"#0","rotation":270,"tintindex":0},"south":{"uv":[1.0,5.0,3.0,7.0],"texture":"#0","tintindex":0},"west":{"uv":[5.0,4.0,7.0,0.0],"texture":"#0","rotation":270,"tintindex":0},"up":{"uv":[1.0,1.0,3.0,5.0],"texture":"#0","tintindex":0},"down":{"uv":[0.0,0.0,2.0,4.0],"texture":"#0"}}},{"from":[6.975,9.0,-1.0],"to":[9.025,11.0,3.0],"rotation":{"origin":[8.0,10.0,2.0],"axis":"x","angle":-22.5},"faces":{"north":{"uv":[15.0,6.0,16.0,8.0],"texture":"#0"},"east":{"uv":[12.0,6.0,16.0,8.0],"texture":"#0"},"south":{"uv":[0.0,0.0,2.0,2.0],"texture":"#0"},"west":{"uv":[16.0,6.0,12.0,8.0],"texture":"#0"},"up":{"uv":[12.0,8.0,16.0,10.0],"texture":"#0","rotation":270},"down":{"uv":[12.0,7.0,16.0,9.0],"texture":"#0","rotation":90}}},{"from":[5.0,-5.0,7.0],"to":[6.0,3.0,11.0],"rotation":{"origin":[0.0,0.0,0.0],"axis":"x","angle":-45.0},"faces":{"north":{"uv":[4.0,8.0,5.0,16.0],"texture":"#0","tintindex":0},"east":{"uv":[9.0,8.0,5.0,16.0],"texture":"#0","tintindex":0},"south":{"uv":[9.0,8.0,10.0,16.0],"texture":"#0","tintindex":0},"west":{"uv":[5.0,8.0,9.0,16.0],"texture":"#0","tintindex":0},"up":{"uv":[5.0,7.0,9.0,8.0],"texture":"#0","rotation":90,"tintindex":0}}},{"from":[10.0,-5.0,7.0],"to":[11.0,3.0,11.0],"rotation":{"origin":[16.0,0.0,0.0],"axis":"x","angle":-45.0},"faces":{"north":{"uv":[5.0,8.0,4.0,16.0],"texture":"#0","tintindex":0},"east":{"uv":[9.0,8.0,5.0,16.0],"texture":"#0","tintindex":0},"south":{"uv":[10.0,8.0,9.0,16.0],"texture":"#0","tintindex":0},"west":{"uv":[5.0,8.0,9.0,16.0],"texture":"#0","tintindex":0},"up":{"uv":[5.0,8.0,9.0,7.0],"texture":"#0","rotation":90,"tintindex":0}}},{"from":[6.0,-10.7,9.3],"to":[10.0,-3.7,9.3],"rotation":{"origin":[0.0,0.0,0.0],"axis":"x","angle":-45.0},"faces":{"north":{"uv":[4.0,6.0,0.0,13.0],"texture":"#0","tintindex":0},"east":{"uv":[0.0,0.0,0.0,7.0],"texture":"#0"},"south":{"uv":[0.0,6.0,4.0,13.0],"texture":"#0","tintindex":0},"west":{"uv":[0.0,0.0,0.0,7.0],"texture":"#0"},"up":{"uv":[0.0,0.0,4.0,0.0],"texture":"#0"},"down":{"uv":[0.0,0.0,4.0,0.0],"texture":"#0"}}}],"textures":{"particle":"625bc657-1ce9-4d40-a858-c8d7454cb29a","0":"625bc657-1ce9-4d40-a858-c8d7454cb29a"}}