{"display":{"thirdperson_righthand":{"rotation":[70.0,0.0,0.0],"translation":[0.0,4.0,0.0],"scale":[0.2,0.2,0.2]},"thirdperson_lefthand":{"rotation":[70.0,0.0,0.0],"translation":[0.0,4.0,0.0],"scale":[0.2,0.2,0.2]},"firstperson_righthand":{"scale":[0.2,0.2,0.2]},"firstperson_lefthand":{"scale":[0.2,0.2,0.2]},"ground":{"translation":[0.0,6.0,0.0],"scale":[0.3,0.3,0.3]},"gui":{"rotation":[-160.0,45.0,-180.0],"translation":[0.0,-1.0,0.0],"scale":[0.25,0.25,0.25]},"head":{"translation":[0.0,-29.5,0.0],"scale":[1.7,1.7,1.7]},"fixed":{"rotation":[-90.0,0.0,0.0],"translation":[0.0,-13.0,-18.0],"scale":[2.5,2.5,2.5]}},"elements":[{"from":[-15.0,0.0,12.0],"to":[-13.0,4.0,14.0],"rotation":{"origin":[-15.0,-1.0,12.0],"axis":"y","angle":0.0},"faces":{"north":{"uv":[4.625,3.625,4.75,3.875],"texture":"#2"},"east":{"uv":[6.1875,2.1875,6.3125,2.4375],"texture":"#2"},"south":{"uv":[6.25,6.0625,6.375,6.3125],"texture":"#2"},"west":{"uv":[0.0,6.3125,0.125,6.5625],"texture":"#2"},"up":{"uv":[2.375,5.125,2.25,5.0],"texture":"#2"},"down":{"uv":[6.4375,0.875,6.3125,1.0],"texture":"#2"}}},{"from":[-15.0,0.0,27.0],"to":[-13.0,4.0,29.0],"rotation":{"origin":[-15.0,-1.0,27.0],"axis":"y","angle":0.0},"faces":{"north":{"uv":[0.125,6.3125,0.25,6.5625],"texture":"#2"},"east":{"uv":[0.25,6.3125,0.375,6.5625],"texture":"#2"},"south":{"uv":[6.3125,0.625,6.4375,0.875],"texture":"#2"},"west":{"uv":[6.3125,2.1875,6.4375,2.4375],"texture":"#2"},"up":{"uv":[6.4375,5.625,6.3125,5.5],"texture":"#2"},"down":{"uv":[6.5625,0.625,6.4375,0.75],"texture":"#2"}}},{"from":[13.0,0.0,12.0],"to":[15.0,4.0,14.0],"rotation":{"origin":[13.0,-1.0,12.0],"axis":"y","angle":0.0},"faces":{"north":{"uv":[4.5,6.3125,4.625,6.5625],"texture":"#2"},"east":{"uv":[4.625,6.3125,4.75,6.5625],"texture":"#2"},"south":{"uv":[4.75,6.3125,4.875,6.5625],"texture":"#2"},"west":{"uv":[4.875,6.3125,5.0,6.5625],"texture":"#2"},"up":{"uv":[6.5625,0.875,6.4375,0.75],"texture":"#2"},"down":{"uv":[6.5625,0.875,6.4375,1.0],"texture":"#2"}}},{"from":[30.0,0.0,27.0],"to":[32.0,4.0,29.0],"rotation":{"origin":[30.0,-1.0,27.0],"axis":"y","angle":0.0},"faces":{"north":{"uv":[5.0,6.3125,5.125,6.5625],"texture":"#2"},"east":{"uv":[5.125,6.3125,5.25,6.5625],"texture":"#2"},"south":{"uv":[5.25,6.3125,5.375,6.5625],"texture":"#2"},"west":{"uv":[6.25,6.3125,6.375,6.5625],"texture":"#2"},"up":{"uv":[6.5625,2.3125,6.4375,2.1875],"texture":"#2"},"down":{"uv":[6.5625,2.3125,6.4375,2.4375],"texture":"#2"}}},{"from":[-15.0,4.0,12.0],"to":[32.0,7.0,29.0],"rotation":{"origin":[-15.0,-1.0,14.0],"axis":"y","angle":0.0},"faces":{"north":{"uv":[4.75,4.5,7.6875,4.6875],"texture":"#2"},"east":{"uv":[5.25,5.5,6.3125,5.6875],"texture":"#2"},"south":{"uv":[4.75,4.6875,7.6875,4.875],"texture":"#2"},"west":{"uv":[0.0,5.6875,1.0625,5.875],"texture":"#2"},"up":{"uv":[2.9375,1.0625,0.0,0.0],"texture":"#2"},"down":{"uv":[2.9375,1.0625,0.0,2.125],"texture":"#2"}}},{"from":[13.0,4.0,-11.0],"to":[32.0,7.0,12.0],"rotation":{"origin":[-15.0,-1.0,14.0],"axis":"y","angle":0.0},"faces":{"north":{"uv":[5.5,2.75,6.6875,2.9375],"texture":"#2"},"east":{"uv":[5.4375,0.25,6.875,0.4375],"texture":"#2"},"south":{"uv":[2.875,5.5,4.0625,5.6875],"texture":"#2"},"west":{"uv":[5.4375,0.4375,6.875,0.625],"texture":"#2"},"up":{"uv":[1.1875,4.625,0.0,3.1875],"texture":"#2"},"down":{"uv":[2.375,3.1875,1.1875,4.625],"texture":"#2"}}},{"from":[13.0,0.0,-11.0],"to":[15.0,4.0,-9.0],"rotation":{"origin":[-16.0,-1.0,9.0],"axis":"y","angle":0.0},"faces":{"north":{"uv":[3.875,6.375,4.0,6.625],"texture":"#2"},"east":{"uv":[4.0,6.375,4.125,6.625],"texture":"#2"},"south":{"uv":[4.125,6.375,4.25,6.625],"texture":"#2"},"west":{"uv":[4.25,6.375,4.375,6.625],"texture":"#2"},"up":{"uv":[6.5625,5.625,6.4375,5.5],"texture":"#2"},"down":{"uv":[1.375,6.5,1.25,6.625],"texture":"#2"}}},{"from":[30.0,0.0,-11.0],"to":[32.0,4.0,-9.0],"rotation":{"origin":[-14.0,-1.0,9.0],"axis":"y","angle":0.0},"faces":{"north":{"uv":[4.375,6.375,4.5,6.625],"texture":"#2"},"east":{"uv":[6.375,5.8125,6.5,6.0625],"texture":"#2"},"south":{"uv":[6.375,6.0625,6.5,6.3125],"texture":"#2"},"west":{"uv":[6.375,6.3125,6.5,6.5625],"texture":"#2"},"up":{"uv":[1.5,6.625,1.375,6.5],"texture":"#2"},"down":{"uv":[5.5,6.5,5.375,6.625],"texture":"#2"}}},{"from":[-13.0,7.0,11.0],"to":[31.0,10.0,28.0],"rotation":{"origin":[-15.0,-1.0,14.0],"axis":"y","angle":0.0},"faces":{"north":{"uv":[4.75,4.875,7.5,5.0625],"texture":"#2"},"east":{"uv":[2.875,5.6875,3.9375,5.875],"texture":"#2"},"south":{"uv":[4.75,5.0625,7.5,5.25],"texture":"#2"},"west":{"uv":[3.9375,5.6875,5.0,5.875],"texture":"#2"},"up":{"uv":[2.75,3.1875,0.0,2.125],"texture":"#2"},"down":{"uv":[5.5,2.125,2.75,3.1875],"texture":"#2"}}},{"from":[12.0,7.0,-9.0],"to":[31.0,10.0,11.0],"rotation":{"origin":[-15.0,-1.0,14.0],"axis":"y","angle":0.0},"faces":{"north":{"uv":[5.5,2.9375,6.6875,3.125],"texture":"#2"},"east":{"uv":[5.4375,1.125,6.6875,1.3125],"texture":"#2"},"south":{"uv":[4.0625,5.5,5.25,5.6875],"texture":"#2"},"west":{"uv":[5.5,2.5625,6.75,2.75],"texture":"#2"},"up":{"uv":[3.5625,5.125,2.375,3.875],"texture":"#2"},"down":{"uv":[4.75,3.875,3.5625,5.125],"texture":"#2"}}},{"from":[-15.0,7.0,12.0],"to":[-13.0,13.0,14.0],"rotation":{"origin":[-14.0,-1.0,13.0],"axis":"y","angle":0.0},"faces":{"north":{"uv":[2.25,4.625,2.375,5.0],"texture":"#2"},"east":{"uv":[3.875,6.0,4.0,6.375],"texture":"#2"},"south":{"uv":[1.25,6.125,1.375,6.5],"texture":"#2"},"west":{"uv":[1.375,6.125,1.5,6.5],"texture":"#2"},"up":{"uv":[5.625,6.625,5.5,6.5],"texture":"#2"},"down":{"uv":[5.75,6.5,5.625,6.625],"texture":"#2"}}},{"from":[-15.0,7.0,27.0],"to":[-13.0,20.0,29.0],"rotation":{"origin":[-14.0,-1.0,28.0],"axis":"y","angle":0.0},"faces":{"north":{"uv":[0.9375,5.875,1.0625,6.6875],"texture":"#2"},"east":{"uv":[2.125,6.0,2.25,6.8125],"texture":"#2"},"south":{"uv":[2.25,6.0,2.375,6.8125],"texture":"#2"},"west":{"uv":[2.375,6.0,2.5,6.8125],"texture":"#2"},"up":{"uv":[5.875,6.625,5.75,6.5],"texture":"#2"},"down":{"uv":[6.625,5.8125,6.5,5.9375],"texture":"#2"}}},{"from":[-15.0,13.0,11.0],"to":[-13.0,14.0,27.0],"rotation":{"origin":[-14.0,-1.0,14.0],"axis":"y","angle":0.0},"faces":{"north":{"uv":[5.1875,2.0625,5.3125,2.125],"texture":"#2"},"east":{"uv":[6.1875,2.0625,7.1875,2.125],"texture":"#2"},"south":{"uv":[5.3125,2.0625,5.4375,2.125],"texture":"#2"},"west":{"uv":[6.1875,2.125,7.1875,2.1875],"texture":"#2"},"up":{"uv":[1.625,6.6875,1.5,5.6875],"texture":"#2"},"down":{"uv":[0.9375,5.875,0.8125,6.875],"texture":"#2"}}},{"from":[-15.0,7.0,14.0],"to":[-15.0,13.0,27.0],"rotation":{"origin":[-14.0,-1.0,14.0],"axis":"y","angle":0.0},"faces":{"north":{"uv":[0.0,0.0,0.0,0.375],"texture":"#2"},"east":{"uv":[0.0,5.3125,0.8125,5.6875],"texture":"#2"},"south":{"uv":[0.0,0.0,0.0,0.375],"texture":"#2"},"west":{"uv":[0.8125,5.3125,1.625,5.6875],"texture":"#2"},"up":{"uv":[0.0,0.8125,0.0,0.0],"texture":"#2"},"down":{"uv":[0.0,0.0,0.0,0.8125],"texture":"#2"}}},{"from":[30.0,7.0,-11.0],"to":[32.0,20.0,-9.0],"rotation":{"origin":[-14.0,-1.0,9.0],"axis":"y","angle":0.0},"faces":{"north":{"uv":[2.875,6.0,3.0,6.8125],"texture":"#2"},"east":{"uv":[3.0,6.0,3.125,6.8125],"texture":"#2"},"south":{"uv":[3.125,6.0,3.25,6.8125],"texture":"#2"},"west":{"uv":[3.25,6.0,3.375,6.8125],"texture":"#2"},"up":{"uv":[6.0,6.625,5.875,6.5],"texture":"#2"},"down":{"uv":[6.625,5.9375,6.5,6.0625],"texture":"#2"}}},{"from":[13.0,7.0,-11.0],"to":[15.0,13.0,-9.0],"rotation":{"origin":[-31.0,-1.0,9.0],"axis":"y","angle":0.0},"faces":{"north":{"uv":[5.375,6.125,5.5,6.5],"texture":"#2"},"east":{"uv":[5.5,6.125,5.625,6.5],"texture":"#2"},"south":{"uv":[5.625,6.125,5.75,6.5],"texture":"#2"},"west":{"uv":[5.75,6.125,5.875,6.5],"texture":"#2"},"up":{"uv":[6.125,6.625,6.0,6.5],"texture":"#2"},"down":{"uv":[6.625,6.0625,6.5,6.1875],"texture":"#2"}}},{"from":[30.0,7.0,27.0],"to":[32.0,20.0,29.0],"rotation":{"origin":[30.0,2.0,27.0],"axis":"y","angle":0.0},"faces":{"north":{"uv":[3.375,6.0,3.5,6.8125],"texture":"#2"},"east":{"uv":[3.5,6.0,3.625,6.8125],"texture":"#2"},"south":{"uv":[3.625,6.0,3.75,6.8125],"texture":"#2"},"west":{"uv":[3.75,6.0,3.875,6.8125],"texture":"#2"},"up":{"uv":[6.25,6.625,6.125,6.5],"texture":"#2"},"down":{"uv":[6.625,6.1875,6.5,6.3125],"texture":"#2"}}},{"from":[-13.0,10.0,27.0],"to":[30.0,11.0,29.0],"rotation":{"origin":[30.0,2.0,27.0],"axis":"y","angle":0.0},"faces":{"north":{"uv":[5.4375,1.3125,8.125,1.375],"texture":"#2"},"east":{"uv":[6.1875,2.4375,6.3125,2.5],"texture":"#2"},"south":{"uv":[5.5,3.125,8.1875,3.1875],"texture":"#2"},"west":{"uv":[6.3125,1.0,6.4375,1.0625],"texture":"#2"},"up":{"uv":[7.875,1.6875,5.1875,1.5625],"texture":"#2"},"down":{"uv":[7.875,1.6875,5.1875,1.8125],"texture":"#2"}}},{"from":[12.0,13.0,-11.0],"to":[30.0,14.0,-9.0],"rotation":{"origin":[-31.0,-1.0,9.0],"axis":"y","angle":0.0},"faces":{"north":{"uv":[5.9375,1.0625,7.0625,1.125],"texture":"#2"},"east":{"uv":[6.3125,2.4375,6.4375,2.5],"texture":"#2"},"south":{"uv":[6.0,2.5,7.125,2.5625],"texture":"#2"},"west":{"uv":[6.3125,5.625,6.4375,5.6875],"texture":"#2"},"up":{"uv":[4.0,6.0,2.875,5.875],"texture":"#2"},"down":{"uv":[7.0,5.6875,5.875,5.8125],"texture":"#2"}}},{"from":[15.0,7.0,-11.0],"to":[30.0,13.0,-11.0],"rotation":{"origin":[-31.0,-1.0,9.0],"axis":"y","angle":0.0},"faces":{"north":{"uv":[2.875,5.125,3.8125,5.5],"texture":"#2"},"east":{"uv":[0.0,0.0,0.0,0.375],"texture":"#2"},"south":{"uv":[3.8125,5.125,4.75,5.5],"texture":"#2"},"west":{"uv":[0.0,0.0,0.0,0.375],"texture":"#2"},"up":{"uv":[0.9375,0.0,0.0,0.0],"texture":"#2"},"down":{"uv":[0.9375,0.0,0.0,0.0],"texture":"#2"}}},{"from":[30.0,18.0,-9.0],"to":[32.0,20.0,27.0],"rotation":{"origin":[-14.0,-2.0,8.0],"axis":"y","angle":0.0},"faces":{"north":{"uv":[6.5,6.3125,6.625,6.4375],"texture":"#2"},"east":{"uv":[5.4375,0.0,7.6875,0.125],"texture":"#2"},"south":{"uv":[6.5,6.4375,6.625,6.5625],"texture":"#2"},"west":{"uv":[5.4375,0.125,7.6875,0.25],"texture":"#2"},"up":{"uv":[1.75,7.5625,1.625,5.3125],"texture":"#2"},"down":{"uv":[1.875,5.3125,1.75,7.5625],"texture":"#2"}}},{"from":[-13.0,18.0,27.0],"to":[30.0,20.0,29.0],"rotation":{"origin":[30.0,1.0,27.0],"axis":"y","angle":0.0},"faces":{"north":{"uv":[5.1875,1.8125,7.875,1.9375],"texture":"#2"},"east":{"uv":[0.0,6.5625,0.125,6.6875],"texture":"#2"},"south":{"uv":[5.1875,1.9375,7.875,2.0625],"texture":"#2"},"west":{"uv":[0.125,6.5625,0.25,6.6875],"texture":"#2"},"up":{"uv":[7.4375,5.375,4.75,5.25],"texture":"#2"},"down":{"uv":[7.4375,5.375,4.75,5.5],"texture":"#2"}}},{"from":[27.0,10.0,-9.0],"to":[30.0,21.0,27.0],"rotation":{"origin":[-31.0,-1.0,8.0],"axis":"y","angle":0.0},"faces":{"north":{"uv":[2.125,5.3125,2.3125,6.0],"texture":"#2"},"east":{"uv":[2.9375,1.375,5.1875,2.0625],"texture":"#2"},"south":{"uv":[2.3125,5.3125,2.5,6.0],"texture":"#2"},"west":{"uv":[2.375,3.1875,4.625,3.875],"texture":"#2"},"up":{"uv":[2.6875,7.375,2.5,5.125],"texture":"#2"},"down":{"uv":[2.875,5.125,2.6875,7.375],"texture":"#2"}}},{"from":[24.0,10.0,-9.0],"to":[27.0,17.0,-2.0],"rotation":{"origin":[25.5,13.5,-5.5],"axis":"y","angle":22.5},"faces":{"north":{"uv":[5.9375,0.625,6.125,1.0625],"texture":"#2"},"east":{"uv":[1.0625,5.6875,1.5,6.125],"texture":"#2"},"south":{"uv":[6.0,2.0625,6.1875,2.5],"texture":"#2"},"west":{"uv":[5.0,5.6875,5.4375,6.125],"texture":"#2"},"up":{"uv":[6.0625,6.5,5.875,6.0625],"texture":"#2"},"down":{"uv":[6.25,6.0625,6.0625,6.5],"texture":"#2"}}},{"from":[-13.0,10.0,24.0],"to":[27.0,21.0,27.0],"rotation":{"origin":[-31.0,-1.0,8.0],"axis":"y","angle":0.0},"faces":{"north":{"uv":[2.9375,0.0,5.4375,0.6875],"texture":"#2"},"east":{"uv":[0.4375,5.875,0.625,6.5625],"texture":"#2"},"south":{"uv":[2.9375,0.6875,5.4375,1.375],"texture":"#2"},"west":{"uv":[0.625,5.875,0.8125,6.5625],"texture":"#2"},"up":{"uv":[2.5,5.3125,0.0,5.125],"texture":"#2"},"down":{"uv":[7.6875,1.375,5.1875,1.5625],"texture":"#2"}}},{"from":[-13.0,10.0,21.0],"to":[-6.0,17.0,24.0],"rotation":{"origin":[-9.5,13.5,22.5],"axis":"y","angle":-22.5},"faces":{"north":{"uv":[5.4375,5.6875,5.875,6.125],"texture":"#2"},"east":{"uv":[6.125,0.625,6.3125,1.0625],"texture":"#2"},"south":{"uv":[0.0,5.875,0.4375,6.3125],"texture":"#2"},"west":{"uv":[1.0625,6.125,1.25,6.5625],"texture":"#2"},"up":{"uv":[4.9375,6.3125,4.5,6.125],"texture":"#2"},"down":{"uv":[5.375,6.125,4.9375,6.3125],"texture":"#2"}}},{"from":[20.5,10.0,19.75],"to":[28.5,18.0,23.75],"rotation":{"origin":[24.5,13.5,21.25],"axis":"y","angle":45.0},"faces":{"north":{"uv":[5.4375,0.625,5.9375,1.125],"texture":"#2"},"east":{"uv":[4.0,5.875,4.25,6.375],"texture":"#2"},"south":{"uv":[5.5,2.0625,6.0,2.5625],"texture":"#2"},"west":{"uv":[4.25,5.875,4.5,6.375],"texture":"#2"},"up":{"uv":[5.0,6.125,4.5,5.875],"texture":"#2"},"down":{"uv":[6.375,5.8125,5.875,6.0625],"texture":"#2"}}},{"from":[-13.0,11.0,29.0],"to":[30.0,18.0,29.0],"rotation":{"origin":[30.0,1.0,27.0],"axis":"y","angle":0.0},"faces":{"north":{"uv":[4.625,3.1875,7.3125,3.625],"texture":"#2"},"east":{"uv":[0.0,0.0,0.0,0.4375],"texture":"#2"},"south":{"uv":[4.75,3.625,7.4375,4.0625],"texture":"#2"},"west":{"uv":[0.0,0.0,0.0,0.4375],"texture":"#2"},"up":{"uv":[2.6875,0.0,0.0,0.0],"texture":"#2"},"down":{"uv":[2.6875,0.0,0.0,0.0],"texture":"#2"}}},{"from":[32.0,11.0,-9.0],"to":[32.0,18.0,27.0],"rotation":{"origin":[-14.0,-2.0,8.0],"axis":"y","angle":0.0},"faces":{"north":{"uv":[0.0,0.0,0.0,0.4375],"texture":"#2"},"east":{"uv":[0.0,4.625,2.25,5.0625],"texture":"#2"},"south":{"uv":[0.0,0.0,0.0,0.4375],"texture":"#2"},"west":{"uv":[4.75,4.0625,7.0,4.5],"texture":"#2"},"up":{"uv":[0.0,2.25,0.0,0.0],"texture":"#2"},"down":{"uv":[0.0,0.0,0.0,2.25],"texture":"#2"}}},{"from":[30.0,10.0,-9.0],"to":[32.0,11.0,27.0],"rotation":{"origin":[-14.0,-2.0,8.0],"axis":"y","angle":0.0},"faces":{"north":{"uv":[6.4375,1.0,6.5625,1.0625],"texture":"#2"},"east":{"uv":[2.9375,2.0625,5.1875,2.125],"texture":"#2"},"south":{"uv":[6.4375,2.4375,6.5625,2.5],"texture":"#2"},"west":{"uv":[0.0,5.0625,2.25,5.125],"texture":"#2"},"up":{"uv":[2.0,7.5625,1.875,5.3125],"texture":"#2"},"down":{"uv":[2.125,5.3125,2.0,7.5625],"texture":"#2"}}}],"textures":{"particle":"a31b5742-7a0d-44ae-8a20-1911a8930815","2":"a31b5742-7a0d-44ae-8a20-1911a8930815"}}