{"display":{"thirdperson_righthand":{"rotation":[24.0,0.0,0.0],"translation":[0.0,6.0,0.0],"scale":[1.03,1.0,1.0]},"thirdperson_lefthand":{"rotation":[24.0,0.0,0.0],"translation":[0.0,6.0,0.0],"scale":[1.03,1.0,1.0]},"firstperson_lefthand":{"translation":[0.0,0.0,70.0]},"gui":{"rotation":[15.0,135.0,0.0],"translation":[0.25,1.0,0.0],"scale":[0.8,0.8,0.8]}},"elements":[{"from":[5.0,5.0,0.25],"to":[11.0,11.0,12.25],"rotation":{"origin":[0.0,1.0,-1.75],"axis":"y","angle":0.0},"faces":{"north":{"uv":[3.5,4.5,5.0,6.0],"texture":"#2","tintindex":0},"east":{"uv":[0.0,0.0,3.0,1.5],"texture":"#2","tintindex":0},"south":{"uv":[0.0,5.0,1.5,6.5],"texture":"#2","tintindex":0},"west":{"uv":[3.0,0.0,0.0,1.5],"texture":"#2","tintindex":0},"up":{"uv":[1.5,4.75,0.0,1.75],"texture":"#2","tintindex":0},"down":{"uv":[3.25,1.75,1.75,4.75],"texture":"#2","tintindex":0}}},{"from":[6.0,6.0,-2.75],"to":[10.0,10.0,0.25],"rotation":{"origin":[0.0,1.0,-1.75],"axis":"y","angle":0.0},"faces":{"north":{"uv":[6.5,5.75,7.5,6.75],"texture":"#2"},"east":{"uv":[7.75,5.75,8.5,6.75],"texture":"#2"},"south":{"uv":[6.5,5.75,7.5,6.75],"texture":"#2"},"west":{"uv":[7.5,7.75,8.25,8.75],"texture":"#2"},"up":{"uv":[1.0,8.75,0.0,8.0],"texture":"#2"},"down":{"uv":[2.25,8.0,1.25,8.75],"texture":"#2"}}},{"from":[7.5,11.0,1.25],"to":[8.5,13.0,9.25],"rotation":{"origin":[0.0,1.0,-1.75],"axis":"y","angle":0.0},"faces":{"north":{"uv":[2.5,9.25,2.75,9.75],"texture":"#2"},"east":{"uv":[5.75,3.75,7.75,4.25],"texture":"#2"},"south":{"uv":[3.0,9.25,3.25,9.75],"texture":"#2"},"west":{"uv":[7.75,3.75,5.75,4.25],"texture":"#2"},"up":{"uv":[8.75,10.75,8.5,8.75],"texture":"#2"},"down":{"uv":[0.25,9.0,0.0,11.0],"texture":"#2"}}},{"from":[6.5,6.5,12.25],"to":[9.5,9.5,16.25],"rotation":{"origin":[8.0,8.0,14.25],"axis":"y","angle":0.0},"faces":{"north":{"uv":[8.5,7.75,9.25,8.5],"texture":"#2"},"east":{"uv":[8.25,0.0,9.25,0.75],"texture":"#2"},"south":{"uv":[8.5,7.75,9.25,8.5],"texture":"#2"},"west":{"uv":[9.25,0.0,8.25,0.75],"texture":"#2"},"up":{"uv":[9.0,2.0,8.25,1.0],"texture":"#2"},"down":{"uv":[9.0,2.25,8.25,3.25],"texture":"#2"}}},{"from":[6.0,6.0,16.25],"to":[10.0,10.0,18.25],"rotation":{"origin":[0.0,1.0,-1.75],"axis":"y","angle":0.0},"faces":{"north":{"uv":[0.0,6.75,1.0,7.75],"texture":"#2"},"east":{"uv":[2.75,5.0,3.25,6.0],"texture":"#2"},"south":{"uv":[1.25,6.75,2.25,7.75],"texture":"#2"},"west":{"uv":[3.25,5.0,2.75,6.0],"texture":"#2"},"up":{"uv":[9.75,6.25,8.75,5.75],"texture":"#2"},"down":{"uv":[1.5,9.0,0.5,9.5],"texture":"#2"}}},{"from":[4.0,7.0,-0.75],"to":[12.0,9.0,7.25],"rotation":{"origin":[0.0,1.0,-1.75],"axis":"y","angle":0.0},"faces":{"north":{"uv":[5.25,7.0,7.25,7.5],"texture":"#2"},"east":{"uv":[2.5,7.5,4.5,8.0],"texture":"#2"},"south":{"uv":[7.5,7.0,9.5,7.5],"texture":"#2"},"west":{"uv":[4.5,7.5,2.5,8.0],"texture":"#2"},"up":{"uv":[5.5,2.0,3.5,0.0],"texture":"#2"},"down":{"uv":[5.5,2.25,3.5,4.25],"texture":"#2"}}},{"from":[3.5,6.0,7.25],"to":[12.5,10.0,11.25],"rotation":{"origin":[0.5,0.0,-1.75],"axis":"y","angle":0.0},"faces":{"north":{"uv":[5.25,4.5,7.5,5.5],"texture":"#2"},"east":{"uv":[4.75,7.75,5.75,8.75],"texture":"#2"},"south":{"uv":[5.75,0.0,8.0,1.0],"texture":"#2"},"west":{"uv":[4.75,7.75,5.75,8.75],"texture":"#2"},"up":{"uv":[8.0,2.25,5.75,1.25],"texture":"#2"},"down":{"uv":[8.0,2.5,5.75,3.5],"texture":"#2"}}},{"from":[6.25,0.25,1.05],"to":[9.75,3.75,4.55],"rotation":{"origin":[7.95,1.7,2.75],"axis":"y","angle":0.0},"faces":{"north":{"uv":[7.75,4.5,8.75,5.5],"texture":"#2"},"east":{"uv":[7.75,4.5,8.75,5.5],"texture":"#2"},"south":{"uv":[7.75,4.5,8.75,5.5],"texture":"#2"},"west":{"uv":[7.75,4.5,8.75,5.5],"texture":"#2"},"up":{"uv":[7.0,10.5,6.0,9.5],"texture":"#2"},"down":{"uv":[8.25,9.5,7.25,10.5],"texture":"#2"}}},{"from":[10.0,0.0,0.8],"to":[6.0,4.0,4.8],"rotation":{"origin":[0.0,-3.0,2.8],"axis":"y","angle":0.0},"faces":{"north":{"uv":[5.25,5.75,6.25,6.75],"texture":"#2","tintindex":0},"east":{"uv":[5.25,5.75,6.25,6.75],"texture":"#2","tintindex":0},"south":{"uv":[5.25,5.75,6.25,6.75],"texture":"#2","tintindex":0},"west":{"uv":[5.25,5.75,6.25,6.75],"texture":"#2","tintindex":0},"up":{"uv":[3.75,7.25,2.75,6.25],"texture":"#2","tintindex":0},"down":{"uv":[5.0,6.25,4.0,7.25],"texture":"#2","tintindex":0}}},{"from":[6.5,4.01,1.25],"to":[9.5,5.01,4.25],"rotation":{"origin":[0.0,1.0,-1.25],"axis":"y","angle":0.0},"faces":{"north":{"uv":[8.75,6.5,9.5,6.75],"texture":"#2","tintindex":0},"east":{"uv":[7.5,9.0,8.25,9.25],"texture":"#2","tintindex":0},"south":{"uv":[9.0,8.75,9.75,9.0],"texture":"#2","tintindex":0},"west":{"uv":[8.25,9.0,7.5,9.25],"texture":"#2","tintindex":0},"up":{"uv":[4.5,9.0,3.75,8.25],"texture":"#2","tintindex":0},"down":{"uv":[3.75,8.25,4.5,9.0],"texture":"#2","tintindex":0}}},{"from":[7.0,0.0,9.25],"to":[9.0,2.0,12.25],"rotation":{"origin":[8.0,3.0,11.0],"axis":"x","angle":-22.5},"faces":{"north":{"uv":[6.0,8.75,6.5,9.25],"texture":"#2"},"east":{"uv":[2.5,6.0,1.75,6.5],"texture":"#2"},"south":{"uv":[6.75,8.75,7.25,9.25],"texture":"#2"},"west":{"uv":[1.75,6.0,2.5,6.5],"texture":"#2"},"down":{"uv":[9.5,4.5,9.0,5.25],"texture":"#2"}}},{"from":[7.0,2.0,9.25],"to":[9.0,6.0,12.25],"rotation":{"origin":[8.0,3.0,11.0],"axis":"x","angle":-22.5},"faces":{"north":{"uv":[6.0,7.75,6.5,8.75],"texture":"#2","tintindex":0},"east":{"uv":[2.5,5.0,1.75,6.0],"texture":"#2","tintindex":0},"south":{"uv":[6.75,7.75,7.25,8.75],"texture":"#2","tintindex":0},"west":{"uv":[1.75,5.0,2.5,6.0],"texture":"#2","tintindex":0}}},{"from":[7.5,3.0,6.25],"to":[8.5,5.0,9.25],"rotation":{"origin":[0.0,1.0,-1.75],"axis":"y","angle":0.0},"faces":{"north":{"uv":[3.5,9.25,3.75,9.75],"texture":"#2"},"east":{"uv":[5.5,9.0,4.75,9.5],"texture":"#2"},"south":{"uv":[4.0,9.25,4.25,9.75],"texture":"#2"},"west":{"uv":[4.75,9.0,5.5,9.5],"texture":"#2"},"up":{"uv":[9.5,1.75,9.25,1.0],"texture":"#2"},"down":{"uv":[9.5,2.0,9.25,2.75],"texture":"#2"}}}],"textures":{"2":"f03ba0ac-16fd-4ec6-b804-c2917f9ce230"},"gui_light":"front"}