{"display":{"thirdperson_righthand":{"rotation":[70.0,0.0,0.0],"scale":[0.5,0.5,0.5]},"thirdperson_lefthand":{"rotation":[70.0,0.0,0.0],"scale":[0.5,0.5,0.5]},"firstperson_righthand":{"translation":[0.0,1.0,0.0],"scale":[0.5,0.5,0.5]},"firstperson_lefthand":{"translation":[0.0,1.0,0.0],"scale":[0.5,0.5,0.5]},"ground":{"translation":[0.0,6.0,0.0]},"gui":{"rotation":[15.0,45.0,0.0],"translation":[0.0,2.0,0.0],"scale":[0.9,0.9,0.9]},"head":{"translation":[0.0,-27.0,0.0],"scale":[2.0,2.0,2.0]},"fixed":{"rotation":[-90.0,0.0,0.0],"translation":[0.0,0.0,-18.0],"scale":[2.5,2.5,2.5]}},"elements":[{"from":[3.0,0.0,3.0],"to":[5.0,6.0,5.0],"rotation":{"origin":[3.0,0.0,3.0],"axis":"y","angle":0.0},"faces":{"north":{"uv":[5.5,3.0,6.0,4.5],"texture":"#0"},"east":{"uv":[5.5,5.5,6.0,7.0],"texture":"#0"},"south":{"uv":[0.0,6.0,0.5,7.5],"texture":"#0"},"west":{"uv":[0.5,6.0,1.0,7.5],"texture":"#0"},"up":{"uv":[6.0,5.0,5.5,4.5],"texture":"#0"},"down":{"uv":[6.0,7.0,5.5,7.5],"texture":"#0"}}},{"from":[11.0,0.0,3.0],"to":[13.0,6.0,5.0],"rotation":{"origin":[11.0,0.0,3.0],"axis":"y","angle":0.0},"faces":{"north":{"uv":[1.0,6.0,1.5,7.5],"texture":"#0"},"east":{"uv":[1.5,6.0,2.0,7.5],"texture":"#0"},"south":{"uv":[2.0,6.0,2.5,7.5],"texture":"#0"},"west":{"uv":[2.5,6.0,3.0,7.5],"texture":"#0"},"up":{"uv":[7.0,7.5,6.5,7.0],"texture":"#0"},"down":{"uv":[7.5,7.0,7.0,7.5],"texture":"#0"}}},{"from":[11.0,0.0,11.0],"to":[13.0,6.0,13.0],"rotation":{"origin":[11.0,0.0,11.0],"axis":"y","angle":0.0},"faces":{"north":{"uv":[3.0,6.0,3.5,7.5],"texture":"#0"},"east":{"uv":[6.0,3.0,6.5,4.5],"texture":"#0"},"south":{"uv":[3.5,6.0,4.0,7.5],"texture":"#0"},"west":{"uv":[4.0,6.0,4.5,7.5],"texture":"#0"},"up":{"uv":[0.5,8.0,0.0,7.5],"texture":"#0"},"down":{"uv":[1.0,7.5,0.5,8.0],"texture":"#0"}}},{"from":[3.0,0.0,11.0],"to":[5.0,6.0,13.0],"rotation":{"origin":[3.0,0.0,11.0],"axis":"y","angle":0.0},"faces":{"north":{"uv":[4.5,6.0,5.0,7.5],"texture":"#0"},"east":{"uv":[6.0,4.5,6.5,6.0],"texture":"#0"},"south":{"uv":[5.0,6.0,5.5,7.5],"texture":"#0"},"west":{"uv":[6.0,6.0,6.5,7.5],"texture":"#0"},"up":{"uv":[1.5,8.0,1.0,7.5],"texture":"#0"},"down":{"uv":[2.0,7.5,1.5,8.0],"texture":"#0"}}},{"from":[2.0,6.0,2.0],"to":[14.0,8.0,14.0],"rotation":{"origin":[3.0,0.0,3.0],"axis":"y","angle":0.0},"faces":{"north":{"uv":[3.0,5.0,6.0,5.5],"texture":"#0"},"east":{"uv":[5.5,0.0,8.5,0.5],"texture":"#0"},"south":{"uv":[5.5,0.5,8.5,1.0],"texture":"#0"},"west":{"uv":[5.5,1.0,8.5,1.5],"texture":"#0"},"up":{"uv":[3.0,3.0,0.0,0.0],"texture":"#0"},"down":{"uv":[3.0,3.0,0.0,6.0],"texture":"#0"}}},{"from":[3.0,8.0,3.0],"to":[13.0,10.0,13.0],"rotation":{"origin":[3.0,0.0,3.0],"axis":"y","angle":0.0},"faces":{"north":{"uv":[5.5,1.5,8.0,2.0],"texture":"#0"},"east":{"uv":[5.5,2.0,8.0,2.5],"texture":"#0"},"south":{"uv":[5.5,2.5,8.0,3.0],"texture":"#0"},"west":{"uv":[3.0,5.5,5.5,6.0],"texture":"#0"},"up":{"uv":[5.5,2.5,3.0,0.0],"texture":"#0"},"down":{"uv":[5.5,2.5,3.0,5.0],"texture":"#0"}}},{"from":[5.0,3.0,4.0],"to":[11.0,5.0,4.0],"rotation":{"origin":[3.0,0.0,3.0],"axis":"y","angle":0.0},"faces":{"north":{"uv":[6.5,3.0,8.0,3.5],"texture":"#0"},"east":{"uv":[0.0,0.0,0.0,0.5],"texture":"#0"},"south":{"uv":[6.5,3.5,8.0,4.0],"texture":"#0"},"west":{"uv":[0.0,0.0,0.0,0.5],"texture":"#0"},"up":{"uv":[1.5,0.0,0.0,0.0],"texture":"#0"},"down":{"uv":[1.5,0.0,0.0,0.0],"texture":"#0"}}},{"from":[4.0,3.0,5.0],"to":[4.0,5.0,11.0],"rotation":{"origin":[3.0,0.0,11.0],"axis":"y","angle":0.0},"faces":{"north":{"uv":[0.0,0.0,0.0,0.5],"texture":"#0"},"east":{"uv":[6.5,4.0,8.0,4.5],"texture":"#0"},"south":{"uv":[0.0,0.0,0.0,0.5],"texture":"#0"},"west":{"uv":[6.5,4.5,8.0,5.0],"texture":"#0"},"up":{"uv":[0.0,1.5,0.0,0.0],"texture":"#0"},"down":{"uv":[0.0,0.0,0.0,1.5],"texture":"#0"}}},{"from":[5.0,3.0,12.0],"to":[11.0,5.0,12.0],"rotation":{"origin":[3.0,0.0,11.0],"axis":"y","angle":0.0},"faces":{"north":{"uv":[6.5,5.0,8.0,5.5],"texture":"#0"},"east":{"uv":[0.0,0.0,0.0,0.5],"texture":"#0"},"south":{"uv":[6.5,5.5,8.0,6.0],"texture":"#0"},"west":{"uv":[0.0,0.0,0.0,0.5],"texture":"#0"},"up":{"uv":[1.5,0.0,0.0,0.0],"texture":"#0"},"down":{"uv":[1.5,0.0,0.0,0.0],"texture":"#0"}}},{"from":[12.0,3.0,5.0],"to":[12.0,5.0,11.0],"rotation":{"origin":[11.0,0.0,11.0],"axis":"y","angle":0.0},"faces":{"north":{"uv":[0.0,0.0,0.0,0.5],"texture":"#0"},"east":{"uv":[6.5,6.0,8.0,6.5],"texture":"#0"},"south":{"uv":[0.0,0.0,0.0,0.5],"texture":"#0"},"west":{"uv":[6.5,6.5,8.0,7.0],"texture":"#0"},"up":{"uv":[0.0,1.5,0.0,0.0],"texture":"#0"},"down":{"uv":[0.0,0.0,0.0,1.5],"texture":"#0"}}}],"textures":{"particle":"5511f27b-37ee-4946-8316-46a390b9a45c","0":"5511f27b-37ee-4946-8316-46a390b9a45c"}}