{"display":{"thirdperson_righthand":{"rotation":[125.0,90.0,-60.0],"translation":[0.0,3.0,3.0],"scale":[0.5,0.5,0.5]},"thirdperson_lefthand":{"rotation":[125.0,90.0,-60.0],"translation":[0.0,3.0,3.0],"scale":[0.5,0.5,0.5]},"firstperson_righthand":{"rotation":[0.0,90.0,0.0],"translation":[0.0,4.0,0.0],"scale":[0.5,0.5,0.5]},"firstperson_lefthand":{"rotation":[0.0,90.0,0.0],"translation":[0.0,4.0,0.0],"scale":[0.5,0.5,0.5]},"ground":{"translation":[0.0,6.0,0.0]},"gui":{"rotation":[25.0,35.0,0.0],"translation":[0.0,4.0,0.0],"scale":[0.7,0.7,0.7]},"head":{"translation":[0.0,-27.0,0.0],"scale":[2.0,2.0,2.0]},"fixed":{"rotation":[-90.0,0.0,0.0],"translation":[0.0,0.0,-19.0],"scale":[2.5,2.5,2.5]}},"elements":[{"from":[2.0,0.0,-1.0],"to":[14.0,1.0,17.0],"rotation":{"origin":[2.0,0.0,0.0],"axis":"y","angle":0.0},"faces":{"north":{"uv":[0.0,4.75,3.0,5.0],"texture":"#0"},"east":{"uv":[0.0,4.5,4.5,4.75],"texture":"#0"},"south":{"uv":[3.0,4.75,6.0,5.0],"texture":"#0"},"west":{"uv":[4.5,4.5,9.0,4.75],"texture":"#0"},"up":{"uv":[3.0,4.5,0.0,0.0],"texture":"#0"},"down":{"uv":[6.0,0.0,3.0,4.5],"texture":"#0"}}},{"from":[2.0,0.0,-2.0],"to":[14.0,0.0,-1.0],"rotation":{"origin":[2.0,0.0,0.0],"axis":"y","angle":0.0},"faces":{"north":{"uv":[0.0,0.0,3.0,0.0],"texture":"#0"},"east":{"uv":[0.0,0.0,0.25,0.0],"texture":"#0"},"south":{"uv":[0.0,0.0,3.0,0.0],"texture":"#0"},"west":{"uv":[0.0,0.0,0.25,0.0],"texture":"#0"},"up":{"uv":[3.0,5.25,0.0,5.0],"texture":"#0"},"down":{"uv":[6.0,5.0,3.0,5.25],"texture":"#0"}}},{"from":[2.0,0.0,17.0],"to":[14.0,0.0,18.0],"rotation":{"origin":[2.0,0.0,0.0],"axis":"y","angle":0.0},"faces":{"north":{"uv":[0.0,0.0,3.0,0.0],"texture":"#0"},"east":{"uv":[0.0,0.0,0.25,0.0],"texture":"#0"},"south":{"uv":[0.0,0.0,3.0,0.0],"texture":"#0"},"west":{"uv":[0.0,0.0,0.25,0.0],"texture":"#0"},"up":{"uv":[3.0,5.5,0.0,5.25],"texture":"#0"},"down":{"uv":[6.0,5.25,3.0,5.5],"texture":"#0"}}}],"textures":{"particle":"7fbaa140-aa9b-4fcb-ba57-666140a8416b","0":"7fbaa140-aa9b-4fcb-ba57-666140a8416b"}}