{"display":{"thirdperson_righthand":{"rotation":[55.0,0.0,0.0],"translation":[0.0,0.0,4.0]},"thirdperson_lefthand":{"rotation":[55.0,0.0,0.0],"translation":[0.0,0.0,4.0]},"firstperson_righthand":{"rotation":[-5.0,0.0,0.0],"scale":[0.5,0.5,0.5]},"firstperson_lefthand":{"rotation":[-5.0,0.0,0.0],"scale":[0.5,0.5,0.5]},"ground":{"translation":[0.0,6.0,0.0],"scale":[0.7,0.7,0.7]},"gui":{"rotation":[15.0,45.0,0.0],"translation":[0.0,-3.75,0.0],"scale":[0.45,0.45,0.45]},"head":{"translation":[0.0,-23.0,0.0],"scale":[2.5,2.5,2.5]},"fixed":{"rotation":[-90.0,0.0,0.0],"translation":[0.0,0.0,-22.0],"scale":[3.0,3.0,3.0]}},"elements":[{"from":[7.0,0.0,7.0],"to":[9.0,30.0,9.0],"rotation":{"origin":[6.0,0.0,7.0],"axis":"y","angle":0.0},"faces":{"north":{"uv":[2.75,5.0,3.0,8.75],"texture":"#0"},"east":{"uv":[3.0,5.0,3.25,8.75],"texture":"#0"},"south":{"uv":[3.25,5.0,3.5,8.75],"texture":"#0"},"west":{"uv":[3.5,5.0,3.75,8.75],"texture":"#0"},"up":{"uv":[4.0,5.25,3.75,5.0],"texture":"#0"},"down":{"uv":[4.25,5.0,4.0,5.25],"texture":"#0"}}},{"from":[-3.0,29.0,-3.0],"to":[19.0,29.0,19.0],"rotation":{"origin":[6.0,0.0,7.0],"axis":"y","angle":0.0},"faces":{"north":{"uv":[0.0,0.0,2.75,0.0],"texture":"#0"},"east":{"uv":[0.0,0.0,2.75,0.0],"texture":"#0"},"south":{"uv":[0.0,0.0,2.75,0.0],"texture":"#0"},"west":{"uv":[0.0,0.0,2.75,0.0],"texture":"#0"},"up":{"uv":[2.75,2.75,0.0,0.0],"texture":"#0"},"down":{"uv":[2.75,2.75,0.0,5.5],"texture":"#0"}}},{"from":[-3.0,24.0,-3.0],"to":[-3.0,29.0,19.0],"rotation":{"origin":[-3.0,29.0,8.0],"axis":"y","angle":0.0},"faces":{"north":{"uv":[0.0,0.0,0.0,0.625],"texture":"#0"},"east":{"uv":[2.75,0.0,5.5,0.625],"texture":"#0"},"south":{"uv":[0.0,0.0,0.0,0.625],"texture":"#0"},"west":{"uv":[2.75,0.625,5.5,1.25],"texture":"#0"},"up":{"uv":[0.0,2.75,0.0,0.0],"texture":"#0"},"down":{"uv":[0.0,0.0,0.0,2.75],"texture":"#0"}}},{"from":[19.0,24.0,-3.0],"to":[19.0,29.0,19.0],"rotation":{"origin":[19.0,29.0,8.0],"axis":"y","angle":0.0},"faces":{"north":{"uv":[0.0,0.0,0.0,0.625],"texture":"#0"},"east":{"uv":[2.75,1.25,5.5,1.875],"texture":"#0"},"south":{"uv":[0.0,0.0,0.0,0.625],"texture":"#0"},"west":{"uv":[2.75,1.875,5.5,2.5],"texture":"#0"},"up":{"uv":[0.0,2.75,0.0,0.0],"texture":"#0"},"down":{"uv":[0.0,0.0,0.0,2.75],"texture":"#0"}}},{"from":[-3.0,24.0,-3.0],"to":[19.0,29.0,-3.0],"rotation":{"origin":[8.0,29.0,-3.0],"axis":"y","angle":0.0},"faces":{"north":{"uv":[2.75,2.5,5.5,3.125],"texture":"#0"},"east":{"uv":[0.0,0.0,0.0,0.625],"texture":"#0"},"south":{"uv":[2.75,3.125,5.5,3.75],"texture":"#0"},"west":{"uv":[0.0,0.0,0.0,0.625],"texture":"#0"},"up":{"uv":[2.75,0.0,0.0,0.0],"texture":"#0"},"down":{"uv":[2.75,0.0,0.0,0.0],"texture":"#0"}}},{"from":[-3.0,24.0,19.0],"to":[19.0,29.0,19.0],"rotation":{"origin":[8.0,29.0,19.0],"axis":"y","angle":0.0},"faces":{"north":{"uv":[2.75,3.75,5.5,4.375],"texture":"#0"},"east":{"uv":[0.0,0.0,0.0,0.625],"texture":"#0"},"south":{"uv":[2.75,4.375,5.5,5.0],"texture":"#0"},"west":{"uv":[0.0,0.0,0.0,0.625],"texture":"#0"},"up":{"uv":[2.75,0.0,0.0,0.0],"texture":"#0"},"down":{"uv":[2.75,0.0,0.0,0.0],"texture":"#0"}}}],"textures":{"particle":"b1f9ee04-38e9-4c99-aa33-f471afdf74dd","0":"b1f9ee04-38e9-4c99-aa33-f471afdf74dd"}}