{"display":{"thirdperson_righthand":{"rotation":[70.0,0.0,0.0],"translation":[0.0,0.0,1.5],"scale":[0.5,0.5,0.5]},"thirdperson_lefthand":{"rotation":[70.0,0.0,0.0],"translation":[0.0,0.0,1.5],"scale":[0.5,0.5,0.5]},"firstperson_righthand":{"translation":[0.0,1.0,0.0],"scale":[0.5,0.5,0.5]},"firstperson_lefthand":{"translation":[0.0,1.0,0.0],"scale":[0.5,0.5,0.5]},"gui":{"rotation":[-160.0,35.0,-180.0],"translation":[0.25,1.5,0.0]},"head":{"translation":[0.0,5.0,-3.5],"scale":[1.8,1.8,1.8]}},"elements":[{"from":[4.0,0.5,4.8],"to":[12.0,9.5,6.8],"rotation":{"origin":[-1.6,0.5,-5.6],"axis":"y","angle":0.0},"faces":{"north":{"uv":[0.0,0.0,4.0,4.5],"texture":"#0"},"east":{"uv":[0.0,4.5,1.0,9.0],"texture":"#0"},"south":{"uv":[4.0,0.0,8.0,4.5],"texture":"#0"},"west":{"uv":[1.0,4.5,2.0,9.0],"texture":"#0"},"up":{"uv":[6.0,7.0,2.0,6.0],"texture":"#0"},"down":{"uv":[10.0,6.0,6.0,7.0],"texture":"#0"}}},{"from":[3.0,8.5,6.55],"to":[6.0,13.5,6.55],"rotation":{"origin":[4.5,11.0,6.55],"axis":"z","angle":22.5},"faces":{"north":{"uv":[2.0,7.0,3.5,9.5],"texture":"#0"},"east":{"uv":[0.0,0.0,0.0,2.5],"texture":"#0"},"south":{"uv":[3.5,7.0,5.0,9.5],"texture":"#0"},"west":{"uv":[0.0,0.0,0.0,2.5],"texture":"#0"},"up":{"uv":[1.5,0.0,0.0,0.0],"texture":"#0"},"down":{"uv":[1.5,0.0,0.0,0.0],"texture":"#0"}}},{"from":[0.0,6.5,6.55],"to":[5.0,9.5,6.55],"rotation":{"origin":[2.5,8.0,6.55],"axis":"z","angle":-22.5},"faces":{"north":{"uv":[5.0,7.0,7.5,8.5],"texture":"#0"},"east":{"uv":[0.0,0.0,0.0,1.5],"texture":"#0"},"south":{"uv":[7.5,7.0,10.0,8.5],"texture":"#0"},"west":{"uv":[0.0,0.0,0.0,1.5],"texture":"#0"},"up":{"uv":[2.5,0.0,0.0,0.0],"texture":"#0"},"down":{"uv":[2.5,0.0,0.0,0.0],"texture":"#0"}}},{"from":[6.5,9.5,6.55],"to":[9.5,14.5,6.55],"rotation":{"origin":[8.0,12.0,6.55],"axis":"y","angle":0.0},"faces":{"north":{"uv":[8.0,0.0,9.5,2.5],"texture":"#0"},"east":{"uv":[0.0,0.0,0.0,2.5],"texture":"#0"},"south":{"uv":[8.0,2.5,9.5,5.0],"texture":"#0"},"west":{"uv":[0.0,0.0,0.0,2.5],"texture":"#0"},"up":{"uv":[1.5,0.0,0.0,0.0],"texture":"#0"},"down":{"uv":[1.5,0.0,0.0,0.0],"texture":"#0"}}},{"from":[10.0,8.5,6.55],"to":[13.0,13.5,6.55],"rotation":{"origin":[11.5,11.0,6.55],"axis":"z","angle":-22.5},"faces":{"north":{"uv":[5.0,8.5,6.5,11.0],"texture":"#0"},"east":{"uv":[0.0,0.0,0.0,2.5],"texture":"#0"},"south":{"uv":[6.5,8.5,8.0,11.0],"texture":"#0"},"west":{"uv":[0.0,0.0,0.0,2.5],"texture":"#0"},"up":{"uv":[1.5,0.0,0.0,0.0],"texture":"#0"},"down":{"uv":[1.5,0.0,0.0,0.0],"texture":"#0"}}},{"from":[11.0,6.5,6.55],"to":[16.0,9.5,6.55],"rotation":{"origin":[13.5,8.0,6.55],"axis":"z","angle":22.5},"faces":{"north":{"uv":[8.0,8.5,10.5,10.0],"texture":"#0"},"east":{"uv":[0.0,0.0,0.0,1.5],"texture":"#0"},"south":{"uv":[0.0,9.5,2.5,11.0],"texture":"#0"},"west":{"uv":[0.0,0.0,0.0,1.5],"texture":"#0"},"up":{"uv":[2.5,0.0,0.0,0.0],"texture":"#0"},"down":{"uv":[2.5,0.0,0.0,0.0],"texture":"#0"}}},{"from":[4.0,5.5,6.8],"to":[4.0,6.5,13.8],"rotation":{"origin":[-1.6,0.5,-5.6],"axis":"y","angle":0.0},"faces":{"north":{"uv":[0.0,0.0,0.0,0.5],"texture":"#0"},"east":{"uv":[9.5,3.5,13.0,4.0],"texture":"#0"},"south":{"uv":[0.0,0.0,0.0,0.5],"texture":"#0"},"west":{"uv":[9.5,4.0,13.0,4.5],"texture":"#0"},"up":{"uv":[0.0,3.5,0.0,0.0],"texture":"#0"},"down":{"uv":[0.0,0.0,0.0,3.5],"texture":"#0"}}},{"from":[4.0,5.5,13.8],"to":[12.0,6.5,13.8],"rotation":{"origin":[6.4,0.5,-5.6],"axis":"y","angle":0.0},"faces":{"north":{"uv":[9.5,2.5,13.5,3.0],"texture":"#0"},"east":{"uv":[0.0,0.0,0.0,0.5],"texture":"#0"},"south":{"uv":[9.5,3.0,13.5,3.5],"texture":"#0"},"west":{"uv":[0.0,0.0,0.0,0.5],"texture":"#0"},"up":{"uv":[4.0,0.0,0.0,0.0],"texture":"#0"},"down":{"uv":[4.0,0.0,0.0,0.0],"texture":"#0"}}},{"from":[12.0,5.5,6.8],"to":[12.0,6.5,13.8],"rotation":{"origin":[6.4,0.5,-5.6],"axis":"y","angle":0.0},"faces":{"north":{"uv":[0.0,0.0,0.0,0.5],"texture":"#0"},"east":{"uv":[9.5,4.5,13.0,5.0],"texture":"#0"},"south":{"uv":[0.0,0.0,0.0,0.5],"texture":"#0"},"west":{"uv":[10.0,6.0,13.5,6.5],"texture":"#0"},"up":{"uv":[0.0,3.5,0.0,0.0],"texture":"#0"},"down":{"uv":[0.0,0.0,0.0,3.5],"texture":"#0"}}},{"from":[5.0,0.5,4.3],"to":[11.0,3.0,6.3],"rotation":{"origin":[-1.6,1.0,-5.6],"axis":"y","angle":0.0},"faces":{"north":{"uv":[2.0,4.5,5.0,6.0],"texture":"#0"},"east":{"uv":[4.0,9.5,5.0,11.0],"texture":"#0"},"south":{"uv":[5.0,4.5,8.0,6.0],"texture":"#0"},"west":{"uv":[10.0,6.5,11.0,8.0],"texture":"#0"},"up":{"uv":[11.0,6.0,8.0,5.0],"texture":"#0"},"down":{"uv":[12.5,0.0,9.5,1.0],"texture":"#0"}}},{"from":[3.75,8.5,4.3],"to":[5.75,11.0,6.3],"rotation":{"origin":[-1.35,1.0,-5.6],"axis":"y","angle":0.0},"faces":{"north":{"uv":[8.0,10.0,9.0,11.5],"texture":"#0"},"east":{"uv":[9.0,10.0,10.0,11.5],"texture":"#0"},"south":{"uv":[10.0,10.0,11.0,11.5],"texture":"#0"},"west":{"uv":[10.5,8.0,11.5,9.5],"texture":"#0"},"up":{"uv":[12.5,8.5,11.5,7.5],"texture":"#0"},"down":{"uv":[9.0,11.5,8.0,12.5],"texture":"#0"}}},{"from":[10.25,8.5,4.3],"to":[12.25,11.0,6.3],"rotation":{"origin":[-1.85,1.0,-5.6],"axis":"y","angle":0.0},"faces":{"north":{"uv":[0.0,11.0,1.0,12.5],"texture":"#0"},"east":{"uv":[1.0,11.0,2.0,12.5],"texture":"#0"},"south":{"uv":[11.0,1.0,12.0,2.5],"texture":"#0"},"west":{"uv":[2.0,11.0,3.0,12.5],"texture":"#0"},"up":{"uv":[12.5,9.5,11.5,8.5],"texture":"#0"},"down":{"uv":[10.0,11.5,9.0,12.5],"texture":"#0"}}},{"from":[6.75,8.5,4.3],"to":[9.25,11.0,6.3],"rotation":{"origin":[8.0,9.75,5.3],"axis":"z","angle":45.0},"faces":{"north":{"uv":[9.5,1.0,11.0,2.5],"texture":"#0"},"east":{"uv":[3.0,11.0,4.0,12.5],"texture":"#0"},"south":{"uv":[2.5,9.5,4.0,11.0],"texture":"#0"},"west":{"uv":[4.0,11.0,5.0,12.5],"texture":"#0"},"up":{"uv":[6.5,12.0,5.0,11.0],"texture":"#0"},"down":{"uv":[12.5,5.0,11.0,6.0],"texture":"#0"}}},{"from":[4.0,6.25,4.3],"to":[7.0,7.75,5.3],"rotation":{"origin":[6.0,7.0,4.8],"axis":"z","angle":-22.5},"faces":{"north":{"uv":[6.5,11.0,8.0,12.0],"texture":"#0"},"east":{"uv":[5.0,12.0,5.5,13.0],"texture":"#0"},"south":{"uv":[11.0,6.5,12.5,7.5],"texture":"#0"},"west":{"uv":[5.5,12.0,6.0,13.0],"texture":"#0"},"up":{"uv":[1.5,9.5,0.0,9.0],"texture":"#0"},"down":{"uv":[13.5,1.0,12.0,1.5],"texture":"#0"}}},{"from":[9.0,6.35,4.3],"to":[12.0,7.85,5.3],"rotation":{"origin":[10.25,7.0,4.8],"axis":"z","angle":22.5},"faces":{"north":{"uv":[11.0,9.5,12.5,10.5],"texture":"#0"},"east":{"uv":[6.0,12.0,6.5,13.0],"texture":"#0"},"south":{"uv":[11.0,10.5,12.5,11.5],"texture":"#0"},"west":{"uv":[6.5,12.0,7.0,13.0],"texture":"#0"},"up":{"uv":[13.5,2.0,12.0,1.5],"texture":"#0"},"down":{"uv":[13.5,2.0,12.0,2.5],"texture":"#0"}}},{"from":[7.25,4.0,4.05],"to":[8.75,6.0,5.05],"rotation":{"origin":[8.0,4.5,4.3],"axis":"x","angle":22.5},"faces":{"north":{"uv":[10.0,11.5,11.0,12.5],"texture":"#0"},"east":{"uv":[7.0,12.0,7.5,13.0],"texture":"#0"},"south":{"uv":[11.0,11.5,12.0,12.5],"texture":"#0"},"west":{"uv":[7.5,12.0,8.0,13.0],"texture":"#0"},"up":{"uv":[13.0,12.0,12.0,11.5],"texture":"#0"},"down":{"uv":[13.0,12.0,12.0,12.5],"texture":"#0"}}}],"textures":{"particle":"2bc76501-e8f4-4a79-9c08-cbcd302e5cc6","0":"2bc76501-e8f4-4a79-9c08-cbcd302e5cc6"}}