{"display":{"fixed":{"rotation":[-90.0,0.0,0.0],"translation":[0.0,0.0,-16.0],"scale":[2.0,2.0,2.0]}},"elements":[{"from":[7.0,0.0,7.0],"to":[9.0,16.0,9.0],"faces":{"north":{"uv":[11.0,0.0,13.0,16.0],"texture":"#0"},"east":{"uv":[8.0,0.0,10.0,16.0],"texture":"#0"},"south":{"uv":[14.0,0.0,16.0,16.0],"texture":"#0"},"west":{"uv":[6.0,0.0,8.0,16.0],"texture":"#0"},"up":{"uv":[8.0,1.0,10.0,3.0],"texture":"#0"},"down":{"uv":[10.0,9.0,12.0,11.0],"texture":"#0"}}},{"from":[0.0,0.0,11.0],"to":[16.0,16.0,11.0],"faces":{"north":{"texture":"#1"},"east":{"uv":[0.0,0.0,0.0,16.0],"texture":"#1"},"south":{"texture":"#1"},"west":{"uv":[0.0,0.0,0.0,16.0],"texture":"#1"},"up":{"uv":[0.0,0.0,16.0,0.0],"texture":"#1"},"down":{"uv":[0.0,0.0,16.0,0.0],"texture":"#1"}}},{"from":[0.0,0.0,5.0],"to":[16.0,16.0,5.0],"faces":{"north":{"texture":"#1"},"east":{"uv":[0.0,0.0,0.0,16.0],"texture":"#1"},"south":{"texture":"#1"},"west":{"uv":[0.0,0.0,0.0,16.0],"texture":"#1"},"up":{"uv":[0.0,0.0,16.0,0.0],"texture":"#1"},"down":{"uv":[0.0,0.0,16.0,0.0],"texture":"#1"}}},{"from":[11.0,0.0,0.0],"to":[11.0,16.0,16.0],"faces":{"north":{"uv":[0.0,0.0,0.0,16.0],"texture":"#1"},"east":{"texture":"#1"},"south":{"uv":[0.0,0.0,0.0,16.0],"texture":"#1"},"west":{"texture":"#1"},"up":{"uv":[0.0,0.0,16.0,0.0],"texture":"#1","rotation":270},"down":{"uv":[0.0,0.0,16.0,0.0],"texture":"#1","rotation":90}}},{"from":[5.0,0.0,0.0],"to":[5.0,16.0,16.0],"faces":{"north":{"uv":[0.0,0.0,0.0,16.0],"texture":"#1"},"east":{"texture":"#1"},"south":{"uv":[0.0,0.0,0.0,16.0],"texture":"#1"},"west":{"texture":"#1"},"up":{"uv":[0.0,0.0,16.0,0.0],"texture":"#1","rotation":270},"down":{"uv":[0.0,0.0,16.0,0.0],"texture":"#1","rotation":90}}},{"from":[3.0,7.0,9.0],"to":[6.0,10.0,12.0],"faces":{"north":{"uv":[7.0,13.0,10.0,16.0],"texture":"#2"},"east":{"uv":[2.0,10.0,5.0,13.0],"texture":"#2"},"south":{"uv":[0.0,4.0,3.0,7.0],"texture":"#2"},"west":{"uv":[4.0,7.0,7.0,10.0],"texture":"#2"},"up":{"uv":[9.0,9.0,12.0,12.0],"texture":"#2"},"down":{"uv":[11.0,8.0,14.0,11.0],"texture":"#2"}}},{"from":[9.0,10.0,10.5],"to":[12.0,13.0,13.5],"faces":{"north":{"uv":[7.0,13.0,10.0,16.0],"texture":"#2"},"east":{"uv":[2.0,10.0,5.0,13.0],"texture":"#2"},"south":{"uv":[0.0,4.0,3.0,7.0],"texture":"#2"},"west":{"uv":[4.0,7.0,7.0,10.0],"texture":"#2"},"up":{"uv":[9.0,9.0,12.0,12.0],"texture":"#2"},"down":{"uv":[11.0,8.0,14.0,11.0],"texture":"#2"}}},{"from":[4.0,10.0,4.0],"to":[7.0,13.0,7.0],"faces":{"north":{"uv":[7.0,13.0,10.0,16.0],"texture":"#2"},"east":{"uv":[2.0,10.0,5.0,13.0],"texture":"#2"},"south":{"uv":[0.0,4.0,3.0,7.0],"texture":"#2"},"west":{"uv":[4.0,7.0,7.0,10.0],"texture":"#2"},"up":{"uv":[9.0,9.0,12.0,12.0],"texture":"#2"},"down":{"uv":[11.0,8.0,14.0,11.0],"texture":"#2"}}},{"from":[4.75,0.0,5.25],"to":[7.75,3.0,8.25],"faces":{"north":{"uv":[7.0,13.0,10.0,16.0],"texture":"#2"},"east":{"uv":[2.0,10.0,5.0,13.0],"texture":"#2"},"south":{"uv":[0.0,4.0,3.0,7.0],"texture":"#2"},"west":{"uv":[4.0,7.0,7.0,10.0],"texture":"#2"},"up":{"uv":[9.0,9.0,12.0,12.0],"texture":"#2"},"down":{"uv":[11.0,8.0,14.0,11.0],"texture":"#2"}}},{"from":[9.0,4.0,3.0],"to":[12.0,7.0,6.0],"faces":{"north":{"uv":[7.0,13.0,10.0,16.0],"texture":"#2"},"east":{"uv":[2.0,10.0,5.0,13.0],"texture":"#2"},"south":{"uv":[0.0,4.0,3.0,7.0],"texture":"#2"},"west":{"uv":[4.0,7.0,7.0,10.0],"texture":"#2"},"up":{"uv":[9.0,9.0,12.0,12.0],"texture":"#2"},"down":{"uv":[11.0,8.0,14.0,11.0],"texture":"#2"}}}],"textures":{"particle":"e3f96d1e-3fc0-412c-85fb-04ba90a7a5b7","0":"e3f96d1e-3fc0-412c-85fb-04ba90a7a5b7","1":"1f91c834-3f48-48e1-9688-d4c0d27d89cb","2":"4ef32b82-9278-405e-8d08-bd0d95a10535"},"gui_light":"front"}