{"display":{"thirdperson_righthand":{"translation":[0.0,-3.0,1.0],"scale":[0.5,0.5,0.5]},"thirdperson_lefthand":{"translation":[0.0,-3.0,1.0],"scale":[0.5,0.5,0.5]},"firstperson_righthand":{"scale":[0.3,0.3,0.3]},"firstperson_lefthand":{"scale":[0.3,0.3,0.3]},"ground":{"translation":[0.0,6.0,0.0],"scale":[0.5,0.5,0.5]},"gui":{"rotation":[15.0,35.0,0.0],"translation":[0.5,-3.0,0.0],"scale":[0.4,0.4,0.4]},"head":{"translation":[0.0,-23.0,0.0],"scale":[2.5,2.5,2.5]},"fixed":{"rotation":[-90.0,0.0,0.0],"translation":[0.0,0.0,-22.0],"scale":[3.0,3.0,3.0]}},"elements":[{"from":[7.0,0.0,7.0],"to":[9.0,30.0,9.0],"rotation":{"origin":[6.0,0.0,7.0],"axis":"y","angle":0.0},"faces":{"north":{"uv":[8.0,5.0,8.5,12.5],"texture":"#0"},"east":{"uv":[8.5,5.0,9.0,12.5],"texture":"#0"},"south":{"uv":[9.0,5.0,9.5,12.5],"texture":"#0"},"west":{"uv":[9.5,5.0,10.0,12.5],"texture":"#0"},"up":{"uv":[10.5,5.5,10.0,5.0],"texture":"#0"},"down":{"uv":[10.5,5.5,10.0,6.0],"texture":"#0"}}},{"from":[-3.0,29.0,-3.0],"to":[19.0,29.0,19.0],"rotation":{"origin":[6.0,0.0,7.0],"axis":"y","angle":0.0},"faces":{"north":{"uv":[0.0,0.0,5.5,0.0],"texture":"#0"},"east":{"uv":[0.0,0.0,5.5,0.0],"texture":"#0"},"south":{"uv":[0.0,0.0,5.5,0.0],"texture":"#0"},"west":{"uv":[0.0,0.0,5.5,0.0],"texture":"#0"},"up":{"uv":[5.5,5.5,0.0,0.0],"texture":"#0"},"down":{"uv":[5.5,5.5,0.0,11.0],"texture":"#0"}}},{"from":[-3.0,24.0,-3.0],"to":[-3.0,29.0,19.0],"rotation":{"origin":[-3.0,29.0,8.0],"axis":"z","angle":-22.5},"faces":{"north":{"uv":[0.0,0.0,1.25,0.0],"texture":"#0","rotation":90},"east":{"uv":[6.75,5.5,5.5,11.0],"texture":"#0","rotation":270},"south":{"uv":[0.0,0.0,1.25,0.0],"texture":"#0","rotation":270},"west":{"uv":[6.75,5.5,5.5,0.0],"texture":"#0","rotation":270},"up":{"uv":[0.0,0.0,5.5,0.0],"texture":"#0","rotation":270},"down":{"uv":[0.0,0.0,5.5,0.0],"texture":"#0","rotation":270}}},{"from":[19.0,24.0,-3.0],"to":[19.0,29.0,19.0],"rotation":{"origin":[19.0,29.0,8.0],"axis":"z","angle":22.5},"faces":{"north":{"uv":[0.0,0.0,1.25,0.0],"texture":"#0","rotation":270},"east":{"uv":[8.0,5.5,6.75,0.0],"texture":"#0","rotation":90},"south":{"uv":[0.0,0.0,1.25,0.0],"texture":"#0","rotation":90},"west":{"uv":[8.0,5.5,6.75,11.0],"texture":"#0","rotation":90},"up":{"uv":[0.0,0.0,5.5,0.0],"texture":"#0","rotation":90},"down":{"uv":[0.0,0.0,5.5,0.0],"texture":"#0","rotation":90}}},{"from":[-3.0,24.0,-3.0],"to":[19.0,29.0,-3.0],"rotation":{"origin":[8.0,29.0,-3.0],"axis":"x","angle":22.5},"faces":{"north":{"uv":[13.5,1.25,8.0,0.0],"texture":"#0","rotation":180},"east":{"uv":[0.0,0.0,1.25,0.0],"texture":"#0","rotation":90},"south":{"uv":[13.5,1.25,8.0,2.5],"texture":"#0"},"west":{"uv":[0.0,0.0,1.25,0.0],"texture":"#0","rotation":270},"up":{"uv":[0.0,0.0,5.5,0.0],"texture":"#0"},"down":{"uv":[0.0,0.0,5.5,0.0],"texture":"#0","rotation":180}}},{"from":[-3.0,24.0,19.0],"to":[19.0,29.0,19.0],"rotation":{"origin":[8.0,29.0,19.0],"axis":"x","angle":-22.5},"faces":{"north":{"uv":[13.5,3.75,8.0,5.0],"texture":"#0","rotation":180},"east":{"uv":[0.0,0.0,1.25,0.0],"texture":"#0","rotation":270},"south":{"uv":[13.5,3.75,8.0,2.5],"texture":"#0"},"west":{"uv":[0.0,0.0,1.25,0.0],"texture":"#0","rotation":90},"up":{"uv":[0.0,0.0,5.5,0.0],"texture":"#0","rotation":180},"down":{"uv":[0.0,0.0,5.5,0.0],"texture":"#0"}}}],"textures":{"particle":"9df8e86e-8d93-495f-b003-a363e8f0ec92","0":"9df8e86e-8d93-495f-b003-a363e8f0ec92"}}