{"display":{"thirdperson_righthand":{"rotation":[70.0,0.0,0.0],"scale":[0.5,0.5,0.5]},"thirdperson_lefthand":{"rotation":[70.0,0.0,0.0],"scale":[0.5,0.5,0.5]},"firstperson_righthand":{"translation":[0.0,2.0,0.0],"scale":[0.5,0.5,0.5]},"firstperson_lefthand":{"translation":[0.0,2.0,0.0],"scale":[0.5,0.5,0.5]},"ground":{"translation":[0.0,6.0,0.0]},"gui":{"rotation":[-160.0,35.0,-180.0],"translation":[1.75,2.0,0.0]},"head":{"translation":[-3.0,2.5,-2.0],"scale":[1.5,1.5,1.5]},"fixed":{"translation":[-1.5,1.0,0.0]}},"elements":[{"from":[15.0,6.0,5.0],"to":[15.0,8.0,14.0],"rotation":{"origin":[1.0,0.0,1.0],"axis":"y","angle":0.0},"faces":{"north":{"uv":[0.0,0.0,0.0,1.0],"texture":"#0"},"east":{"uv":[7.0,4.0,11.5,5.0],"texture":"#0"},"south":{"uv":[0.0,0.0,0.0,1.0],"texture":"#0"},"west":{"uv":[7.0,5.0,11.5,6.0],"texture":"#0"},"up":{"uv":[0.0,4.5,0.0,0.0],"texture":"#0"},"down":{"uv":[0.0,0.0,0.0,4.5],"texture":"#0"}}},{"from":[5.0,6.0,5.0],"to":[5.0,8.0,14.0],"rotation":{"origin":[1.0,0.0,1.0],"axis":"y","angle":0.0},"faces":{"north":{"uv":[0.0,0.0,0.0,1.0],"texture":"#0"},"east":{"uv":[7.0,6.0,11.5,7.0],"texture":"#0"},"south":{"uv":[0.0,0.0,0.0,1.0],"texture":"#0"},"west":{"uv":[7.0,7.0,11.5,8.0],"texture":"#0"},"up":{"uv":[0.0,4.5,0.0,0.0],"texture":"#0"},"down":{"uv":[0.0,0.0,0.0,4.5],"texture":"#0"}}},{"from":[5.0,6.0,14.0],"to":[15.0,8.0,14.0],"rotation":{"origin":[1.0,0.0,1.0],"axis":"y","angle":0.0},"faces":{"north":{"uv":[7.0,2.0,12.0,3.0],"texture":"#0"},"east":{"uv":[0.0,0.0,0.0,1.0],"texture":"#0"},"south":{"uv":[7.0,3.0,12.0,4.0],"texture":"#0"},"west":{"uv":[0.0,0.0,0.0,1.0],"texture":"#0"},"up":{"uv":[5.0,0.0,0.0,0.0],"texture":"#0"},"down":{"uv":[5.0,0.0,0.0,0.0],"texture":"#0"}}},{"from":[4.0,4.0,5.0],"to":[5.0,9.0,5.0],"rotation":{"origin":[1.0,0.0,1.0],"axis":"y","angle":0.0},"faces":{"north":{"uv":[6.5,11.5,7.0,14.0],"texture":"#0"},"east":{"uv":[0.0,0.0,0.0,2.5],"texture":"#0"},"south":{"uv":[7.0,11.5,7.5,14.0],"texture":"#0"},"west":{"uv":[0.0,0.0,0.0,2.5],"texture":"#0"},"up":{"uv":[0.5,0.0,0.0,0.0],"texture":"#0"},"down":{"uv":[0.5,0.0,0.0,0.0],"texture":"#0"}}},{"from":[15.0,4.0,5.0],"to":[16.0,9.0,5.0],"rotation":{"origin":[1.0,0.0,1.0],"axis":"y","angle":0.0},"faces":{"north":{"uv":[7.5,11.5,8.0,14.0],"texture":"#0"},"east":{"uv":[0.0,0.0,0.0,2.5],"texture":"#0"},"south":{"uv":[8.0,11.5,8.5,14.0],"texture":"#0"},"west":{"uv":[0.0,0.0,0.0,2.5],"texture":"#0"},"up":{"uv":[0.5,0.0,0.0,0.0],"texture":"#0"},"down":{"uv":[0.5,0.0,0.0,0.0],"texture":"#0"}}},{"from":[16.0,4.0,3.0],"to":[16.0,9.0,5.0],"rotation":{"origin":[1.0,0.0,1.0],"axis":"y","angle":0.0},"faces":{"north":{"uv":[0.0,0.0,0.0,2.5],"texture":"#0"},"east":{"uv":[6.0,7.5,7.0,10.0],"texture":"#0"},"south":{"uv":[0.0,0.0,0.0,2.5],"texture":"#0"},"west":{"uv":[7.0,8.0,8.0,10.5],"texture":"#0"},"up":{"uv":[0.0,1.0,0.0,0.0],"texture":"#0"},"down":{"uv":[0.0,0.0,0.0,1.0],"texture":"#0"}}},{"from":[4.0,4.0,3.0],"to":[4.0,9.0,5.0],"rotation":{"origin":[1.0,0.0,1.0],"axis":"y","angle":0.0},"faces":{"north":{"uv":[0.0,0.0,0.0,2.5],"texture":"#0"},"east":{"uv":[8.0,8.0,9.0,10.5],"texture":"#0"},"south":{"uv":[0.0,0.0,0.0,2.5],"texture":"#0"},"west":{"uv":[3.0,9.0,4.0,11.5],"texture":"#0"},"up":{"uv":[0.0,1.0,0.0,0.0],"texture":"#0"},"down":{"uv":[0.0,0.0,0.0,1.0],"texture":"#0"}}},{"from":[4.0,9.0,3.0],"to":[16.0,9.0,5.0],"rotation":{"origin":[1.0,0.0,1.0],"axis":"y","angle":0.0},"faces":{"north":{"uv":[0.0,0.0,6.0,0.0],"texture":"#0"},"east":{"uv":[0.0,0.0,1.0,0.0],"texture":"#0"},"south":{"uv":[0.0,0.0,6.0,0.0],"texture":"#0"},"west":{"uv":[0.0,0.0,1.0,0.0],"texture":"#0"},"up":{"uv":[6.0,6.0,0.0,5.0],"texture":"#0"},"down":{"uv":[6.0,6.0,0.0,7.0],"texture":"#0"}}},{"from":[4.0,4.0,3.0],"to":[16.0,4.0,5.0],"rotation":{"origin":[1.0,0.0,1.0],"axis":"y","angle":0.0},"faces":{"north":{"uv":[0.0,0.0,6.0,0.0],"texture":"#0"},"east":{"uv":[0.0,0.0,1.0,0.0],"texture":"#0"},"south":{"uv":[0.0,0.0,6.0,0.0],"texture":"#0"},"west":{"uv":[0.0,0.0,1.0,0.0],"texture":"#0"},"up":{"uv":[12.0,1.0,6.0,0.0],"texture":"#0"},"down":{"uv":[12.0,1.0,6.0,2.0],"texture":"#0"}}},{"from":[4.0,4.0,3.0],"to":[16.0,9.0,3.0],"rotation":{"origin":[1.0,0.0,1.0],"axis":"y","angle":0.0},"faces":{"north":{"uv":[0.0,0.0,6.0,2.5],"texture":"#0"},"east":{"uv":[0.0,0.0,0.0,2.5],"texture":"#0"},"south":{"uv":[0.0,2.5,6.0,5.0],"texture":"#0"},"west":{"uv":[0.0,0.0,0.0,2.5],"texture":"#0"},"up":{"uv":[6.0,0.0,0.0,0.0],"texture":"#0"},"down":{"uv":[6.0,0.0,0.0,0.0],"texture":"#0"}}},{"from":[3.0,1.0,5.1],"to":[5.0,12.0,7.1],"rotation":{"origin":[5.75,4.5,6.1],"axis":"y","angle":0.0},"faces":{"north":{"uv":[6.0,2.0,7.0,7.5],"texture":"#0"},"east":{"uv":[0.0,7.0,1.0,12.5],"texture":"#0"},"south":{"uv":[1.0,7.0,2.0,12.5],"texture":"#0"},"west":{"uv":[2.0,7.0,3.0,12.5],"texture":"#0"},"up":{"uv":[12.5,8.0,11.5,7.0],"texture":"#0"},"down":{"uv":[12.5,11.0,11.5,12.0],"texture":"#0"}}},{"from":[2.5,12.0,4.6],"to":[5.5,14.0,7.6],"rotation":{"origin":[4.0,13.0,6.1],"axis":"y","angle":0.0},"faces":{"north":{"uv":[4.0,10.5,5.5,11.5],"texture":"#0"},"east":{"uv":[7.0,10.5,8.5,11.5],"texture":"#0"},"south":{"uv":[10.5,8.0,12.0,9.0],"texture":"#0"},"west":{"uv":[10.5,9.0,12.0,10.0],"texture":"#0"},"up":{"uv":[5.5,10.5,4.0,9.0],"texture":"#0"},"down":{"uv":[10.5,8.0,9.0,9.5],"texture":"#0"}}},{"from":[5.5,0.75,5.1],"to":[8.5,2.75,7.1],"rotation":{"origin":[6.25,4.25,6.1],"axis":"z","angle":-22.5},"faces":{"north":{"uv":[10.5,10.0,12.0,11.0],"texture":"#0"},"east":{"uv":[12.0,0.0,13.0,1.0],"texture":"#0"},"south":{"uv":[8.5,11.0,10.0,12.0],"texture":"#0"},"west":{"uv":[12.0,1.0,13.0,2.0],"texture":"#0"},"up":{"uv":[11.5,12.0,10.0,11.0],"texture":"#0"},"down":{"uv":[4.5,11.5,3.0,12.5],"texture":"#0"}}},{"from":[8.5,0.25,4.6],"to":[10.5,3.25,7.6],"rotation":{"origin":[6.25,4.25,6.1],"axis":"z","angle":-22.5},"faces":{"north":{"uv":[11.5,4.0,12.5,5.5],"texture":"#0"},"east":{"uv":[9.0,9.5,10.5,11.0],"texture":"#0"},"south":{"uv":[4.5,11.5,5.5,13.0],"texture":"#0"},"west":{"uv":[5.5,10.0,7.0,11.5],"texture":"#0"},"up":{"uv":[6.5,13.0,5.5,11.5],"texture":"#0"},"down":{"uv":[12.5,5.5,11.5,7.0],"texture":"#0"}}},{"from":[7.0,9.0,5.0],"to":[13.0,11.0,5.0],"rotation":{"origin":[1.0,0.0,1.0],"axis":"y","angle":0.0},"faces":{"north":{"uv":[3.0,7.0,6.0,8.0],"texture":"#0"},"east":{"uv":[0.0,0.0,0.0,1.0],"texture":"#0"},"south":{"uv":[3.0,8.0,6.0,9.0],"texture":"#0"},"west":{"uv":[0.0,0.0,0.0,1.0],"texture":"#0"},"up":{"uv":[3.0,0.0,0.0,0.0],"texture":"#0"},"down":{"uv":[3.0,0.0,0.0,0.0],"texture":"#0"}}}],"textures":{"particle":"64959f13-45e5-41ec-b388-0bc4aff88898","0":"64959f13-45e5-41ec-b388-0bc4aff88898"}}