{"display":{"thirdperson_righthand":{"rotation":[70.0,0.0,0.0],"translation":[0.0,2.0,2.0],"scale":[0.3,0.3,0.3]},"thirdperson_lefthand":{"rotation":[70.0,0.0,0.0],"translation":[0.0,2.0,2.0],"scale":[0.3,0.3,0.3]},"firstperson_righthand":{"translation":[0.0,1.0,0.0],"scale":[0.3,0.3,0.3]},"firstperson_lefthand":{"translation":[0.0,1.0,0.0],"scale":[0.3,0.3,0.3]},"ground":{"translation":[0.0,6.0,0.0],"scale":[0.7,0.7,0.7]},"gui":{"rotation":[15.0,45.0,0.0],"translation":[0.0,-0.75,0.0],"scale":[0.5,0.5,0.5]},"head":{"translation":[0.0,-27.0,0.0],"scale":[2.0,2.0,2.0]},"fixed":{"rotation":[-90.0,0.0,0.0],"translation":[0.0,-1.5,-22.0],"scale":[3.0,3.0,3.0]}},"elements":[{"from":[3.0,0.0,3.0],"to":[13.0,3.0,13.0],"rotation":{"origin":[3.0,0.0,3.0],"axis":"y","angle":0.0},"faces":{"north":{"uv":[6.0,4.0,8.5,4.75],"texture":"#0"},"east":{"uv":[6.0,4.75,8.5,5.5],"texture":"#0"},"south":{"uv":[6.0,5.5,8.5,6.25],"texture":"#0"},"west":{"uv":[6.0,6.25,8.5,7.0],"texture":"#0"},"up":{"uv":[2.5,2.5,0.0,0.0],"texture":"#0"},"down":{"uv":[2.5,2.5,0.0,5.0],"texture":"#0"}}},{"from":[6.0,1.0,-1.0],"to":[10.0,2.0,3.0],"rotation":{"origin":[3.0,0.0,3.0],"axis":"y","angle":0.0},"faces":{"north":{"uv":[8.5,4.5,9.5,4.75],"texture":"#0"},"east":{"uv":[8.5,4.75,9.5,5.0],"texture":"#0"},"south":{"uv":[8.5,5.0,9.5,5.25],"texture":"#0"},"west":{"uv":[8.5,5.25,9.5,5.5],"texture":"#0"},"up":{"uv":[7.0,8.0,6.0,7.0],"texture":"#0"},"down":{"uv":[8.0,7.0,7.0,8.0],"texture":"#0"}}},{"from":[6.0,1.5,-13.0],"to":[10.0,1.5,-1.0],"rotation":{"origin":[3.0,0.0,3.0],"axis":"y","angle":0.0},"faces":{"north":{"uv":[0.0,0.0,1.0,0.0],"texture":"#0"},"east":{"uv":[0.0,0.0,3.0,0.0],"texture":"#0"},"south":{"uv":[0.0,0.0,1.0,0.0],"texture":"#0"},"west":{"uv":[0.0,0.0,3.0,0.0],"texture":"#0"},"up":{"uv":[5.5,3.0,4.5,0.0],"texture":"#0"},"down":{"uv":[1.0,5.0,0.0,8.0],"texture":"#0"}}},{"from":[-1.0,1.0,6.0],"to":[3.0,2.0,10.0],"rotation":{"origin":[3.0,0.0,3.0],"axis":"y","angle":0.0},"faces":{"north":{"uv":[8.5,5.5,9.5,5.75],"texture":"#0"},"east":{"uv":[8.5,5.75,9.5,6.0],"texture":"#0"},"south":{"uv":[8.5,6.0,9.5,6.25],"texture":"#0"},"west":{"uv":[8.5,6.25,9.5,6.5],"texture":"#0"},"up":{"uv":[8.5,4.0,7.5,3.0],"texture":"#0"},"down":{"uv":[1.0,8.0,0.0,9.0],"texture":"#0"}}},{"from":[-13.0,1.5,6.0],"to":[-1.0,1.5,10.0],"rotation":{"origin":[3.0,0.0,3.0],"axis":"y","angle":0.0},"faces":{"north":{"uv":[0.0,0.0,3.0,0.0],"texture":"#0"},"east":{"uv":[0.0,0.0,1.0,0.0],"texture":"#0"},"south":{"uv":[0.0,0.0,3.0,0.0],"texture":"#0"},"west":{"uv":[0.0,0.0,1.0,0.0],"texture":"#0"},"up":{"uv":[7.5,4.0,4.5,3.0],"texture":"#0"},"down":{"uv":[8.5,0.0,5.5,1.0],"texture":"#0"}}},{"from":[13.0,1.0,6.0],"to":[17.0,2.0,10.0],"rotation":{"origin":[17.0,0.0,3.0],"axis":"y","angle":0.0},"faces":{"north":{"uv":[8.5,6.5,9.5,6.75],"texture":"#0"},"east":{"uv":[8.5,6.75,9.5,7.0],"texture":"#0"},"south":{"uv":[2.0,8.75,3.0,9.0],"texture":"#0"},"west":{"uv":[0.0,9.0,1.0,9.25],"texture":"#0"},"up":{"uv":[2.0,9.0,1.0,8.0],"texture":"#0"},"down":{"uv":[7.0,8.0,6.0,9.0],"texture":"#0"}}},{"from":[17.0,1.5,6.0],"to":[29.0,1.5,10.0],"rotation":{"origin":[33.0,0.0,3.0],"axis":"y","angle":0.0},"faces":{"north":{"uv":[0.0,0.0,3.0,0.0],"texture":"#0"},"east":{"uv":[0.0,0.0,1.0,0.0],"texture":"#0"},"south":{"uv":[0.0,0.0,3.0,0.0],"texture":"#0"},"west":{"uv":[0.0,0.0,1.0,0.0],"texture":"#0"},"up":{"uv":[8.5,2.0,5.5,1.0],"texture":"#0"},"down":{"uv":[8.5,2.0,5.5,3.0],"texture":"#0"}}},{"from":[6.0,1.0,13.0],"to":[10.0,2.0,17.0],"rotation":{"origin":[3.0,0.0,17.0],"axis":"y","angle":0.0},"faces":{"north":{"uv":[1.0,9.0,2.0,9.25],"texture":"#0"},"east":{"uv":[2.0,9.0,3.0,9.25],"texture":"#0"},"south":{"uv":[6.0,9.0,7.0,9.25],"texture":"#0"},"west":{"uv":[7.0,9.0,8.0,9.25],"texture":"#0"},"up":{"uv":[8.0,9.0,7.0,8.0],"texture":"#0"},"down":{"uv":[9.0,7.0,8.0,8.0],"texture":"#0"}}},{"from":[6.0,1.5,17.0],"to":[10.0,1.5,29.0],"rotation":{"origin":[3.0,0.0,33.0],"axis":"y","angle":0.0},"faces":{"north":{"uv":[0.0,0.0,1.0,0.0],"texture":"#0"},"east":{"uv":[0.0,0.0,3.0,0.0],"texture":"#0"},"south":{"uv":[0.0,0.0,1.0,0.0],"texture":"#0"},"west":{"uv":[0.0,0.0,3.0,0.0],"texture":"#0"},"up":{"uv":[2.0,8.0,1.0,5.0],"texture":"#0"},"down":{"uv":[3.0,5.75,2.0,8.75],"texture":"#0"}}},{"from":[6.5,4.0,6.5],"to":[9.5,19.0,9.5],"rotation":{"origin":[2.5,0.0,2.5],"axis":"y","angle":0.0},"faces":{"north":{"uv":[3.0,5.75,3.75,9.5],"texture":"#0"},"east":{"uv":[3.75,5.75,4.5,9.5],"texture":"#0"},"south":{"uv":[4.5,5.75,5.25,9.5],"texture":"#0"},"west":{"uv":[5.25,5.75,6.0,9.5],"texture":"#0"},"up":{"uv":[9.25,1.75,8.5,1.0],"texture":"#0"},"down":{"uv":[9.25,1.75,8.5,2.5],"texture":"#0"}}},{"from":[4.0,20.0,4.0],"to":[12.0,21.0,12.0],"rotation":{"origin":[3.0,0.0,3.0],"axis":"y","angle":0.0},"faces":{"north":{"uv":[8.5,2.5,10.5,2.75],"texture":"#0"},"east":{"uv":[8.5,2.75,10.5,3.0],"texture":"#0"},"south":{"uv":[8.5,3.0,10.5,3.25],"texture":"#0"},"west":{"uv":[8.5,3.25,10.5,3.5],"texture":"#0"},"up":{"uv":[4.5,2.0,2.5,0.0],"texture":"#0"},"down":{"uv":[4.5,2.0,2.5,4.0],"texture":"#0"}}},{"from":[6.0,19.0,6.0],"to":[10.0,20.0,10.0],"rotation":{"origin":[3.0,0.0,3.0],"axis":"y","angle":0.0},"faces":{"north":{"uv":[9.0,7.0,10.0,7.25],"texture":"#0"},"east":{"uv":[9.0,7.25,10.0,7.5],"texture":"#0"},"south":{"uv":[9.0,7.5,10.0,7.75],"texture":"#0"},"west":{"uv":[9.0,7.75,10.0,8.0],"texture":"#0"},"up":{"uv":[9.0,9.0,8.0,8.0],"texture":"#0"},"down":{"uv":[9.5,0.0,8.5,1.0],"texture":"#0"}}},{"from":[4.5,3.0,4.5],"to":[11.5,4.0,11.5],"rotation":{"origin":[2.5,-15.0,2.5],"axis":"y","angle":0.0},"faces":{"north":{"uv":[8.5,3.5,10.25,3.75],"texture":"#0"},"east":{"uv":[8.5,3.75,10.25,4.0],"texture":"#0"},"south":{"uv":[8.5,4.0,10.25,4.25],"texture":"#0"},"west":{"uv":[8.5,4.25,10.25,4.5],"texture":"#0"},"up":{"uv":[4.25,5.75,2.5,4.0],"texture":"#0"},"down":{"uv":[6.0,4.0,4.25,5.75],"texture":"#0"}}}],"textures":{"particle":"473ebd7d-b4fc-4531-864b-832b35b2ffbb","0":"473ebd7d-b4fc-4531-864b-832b35b2ffbb"}}