{"display":{"thirdperson_righthand":{"rotation":[70.0,0.0,0.0],"translation":[0.0,2.0,0.0],"scale":[0.3,0.3,0.3]},"thirdperson_lefthand":{"rotation":[70.0,0.0,0.0],"translation":[0.0,2.0,0.0],"scale":[0.3,0.3,0.3]},"firstperson_righthand":{"translation":[0.0,1.0,0.0],"scale":[0.3,0.3,0.3]},"firstperson_lefthand":{"translation":[0.0,1.0,0.0],"scale":[0.3,0.3,0.3]},"ground":{"translation":[0.0,6.0,0.0],"scale":[0.5,0.5,0.5]},"gui":{"rotation":[15.0,45.0,0.0],"scale":[0.5,0.5,0.5]},"head":{"translation":[0.0,-27.0,0.0],"scale":[2.0,2.0,2.0]},"fixed":{"rotation":[-90.0,0.0,0.0],"translation":[0.0,0.0,-18.0],"scale":[2.5,2.5,2.5]}},"elements":[{"from":[-3.0,11.0,-3.0],"to":[19.0,12.0,19.0],"rotation":{"origin":[-2.0,3.0,-2.0],"axis":"y","angle":0.0},"faces":{"north":{"uv":[5.5,4.0,11.0,4.25],"texture":"#0"},"east":{"uv":[5.5,4.25,11.0,4.5],"texture":"#0"},"south":{"uv":[5.5,4.5,11.0,4.75],"texture":"#0"},"west":{"uv":[5.5,4.75,11.0,5.0],"texture":"#0"},"up":{"uv":[5.5,5.5,0.0,0.0],"texture":"#0"},"down":{"uv":[5.5,5.5,0.0,11.0],"texture":"#0"}}},{"from":[16.0,0.0,-2.0],"to":[18.0,11.0,0.0],"rotation":{"origin":[16.0,1.0,-2.0],"axis":"y","angle":0.0},"faces":{"north":{"uv":[5.5,5.0,6.0,7.75],"texture":"#0"},"east":{"uv":[6.0,5.0,6.5,7.75],"texture":"#0"},"south":{"uv":[6.5,5.0,7.0,7.75],"texture":"#0"},"west":{"uv":[7.0,5.0,7.5,7.75],"texture":"#0"},"up":{"uv":[10.0,1.5,9.5,1.0],"texture":"#0"},"down":{"uv":[10.0,1.5,9.5,2.0],"texture":"#0"}}},{"from":[-2.0,0.0,16.0],"to":[0.0,11.0,18.0],"rotation":{"origin":[-2.0,1.0,16.0],"axis":"y","angle":0.0},"faces":{"north":{"uv":[7.5,5.0,8.0,7.75],"texture":"#0"},"east":{"uv":[5.5,7.75,6.0,10.5],"texture":"#0"},"south":{"uv":[6.0,7.75,6.5,10.5],"texture":"#0"},"west":{"uv":[6.5,7.75,7.0,10.5],"texture":"#0"},"up":{"uv":[10.0,2.5,9.5,2.0],"texture":"#0"},"down":{"uv":[10.0,2.5,9.5,3.0],"texture":"#0"}}},{"from":[16.0,0.0,16.0],"to":[18.0,11.0,18.0],"rotation":{"origin":[16.0,1.0,16.0],"axis":"y","angle":0.0},"faces":{"north":{"uv":[7.0,7.75,7.5,10.5],"texture":"#0"},"east":{"uv":[7.5,7.75,8.0,10.5],"texture":"#0"},"south":{"uv":[8.0,5.0,8.5,7.75],"texture":"#0"},"west":{"uv":[8.0,7.75,8.5,10.5],"texture":"#0"},"up":{"uv":[10.0,3.5,9.5,3.0],"texture":"#0"},"down":{"uv":[10.0,3.5,9.5,4.0],"texture":"#0"}}},{"from":[-2.0,0.0,-2.0],"to":[0.0,11.0,0.0],"rotation":{"origin":[-2.0,1.0,-2.0],"axis":"y","angle":0.0},"faces":{"north":{"uv":[8.5,5.0,9.0,7.75],"texture":"#0"},"east":{"uv":[8.5,7.75,9.0,10.5],"texture":"#0"},"south":{"uv":[9.0,5.0,9.5,7.75],"texture":"#0"},"west":{"uv":[9.0,7.75,9.5,10.5],"texture":"#0"},"up":{"uv":[10.5,1.5,10.0,1.0],"texture":"#0"},"down":{"uv":[10.5,1.5,10.0,2.0],"texture":"#0"}}},{"from":[0.0,9.0,-2.0],"to":[16.0,11.0,-1.0],"rotation":{"origin":[-3.0,3.0,-3.0],"axis":"y","angle":0.0},"faces":{"north":{"uv":[5.5,0.0,9.5,0.5],"texture":"#0"},"east":{"uv":[10.0,2.0,10.25,2.5],"texture":"#0"},"south":{"uv":[5.5,0.5,9.5,1.0],"texture":"#0"},"west":{"uv":[10.0,2.5,10.25,3.0],"texture":"#0"},"up":{"uv":[13.5,0.25,9.5,0.0],"texture":"#0"},"down":{"uv":[13.5,0.25,9.5,0.5],"texture":"#0"}}},{"from":[0.0,9.0,17.0],"to":[16.0,11.0,18.0],"rotation":{"origin":[-3.0,3.0,17.0],"axis":"y","angle":0.0},"faces":{"north":{"uv":[5.5,1.0,9.5,1.5],"texture":"#0"},"east":{"uv":[10.0,3.0,10.25,3.5],"texture":"#0"},"south":{"uv":[5.5,1.5,9.5,2.0],"texture":"#0"},"west":{"uv":[10.0,3.5,10.25,4.0],"texture":"#0"},"up":{"uv":[13.5,0.75,9.5,0.5],"texture":"#0"},"down":{"uv":[13.5,0.75,9.5,1.0],"texture":"#0"}}},{"from":[17.0,9.0,0.0],"to":[18.0,11.0,16.0],"rotation":{"origin":[17.0,3.0,-3.0],"axis":"y","angle":0.0},"faces":{"north":{"uv":[10.0,5.0,10.25,5.5],"texture":"#0"},"east":{"uv":[5.5,2.0,9.5,2.5],"texture":"#0"},"south":{"uv":[10.0,5.5,10.25,6.0],"texture":"#0"},"west":{"uv":[5.5,2.5,9.5,3.0],"texture":"#0"},"up":{"uv":[9.75,9.0,9.5,5.0],"texture":"#0"},"down":{"uv":[9.75,9.0,9.5,13.0],"texture":"#0"}}},{"from":[-2.0,9.0,0.0],"to":[-1.0,11.0,16.0],"rotation":{"origin":[-3.0,3.0,-3.0],"axis":"y","angle":0.0},"faces":{"north":{"uv":[10.0,6.0,10.25,6.5],"texture":"#0"},"east":{"uv":[5.5,3.0,9.5,3.5],"texture":"#0"},"south":{"uv":[10.0,6.5,10.25,7.0],"texture":"#0"},"west":{"uv":[5.5,3.5,9.5,4.0],"texture":"#0"},"up":{"uv":[10.0,9.0,9.75,5.0],"texture":"#0"},"down":{"uv":[10.0,9.0,9.75,13.0],"texture":"#0"}}}],"textures":{"particle":"cca3eba0-82c3-4291-934f-60e875fb3621","0":"cca3eba0-82c3-4291-934f-60e875fb3621"}}