{"display":{"thirdperson_righthand":{"rotation":[75.0,45.0,0.0],"translation":[0.0,10.5,21.0],"scale":[1.375,1.375,1.375]},"thirdperson_lefthand":{"rotation":[75.0,45.0,0.0],"translation":[0.0,10.5,21.0],"scale":[1.375,1.375,1.375]},"firstperson_righthand":{"rotation":[0.0,120.0,0.0],"translation":[0.0,10.0,0.0],"scale":[0.4,0.4,0.4]},"firstperson_lefthand":{"rotation":[0.0,120.0,0.0],"translation":[0.0,10.0,0.0],"scale":[0.4,0.4,0.4]},"ground":{"translation":[0.0,7.0,0.0],"scale":[0.5,0.5,0.5]},"gui":{"rotation":[35.0,35.0,0.0],"translation":[-1.25,26.5,0.0],"scale":[1.65,1.65,1.65]},"head":{"rotation":[10.0,0.0,0.0],"translation":[0.0,-51.5,16.0],"scale":[4.0,4.0,4.0]}},"elements":[{"from":[5.8,-13.4,8.1],"to":[10.2,-8.2,11.3],"rotation":{"origin":[7.8,-13.0,8.1],"axis":"y","angle":0.0},"faces":{"north":{"uv":[0.0,0.0,1.375,1.625],"texture":"#2"},"east":{"uv":[1.5,1.75,2.5,3.375],"texture":"#2"},"south":{"uv":[1.5,0.0,2.875,1.625],"texture":"#2"},"west":{"uv":[2.625,1.75,3.625,3.375],"texture":"#2"},"up":{"uv":[4.375,1.0,3.0,0.0],"texture":"#2"},"down":{"uv":[1.375,3.25,0.0,4.25],"texture":"#2"}}},{"from":[5.0,-13.0,8.5],"to":[5.8,-11.0,10.9],"rotation":{"origin":[7.8,-13.0,8.1],"axis":"y","angle":0.0},"faces":{"north":{"uv":[7.125,0.875,7.375,1.5],"texture":"#2"},"south":{"uv":[1.75,7.125,2.0,7.75],"texture":"#2"},"west":{"uv":[0.0,5.375,0.75,6.0],"texture":"#2"},"up":{"uv":[7.0,1.875,6.75,1.125],"texture":"#2"},"down":{"uv":[7.125,0.0,6.875,0.75],"texture":"#2"}}},{"from":[6.2,-13.0,11.3],"to":[9.8,-10.2,12.5],"rotation":{"origin":[6.6,-13.0,11.3],"axis":"y","angle":0.0},"faces":{"north":{"uv":[0.0,4.375,1.125,5.25],"texture":"#2"},"east":{"uv":[6.5,3.375,6.875,4.25],"texture":"#2"},"south":{"uv":[1.25,5.0,2.375,5.875],"texture":"#2"},"west":{"uv":[6.5,5.75,6.875,6.625],"texture":"#2"},"up":{"uv":[6.625,1.875,5.5,1.5],"texture":"#2"},"down":{"uv":[6.625,2.0,5.5,2.375],"texture":"#2"}}},{"from":[3.4,-10.6,9.1],"to":[4.6,-7.4,10.3],"rotation":{"origin":[4.0,-7.6,9.7],"axis":"z","angle":22.5},"faces":{"north":{"uv":[6.375,0.0,6.75,1.0],"texture":"#2","tintindex":0},"east":{"uv":[2.125,6.5,2.5,7.5],"texture":"#2","tintindex":0},"south":{"uv":[2.625,6.5,3.0,7.5],"texture":"#2","tintindex":0},"west":{"uv":[3.125,6.5,3.5,7.5],"texture":"#2","tintindex":0},"up":{"uv":[1.25,7.875,0.875,7.5],"texture":"#2","tintindex":0},"down":{"uv":[7.875,3.375,7.5,3.75],"texture":"#2","tintindex":0}}},{"from":[5.4,-9.0,10.1],"to":[10.6,-7.0,12.1],"rotation":{"origin":[8.0,-7.8,10.9],"axis":"x","angle":22.5},"faces":{"north":{"uv":[3.75,2.625,5.375,3.25],"texture":"#2","tintindex":0},"east":{"uv":[5.25,5.875,5.875,6.5],"texture":"#2","tintindex":0},"south":{"uv":[1.5,4.25,3.125,4.875],"texture":"#2","tintindex":0},"west":{"uv":[0.875,6.0,1.5,6.625],"texture":"#2","tintindex":0},"up":{"uv":[4.875,4.875,3.25,4.25],"texture":"#2","tintindex":0},"down":{"uv":[6.125,0.0,4.5,0.625],"texture":"#2","tintindex":0}}},{"from":[5.8,-13.0,6.1],"to":[10.2,-8.6,8.1],"rotation":{"origin":[7.8,-13.4,4.9],"axis":"y","angle":0.0},"faces":{"north":{"uv":[0.0,1.75,1.375,3.125],"texture":"#2"},"up":{"uv":[3.875,5.625,2.5,5.0],"texture":"#2"},"down":{"uv":[6.375,3.375,5.0,4.0],"texture":"#2"}}},{"from":[10.2,-13.0,6.1],"to":[5.8,-8.6,8.1],"rotation":{"origin":[3.8,-13.4,4.9],"axis":"y","angle":0.0},"faces":{"north":{"uv":[1.375,1.75,0.0,3.125],"texture":"#2"},"up":{"uv":[3.875,5.0,2.5,5.625],"texture":"#2"},"down":{"uv":[6.375,3.375,5.0,4.0],"texture":"#2"}}},{"from":[5.4,-9.0,10.1],"to":[10.6,-7.0,12.1],"rotation":{"origin":[8.0,-7.8,10.9],"axis":"x","angle":22.5},"faces":{"north":{"uv":[1.5,3.5,3.125,4.125],"texture":"#2"},"east":{"uv":[5.5,2.5,6.125,3.125],"texture":"#2"},"south":{"uv":[3.25,3.5,4.875,4.125],"texture":"#2"},"west":{"uv":[2.5,5.75,3.125,6.375],"texture":"#2"},"up":{"uv":[5.375,1.75,3.75,1.125],"texture":"#2"},"down":{"uv":[5.375,1.875,3.75,2.5],"texture":"#2"}}},{"from":[4.2,-14.2,8.9],"to":[5.0,-12.2,10.9],"rotation":{"origin":[4.6,-12.85,10.1],"axis":"x","angle":-22.5},"faces":{"north":{"uv":[7.25,0.0,7.5,0.625],"texture":"#2"},"east":{"uv":[3.25,5.75,3.875,6.375],"texture":"#2"},"south":{"uv":[7.25,1.625,7.5,2.25],"texture":"#2"},"west":{"uv":[5.75,4.125,6.375,4.75],"texture":"#2"},"up":{"uv":[4.75,7.875,4.5,7.25],"texture":"#2"},"down":{"uv":[7.5,4.5,7.25,5.125],"texture":"#2"}}},{"from":[4.0,-13.0,9.5],"to":[5.2,-12.0,10.3],"rotation":{"origin":[4.6,-12.85,10.1],"axis":"x","angle":-22.5},"faces":{"north":{"uv":[0.375,7.5,0.75,7.875],"texture":"#2"},"south":{"uv":[7.5,0.75,7.875,1.125],"texture":"#2"},"west":{"uv":[0.5,6.125,0.75,6.5],"texture":"#2"},"up":{"uv":[8.0,0.625,7.625,0.375],"texture":"#2"},"down":{"uv":[8.0,1.5,7.625,1.75],"texture":"#2"}}},{"from":[4.6,-15.4,10.9],"to":[4.6,-13.8,11.3],"rotation":{"origin":[4.6,-14.6,10.9],"axis":"y","angle":0.0},"faces":{"east":{"uv":[1.25,4.375,1.375,4.875],"texture":"#2"},"west":{"uv":[1.25,4.375,1.375,4.875],"texture":"#2"}}},{"from":[10.19003,-11.64358,9.7],"to":[11.79003,-10.44358,10.5],"rotation":{"origin":[10.99003,-11.04358,10.1],"axis":"z","angle":45.0},"faces":{"north":{"uv":[3.0,1.125,3.5,1.5],"texture":"#2"},"east":{"uv":[0.875,5.375,1.125,5.75],"texture":"#2"},"south":{"uv":[6.5,4.375,7.0,4.75],"texture":"#2"},"west":{"uv":[2.125,6.0,2.375,6.375],"texture":"#2"},"up":{"uv":[5.0,1.0,4.5,0.75],"texture":"#2"},"down":{"uv":[7.875,6.25,7.375,6.5],"texture":"#2"}}},{"from":[10.43003,-11.84358,8.9],"to":[11.63003,-9.84358,9.7],"rotation":{"origin":[11.03003,-11.04358,9.3],"axis":"z","angle":-22.5},"faces":{"north":{"uv":[0.5,6.75,0.875,7.375],"texture":"#2"},"east":{"uv":[7.125,3.75,7.375,4.375],"texture":"#2"},"south":{"uv":[1.0,6.75,1.375,7.375],"texture":"#2"},"west":{"uv":[0.0,7.25,0.25,7.875],"texture":"#2"},"up":{"uv":[7.875,4.375,7.5,4.125],"texture":"#2"},"down":{"uv":[8.0,0.0,7.625,0.25],"texture":"#2"}}},{"from":[9.75642,-13.23003,8.5],"to":[11.35642,-11.23003,10.9],"rotation":{"origin":[10.55642,-12.23003,9.7],"axis":"z","angle":-22.5},"faces":{"north":{"uv":[3.625,6.625,4.125,7.25],"texture":"#2"},"east":{"uv":[5.5,0.75,6.25,1.375],"texture":"#2"},"south":{"uv":[5.0,6.625,5.5,7.25],"texture":"#2"},"up":{"uv":[6.75,3.25,6.25,2.5],"texture":"#2"},"down":{"uv":[6.75,4.875,6.25,5.625],"texture":"#2"}}},{"from":[9.55642,-12.43003,8.3],"to":[11.55642,-12.03003,11.1],"rotation":{"origin":[10.55642,-12.23003,9.7],"axis":"z","angle":-22.5},"faces":{"north":{"uv":[7.625,1.875,8.25,2.0],"texture":"#2","tintindex":0},"east":{"uv":[7.5,1.25,8.375,1.375],"texture":"#2","tintindex":0},"south":{"uv":[2.125,7.625,2.75,7.75],"texture":"#2","tintindex":0},"west":{"uv":[7.5,3.875,8.375,4.0],"texture":"#2","tintindex":0},"up":{"uv":[5.625,5.0,5.0,4.125],"texture":"#2","tintindex":0},"down":{"uv":[5.125,5.125,4.5,6.0],"texture":"#2","tintindex":0}}},{"from":[11.40336,-14.79748,8.3],"to":[11.40336,-12.79748,11.1],"rotation":{"origin":[10.40336,-13.39748,9.7],"axis":"y","angle":0.0},"faces":{"east":{"uv":[5.25,5.125,6.125,5.75],"texture":"#2","tintindex":0},"west":{"uv":[6.125,5.125,5.25,5.75],"texture":"#2","tintindex":0}}},{"from":[6.56,-14.24,12.3],"to":[7.36,-11.84,13.1],"rotation":{"origin":[6.96,-13.44,12.3],"axis":"z","angle":-45.0},"faces":{"north":{"uv":[6.875,2.0,7.125,2.75],"texture":"#2","tintindex":0},"east":{"uv":[6.875,4.875,7.125,5.625],"texture":"#2","tintindex":0},"south":{"uv":[7.0,2.875,7.25,3.625],"texture":"#2","tintindex":0},"west":{"uv":[7.0,5.75,7.25,6.5],"texture":"#2","tintindex":0},"up":{"uv":[5.375,1.0,5.125,0.75],"texture":"#2","tintindex":0},"down":{"uv":[6.625,1.125,6.375,1.375],"texture":"#2","tintindex":0}}},{"from":[7.4,-12.99147,12.1],"to":[8.6,-11.79147,13.3],"rotation":{"origin":[7.8,-12.59147,12.5],"axis":"y","angle":0.0},"faces":{"north":{"uv":[7.25,6.625,7.625,7.0],"texture":"#2"},"east":{"uv":[7.25,7.125,7.625,7.5],"texture":"#2"},"south":{"uv":[7.375,2.875,7.75,3.25],"texture":"#2"},"west":{"uv":[3.625,7.375,4.0,7.75],"texture":"#2"},"up":{"uv":[5.25,7.75,4.875,7.375],"texture":"#2"},"down":{"uv":[7.75,5.75,7.375,6.125],"texture":"#2"}}},{"from":[6.76,-11.84,12.5],"to":[7.16,-7.44,12.9],"rotation":{"origin":[6.96,-13.44,12.3],"axis":"z","angle":-45.0},"faces":{"north":{"uv":[5.875,7.0,6.0,8.375],"texture":"#2"},"east":{"uv":[6.125,7.0,6.25,8.375],"texture":"#2"},"south":{"uv":[7.0,6.625,7.125,8.0],"texture":"#2"},"west":{"uv":[1.5,7.125,1.625,8.5],"texture":"#2"},"up":{"uv":[5.125,6.25,5.0,6.125],"texture":"#2"},"down":{"uv":[5.125,6.375,5.0,6.5],"texture":"#2"}}},{"from":[9.96,-14.24,12.7],"to":[11.16,-9.44,12.7],"rotation":{"origin":[10.96,-15.44,12.1],"axis":"y","angle":0.0},"faces":{"north":{"uv":[4.0,5.0,4.375,6.5],"texture":"#2"},"south":{"uv":[4.375,5.0,4.0,6.5],"texture":"#2"}}},{"from":[3.8,-12.6,9.5],"to":[4.2,-7.0,9.9],"rotation":{"origin":[4.0,-7.6,9.7],"axis":"z","angle":22.5},"faces":{"north":{"uv":[4.25,6.625,4.375,8.375],"texture":"#2"},"east":{"uv":[5.625,6.625,5.75,8.375],"texture":"#2"},"south":{"uv":[6.5,6.75,6.625,8.5],"texture":"#2"},"west":{"uv":[6.75,6.75,6.875,8.5],"texture":"#2"},"up":{"uv":[5.875,5.0,5.75,4.875],"texture":"#2"},"down":{"uv":[6.125,4.875,6.0,5.0],"texture":"#2"}}},{"from":[3.4,-10.6,9.1],"to":[4.6,-7.4,10.3],"rotation":{"origin":[4.0,-7.6,9.7],"axis":"z","angle":22.5},"faces":{"north":{"uv":[1.625,6.0,2.0,7.0],"texture":"#2"},"east":{"uv":[6.0,5.875,6.375,6.875],"texture":"#2"},"south":{"uv":[0.0,6.125,0.375,7.125],"texture":"#2"},"west":{"uv":[4.5,6.125,4.875,7.125],"texture":"#2"},"up":{"uv":[7.625,2.75,7.25,2.375],"texture":"#2"},"down":{"uv":[7.625,5.25,7.25,5.625],"texture":"#2"}}}],"textures":{"2":"e4641bc9-b78c-428c-b4ec-283516d32978"},"gui_light":"front"}