{"display":{"thirdperson_righthand":{"rotation":[-140.0,-90.0,160.0],"translation":[0.0,0.0,-1.0],"scale":[0.2,0.2,0.2]},"thirdperson_lefthand":{"rotation":[-140.0,-90.0,160.0],"translation":[0.0,0.0,-1.0],"scale":[0.2,0.2,0.2]},"firstperson_righthand":{"rotation":[-5.0,90.0,0.0],"translation":[0.0,0.0,0.5],"scale":[0.2,0.2,0.2]},"firstperson_lefthand":{"rotation":[-5.0,90.0,0.0],"translation":[0.0,0.0,0.5],"scale":[0.2,0.2,0.2]},"ground":{"translation":[0.0,6.0,0.0],"scale":[0.3,0.3,0.3]},"gui":{"rotation":[15.0,45.0,0.0],"translation":[0.25,-1.5,0.0],"scale":[0.4,0.4,0.4]},"head":{"translation":[0.0,-27.0,0.0],"scale":[2.0,2.0,2.0]},"fixed":{"rotation":[-90.0,0.0,0.0],"translation":[0.0,0.0,-18.0],"scale":[2.5,2.5,2.5]}},"elements":[{"from":[7.0,0.0,29.0],"to":[9.0,24.0,31.0],"rotation":{"origin":[7.0,0.0,29.0],"axis":"y","angle":0.0},"faces":{"north":{"uv":[3.5,8.5,4.0,14.5],"texture":"#0"},"east":{"uv":[4.0,8.5,4.5,14.5],"texture":"#0"},"south":{"uv":[4.5,8.5,5.0,14.5],"texture":"#0"},"west":{"uv":[5.0,8.5,5.5,14.5],"texture":"#0"},"up":{"uv":[8.0,11.0,7.5,10.5],"texture":"#0"},"down":{"uv":[8.5,10.5,8.0,11.0],"texture":"#0"}}},{"from":[7.0,0.0,-15.0],"to":[9.0,24.0,-13.0],"rotation":{"origin":[7.0,0.0,-15.0],"axis":"y","angle":0.0},"faces":{"north":{"uv":[5.5,8.5,6.0,14.5],"texture":"#0"},"east":{"uv":[6.0,8.5,6.5,14.5],"texture":"#0"},"south":{"uv":[6.5,8.5,7.0,14.5],"texture":"#0"},"west":{"uv":[7.0,8.5,7.5,14.5],"texture":"#0"},"up":{"uv":[9.0,11.0,8.5,10.5],"texture":"#0"},"down":{"uv":[9.5,10.5,9.0,11.0],"texture":"#0"}}},{"from":[1.0,15.0,-14.0],"to":[15.0,21.0,-14.0],"rotation":{"origin":[8.0,21.0,-14.0],"axis":"x","angle":-45.0},"faces":{"north":{"uv":[7.0,4.0,10.5,5.5],"texture":"#0"},"east":{"uv":[0.0,0.0,0.0,1.5],"texture":"#0"},"south":{"uv":[7.0,5.5,10.5,7.0],"texture":"#0"},"west":{"uv":[0.0,0.0,0.0,1.5],"texture":"#0"},"up":{"uv":[3.5,0.0,0.0,0.0],"texture":"#0"},"down":{"uv":[3.5,0.0,0.0,0.0],"texture":"#0"}}},{"from":[1.0,15.0,30.0],"to":[15.0,21.0,30.0],"rotation":{"origin":[8.0,21.0,30.0],"axis":"x","angle":45.0},"faces":{"north":{"uv":[7.0,7.0,10.5,8.5],"texture":"#0"},"east":{"uv":[0.0,0.0,0.0,1.5],"texture":"#0"},"south":{"uv":[0.0,8.5,3.5,10.0],"texture":"#0"},"west":{"uv":[0.0,0.0,0.0,1.5],"texture":"#0"},"up":{"uv":[3.5,0.0,0.0,0.0],"texture":"#0"},"down":{"uv":[3.5,0.0,0.0,0.0],"texture":"#0"}}},{"from":[1.0,7.0,-15.0],"to":[15.0,15.0,-14.0],"rotation":{"origin":[8.0,21.0,-14.0],"axis":"x","angle":-45.0},"faces":{"north":{"uv":[0.0,6.5,3.5,8.5],"texture":"#0"},"east":{"uv":[10.5,0.25,10.75,2.25],"texture":"#0"},"south":{"uv":[3.5,6.5,7.0,8.5],"texture":"#0"},"west":{"uv":[10.5,2.25,10.75,4.25],"texture":"#0"},"up":{"uv":[3.5,10.25,0.0,10.0],"texture":"#0"},"down":{"uv":[11.0,10.0,7.5,10.25],"texture":"#0"}}},{"from":[1.0,7.0,30.0],"to":[15.0,15.0,31.0],"rotation":{"origin":[8.0,21.0,30.0],"axis":"x","angle":45.0},"faces":{"north":{"uv":[7.0,0.0,10.5,2.0],"texture":"#0"},"east":{"uv":[10.5,4.25,10.75,6.25],"texture":"#0"},"south":{"uv":[7.0,2.0,10.5,4.0],"texture":"#0"},"west":{"uv":[10.5,6.25,10.75,8.25],"texture":"#0"},"up":{"uv":[3.5,10.5,0.0,10.25],"texture":"#0"},"down":{"uv":[11.0,10.25,7.5,10.5],"texture":"#0"}}},{"from":[1.0,10.4,-4.85],"to":[15.0,11.4,20.85],"rotation":{"origin":[7.0,0.4,29.0],"axis":"y","angle":0.0},"faces":{"north":{"uv":[0.0,10.5,3.5,10.75],"texture":"#0"},"east":{"uv":[7.5,9.5,14.0,9.75],"texture":"#0"},"south":{"uv":[10.5,0.0,14.0,0.25],"texture":"#0"},"west":{"uv":[7.5,9.75,14.0,10.0],"texture":"#0"},"up":{"uv":[3.5,6.5,0.0,0.0],"texture":"#0"},"down":{"uv":[7.0,0.0,3.5,6.5],"texture":"#0"}}},{"from":[1.1,12.4,-6.35],"to":[1.1,13.4,22.35],"rotation":{"origin":[7.1,0.4,29.0],"axis":"y","angle":0.0},"faces":{"north":{"uv":[0.0,0.0,0.0,0.25],"texture":"#0"},"east":{"uv":[7.5,8.5,14.75,8.75],"texture":"#0"},"south":{"uv":[0.0,0.0,0.0,0.25],"texture":"#0"},"west":{"uv":[7.5,8.75,14.75,9.0],"texture":"#0"},"up":{"uv":[0.0,7.25,0.0,0.0],"texture":"#0"},"down":{"uv":[0.0,0.0,0.0,7.25],"texture":"#0"}}},{"from":[14.9,12.4,-6.35],"to":[14.9,13.4,22.35],"rotation":{"origin":[20.9,0.4,29.0],"axis":"y","angle":0.0},"faces":{"north":{"uv":[0.0,0.0,0.0,0.25],"texture":"#0"},"east":{"uv":[7.5,9.0,14.75,9.25],"texture":"#0"},"south":{"uv":[0.0,0.0,0.0,0.25],"texture":"#0"},"west":{"uv":[7.5,9.25,14.75,9.5],"texture":"#0"},"up":{"uv":[0.0,7.25,0.0,0.0],"texture":"#0"},"down":{"uv":[0.0,0.0,0.0,7.25],"texture":"#0"}}}],"textures":{"particle":"e801d361-aefe-48b3-9545-9e2ebe578b88","0":"e801d361-aefe-48b3-9545-9e2ebe578b88"}}