{"display":{"thirdperson_righthand":{"rotation":[70.0,0.0,0.0],"translation":[0.0,1.0,0.0],"scale":[0.3,0.3,0.3]},"thirdperson_lefthand":{"rotation":[70.0,0.0,0.0],"translation":[0.0,1.0,0.0],"scale":[0.3,0.3,0.3]},"firstperson_righthand":{"scale":[0.3,0.3,0.3]},"firstperson_lefthand":{"scale":[0.3,0.3,0.3]},"ground":{"translation":[0.0,6.0,0.0],"scale":[0.5,0.5,0.5]},"gui":{"rotation":[-160.0,35.0,-180.0],"translation":[0.25,-1.5,0.0],"scale":[0.5,0.5,0.5]},"head":{"translation":[0.0,-29.5,2.0],"scale":[1.7,1.7,1.7]},"fixed":{"rotation":[-90.0,0.0,0.0],"translation":[0.0,1.0,-18.0],"scale":[2.5,2.5,2.5]}},"elements":[{"from":[-1.5,0.0,-1.0],"to":[0.5,4.0,1.0],"rotation":{"origin":[-1.5,-1.0,-1.0],"axis":"y","angle":0.0},"faces":{"north":{"uv":[4.875,6.125,5.125,6.625],"texture":"#1"},"east":{"uv":[5.125,6.125,5.375,6.625],"texture":"#1"},"south":{"uv":[5.375,6.125,5.625,6.625],"texture":"#1"},"west":{"uv":[5.625,6.125,5.875,6.625],"texture":"#1"},"up":{"uv":[6.125,5.25,5.875,5.0],"texture":"#1"},"down":{"uv":[6.625,5.0,6.375,5.25],"texture":"#1"}}},{"from":[15.5,0.0,-1.0],"to":[17.5,4.0,1.0],"rotation":{"origin":[15.5,-1.0,-1.0],"axis":"y","angle":0.0},"faces":{"north":{"uv":[4.875,6.125,5.125,6.625],"texture":"#1"},"east":{"uv":[5.125,6.125,5.375,6.625],"texture":"#1"},"south":{"uv":[5.375,6.125,5.625,6.625],"texture":"#1"},"west":{"uv":[5.625,6.125,5.875,6.625],"texture":"#1"},"up":{"uv":[5.875,5.0,6.125,5.25],"texture":"#1"},"down":{"uv":[6.375,5.0,6.625,5.25],"texture":"#1"}}},{"from":[-1.5,0.0,14.0],"to":[0.5,4.0,16.0],"rotation":{"origin":[-1.5,-1.0,14.0],"axis":"y","angle":0.0},"faces":{"north":{"uv":[6.25,6.0,6.5,6.5],"texture":"#1"},"east":{"uv":[6.375,3.5,6.625,4.0],"texture":"#1"},"south":{"uv":[6.375,4.0,6.625,4.5],"texture":"#1"},"west":{"uv":[6.375,4.5,6.625,5.0],"texture":"#1"},"up":{"uv":[6.75,0.75,6.5,0.5],"texture":"#1"},"down":{"uv":[1.0,6.5,0.75,6.75],"texture":"#1"}}},{"from":[15.5,0.0,14.0],"to":[17.5,4.0,16.0],"rotation":{"origin":[15.5,-1.0,14.0],"axis":"y","angle":0.0},"faces":{"north":{"uv":[0.0,6.5,0.25,7.0],"texture":"#1"},"east":{"uv":[6.5,0.0,6.75,0.5],"texture":"#1"},"south":{"uv":[0.25,6.5,0.5,7.0],"texture":"#1"},"west":{"uv":[0.5,6.5,0.75,7.0],"texture":"#1"},"up":{"uv":[6.75,1.0,6.5,0.75],"texture":"#1"},"down":{"uv":[1.25,6.5,1.0,6.75],"texture":"#1"}}},{"from":[-1.5,4.0,-1.0],"to":[17.5,7.0,16.0],"rotation":{"origin":[-15.5,-1.0,1.0],"axis":"y","angle":0.0},"faces":{"north":{"uv":[3.75,4.25,6.125,4.625],"texture":"#1"},"east":{"uv":[3.75,5.0,5.875,5.375],"texture":"#1"},"south":{"uv":[3.75,4.625,6.125,5.0],"texture":"#1"},"west":{"uv":[1.875,5.375,4.0,5.75],"texture":"#1"},"up":{"uv":[2.375,2.125,0.0,0.0],"texture":"#1"},"down":{"uv":[2.375,2.125,0.0,4.25],"texture":"#1"}}},{"from":[0.5,7.0,-2.0],"to":[15.5,10.0,15.0],"rotation":{"origin":[-15.5,-1.0,1.0],"axis":"y","angle":0.0},"faces":{"north":{"uv":[4.0,5.75,5.875,6.125],"texture":"#1"},"east":{"uv":[4.0,5.375,6.125,5.75],"texture":"#1"},"south":{"uv":[0.0,5.875,1.875,6.25],"texture":"#1"},"west":{"uv":[1.875,5.75,4.0,6.125],"texture":"#1"},"up":{"uv":[4.25,2.125,2.375,0.0],"texture":"#1"},"down":{"uv":[4.25,2.125,2.375,4.25],"texture":"#1"}}},{"from":[-1.5,7.0,14.0],"to":[0.5,22.0,16.0],"rotation":{"origin":[-0.5,-1.0,15.0],"axis":"y","angle":0.0},"faces":{"north":{"uv":[2.375,6.125,2.625,8.0],"texture":"#1"},"east":{"uv":[2.625,6.125,2.875,8.0],"texture":"#1"},"south":{"uv":[2.875,6.125,3.125,8.0],"texture":"#1"},"west":{"uv":[3.125,6.125,3.375,8.0],"texture":"#1"},"up":{"uv":[6.75,1.25,6.5,1.0],"texture":"#1"},"down":{"uv":[1.5,6.5,1.25,6.75],"texture":"#1"}}},{"from":[-1.5,7.0,-1.0],"to":[0.5,13.0,1.0],"rotation":{"origin":[-0.5,-1.0,0.0],"axis":"y","angle":0.0},"faces":{"north":{"uv":[5.875,3.5,6.125,4.25],"texture":"#1"},"east":{"uv":[4.125,6.125,4.375,6.875],"texture":"#1"},"south":{"uv":[4.375,6.125,4.625,6.875],"texture":"#1"},"west":{"uv":[4.625,6.125,4.875,6.875],"texture":"#1"},"up":{"uv":[6.75,1.5,6.5,1.25],"texture":"#1"},"down":{"uv":[1.75,6.5,1.5,6.75],"texture":"#1"}}},{"from":[15.5,13.0,-2.0],"to":[17.5,14.0,14.0],"rotation":{"origin":[16.5,-1.0,1.0],"axis":"y","angle":0.0},"faces":{"north":{"uv":[5.875,5.25,6.125,5.375],"texture":"#1"},"east":{"uv":[6.125,2.625,8.125,2.75],"texture":"#1"},"south":{"uv":[6.375,5.25,6.625,5.375],"texture":"#1"},"west":{"uv":[6.125,5.625,8.125,5.75],"texture":"#1"},"up":{"uv":[2.125,8.125,1.875,6.125],"texture":"#1"},"down":{"uv":[2.375,6.125,2.125,8.125],"texture":"#1"}}},{"from":[17.5,7.0,1.0],"to":[17.5,13.0,14.0],"rotation":{"origin":[18.5,-1.0,1.0],"axis":"y","angle":0.0},"faces":{"north":{"uv":[0.0,0.0,0.0,0.75],"texture":"#1"},"east":{"uv":[4.25,2.75,5.875,3.5],"texture":"#1"},"south":{"uv":[0.0,0.0,0.0,0.75],"texture":"#1"},"west":{"uv":[4.25,3.5,5.875,4.25],"texture":"#1"},"up":{"uv":[0.0,1.625,0.0,0.0],"texture":"#1"},"down":{"uv":[0.0,0.0,0.0,1.625],"texture":"#1"}}},{"from":[15.5,7.0,-1.0],"to":[17.5,13.0,1.0],"rotation":{"origin":[16.5,-1.0,0.0],"axis":"y","angle":0.0},"faces":{"north":{"uv":[5.875,3.5,6.125,4.25],"texture":"#1"},"east":{"uv":[4.125,6.125,4.375,6.875],"texture":"#1"},"south":{"uv":[4.375,6.125,4.625,6.875],"texture":"#1"},"west":{"uv":[4.625,6.125,4.875,6.875],"texture":"#1"},"up":{"uv":[6.5,1.25,6.75,1.5],"texture":"#1"},"down":{"uv":[1.5,6.5,1.75,6.75],"texture":"#1"}}},{"from":[-1.5,7.0,1.0],"to":[-1.5,13.0,14.0],"rotation":{"origin":[-0.5,-1.0,1.0],"axis":"y","angle":0.0},"faces":{"north":{"uv":[0.0,0.0,0.0,0.75],"texture":"#1"},"east":{"uv":[4.25,2.75,5.875,3.5],"texture":"#1"},"south":{"uv":[0.0,0.0,0.0,0.75],"texture":"#1"},"west":{"uv":[4.25,3.5,5.875,4.25],"texture":"#1"},"up":{"uv":[0.0,0.0,0.0,1.625],"texture":"#1"},"down":{"uv":[0.0,0.0,0.0,1.625],"texture":"#1"}}},{"from":[-1.5,13.0,-2.0],"to":[0.5,14.0,14.0],"rotation":{"origin":[-0.5,-1.0,1.0],"axis":"y","angle":0.0},"faces":{"north":{"uv":[5.875,5.25,6.125,5.375],"texture":"#1"},"east":{"uv":[6.125,2.625,8.125,2.75],"texture":"#1"},"south":{"uv":[6.375,5.25,6.625,5.375],"texture":"#1"},"west":{"uv":[6.125,5.625,8.125,5.75],"texture":"#1"},"up":{"uv":[1.875,6.125,2.125,8.125],"texture":"#1"},"down":{"uv":[2.125,6.125,2.375,8.125],"texture":"#1"}}},{"from":[15.5,7.0,14.0],"to":[17.5,22.0,16.0],"rotation":{"origin":[15.5,2.0,14.0],"axis":"y","angle":0.0},"faces":{"north":{"uv":[3.375,6.125,3.625,8.0],"texture":"#1"},"east":{"uv":[6.125,3.5,6.375,5.375],"texture":"#1"},"south":{"uv":[3.625,6.125,3.875,8.0],"texture":"#1"},"west":{"uv":[3.875,6.125,4.125,8.0],"texture":"#1"},"up":{"uv":[6.75,6.25,6.5,6.0],"texture":"#1"},"down":{"uv":[6.5,6.5,6.25,6.75],"texture":"#1"}}},{"from":[0.5,10.0,14.0],"to":[15.5,11.0,16.0],"rotation":{"origin":[29.5,2.0,14.0],"axis":"y","angle":0.0},"faces":{"north":{"uv":[6.25,5.75,8.125,5.875],"texture":"#1"},"east":{"uv":[6.5,1.5,6.75,1.625],"texture":"#1"},"south":{"uv":[6.25,5.875,8.125,6.0],"texture":"#1"},"west":{"uv":[6.625,3.5,6.875,3.625],"texture":"#1"},"up":{"uv":[8.0,1.875,6.125,1.625],"texture":"#1"},"down":{"uv":[8.0,1.875,6.125,2.125],"texture":"#1"}}},{"from":[0.5,20.0,14.0],"to":[15.5,22.0,16.0],"rotation":{"origin":[29.5,3.0,14.0],"axis":"y","angle":0.0},"faces":{"north":{"uv":[6.125,2.125,8.0,2.375],"texture":"#1"},"east":{"uv":[6.5,6.25,6.75,6.5],"texture":"#1"},"south":{"uv":[6.125,2.375,8.0,2.625],"texture":"#1"},"west":{"uv":[6.5,6.5,6.75,6.75],"texture":"#1"},"up":{"uv":[8.0,5.625,6.125,5.375],"texture":"#1"},"down":{"uv":[1.875,6.25,0.0,6.5],"texture":"#1"}}},{"from":[0.5,10.0,11.0],"to":[15.5,23.0,14.0],"rotation":{"origin":[-31.5,-1.0,-5.0],"axis":"y","angle":0.0},"faces":{"north":{"uv":[0.0,4.25,1.875,5.875],"texture":"#1"},"east":{"uv":[5.875,5.75,6.25,7.375],"texture":"#1"},"south":{"uv":[4.25,0.0,6.125,1.625],"texture":"#1"},"west":{"uv":[6.125,0.0,6.5,1.625],"texture":"#1"},"up":{"uv":[7.75,3.125,5.875,2.75],"texture":"#1"},"down":{"uv":[7.75,3.125,5.875,3.5],"texture":"#1"}}},{"from":[0.5,11.0,16.0],"to":[15.5,20.0,16.0],"rotation":{"origin":[29.5,1.0,14.0],"axis":"y","angle":0.0},"faces":{"north":{"uv":[4.25,1.625,6.125,2.75],"texture":"#1"},"east":{"uv":[0.0,0.0,0.0,1.125],"texture":"#1"},"south":{"uv":[1.875,4.25,3.75,5.375],"texture":"#1"},"west":{"uv":[0.0,0.0,0.0,1.125],"texture":"#1"},"up":{"uv":[1.875,0.0,0.0,0.0],"texture":"#1"},"down":{"uv":[0.0,0.0,1.875,0.0],"texture":"#1"}}}],"textures":{"particle":"8b511397-11da-45c4-874e-8861dd4e51aa","1":"8b511397-11da-45c4-874e-8861dd4e51aa"}}