{"display":{"thirdperson_righthand":{"rotation":[70.0,0.0,0.0],"translation":[0.0,1.0,3.0],"scale":[0.5,0.5,0.5]},"thirdperson_lefthand":{"rotation":[70.0,0.0,0.0],"translation":[0.0,1.0,3.0],"scale":[0.5,0.5,0.5]},"firstperson_righthand":{"translation":[0.0,4.0,0.0],"scale":[0.7,0.7,0.7]},"firstperson_lefthand":{"translation":[0.0,4.0,0.0],"scale":[0.7,0.7,0.7]},"ground":{"translation":[0.0,6.0,0.0]},"gui":{"rotation":[-160.0,35.0,-180.0],"translation":[-0.75,4.0,0.0]},"head":{"translation":[0.0,13.5,-0.5],"scale":[1.7,1.7,1.7]},"fixed":{"translation":[0.0,5.0,0.0]}},"elements":[{"from":[12.5,3.5,10.0],"to":[12.5,7.5,13.0],"rotation":{"origin":[12.5,1.75,7.0],"axis":"y","angle":22.5},"faces":{"north":{"uv":[0.0,0.0,0.0,2.0],"texture":"#1"},"east":{"uv":[3.0,7.5,4.5,9.5],"texture":"#1"},"south":{"uv":[0.0,0.0,0.0,2.0],"texture":"#1"},"west":{"uv":[7.5,4.0,9.0,6.0],"texture":"#1"},"up":{"uv":[0.0,1.5,0.0,0.0],"texture":"#1"},"down":{"uv":[0.0,0.0,0.0,1.5],"texture":"#1"}}},{"from":[3.5,1.0,4.0],"to":[4.5,3.5,13.0],"rotation":{"origin":[3.5,1.0,6.0],"axis":"y","angle":0.0},"faces":{"north":{"uv":[11.0,7.5,11.5,9.0],"texture":"#1"},"east":{"uv":[0.0,0.0,4.5,1.5],"texture":"#1"},"south":{"uv":[8.5,11.0,9.0,12.5],"texture":"#1"},"west":{"uv":[0.0,1.5,4.5,3.0],"texture":"#1"},"up":{"uv":[9.5,12.0,9.0,7.5],"texture":"#1"},"down":{"uv":[3.5,9.5,3.0,14.0],"texture":"#1"}}},{"from":[11.5,1.0,4.0],"to":[12.5,3.5,13.0],"rotation":{"origin":[12.5,1.0,6.0],"axis":"y","angle":0.0},"faces":{"north":{"uv":[9.5,11.0,10.0,12.5],"texture":"#1"},"east":{"uv":[0.0,3.0,4.5,4.5],"texture":"#1"},"south":{"uv":[10.0,11.0,10.5,12.5],"texture":"#1"},"west":{"uv":[0.0,4.5,4.5,6.0],"texture":"#1"},"up":{"uv":[4.0,14.0,3.5,9.5],"texture":"#1"},"down":{"uv":[4.5,9.5,4.0,14.0],"texture":"#1"}}},{"from":[4.5,1.0,12.0],"to":[5.5,3.5,13.0],"rotation":{"origin":[3.5,1.0,6.0],"axis":"y","angle":0.0},"faces":{"north":{"uv":[10.5,11.0,11.0,12.5],"texture":"#1"},"east":{"uv":[11.0,11.0,11.5,12.5],"texture":"#1"},"south":{"uv":[11.5,4.0,12.0,5.5],"texture":"#1"},"west":{"uv":[11.5,7.5,12.0,9.0],"texture":"#1"},"up":{"uv":[11.0,6.0,10.5,5.5],"texture":"#1"},"down":{"uv":[12.5,1.5,12.0,2.0],"texture":"#1"}}},{"from":[4.5,1.0,4.0],"to":[11.5,3.5,5.0],"rotation":{"origin":[3.5,1.0,6.0],"axis":"y","angle":0.0},"faces":{"north":{"uv":[3.0,6.0,6.5,7.5],"texture":"#1"},"east":{"uv":[11.5,11.0,12.0,12.5],"texture":"#1"},"south":{"uv":[6.5,6.0,10.0,7.5],"texture":"#1"},"west":{"uv":[0.0,12.0,0.5,13.5],"texture":"#1"},"up":{"uv":[13.0,3.5,9.5,3.0],"texture":"#1"},"down":{"uv":[13.0,3.5,9.5,4.0],"texture":"#1"}}},{"from":[6.5,2.0,3.5],"to":[9.5,5.0,5.5],"rotation":{"origin":[8.0,3.5,5.0],"axis":"z","angle":45.0},"faces":{"north":{"uv":[9.5,0.0,11.0,1.5],"texture":"#1"},"east":{"uv":[10.0,6.0,11.0,7.5],"texture":"#1"},"south":{"uv":[9.5,1.5,11.0,3.0],"texture":"#1"},"west":{"uv":[10.5,4.0,11.5,5.5],"texture":"#1"},"up":{"uv":[12.0,10.0,10.5,9.0],"texture":"#1"},"down":{"uv":[12.0,10.0,10.5,11.0],"texture":"#1"}}},{"from":[7.5,3.0,4.5],"to":[11.5,7.0,4.5],"rotation":{"origin":[8.0,3.5,5.0],"axis":"z","angle":45.0},"faces":{"north":{"uv":[7.5,0.0,9.5,2.0],"texture":"#1"},"east":{"uv":[0.0,0.0,0.0,2.0],"texture":"#1"},"south":{"uv":[7.5,2.0,9.5,4.0],"texture":"#1"},"west":{"uv":[0.0,0.0,0.0,2.0],"texture":"#1"},"up":{"uv":[2.0,0.0,0.0,0.0],"texture":"#1"},"down":{"uv":[0.0,0.0,2.0,0.0],"texture":"#1"}}},{"from":[10.5,1.0,12.0],"to":[11.5,3.5,13.0],"rotation":{"origin":[3.5,1.0,6.0],"axis":"y","angle":0.0},"faces":{"north":{"uv":[12.0,0.0,12.5,1.5],"texture":"#1"},"east":{"uv":[0.5,12.0,1.0,13.5],"texture":"#1"},"south":{"uv":[1.0,12.0,1.5,13.5],"texture":"#1"},"west":{"uv":[1.5,12.0,2.0,13.5],"texture":"#1"},"up":{"uv":[2.5,12.5,2.0,12.0],"texture":"#1"},"down":{"uv":[12.5,2.0,12.0,2.5],"texture":"#1"}}},{"from":[3.5,3.5,13.0],"to":[5.5,6.5,13.0],"rotation":{"origin":[3.5,1.0,6.0],"axis":"y","angle":0.0},"faces":{"north":{"uv":[11.0,0.0,12.0,1.5],"texture":"#1"},"east":{"uv":[0.0,0.0,0.0,1.5],"texture":"#1"},"south":{"uv":[11.0,1.5,12.0,3.0],"texture":"#1"},"west":{"uv":[0.0,0.0,0.0,1.5],"texture":"#1"},"up":{"uv":[1.0,0.0,0.0,0.0],"texture":"#1"},"down":{"uv":[0.0,0.0,1.0,0.0],"texture":"#1"}}},{"from":[3.5,3.5,10.0],"to":[3.5,6.5,13.0],"rotation":{"origin":[3.5,1.0,6.0],"axis":"y","angle":0.0},"faces":{"north":{"uv":[0.0,0.0,0.0,1.5],"texture":"#1"},"east":{"uv":[4.5,9.5,6.0,11.0],"texture":"#1"},"south":{"uv":[0.0,0.0,0.0,1.5],"texture":"#1"},"west":{"uv":[6.0,9.5,7.5,11.0],"texture":"#1"},"up":{"uv":[0.0,0.0,0.0,1.5],"texture":"#1"},"down":{"uv":[0.0,0.0,0.0,1.5],"texture":"#1"}}},{"from":[10.5,3.5,13.0],"to":[12.5,6.5,13.0],"rotation":{"origin":[10.5,1.0,6.0],"axis":"y","angle":0.0},"faces":{"north":{"uv":[4.5,11.0,5.5,12.5],"texture":"#1"},"east":{"uv":[0.0,0.0,0.0,1.5],"texture":"#1"},"south":{"uv":[5.5,11.0,6.5,12.5],"texture":"#1"},"west":{"uv":[0.0,0.0,0.0,1.5],"texture":"#1"},"up":{"uv":[0.0,0.0,1.0,0.0],"texture":"#1"},"down":{"uv":[0.0,0.0,1.0,0.0],"texture":"#1"}}},{"from":[12.5,3.5,10.0],"to":[12.5,6.5,13.0],"rotation":{"origin":[12.5,1.0,6.0],"axis":"y","angle":0.0},"faces":{"north":{"uv":[0.0,0.0,0.0,1.5],"texture":"#1"},"east":{"uv":[7.5,9.5,9.0,11.0],"texture":"#1"},"south":{"uv":[0.0,0.0,0.0,1.5],"texture":"#1"},"west":{"uv":[9.5,7.5,11.0,9.0],"texture":"#1"},"up":{"uv":[0.0,0.0,0.0,1.5],"texture":"#1"},"down":{"uv":[0.0,0.0,0.0,1.5],"texture":"#1"}}},{"from":[3.25,0.5,3.75],"to":[6.25,4.5,3.75],"rotation":{"origin":[3.5,1.25,6.0],"axis":"y","angle":0.0},"faces":{"north":{"uv":[4.5,7.5,6.0,9.5],"texture":"#1"},"east":{"uv":[0.0,0.0,0.0,2.0],"texture":"#1"},"south":{"uv":[6.0,7.5,7.5,9.5],"texture":"#1"},"west":{"uv":[0.0,0.0,0.0,2.0],"texture":"#1"},"up":{"uv":[1.5,0.0,0.0,0.0],"texture":"#1"},"down":{"uv":[0.0,0.0,1.5,0.0],"texture":"#1"}}},{"from":[9.75,0.5,3.75],"to":[12.75,4.5,3.75],"rotation":{"origin":[3.5,1.25,6.0],"axis":"y","angle":0.0},"faces":{"north":{"uv":[7.5,7.5,9.0,9.5],"texture":"#1"},"east":{"uv":[0.0,0.0,0.0,2.0],"texture":"#1"},"south":{"uv":[0.0,8.0,1.5,10.0],"texture":"#1"},"west":{"uv":[0.0,0.0,0.0,2.0],"texture":"#1"},"up":{"uv":[0.0,0.0,1.5,0.0],"texture":"#1"},"down":{"uv":[0.0,0.0,1.5,0.0],"texture":"#1"}}},{"from":[12.75,0.5,3.75],"to":[12.75,4.5,5.75],"rotation":{"origin":[3.5,1.25,6.0],"axis":"y","angle":0.0},"faces":{"north":{"uv":[0.0,0.0,0.0,2.0],"texture":"#1"},"east":{"uv":[9.5,9.0,10.5,11.0],"texture":"#1"},"south":{"uv":[0.0,0.0,0.0,2.0],"texture":"#1"},"west":{"uv":[0.0,10.0,1.0,12.0],"texture":"#1"},"up":{"uv":[0.0,1.0,0.0,0.0],"texture":"#1"},"down":{"uv":[0.0,0.0,0.0,1.0],"texture":"#1"}}},{"from":[3.25,0.5,3.75],"to":[3.25,4.5,5.75],"rotation":{"origin":[3.5,1.25,6.0],"axis":"y","angle":0.0},"faces":{"north":{"uv":[0.0,0.0,0.0,2.0],"texture":"#1"},"east":{"uv":[1.0,10.0,2.0,12.0],"texture":"#1"},"south":{"uv":[0.0,0.0,0.0,2.0],"texture":"#1"},"west":{"uv":[2.0,10.0,3.0,12.0],"texture":"#1"},"up":{"uv":[0.0,0.0,0.0,1.0],"texture":"#1"},"down":{"uv":[0.0,0.0,0.0,1.0],"texture":"#1"}}},{"from":[3.25,4.5,3.75],"to":[5.25,6.5,3.75],"rotation":{"origin":[4.25,1.25,6.0],"axis":"y","angle":0.0},"faces":{"north":{"uv":[11.0,5.5,12.0,6.5],"texture":"#1"},"east":{"uv":[0.0,0.0,0.0,1.0],"texture":"#1"},"south":{"uv":[6.5,11.0,7.5,12.0],"texture":"#1"},"west":{"uv":[0.0,0.0,0.0,1.0],"texture":"#1"},"up":{"uv":[0.0,0.0,1.0,0.0],"texture":"#1"},"down":{"uv":[0.0,0.0,1.0,0.0],"texture":"#1"}}},{"from":[10.75,4.5,3.75],"to":[12.75,6.5,3.75],"rotation":{"origin":[11.75,1.25,6.0],"axis":"y","angle":0.0},"faces":{"north":{"uv":[11.0,6.5,12.0,7.5],"texture":"#1"},"east":{"uv":[0.0,0.0,0.0,1.0],"texture":"#1"},"south":{"uv":[7.5,11.0,8.5,12.0],"texture":"#1"},"west":{"uv":[0.0,0.0,0.0,1.0],"texture":"#1"},"up":{"uv":[0.0,0.0,1.0,0.0],"texture":"#1"},"down":{"uv":[0.0,0.0,1.0,0.0],"texture":"#1"}}},{"from":[3.5,0.0,7.0],"to":[3.5,3.5,13.0],"rotation":{"origin":[3.5,1.75,7.0],"axis":"y","angle":-22.5},"faces":{"north":{"uv":[0.0,0.0,0.0,1.5],"texture":"#1"},"east":{"uv":[4.5,0.0,7.5,2.0],"texture":"#1"},"south":{"uv":[0.0,0.0,0.0,1.5],"texture":"#1"},"west":{"uv":[4.5,2.0,7.5,4.0],"texture":"#1"},"up":{"uv":[0.0,3.0,0.0,0.0],"texture":"#1"},"down":{"uv":[0.0,0.0,0.0,3.0],"texture":"#1"}}},{"from":[12.5,0.0,7.0],"to":[12.5,3.5,13.0],"rotation":{"origin":[12.5,1.75,7.0],"axis":"y","angle":22.5},"faces":{"north":{"uv":[0.0,0.0,0.0,2.0],"texture":"#1"},"east":{"uv":[4.5,4.0,7.5,6.0],"texture":"#1"},"south":{"uv":[0.0,0.0,0.0,2.0],"texture":"#1"},"west":{"uv":[0.0,6.0,3.0,8.0],"texture":"#1"},"up":{"uv":[0.0,0.0,0.0,3.0],"texture":"#1"},"down":{"uv":[0.0,0.0,0.0,3.0],"texture":"#1"}}},{"from":[3.5,3.5,10.0],"to":[3.5,7.5,13.0],"rotation":{"origin":[3.5,1.75,7.0],"axis":"y","angle":-22.5},"faces":{"north":{"uv":[0.0,0.0,0.0,2.0],"texture":"#1"},"east":{"uv":[1.5,8.0,3.0,10.0],"texture":"#1"},"south":{"uv":[0.0,0.0,0.0,2.0],"texture":"#1"},"west":{"uv":[9.0,4.0,10.5,6.0],"texture":"#1"},"up":{"uv":[0.0,0.0,0.0,1.5],"texture":"#1"},"down":{"uv":[0.0,0.0,0.0,1.5],"texture":"#1"}}}],"textures":{"1":"740a02b2-1e71-474a-b306-2b1ed5c88b98"}}