{"display":{"thirdperson_righthand":{"rotation":[75.0,45.0,0.0],"translation":[0.0,2.5,0.0],"scale":[0.375,0.375,0.375]},"thirdperson_lefthand":{"rotation":[75.0,45.0,0.0],"translation":[0.0,2.5,0.0],"scale":[0.375,0.375,0.375]},"firstperson_righthand":{"rotation":[0.0,45.0,0.0],"scale":[0.4,0.4,0.4]},"firstperson_lefthand":{"rotation":[0.0,225.0,0.0],"scale":[0.4,0.4,0.4]},"ground":{"translation":[0.0,3.0,0.0],"scale":[0.25,0.25,0.25]},"gui":{"rotation":[30.0,225.0,0.0],"scale":[0.625,0.625,0.625]},"fixed":{"translation":[0.0,0.0,-0.25],"scale":[0.5,0.5,0.5]}},"elements":[{"from":[0.0,0.0,0.0],"to":[16.0,16.0,16.0],"faces":{"north":{"texture":"#0"},"east":{"texture":"#0"},"south":{"texture":"#0"},"west":{"texture":"#0"},"up":{"texture":"#0"},"down":{"texture":"#0"}}},{"from":[8.0,16.0,0.0],"to":[8.0,32.0,16.0],"faces":{"north":{"uv":[0.0,0.0,0.0,16.0],"texture":"#missing"},"east":{"uv":[0.0,0.0,16.0,16.0],"texture":"#1"},"south":{"uv":[0.0,0.0,0.0,16.0],"texture":"#missing"},"west":{"uv":[0.0,0.0,16.0,16.0],"texture":"#1"},"up":{"uv":[0.0,0.0,0.0,16.0],"texture":"#missing"},"down":{"uv":[0.0,0.0,0.0,16.0],"texture":"#missing"}}},{"from":[0.0,16.0,8.0],"to":[16.0,32.0,8.0],"faces":{"north":{"uv":[0.0,0.0,16.0,16.0],"texture":"#1"},"east":{"uv":[0.0,0.0,0.0,16.0],"texture":"#missing"},"south":{"uv":[0.0,0.0,16.0,16.0],"texture":"#1"},"west":{"uv":[0.0,0.0,0.0,16.0],"texture":"#missing"},"up":{"uv":[0.0,0.0,0.0,16.0],"texture":"#missing","rotation":270},"down":{"uv":[0.0,0.0,0.0,16.0],"texture":"#missing","rotation":90}}}],"textures":{"particle":"4ef32b82-9278-405e-8d08-bd0d95a10535","0":"4ef32b82-9278-405e-8d08-bd0d95a10535","1":"29b70712-82c4-486b-a105-28606008acd0"}}