{"display":{"thirdperson_righthand":{"rotation":[70.0,0.0,0.0],"translation":[0.0,1.0,2.0],"scale":[0.5,0.5,0.5]},"thirdperson_lefthand":{"rotation":[70.0,0.0,0.0],"translation":[0.0,1.0,2.0],"scale":[0.5,0.5,0.5]},"firstperson_righthand":{"translation":[0.0,4.0,0.0],"scale":[0.5,0.5,0.5]},"firstperson_lefthand":{"translation":[0.0,4.0,0.0],"scale":[0.5,0.5,0.5]},"ground":{"translation":[0.0,6.0,0.0]},"gui":{"rotation":[25.0,35.0,0.0],"translation":[0.0,5.0,0.0],"scale":[0.9,0.9,0.9]},"head":{"translation":[0.0,16.5,0.0],"scale":[1.8,1.8,1.8]},"fixed":{"translation":[0.0,6.0,0.0]}},"elements":[{"from":[1.0,0.0,1.0],"to":[15.0,0.0,15.0],"rotation":{"origin":[3.0,0.0,3.0],"axis":"y","angle":0.0},"faces":{"north":{"uv":[0.0,0.0,7.0,0.0],"texture":"#0"},"east":{"uv":[0.0,0.0,7.0,0.0],"texture":"#0"},"south":{"uv":[0.0,0.0,7.0,0.0],"texture":"#0"},"west":{"uv":[0.0,0.0,7.0,0.0],"texture":"#0"},"up":{"uv":[7.0,7.0,0.0,0.0],"texture":"#0"},"down":{"uv":[7.0,7.0,0.0,14.0],"texture":"#0"}}},{"from":[4.0,0.0,4.0],"to":[12.0,4.0,12.0],"rotation":{"origin":[3.0,0.0,3.0],"axis":"y","angle":0.0},"faces":{"north":{"uv":[7.0,8.0,11.0,10.0],"texture":"#0"},"east":{"uv":[7.0,10.0,11.0,12.0],"texture":"#0"},"south":{"uv":[11.0,0.0,15.0,2.0],"texture":"#0"},"west":{"uv":[11.0,2.0,15.0,4.0],"texture":"#0"},"up":{"uv":[11.0,4.0,7.0,0.0],"texture":"#0"},"down":{"uv":[11.0,4.0,7.0,8.0],"texture":"#0"}}},{"from":[3.75,0.0,3.75],"to":[12.25,2.0,3.75],"rotation":{"origin":[3.0,0.0,3.0],"axis":"y","angle":0.0},"faces":{"north":{"uv":[11.0,4.0,15.5,5.0],"texture":"#0"},"east":{"uv":[0.0,0.0,0.0,1.0],"texture":"#0"},"south":{"uv":[11.0,5.0,15.5,6.0],"texture":"#0"},"west":{"uv":[0.0,0.0,0.0,1.0],"texture":"#0"},"up":{"uv":[4.5,0.0,0.0,0.0],"texture":"#0"},"down":{"uv":[4.5,0.0,0.0,0.0],"texture":"#0"}}},{"from":[3.75,0.0,12.25],"to":[12.25,2.0,12.25],"rotation":{"origin":[3.0,0.0,11.5],"axis":"y","angle":0.0},"faces":{"north":{"uv":[11.0,6.0,15.5,7.0],"texture":"#0"},"east":{"uv":[0.0,0.0,0.0,1.0],"texture":"#0"},"south":{"uv":[11.0,7.0,15.5,8.0],"texture":"#0"},"west":{"uv":[0.0,0.0,0.0,1.0],"texture":"#0"},"up":{"uv":[4.5,0.0,0.0,0.0],"texture":"#0"},"down":{"uv":[4.5,0.0,0.0,0.0],"texture":"#0"}}},{"from":[12.25,0.0,3.75],"to":[12.25,2.0,12.25],"rotation":{"origin":[11.5,0.0,11.5],"axis":"y","angle":0.0},"faces":{"north":{"uv":[0.0,0.0,0.0,1.0],"texture":"#0"},"east":{"uv":[11.0,8.0,15.5,9.0],"texture":"#0"},"south":{"uv":[0.0,0.0,0.0,1.0],"texture":"#0"},"west":{"uv":[11.0,9.0,15.5,10.0],"texture":"#0"},"up":{"uv":[0.0,4.5,0.0,0.0],"texture":"#0"},"down":{"uv":[0.0,0.0,0.0,4.5],"texture":"#0"}}},{"from":[3.75,0.0,3.75],"to":[3.75,2.0,12.25],"rotation":{"origin":[3.0,0.0,11.5],"axis":"y","angle":0.0},"faces":{"north":{"uv":[0.0,0.0,0.0,1.0],"texture":"#0"},"east":{"uv":[11.0,10.0,15.5,11.0],"texture":"#0"},"south":{"uv":[0.0,0.0,0.0,1.0],"texture":"#0"},"west":{"uv":[11.0,11.0,15.5,12.0],"texture":"#0"},"up":{"uv":[0.0,4.5,0.0,0.0],"texture":"#0"},"down":{"uv":[0.0,0.0,0.0,4.5],"texture":"#0"}}}],"textures":{"particle":"45bf70a8-bb7d-48e8-a1ee-42785c7b8e13","0":"45bf70a8-bb7d-48e8-a1ee-42785c7b8e13"}}