{"display":{"thirdperson_righthand":{"rotation":[70.0,0.0,0.0],"translation":[0.0,1.0,2.0],"scale":[0.4,0.4,0.4]},"thirdperson_lefthand":{"rotation":[70.0,0.0,0.0],"translation":[0.0,1.0,2.0],"scale":[0.4,0.4,0.4]},"firstperson_righthand":{"translation":[0.0,3.0,0.0],"scale":[0.4,0.4,0.4]},"firstperson_lefthand":{"translation":[0.0,3.0,0.0],"scale":[0.4,0.4,0.4]},"ground":{"translation":[0.0,6.0,0.0]},"gui":{"rotation":[-160.0,45.0,-180.0],"translation":[0.0,3.0,0.0],"scale":[0.65,0.65,0.65]},"head":{"translation":[0.0,11.25,0.0],"scale":[1.2,1.2,1.2]},"fixed":{"translation":[0.0,4.5,0.0]}},"elements":[{"from":[0.0,0.0,0.0],"to":[16.0,4.0,4.0],"rotation":{"origin":[1.0,0.0,1.0],"axis":"y","angle":0.0},"faces":{"north":{"uv":[0.0,0.0,4.0,1.0],"texture":"#2"},"east":{"uv":[6.5,7.5,7.5,8.5],"texture":"#2"},"south":{"uv":[0.0,1.0,4.0,2.0],"texture":"#2"},"west":{"uv":[7.5,7.5,8.5,8.5],"texture":"#2"},"up":{"uv":[4.0,3.0,0.0,2.0],"texture":"#2"},"down":{"uv":[4.0,3.0,0.0,4.0],"texture":"#2"}}},{"from":[0.0,0.0,12.0],"to":[16.0,4.0,16.0],"rotation":{"origin":[1.0,0.0,13.0],"axis":"y","angle":0.0},"faces":{"north":{"uv":[0.0,4.0,4.0,5.0],"texture":"#2"},"east":{"uv":[7.75,5.0,8.75,6.0],"texture":"#2"},"south":{"uv":[4.0,0.0,8.0,1.0],"texture":"#2"},"west":{"uv":[8.0,0.0,9.0,1.0],"texture":"#2"},"up":{"uv":[8.0,2.0,4.0,1.0],"texture":"#2"},"down":{"uv":[8.0,2.0,4.0,3.0],"texture":"#2"}}},{"from":[6.0,4.0,16.0],"to":[10.0,8.0,16.0],"rotation":{"origin":[8.0,4.0,16.0],"axis":"x","angle":45.0},"faces":{"north":{"uv":[8.0,1.0,9.0,2.0],"texture":"#2"},"east":{"uv":[0.0,0.0,0.0,1.0],"texture":"#2"},"south":{"uv":[8.0,2.0,9.0,3.0],"texture":"#2"},"west":{"uv":[0.0,0.0,0.0,1.0],"texture":"#2"},"up":{"uv":[1.0,0.0,0.0,0.0],"texture":"#2"},"down":{"uv":[1.0,0.0,0.0,0.0],"texture":"#2"}}},{"from":[0.0,0.0,4.0],"to":[4.0,4.0,12.0],"rotation":{"origin":[1.0,0.0,13.0],"axis":"y","angle":0.0},"faces":{"north":{"uv":[8.0,6.0,9.0,7.0],"texture":"#2"},"east":{"uv":[5.75,5.5,7.75,6.5],"texture":"#2"},"south":{"uv":[2.0,8.25,3.0,9.25],"texture":"#2"},"west":{"uv":[0.0,6.25,2.0,7.25],"texture":"#2"},"up":{"uv":[3.0,8.25,2.0,6.25],"texture":"#2"},"down":{"uv":[4.0,6.25,3.0,8.25],"texture":"#2"}}},{"from":[0.0,0.0,6.0],"to":[0.0,4.0,11.0],"rotation":{"origin":[0.0,2.0,6.0],"axis":"y","angle":-22.5},"faces":{"north":{"uv":[0.0,0.0,0.0,1.0],"texture":"#2"},"east":{"uv":[7.5,3.0,8.75,4.0],"texture":"#2"},"south":{"uv":[0.0,0.0,0.0,1.0],"texture":"#2"},"west":{"uv":[4.0,7.5,5.25,8.5],"texture":"#2"},"up":{"uv":[0.0,1.25,0.0,0.0],"texture":"#2"},"down":{"uv":[0.0,0.0,0.0,1.25],"texture":"#2"}}},{"from":[16.0,0.0,6.0],"to":[16.0,4.0,11.0],"rotation":{"origin":[16.0,2.0,6.0],"axis":"y","angle":22.5},"faces":{"north":{"uv":[0.0,0.0,0.0,1.0],"texture":"#2"},"east":{"uv":[7.5,4.0,8.75,5.0],"texture":"#2"},"south":{"uv":[0.0,0.0,0.0,1.0],"texture":"#2"},"west":{"uv":[5.25,7.5,6.5,8.5],"texture":"#2"},"up":{"uv":[0.0,1.25,0.0,0.0],"texture":"#2"},"down":{"uv":[0.0,0.0,0.0,1.25],"texture":"#2"}}},{"from":[12.0,0.0,4.0],"to":[16.0,4.0,12.0],"rotation":{"origin":[13.0,0.0,13.0],"axis":"y","angle":0.0},"faces":{"north":{"uv":[3.0,8.25,4.0,9.25],"texture":"#2"},"east":{"uv":[4.0,6.5,6.0,7.5],"texture":"#2"},"south":{"uv":[4.0,8.5,5.0,9.5],"texture":"#2"},"west":{"uv":[6.0,6.5,8.0,7.5],"texture":"#2"},"up":{"uv":[1.0,9.25,0.0,7.25],"texture":"#2"},"down":{"uv":[2.0,7.25,1.0,9.25],"texture":"#2"}}},{"from":[4.75,3.0,-2.6],"to":[11.25,8.0,3.9],"rotation":{"origin":[1.0,0.0,0.9],"axis":"y","angle":0.0},"faces":{"north":{"uv":[0.0,5.0,1.75,6.25],"texture":"#2"},"east":{"uv":[1.75,5.0,3.5,6.25],"texture":"#2"},"south":{"uv":[5.75,3.0,7.5,4.25],"texture":"#2"},"west":{"uv":[5.75,4.25,7.5,5.5],"texture":"#2"},"up":{"uv":[5.75,4.75,4.0,3.0],"texture":"#2"},"down":{"uv":[5.75,4.75,4.0,6.5],"texture":"#2"}}},{"from":[8.0,8.0,-2.6],"to":[8.0,10.0,3.9],"rotation":{"origin":[1.0,0.0,0.9],"axis":"y","angle":0.0},"faces":{"north":{"uv":[0.0,0.0,0.0,0.5],"texture":"#2"},"east":{"uv":[8.0,7.0,9.75,7.5],"texture":"#2"},"south":{"uv":[0.0,0.0,0.0,0.5],"texture":"#2"},"west":{"uv":[5.0,8.5,6.75,9.0],"texture":"#2"},"up":{"uv":[0.0,1.75,0.0,0.0],"texture":"#2"},"down":{"uv":[0.0,0.0,0.0,1.75],"texture":"#2"}}},{"from":[5.75,4.0,-4.6],"to":[10.25,6.0,-2.6],"rotation":{"origin":[1.0,0.0,0.4],"axis":"y","angle":0.0},"faces":{"north":{"uv":[6.75,8.5,8.0,9.0],"texture":"#2"},"east":{"uv":[3.5,5.0,4.0,5.5],"texture":"#2"},"south":{"uv":[8.5,7.5,9.75,8.0],"texture":"#2"},"west":{"uv":[3.5,5.5,4.0,6.0],"texture":"#2"},"up":{"uv":[9.25,9.0,8.0,8.5],"texture":"#2"},"down":{"uv":[9.75,8.0,8.5,8.5],"texture":"#2"}}}],"textures":{"particle":"c5d78ce6-7901-4106-94ee-784253f9c365","2":"c5d78ce6-7901-4106-94ee-784253f9c365"}}