{"display":{"thirdperson_righthand":{"rotation":[70.0,0.0,0.0],"translation":[0.0,1.0,0.0],"scale":[0.2,0.2,0.2]},"thirdperson_lefthand":{"rotation":[70.0,0.0,0.0],"translation":[0.0,1.0,0.0],"scale":[0.2,0.2,0.2]},"firstperson_righthand":{"translation":[0.0,1.0,0.0],"scale":[0.2,0.2,0.2]},"firstperson_lefthand":{"translation":[0.0,1.0,0.0],"scale":[0.2,0.2,0.2]},"ground":{"translation":[0.0,6.0,0.0],"scale":[0.5,0.5,0.5]},"gui":{"rotation":[15.0,45.0,0.0],"translation":[0.0,1.0,0.0],"scale":[0.45,0.45,0.45]},"head":{"translation":[0.0,-27.0,0.0],"scale":[2.0,2.0,2.0]},"fixed":{"rotation":[-90.0,0.0,0.0],"translation":[0.0,0.0,-18.0],"scale":[2.5,2.5,2.5]}},"elements":[{"from":[-4.0,9.0,-4.0],"to":[20.0,10.0,20.0],"rotation":{"origin":[-2.0,1.0,-2.0],"axis":"y","angle":0.0},"faces":{"north":{"uv":[8.0,6.0,14.0,6.25],"texture":"#0"},"east":{"uv":[8.0,6.25,14.0,6.5],"texture":"#0"},"south":{"uv":[8.0,6.5,14.0,6.75],"texture":"#0"},"west":{"uv":[8.0,6.75,14.0,7.0],"texture":"#0"},"up":{"uv":[6.0,6.0,0.0,0.0],"texture":"#0"},"down":{"uv":[6.0,6.0,0.0,12.0],"texture":"#0"}}},{"from":[17.0,0.0,-3.0],"to":[19.0,9.0,-1.0],"rotation":{"origin":[17.0,1.0,-3.0],"axis":"y","angle":0.0},"faces":{"north":{"uv":[8.0,7.0,8.5,9.25],"texture":"#0"},"east":{"uv":[8.5,7.0,9.0,9.25],"texture":"#0"},"south":{"uv":[9.0,7.0,9.5,9.25],"texture":"#0"},"west":{"uv":[8.0,9.25,8.5,11.5],"texture":"#0"},"up":{"uv":[8.0,11.0,7.5,10.5],"texture":"#0"},"down":{"uv":[11.0,10.75,10.5,11.25],"texture":"#0"}}},{"from":[-3.0,0.0,17.0],"to":[-1.0,9.0,19.0],"rotation":{"origin":[-3.0,1.0,17.0],"axis":"y","angle":0.0},"faces":{"north":{"uv":[8.5,9.25,9.0,11.5],"texture":"#0"},"east":{"uv":[9.0,9.25,9.5,11.5],"texture":"#0"},"south":{"uv":[6.0,9.5,6.5,11.75],"texture":"#0"},"west":{"uv":[6.5,9.5,7.0,11.75],"texture":"#0"},"up":{"uv":[11.5,0.5,11.0,0.0],"texture":"#0"},"down":{"uv":[11.5,0.5,11.0,1.0],"texture":"#0"}}},{"from":[17.0,0.0,17.0],"to":[19.0,9.0,19.0],"rotation":{"origin":[17.0,1.0,17.0],"axis":"y","angle":0.0},"faces":{"north":{"uv":[9.5,7.0,10.0,9.25],"texture":"#0"},"east":{"uv":[9.5,9.25,10.0,11.5],"texture":"#0"},"south":{"uv":[10.0,7.0,10.5,9.25],"texture":"#0"},"west":{"uv":[10.0,9.25,10.5,11.5],"texture":"#0"},"up":{"uv":[11.5,1.5,11.0,1.0],"texture":"#0"},"down":{"uv":[11.5,1.5,11.0,2.0],"texture":"#0"}}},{"from":[-3.0,0.0,-3.0],"to":[-1.0,9.0,-1.0],"rotation":{"origin":[-3.0,1.0,-3.0],"axis":"y","angle":0.0},"faces":{"north":{"uv":[10.5,0.0,11.0,2.25],"texture":"#0"},"east":{"uv":[10.5,2.25,11.0,4.5],"texture":"#0"},"south":{"uv":[7.0,10.5,7.5,12.75],"texture":"#0"},"west":{"uv":[10.5,7.0,11.0,9.25],"texture":"#0"},"up":{"uv":[11.5,2.5,11.0,2.0],"texture":"#0"},"down":{"uv":[11.5,2.5,11.0,3.0],"texture":"#0"}}},{"from":[-1.0,5.0,19.0],"to":[17.0,6.0,19.0],"rotation":{"origin":[17.0,-1.0,17.0],"axis":"y","angle":0.0},"faces":{"north":{"uv":[10.5,4.5,15.0,4.75],"texture":"#0"},"east":{"uv":[0.0,0.0,0.0,0.25],"texture":"#0"},"south":{"uv":[10.5,4.75,15.0,5.0],"texture":"#0"},"west":{"uv":[0.0,0.0,0.0,0.25],"texture":"#0"},"up":{"uv":[4.5,0.0,0.0,0.0],"texture":"#0"},"down":{"uv":[4.5,0.0,0.0,0.0],"texture":"#0"}}},{"from":[-3.0,5.0,-1.0],"to":[-3.0,6.0,17.0],"rotation":{"origin":[-3.0,-1.0,17.0],"axis":"y","angle":0.0},"faces":{"north":{"uv":[0.0,0.0,0.0,0.25],"texture":"#0"},"east":{"uv":[10.5,9.25,15.0,9.5],"texture":"#0"},"south":{"uv":[0.0,0.0,0.0,0.25],"texture":"#0"},"west":{"uv":[10.5,9.5,15.0,9.75],"texture":"#0"},"up":{"uv":[0.0,4.5,0.0,0.0],"texture":"#0"},"down":{"uv":[0.0,0.0,0.0,4.5],"texture":"#0"}}},{"from":[19.0,5.0,-1.0],"to":[19.0,6.0,17.0],"rotation":{"origin":[19.0,-1.0,17.0],"axis":"y","angle":0.0},"faces":{"north":{"uv":[0.0,0.0,0.0,0.25],"texture":"#0"},"east":{"uv":[10.5,9.75,15.0,10.0],"texture":"#0"},"south":{"uv":[0.0,0.0,0.0,0.25],"texture":"#0"},"west":{"uv":[10.5,10.0,15.0,10.25],"texture":"#0"},"up":{"uv":[0.0,4.5,0.0,0.0],"texture":"#0"},"down":{"uv":[0.0,0.0,0.0,4.5],"texture":"#0"}}},{"from":[-1.0,5.0,-3.0],"to":[17.0,6.0,-3.0],"rotation":{"origin":[17.0,-1.0,-5.0],"axis":"y","angle":0.0},"faces":{"north":{"uv":[10.5,10.25,15.0,10.5],"texture":"#0"},"east":{"uv":[0.0,0.0,0.0,0.25],"texture":"#0"},"south":{"uv":[10.5,10.5,15.0,10.75],"texture":"#0"},"west":{"uv":[0.0,0.0,0.0,0.25],"texture":"#0"},"up":{"uv":[4.5,0.0,0.0,0.0],"texture":"#0"},"down":{"uv":[4.5,0.0,0.0,0.0],"texture":"#0"}}},{"from":[-1.0,7.0,-3.0],"to":[17.0,9.0,-1.0],"rotation":{"origin":[-3.0,1.0,-3.0],"axis":"y","angle":0.0},"faces":{"north":{"uv":[6.0,0.0,10.5,0.5],"texture":"#0"},"east":{"uv":[11.0,3.0,11.5,3.5],"texture":"#0"},"south":{"uv":[6.0,0.5,10.5,1.0],"texture":"#0"},"west":{"uv":[11.0,3.5,11.5,4.0],"texture":"#0"},"up":{"uv":[10.5,1.5,6.0,1.0],"texture":"#0"},"down":{"uv":[10.5,1.5,6.0,2.0],"texture":"#0"}}},{"from":[-1.0,7.0,17.0],"to":[17.0,9.0,19.0],"rotation":{"origin":[-3.0,1.0,17.0],"axis":"y","angle":0.0},"faces":{"north":{"uv":[6.0,2.0,10.5,2.5],"texture":"#0"},"east":{"uv":[11.0,4.0,11.5,4.5],"texture":"#0"},"south":{"uv":[6.0,2.5,10.5,3.0],"texture":"#0"},"west":{"uv":[11.0,7.0,11.5,7.5],"texture":"#0"},"up":{"uv":[10.5,3.5,6.0,3.0],"texture":"#0"},"down":{"uv":[10.5,3.5,6.0,4.0],"texture":"#0"}}},{"from":[17.0,7.0,-1.0],"to":[19.0,9.0,17.0],"rotation":{"origin":[17.0,1.0,-3.0],"axis":"y","angle":0.0},"faces":{"north":{"uv":[7.5,11.0,8.0,11.5],"texture":"#0"},"east":{"uv":[6.0,4.0,10.5,4.5],"texture":"#0"},"south":{"uv":[11.0,7.5,11.5,8.0],"texture":"#0"},"west":{"uv":[6.0,4.5,10.5,5.0],"texture":"#0"},"up":{"uv":[6.5,9.5,6.0,5.0],"texture":"#0"},"down":{"uv":[7.0,5.0,6.5,9.5],"texture":"#0"}}},{"from":[-3.0,7.0,-1.0],"to":[-1.0,9.0,17.0],"rotation":{"origin":[-3.0,1.0,-3.0],"axis":"y","angle":0.0},"faces":{"north":{"uv":[11.0,8.0,11.5,8.5],"texture":"#0"},"east":{"uv":[7.0,5.0,11.5,5.5],"texture":"#0"},"south":{"uv":[11.0,8.5,11.5,9.0],"texture":"#0"},"west":{"uv":[7.0,5.5,11.5,6.0],"texture":"#0"},"up":{"uv":[7.5,10.5,7.0,6.0],"texture":"#0"},"down":{"uv":[8.0,6.0,7.5,10.5],"texture":"#0"}}}],"textures":{"particle":"7993e6a3-4228-49fa-8f69-2a110e0a49d2","0":"7993e6a3-4228-49fa-8f69-2a110e0a49d2"}}