{"display":{"thirdperson_righthand":{"rotation":[75.0,45.0,0.0],"translation":[0.0,2.5,0.0],"scale":[0.375,0.375,0.375]},"thirdperson_lefthand":{"rotation":[75.0,45.0,0.0],"translation":[0.0,2.5,0.0],"scale":[0.375,0.375,0.375]},"firstperson_righthand":{"rotation":[0.0,120.0,0.0],"translation":[0.0,3.5,0.0],"scale":[0.4,0.4,0.4]},"firstperson_lefthand":{"rotation":[0.0,120.0,0.0],"translation":[0.0,3.5,0.0],"scale":[0.4,0.4,0.4]},"ground":{"translation":[0.0,6.0,0.0],"scale":[0.5,0.5,0.5]},"gui":{"rotation":[45.0,-145.0,0.0],"translation":[0.75,0.25,0.0],"scale":[0.8,0.8,0.8]},"head":{"translation":[0.0,9.5,-8.0],"scale":[1.6,1.6,1.6]}},"elements":[{"from":[11.5,2.0,7.5],"to":[14.5,6.0,14.5],"rotation":{"origin":[8.0,4.0,10.2],"axis":"x","angle":22.5},"faces":{"north":{"uv":[5.75,3.75,6.5,4.75],"texture":"#1"},"east":{"uv":[0.0,2.5,1.75,3.5],"texture":"#1"},"south":{"uv":[5.75,5.0,6.5,6.0],"texture":"#1"},"west":{"uv":[2.5,0.0,4.25,1.0],"texture":"#1"},"up":{"uv":[2.75,5.25,2.0,3.5],"texture":"#1"},"down":{"uv":[3.75,3.5,3.0,5.25],"texture":"#1"}}},{"from":[14.5,3.0,11.5],"to":[15.5,5.0,13.5],"rotation":{"origin":[8.0,4.0,10.2],"axis":"x","angle":22.5},"faces":{"north":{"uv":[7.75,5.25,8.0,5.75],"texture":"#1"},"east":{"uv":[6.0,7.25,6.5,7.75],"texture":"#1"},"south":{"uv":[6.75,7.75,7.0,8.25],"texture":"#1"},"up":{"uv":[7.5,8.25,7.25,7.75],"texture":"#1"},"down":{"uv":[8.0,7.25,7.75,7.75],"texture":"#1"}}},{"from":[1.5,2.0,7.5],"to":[4.5,6.0,14.5],"rotation":{"origin":[8.0,4.0,10.2],"axis":"x","angle":22.5},"faces":{"north":{"uv":[6.5,3.75,5.75,4.75],"texture":"#1"},"east":{"uv":[4.25,0.0,2.5,1.0],"texture":"#1"},"south":{"uv":[6.5,5.0,5.75,6.0],"texture":"#1"},"west":{"uv":[1.75,2.5,0.0,3.5],"texture":"#1"},"up":{"uv":[2.0,5.25,2.75,3.5],"texture":"#1"},"down":{"uv":[3.0,3.5,3.75,5.25],"texture":"#1"}}},{"from":[0.5,3.0,11.5],"to":[1.5,5.0,13.5],"rotation":{"origin":[8.0,4.0,10.2],"axis":"x","angle":22.5},"faces":{"north":{"uv":[8.0,5.25,7.75,5.75],"texture":"#1"},"south":{"uv":[7.0,7.75,6.75,8.25],"texture":"#1"},"west":{"uv":[6.5,7.25,6.0,7.75],"texture":"#1"},"up":{"uv":[7.25,8.25,7.5,7.75],"texture":"#1"},"down":{"uv":[7.75,7.25,8.0,7.75],"texture":"#1"}}},{"from":[3.5,2.0,7.4],"to":[12.5,6.0,8.4],"rotation":{"origin":[8.0,4.0,10.2],"axis":"x","angle":22.5},"faces":{"north":{"uv":[0.0,0.0,2.25,1.0],"texture":"#1"},"south":{"uv":[2.25,0.0,0.0,1.0],"texture":"#1"}}},{"from":[10.5,1.0,6.5],"to":[13.5,2.0,9.5],"rotation":{"origin":[8.0,4.0,10.2],"axis":"x","angle":22.5},"faces":{"north":{"uv":[7.5,3.25,8.25,3.5],"texture":"#1","tintindex":0},"east":{"uv":[7.75,4.25,8.5,4.5],"texture":"#1","tintindex":0},"south":{"uv":[7.75,4.75,8.5,5.0],"texture":"#1","tintindex":0},"up":{"uv":[6.25,7.0,5.5,6.25],"texture":"#1","tintindex":0},"down":{"uv":[7.25,6.25,6.5,7.0],"texture":"#1","tintindex":0}}},{"from":[12.5,2.0,6.5],"to":[13.5,7.0,9.5],"rotation":{"origin":[8.0,4.0,10.2],"axis":"x","angle":22.5},"faces":{"north":{"uv":[1.5,3.75,1.75,5.0],"texture":"#1","tintindex":0},"east":{"uv":[4.75,4.75,5.5,6.0],"texture":"#1","tintindex":0},"south":{"uv":[3.0,7.25,3.25,8.5],"texture":"#1","tintindex":0},"west":{"uv":[5.0,0.0,5.75,1.25],"texture":"#1","tintindex":0},"up":{"uv":[4.25,8.5,4.0,7.75],"texture":"#1","tintindex":0}}},{"from":[2.5,2.0,6.5],"to":[3.5,7.0,9.5],"rotation":{"origin":[8.0,4.0,10.2],"axis":"x","angle":22.5},"faces":{"north":{"uv":[1.75,3.75,1.5,5.0],"texture":"#1","tintindex":0},"east":{"uv":[5.75,0.0,5.0,1.25],"texture":"#1","tintindex":0},"south":{"uv":[3.25,7.25,3.0,8.5],"texture":"#1","tintindex":0},"west":{"uv":[5.5,4.75,4.75,6.0],"texture":"#1","tintindex":0},"up":{"uv":[4.0,8.5,4.25,7.75],"texture":"#1","tintindex":0}}},{"from":[2.5,1.0,6.5],"to":[5.5,2.0,9.5],"rotation":{"origin":[8.0,4.0,10.2],"axis":"x","angle":22.5},"faces":{"north":{"uv":[8.25,3.25,7.5,3.5],"texture":"#1","tintindex":0},"south":{"uv":[8.5,4.75,7.75,5.0],"texture":"#1","tintindex":0},"west":{"uv":[8.5,4.25,7.75,4.5],"texture":"#1","tintindex":0},"up":{"uv":[5.5,7.0,6.25,6.25],"texture":"#1","tintindex":0},"down":{"uv":[6.5,6.25,7.25,7.0],"texture":"#1","tintindex":0}}},{"from":[9.5,1.0,6.5],"to":[10.5,3.0,9.5],"rotation":{"origin":[8.0,4.0,10.2],"axis":"x","angle":22.5},"faces":{"north":{"uv":[0.5,8.0,0.75,8.5],"texture":"#1","tintindex":0},"east":{"uv":[1.0,7.25,1.75,7.75],"texture":"#1","tintindex":0},"south":{"uv":[1.0,8.0,1.25,8.5],"texture":"#1","tintindex":0},"west":{"uv":[2.0,7.25,2.75,7.75],"texture":"#1","tintindex":0},"up":{"uv":[7.75,7.0,7.5,6.25],"texture":"#1","tintindex":0},"down":{"uv":[3.75,7.75,3.5,8.5],"texture":"#1","tintindex":0}}},{"from":[5.5,1.0,6.5],"to":[6.5,3.0,9.5],"rotation":{"origin":[8.0,4.0,10.2],"axis":"x","angle":22.5},"faces":{"north":{"uv":[0.0,8.0,0.25,8.5],"texture":"#1","tintindex":0},"east":{"uv":[3.5,7.0,4.25,7.5],"texture":"#1","tintindex":0},"south":{"uv":[8.0,0.0,8.25,0.5],"texture":"#1","tintindex":0},"west":{"uv":[0.0,7.25,0.75,7.75],"texture":"#1","tintindex":0},"up":{"uv":[4.75,0.75,4.5,0.0],"texture":"#1","tintindex":0},"down":{"uv":[7.75,2.25,7.5,3.0],"texture":"#1","tintindex":0}}},{"from":[6.5,2.0,6.5],"to":[9.5,3.0,9.5],"rotation":{"origin":[8.0,4.0,10.2],"axis":"x","angle":22.5},"faces":{"north":{"uv":[6.75,5.75,7.5,6.0],"texture":"#1","tintindex":0},"south":{"uv":[6.75,7.25,7.5,7.5],"texture":"#1","tintindex":0},"up":{"uv":[3.25,7.0,2.5,6.25],"texture":"#1","tintindex":0},"down":{"uv":[5.25,6.25,4.5,7.0],"texture":"#1","tintindex":0}}},{"from":[3.5,6.0,6.5],"to":[12.5,7.0,9.5],"rotation":{"origin":[8.0,4.0,10.2],"axis":"x","angle":22.5},"faces":{"north":{"uv":[6.0,1.0,8.25,1.25],"texture":"#1","tintindex":0},"south":{"uv":[0.0,6.25,2.25,6.5],"texture":"#1","tintindex":0},"up":{"uv":[4.75,2.0,2.5,1.25],"texture":"#1","tintindex":0},"down":{"uv":[4.25,2.5,2.0,3.25],"texture":"#1","tintindex":0}}},{"from":[-0.9,-2.5,8.0],"to":[6.1,-0.5,10.0],"rotation":{"origin":[1.35,4.0,9.0],"axis":"y","angle":22.5},"faces":{"north":{"uv":[5.0,1.5,6.75,2.0],"texture":"#1","tintindex":0},"east":{"uv":[4.5,7.25,5.0,7.75],"texture":"#1","tintindex":0},"south":{"uv":[1.5,5.5,3.25,6.0],"texture":"#1","tintindex":0},"west":{"uv":[5.25,7.25,5.75,7.75],"texture":"#1","tintindex":0},"up":{"uv":[7.25,2.75,5.5,2.25],"texture":"#1","tintindex":0},"down":{"uv":[7.25,3.0,5.5,3.5],"texture":"#1","tintindex":0}}},{"from":[-0.9,-0.5,8.0],"to":[1.1,8.5,10.0],"rotation":{"origin":[1.35,4.0,9.0],"axis":"y","angle":22.5},"faces":{"north":{"uv":[0.0,3.75,0.5,6.0],"texture":"#1","tintindex":0},"east":{"uv":[0.75,3.75,1.25,6.0],"texture":"#1","tintindex":0},"south":{"uv":[4.0,3.5,4.5,5.75],"texture":"#1","tintindex":0},"west":{"uv":[4.75,2.25,5.25,4.5],"texture":"#1","tintindex":0}}},{"from":[-1.4,8.5,7.5],"to":[1.6,10.5,10.5],"rotation":{"origin":[1.35,4.0,9.0],"axis":"y","angle":22.5},"faces":{"north":{"uv":[6.75,4.25,7.5,4.75],"texture":"#1"},"east":{"uv":[6.75,5.0,7.5,5.5],"texture":"#1"},"south":{"uv":[7.0,0.0,7.75,0.5],"texture":"#1"},"west":{"uv":[7.0,1.5,7.75,2.0],"texture":"#1"},"up":{"uv":[6.75,0.75,6.0,0.0],"texture":"#1"},"down":{"uv":[4.25,6.0,3.5,6.75],"texture":"#1"}}}],"textures":{"1":"21dd238a-65ec-4bf0-82a4-1f27aff429e7"},"gui_light":"front"}