{"display":{"thirdperson_righthand":{"rotation":[75.0,45.0,0.0],"translation":[0.0,2.5,0.0],"scale":[0.375,0.375,0.375]},"thirdperson_lefthand":{"rotation":[75.0,45.0,0.0],"translation":[0.0,2.5,0.0],"scale":[0.375,0.375,0.375]},"firstperson_righthand":{"rotation":[0.0,-130.0,0.0],"translation":[0.0,2.5,0.0],"scale":[0.4,0.4,0.4]},"firstperson_lefthand":{"rotation":[0.0,-130.0,0.0],"translation":[0.0,2.5,0.0],"scale":[0.4,0.4,0.4]},"ground":{"translation":[0.0,6.0,0.0],"scale":[0.5,0.5,0.5]},"gui":{"rotation":[-10.0,-35.0,-35.0],"translation":[2.5,1.75,0.0],"scale":[0.72,0.72,0.72]},"head":{"rotation":[-22.25,0.0,0.0],"translation":[0.0,-65.5,6.0],"scale":[1.59,1.6,1.6]},"fixed":{"rotation":[0.0,-180.0,0.0]}},"elements":[{"from":[3.995,-0.005,6.495],"to":[12.005,8.005,9.5],"rotation":{"origin":[4.0,0.0,4.5],"axis":"x","angle":-22.5},"faces":{"north":{"uv":[0.0,0.0,2.0,2.0],"texture":"#1"},"east":{"uv":[2.75,0.0,3.5,2.0],"texture":"#1"},"west":{"uv":[2.25,2.25,3.0,4.25],"texture":"#1"},"up":{"uv":[5.75,1.25,3.75,0.5],"texture":"#1"},"down":{"uv":[5.75,2.0,3.75,2.75],"texture":"#1"}}},{"from":[3.995,-0.005,9.5],"to":[12.005,8.005,11.505],"rotation":{"origin":[4.0,0.0,4.5],"axis":"x","angle":-22.5},"faces":{"east":{"uv":[2.25,0.0,2.75,2.0],"texture":"#1","tintindex":0},"south":{"uv":[0.0,2.25,2.0,4.25],"texture":"#1","tintindex":0},"west":{"uv":[3.0,2.25,3.5,4.25],"texture":"#1","tintindex":0},"up":{"uv":[5.75,0.5,3.75,0.0],"texture":"#1","tintindex":0},"down":{"uv":[5.75,1.5,3.75,2.0],"texture":"#1","tintindex":0}}},{"from":[4.0,8.1564,5.28629],"to":[12.0,13.1564,8.28629],"rotation":{"origin":[4.0,8.1564,1.28629],"axis":"y","angle":0.0},"faces":{"north":{"uv":[3.75,3.0,5.75,4.25],"texture":"#1","tintindex":0},"east":{"uv":[7.0,2.0,7.75,3.25],"texture":"#1","tintindex":0},"south":{"uv":[0.0,4.5,2.0,5.75],"texture":"#1","tintindex":0},"west":{"uv":[7.0,5.25,7.75,6.5],"texture":"#1","tintindex":0},"up":{"uv":[6.75,6.5,4.75,5.75],"texture":"#1","tintindex":0},"down":{"uv":[2.0,6.0,0.0,6.75],"texture":"#1","tintindex":0}}},{"from":[7.0,4.95879,7.25658],"to":[9.0,7.95879,12.25658],"rotation":{"origin":[8.0,5.95879,10.75658],"axis":"x","angle":22.5},"faces":{"north":{"uv":[8.25,7.0,8.75,7.75],"texture":"#1","tintindex":0},"east":{"uv":[6.0,6.75,7.25,7.5],"texture":"#1","tintindex":0},"south":{"uv":[8.25,8.0,8.75,8.75],"texture":"#1","tintindex":0},"west":{"uv":[0.0,7.0,1.25,7.75],"texture":"#1","tintindex":0},"up":{"uv":[8.5,3.25,8.0,2.0],"texture":"#1","tintindex":0},"down":{"uv":[2.75,8.0,2.25,9.25],"texture":"#1","tintindex":0}}},{"from":[7.0,9.95879,4.25658],"to":[9.0,12.95879,9.25658],"rotation":{"origin":[8.0,6.95879,10.75658],"axis":"x","angle":22.5},"faces":{"north":{"uv":[8.5,0.0,9.0,0.75],"texture":"#1","tintindex":0},"east":{"uv":[7.0,0.0,8.25,0.75],"texture":"#1","tintindex":0},"south":{"uv":[8.5,1.0,9.0,1.75],"texture":"#1","tintindex":0},"west":{"uv":[7.0,1.0,8.25,1.75],"texture":"#1","tintindex":0},"up":{"uv":[3.5,9.25,3.0,8.0],"texture":"#1","tintindex":0},"down":{"uv":[8.5,3.5,8.0,4.75],"texture":"#1","tintindex":0}}},{"from":[6.0,-2.07918,4.61401],"to":[10.0,-0.07918,12.61401],"rotation":{"origin":[4.0,-5.01144,12.61336],"axis":"x","angle":22.5},"faces":{"north":{"uv":[6.75,4.5,7.75,5.0],"texture":"#1"},"east":{"uv":[2.25,5.0,4.25,5.5],"texture":"#1"},"south":{"uv":[4.75,7.25,5.75,7.75],"texture":"#1"},"west":{"uv":[4.5,5.0,6.5,5.5],"texture":"#1"},"down":{"uv":[4.5,5.75,3.5,7.75],"texture":"#1"}}},{"from":[6.0,-0.07918,4.61401],"to":[10.0,1.92082,12.61401],"rotation":{"origin":[4.0,-5.01144,12.61336],"axis":"x","angle":22.5},"faces":{"north":{"uv":[6.75,4.0,7.75,4.5],"texture":"#1","tintindex":0},"east":{"uv":[2.25,4.5,4.25,5.0],"texture":"#1","tintindex":0},"south":{"uv":[4.75,6.75,5.75,7.25],"texture":"#1","tintindex":0},"west":{"uv":[4.5,4.5,6.5,5.0],"texture":"#1","tintindex":0},"up":{"uv":[3.25,7.75,2.25,5.75],"texture":"#1","tintindex":0}}},{"from":[7.0,-4.7502,14.04222],"to":[9.0,2.2498,17.04222],"rotation":{"origin":[8.0,-0.2502,17.29222],"axis":"x","angle":-45.0},"faces":{"north":{"uv":[1.5,7.0,2.0,8.75],"texture":"#1","tintindex":0},"east":{"uv":[6.0,0.0,6.75,1.75],"texture":"#1","tintindex":0},"south":{"uv":[7.5,6.75,8.0,8.5],"texture":"#1","tintindex":0},"west":{"uv":[6.0,2.0,6.75,3.75],"texture":"#1","tintindex":0},"up":{"uv":[8.5,5.75,8.0,5.0],"texture":"#1","tintindex":0},"down":{"uv":[5.75,8.0,5.25,8.75],"texture":"#1","tintindex":0}}},{"from":[7.0,-0.7502,17.04222],"to":[9.0,2.2498,21.04222],"rotation":{"origin":[8.0,-0.2502,17.29222],"axis":"x","angle":-45.0},"faces":{"east":{"uv":[6.0,7.75,7.0,8.5],"texture":"#1","tintindex":0},"south":{"uv":[8.25,6.0,8.75,6.75],"texture":"#1","tintindex":0},"west":{"uv":[0.0,8.0,1.0,8.75],"texture":"#1","tintindex":0},"up":{"uv":[4.25,9.0,3.75,8.0],"texture":"#1","tintindex":0},"down":{"uv":[5.0,8.0,4.5,9.0],"texture":"#1","tintindex":0}}}],"textures":{"1":"6b86123c-4921-4e0c-b936-15727e07bf1a"},"gui_light":"front"}