{"display":{"thirdperson_righthand":{"rotation":[55.0,0.0,0.0],"translation":[0.0,1.0,1.0],"scale":[0.5,0.5,0.5]},"thirdperson_lefthand":{"rotation":[55.0,0.0,0.0],"translation":[0.0,1.0,1.0],"scale":[0.5,0.5,0.5]},"firstperson_righthand":{"rotation":[-10.0,0.0,0.0],"translation":[0.0,1.0,0.0],"scale":[0.5,0.5,0.5]},"firstperson_lefthand":{"rotation":[-10.0,0.0,0.0],"translation":[0.0,1.0,0.0],"scale":[0.5,0.5,0.5]},"ground":{"translation":[0.0,6.0,0.0]},"gui":{"rotation":[20.0,35.0,0.0],"translation":[0.25,-1.0,0.0],"scale":[0.7,0.7,0.7]},"head":{"translation":[0.0,-27.0,0.0],"scale":[2.0,2.0,2.0]},"fixed":{"rotation":[-90.0,0.0,0.0],"translation":[0.0,0.0,-22.0],"scale":[3.0,3.0,3.0]}},"elements":[{"from":[4.5,0.0,4.5],"to":[11.5,7.0,11.5],"rotation":{"origin":[6.5,-1.0,7.5],"axis":"y","angle":0.0},"faces":{"north":{"uv":[0.0,0.0,1.75,1.75],"texture":"#0"},"east":{"uv":[0.0,1.75,1.75,3.5],"texture":"#0"},"south":{"uv":[1.75,0.0,3.5,1.75],"texture":"#0"},"west":{"uv":[1.75,1.75,3.5,3.5],"texture":"#0"},"up":{"uv":[1.75,5.25,0.0,3.5],"texture":"#0"},"down":{"uv":[5.25,0.0,3.5,1.75],"texture":"#0"}}},{"from":[5.5,7.0,5.5],"to":[10.5,11.0,10.5],"rotation":{"origin":[6.5,-1.0,7.5],"axis":"y","angle":0.0},"faces":{"north":{"uv":[5.5,3.75,6.75,4.75],"texture":"#0"},"east":{"uv":[5.5,4.75,6.75,5.75],"texture":"#0"},"south":{"uv":[3.0,5.75,4.25,6.75],"texture":"#0"},"west":{"uv":[4.25,5.75,5.5,6.75],"texture":"#0"},"up":{"uv":[6.0,3.0,4.75,1.75],"texture":"#0"},"down":{"uv":[1.25,5.25,0.0,6.5],"texture":"#0"}}},{"from":[4.5,9.0,4.5],"to":[11.5,12.0,5.5],"rotation":{"origin":[6.5,-1.0,7.5],"axis":"y","angle":0.0},"faces":{"north":{"uv":[4.75,3.0,6.5,3.75],"texture":"#0"},"east":{"uv":[6.0,7.0,6.25,7.75],"texture":"#0"},"south":{"uv":[5.25,0.0,7.0,0.75],"texture":"#0"},"west":{"uv":[6.25,7.0,6.5,7.75],"texture":"#0"},"up":{"uv":[7.25,7.0,5.5,6.75],"texture":"#0"},"down":{"uv":[8.75,0.0,7.0,0.25],"texture":"#0"}}},{"from":[4.5,9.0,10.5],"to":[11.5,12.0,11.5],"rotation":{"origin":[6.5,-1.0,7.5],"axis":"y","angle":0.0},"faces":{"north":{"uv":[5.25,0.75,7.0,1.5],"texture":"#0"},"east":{"uv":[6.5,7.0,6.75,7.75],"texture":"#0"},"south":{"uv":[1.25,5.5,3.0,6.25],"texture":"#0"},"west":{"uv":[6.75,7.0,7.0,7.75],"texture":"#0"},"up":{"uv":[8.75,0.5,7.0,0.25],"texture":"#0"},"down":{"uv":[8.75,0.5,7.0,0.75],"texture":"#0"}}},{"from":[4.5,9.0,5.5],"to":[5.5,12.0,10.5],"rotation":{"origin":[6.5,-1.0,7.5],"axis":"y","angle":0.0},"faces":{"north":{"uv":[7.0,7.0,7.25,7.75],"texture":"#0"},"east":{"uv":[6.75,3.5,8.0,4.25],"texture":"#0"},"south":{"uv":[7.25,0.75,7.5,1.5],"texture":"#0"},"west":{"uv":[4.25,6.75,5.5,7.5],"texture":"#0"},"up":{"uv":[1.25,7.75,1.0,6.5],"texture":"#0"},"down":{"uv":[7.25,0.75,7.0,2.0],"texture":"#0"}}},{"from":[10.5,9.0,5.5],"to":[11.5,12.0,10.5],"rotation":{"origin":[6.5,-1.0,7.5],"axis":"y","angle":0.0},"faces":{"north":{"uv":[1.25,7.25,1.5,8.0],"texture":"#0"},"east":{"uv":[6.75,4.25,8.0,5.0],"texture":"#0"},"south":{"uv":[1.5,7.25,1.75,8.0],"texture":"#0"},"west":{"uv":[6.75,5.0,8.0,5.75],"texture":"#0"},"up":{"uv":[5.75,8.25,5.5,7.0],"texture":"#0"},"down":{"uv":[6.0,7.0,5.75,8.25],"texture":"#0"}}},{"from":[8.0,11.0,5.5],"to":[8.0,19.0,10.5],"rotation":{"origin":[6.5,-1.0,7.5],"axis":"y","angle":0.0},"faces":{"north":{"uv":[0.0,0.0,0.0,2.0],"texture":"#0"},"east":{"uv":[1.75,3.5,3.0,5.5],"texture":"#0"},"south":{"uv":[0.0,0.0,0.0,2.0],"texture":"#0"},"west":{"uv":[3.5,1.75,4.75,3.75],"texture":"#0"},"up":{"uv":[0.0,1.25,0.0,0.0],"texture":"#0"},"down":{"uv":[0.0,0.0,0.0,1.25],"texture":"#0"}}},{"from":[5.5,11.0,8.0],"to":[10.5,19.0,8.0],"rotation":{"origin":[6.5,-1.0,7.5],"axis":"y","angle":0.0},"faces":{"north":{"uv":[3.0,3.75,4.25,5.75],"texture":"#0"},"east":{"uv":[0.0,0.0,0.0,2.0],"texture":"#0"},"south":{"uv":[4.25,3.75,5.5,5.75],"texture":"#0"},"west":{"uv":[0.0,0.0,0.0,2.0],"texture":"#0"},"up":{"uv":[1.25,0.0,0.0,0.0],"texture":"#0"},"down":{"uv":[1.25,0.0,0.0,0.0],"texture":"#0"}}},{"from":[1.5,15.0,8.0],"to":[5.5,19.0,8.0],"rotation":{"origin":[6.5,-1.0,7.5],"axis":"y","angle":0.0},"faces":{"north":{"uv":[5.5,5.75,6.5,6.75],"texture":"#0"},"east":{"uv":[0.0,0.0,0.0,1.0],"texture":"#0"},"south":{"uv":[6.0,1.5,7.0,2.5],"texture":"#0"},"west":{"uv":[0.0,0.0,0.0,1.0],"texture":"#0"},"up":{"uv":[1.0,0.0,0.0,0.0],"texture":"#0"},"down":{"uv":[1.0,0.0,0.0,0.0],"texture":"#0"}}},{"from":[10.5,15.0,8.0],"to":[14.5,19.0,8.0],"rotation":{"origin":[6.5,-1.0,7.5],"axis":"y","angle":0.0},"faces":{"north":{"uv":[1.25,6.25,2.25,7.25],"texture":"#0"},"east":{"uv":[0.0,0.0,0.0,1.0],"texture":"#0"},"south":{"uv":[0.0,6.5,1.0,7.5],"texture":"#0"},"west":{"uv":[0.0,0.0,0.0,1.0],"texture":"#0"},"up":{"uv":[1.0,0.0,0.0,0.0],"texture":"#0"},"down":{"uv":[1.0,0.0,0.0,0.0],"texture":"#0"}}},{"from":[8.0,15.0,1.5],"to":[8.0,19.0,5.5],"rotation":{"origin":[6.5,-1.0,7.5],"axis":"y","angle":0.0},"faces":{"north":{"uv":[0.0,0.0,0.0,1.0],"texture":"#0"},"east":{"uv":[6.5,2.5,7.5,3.5],"texture":"#0"},"south":{"uv":[0.0,0.0,0.0,1.0],"texture":"#0"},"west":{"uv":[6.5,5.75,7.5,6.75],"texture":"#0"},"up":{"uv":[0.0,1.0,0.0,0.0],"texture":"#0"},"down":{"uv":[0.0,0.0,0.0,1.0],"texture":"#0"}}},{"from":[8.0,15.0,10.5],"to":[8.0,19.0,14.5],"rotation":{"origin":[6.5,-1.0,7.5],"axis":"y","angle":0.0},"faces":{"north":{"uv":[0.0,0.0,0.0,1.0],"texture":"#0"},"east":{"uv":[2.25,6.75,3.25,7.75],"texture":"#0"},"south":{"uv":[0.0,0.0,0.0,1.0],"texture":"#0"},"west":{"uv":[3.25,6.75,4.25,7.75],"texture":"#0"},"up":{"uv":[0.0,1.0,0.0,0.0],"texture":"#0"},"down":{"uv":[0.0,0.0,0.0,1.0],"texture":"#0"}}}],"textures":{"particle":"959ab0ff-2e2c-4c8e-aa4c-cfb2a4294850","0":"959ab0ff-2e2c-4c8e-aa4c-cfb2a4294850"}}