{"display":{"thirdperson_righthand":{"rotation":[55.0,0.0,0.0],"translation":[0.0,3.25,-0.25],"scale":[0.4,0.4,0.4]},"thirdperson_lefthand":{"rotation":[55.0,0.0,0.0],"translation":[0.0,3.25,-0.25],"scale":[0.4,0.4,0.4]},"firstperson_righthand":{"rotation":[-15.0,0.0,0.0],"translation":[-2.0,2.0,0.0],"scale":[0.4,0.4,0.4]},"firstperson_lefthand":{"rotation":[-15.0,0.0,0.0],"translation":[-2.0,2.0,0.0],"scale":[0.4,0.4,0.4]},"ground":{"translation":[0.0,6.0,0.0]},"gui":{"rotation":[-55.0,40.0,55.0],"translation":[-1.25,-5.25,0.0],"scale":[0.7,0.7,0.7]},"head":{"rotation":[10.0,0.0,0.0],"translation":[0.0,-25.0,-11.0],"scale":[2.0,2.0,2.0]},"fixed":{"translation":[0.0,4.0,-18.25],"scale":[2.5,2.5,2.5]}},"elements":[{"from":[8.0,0.0,11.0],"to":[8.0,8.0,15.0],"rotation":{"origin":[0.0,0.0,14.0],"axis":"y","angle":0.0},"faces":{"north":{"uv":[0.0,0.0,0.0,2.0],"texture":"#0"},"east":{"uv":[5.0,0.0,6.0,2.0],"texture":"#0"},"south":{"uv":[0.0,0.0,0.0,2.0],"texture":"#0"},"west":{"uv":[5.0,2.0,6.0,4.0],"texture":"#0"},"up":{"uv":[0.0,1.0,0.0,0.0],"texture":"#0"},"down":{"uv":[0.0,0.0,0.0,1.0],"texture":"#0"}}},{"from":[4.0,25.0,15.0],"to":[12.0,26.0,15.0],"rotation":{"origin":[0.0,0.0,14.0],"axis":"y","angle":0.0},"faces":{"north":{"uv":[5.5,4.5,7.5,4.75],"texture":"#0"},"east":{"uv":[0.0,0.0,0.0,0.25],"texture":"#0"},"south":{"uv":[5.5,4.75,7.5,5.0],"texture":"#0"},"west":{"uv":[0.0,0.0,0.0,0.25],"texture":"#0"},"up":{"uv":[2.0,0.0,0.0,0.0],"texture":"#0"},"down":{"uv":[2.0,0.0,0.0,0.0],"texture":"#0"}}},{"from":[3.0,0.0,15.0],"to":[13.0,25.0,16.0],"rotation":{"origin":[0.0,0.0,14.0],"axis":"y","angle":0.0},"faces":{"north":{"uv":[0.0,0.0,2.5,6.25],"texture":"#0"},"east":{"uv":[5.0,4.0,5.25,10.25],"texture":"#0"},"south":{"uv":[2.5,0.0,5.0,6.25],"texture":"#0"},"west":{"uv":[5.25,4.0,5.5,10.25],"texture":"#0"},"up":{"uv":[8.0,4.25,5.5,4.0],"texture":"#0"},"down":{"uv":[8.0,4.25,5.5,4.5],"texture":"#0"}}}],"textures":{"particle":"7b40731d-68c0-47c4-ba9c-c39a4229151a","0":"7b40731d-68c0-47c4-ba9c-c39a4229151a"}}