{"display":{"thirdperson_righthand":{"rotation":[70.0,0.0,0.0],"translation":[0.0,0.0,1.0],"scale":[0.7,0.7,0.7]},"thirdperson_lefthand":{"rotation":[70.0,0.0,0.0],"translation":[0.0,0.0,1.0],"scale":[0.7,0.7,0.7]},"firstperson_righthand":{"translation":[0.0,3.0,1.0],"scale":[0.7,0.7,0.7]},"firstperson_lefthand":{"translation":[0.0,3.0,1.0],"scale":[0.7,0.7,0.7]},"ground":{"translation":[0.0,6.0,0.0]},"gui":{"rotation":[-160.0,45.0,-180.0],"translation":[0.0,3.0,0.0],"scale":[1.3,1.3,1.3]},"head":{"translation":[0.0,13.0,-0.75],"scale":[2.3,2.3,2.3]},"fixed":{"translation":[0.0,5.0,-5.0],"scale":[2.0,2.0,2.0]}},"elements":[{"from":[8.0,7.0,5.0],"to":[8.0,9.0,11.5],"faces":{"north":{"uv":[0.0,0.0,0.0,1.0],"texture":"#0"},"east":{"uv":[0.0,7.0,3.5,8.0],"texture":"#0"},"south":{"uv":[0.0,0.0,0.0,1.0],"texture":"#0"},"west":{"uv":[7.0,0.0,10.5,1.0],"texture":"#0"},"up":{"uv":[0.0,3.5,0.0,0.0],"texture":"#0"},"down":{"uv":[0.0,0.0,0.0,3.5],"texture":"#0"}}},{"from":[4.75,3.0,5.0],"to":[11.25,7.0,11.5],"faces":{"north":{"uv":[3.5,0.0,7.0,2.0],"texture":"#0"},"east":{"uv":[3.5,2.0,7.0,4.0],"texture":"#0"},"south":{"uv":[3.5,4.0,7.0,6.0],"texture":"#0"},"west":{"uv":[3.5,6.0,7.0,8.0],"texture":"#0"},"up":{"uv":[3.5,3.5,0.0,0.0],"texture":"#0"},"down":{"uv":[3.5,3.5,0.0,7.0],"texture":"#0"}}},{"from":[6.25,3.5,2.5],"to":[9.75,5.5,5.0],"rotation":{"origin":[0.0,1.5,0.0],"axis":"y","angle":0.0},"faces":{"north":{"uv":[7.0,4.0,9.0,5.0],"texture":"#0"},"east":{"uv":[7.0,6.0,8.5,7.0],"texture":"#0"},"south":{"uv":[7.0,5.0,9.0,6.0],"texture":"#0"},"west":{"uv":[7.0,7.0,8.5,8.0],"texture":"#0"},"up":{"uv":[9.0,2.5,7.0,1.0],"texture":"#0"},"down":{"uv":[9.0,2.5,7.0,4.0],"texture":"#0"}}}],"textures":{"particle":"74f9ff34-b383-4649-84ee-b0c8bd0cb99e","0":"74f9ff34-b383-4649-84ee-b0c8bd0cb99e"}}