{"display":{"thirdperson_righthand":{"rotation":[70.0,0.0,0.0],"translation":[0.0,1.0,0.0],"scale":[0.3,0.3,0.3]},"thirdperson_lefthand":{"rotation":[70.0,0.0,0.0],"translation":[0.0,1.0,0.0],"scale":[0.3,0.3,0.3]},"firstperson_righthand":{"translation":[0.0,0.0,-1.0],"scale":[0.3,0.3,0.3]},"firstperson_lefthand":{"translation":[0.0,0.0,-1.0],"scale":[0.3,0.3,0.3]},"ground":{"translation":[0.0,6.0,0.0],"scale":[0.3,0.3,0.3]},"gui":{"rotation":[15.0,45.0,0.0],"translation":[0.25,-2.25,0.0],"scale":[0.35,0.35,0.35]},"head":{"translation":[0.0,-21.0,0.0],"scale":[2.0,2.0,2.0]},"fixed":{"rotation":[-90.0,0.0,0.0],"translation":[0.0,0.0,-26.0],"scale":[2.5,2.5,2.5]}},"elements":[{"from":[-3.0,8.0,-3.0],"to":[19.0,9.0,19.0],"rotation":{"origin":[-2.0,0.0,-2.0],"axis":"y","angle":0.0},"faces":{"north":{"uv":[6.25,5.25,9.0,5.375],"texture":"#2"},"east":{"uv":[6.25,5.375,9.0,5.5],"texture":"#2"},"south":{"uv":[6.25,5.5,9.0,5.625],"texture":"#2"},"west":{"uv":[6.25,5.625,9.0,5.75],"texture":"#2"},"up":{"uv":[5.5,2.75,2.75,0.0],"texture":"#2"},"down":{"uv":[5.5,2.75,2.75,5.5],"texture":"#2"}}},{"from":[16.0,-3.0,-2.0],"to":[18.0,8.0,0.0],"rotation":{"origin":[16.0,-2.0,-2.0],"axis":"y","angle":0.0},"faces":{"north":{"uv":[4.25,6.125,4.5,7.5],"texture":"#2"},"east":{"uv":[4.5,6.125,4.75,7.5],"texture":"#2"},"south":{"uv":[4.75,6.125,5.0,7.5],"texture":"#2"},"west":{"uv":[5.0,6.125,5.25,7.5],"texture":"#2"},"up":{"uv":[4.0,6.625,3.75,6.375],"texture":"#2"},"down":{"uv":[4.25,6.375,4.0,6.625],"texture":"#2"}}},{"from":[-2.0,-3.0,16.0],"to":[0.0,8.0,18.0],"rotation":{"origin":[-2.0,-2.0,16.0],"axis":"y","angle":0.0},"faces":{"north":{"uv":[5.25,6.125,5.5,7.5],"texture":"#2"},"east":{"uv":[6.25,5.75,6.5,7.125],"texture":"#2"},"south":{"uv":[0.25,6.375,0.5,7.75],"texture":"#2"},"west":{"uv":[0.5,6.375,0.75,7.75],"texture":"#2"},"up":{"uv":[6.75,6.5,6.5,6.25],"texture":"#2"},"down":{"uv":[6.75,6.5,6.5,6.75],"texture":"#2"}}},{"from":[16.0,-3.0,16.0],"to":[18.0,8.0,18.0],"rotation":{"origin":[16.0,-2.0,16.0],"axis":"y","angle":0.0},"faces":{"north":{"uv":[0.75,6.375,1.0,7.75],"texture":"#2"},"east":{"uv":[1.0,6.375,1.25,7.75],"texture":"#2"},"south":{"uv":[1.25,6.375,1.5,7.75],"texture":"#2"},"west":{"uv":[1.5,6.375,1.75,7.75],"texture":"#2"},"up":{"uv":[3.5,6.875,3.25,6.625],"texture":"#2"},"down":{"uv":[3.75,6.625,3.5,6.875],"texture":"#2"}}},{"from":[-2.0,-3.0,-2.0],"to":[0.0,8.0,0.0],"rotation":{"origin":[-2.0,-2.0,-2.0],"axis":"y","angle":0.0},"faces":{"north":{"uv":[1.75,6.375,2.0,7.75],"texture":"#2"},"east":{"uv":[2.0,6.375,2.25,7.75],"texture":"#2"},"south":{"uv":[2.25,6.375,2.5,7.75],"texture":"#2"},"west":{"uv":[2.5,6.375,2.75,7.75],"texture":"#2"},"up":{"uv":[4.0,6.875,3.75,6.625],"texture":"#2"},"down":{"uv":[4.25,6.625,4.0,6.875],"texture":"#2"}}},{"from":[0.0,6.0,-2.0],"to":[16.0,8.0,-1.0],"rotation":{"origin":[-3.0,0.0,-3.0],"axis":"y","angle":0.0},"faces":{"north":{"uv":[0.25,6.125,2.25,6.375],"texture":"#2"},"east":{"uv":[5.5,6.625,5.625,6.875],"texture":"#2"},"south":{"uv":[2.25,6.125,4.25,6.375],"texture":"#2"},"west":{"uv":[5.625,6.625,5.75,6.875],"texture":"#2"},"up":{"uv":[8.5,5.875,6.5,5.75],"texture":"#2"},"down":{"uv":[8.5,5.875,6.5,6.0],"texture":"#2"}}},{"from":[0.0,6.0,17.0],"to":[16.0,8.0,18.0],"rotation":{"origin":[-3.0,0.0,17.0],"axis":"y","angle":0.0},"faces":{"north":{"uv":[6.25,3.75,8.25,4.0],"texture":"#2"},"east":{"uv":[5.75,6.625,5.875,6.875],"texture":"#2"},"south":{"uv":[6.25,4.0,8.25,4.25],"texture":"#2"},"west":{"uv":[5.875,6.625,6.0,6.875],"texture":"#2"},"up":{"uv":[8.5,6.125,6.5,6.0],"texture":"#2"},"down":{"uv":[8.5,6.125,6.5,6.25],"texture":"#2"}}},{"from":[17.0,6.0,0.0],"to":[18.0,8.0,16.0],"rotation":{"origin":[17.0,0.0,-3.0],"axis":"y","angle":0.0},"faces":{"north":{"uv":[6.0,6.625,6.125,6.875],"texture":"#2"},"east":{"uv":[6.25,4.25,8.25,4.5],"texture":"#2"},"south":{"uv":[6.125,6.625,6.25,6.875],"texture":"#2"},"west":{"uv":[6.25,4.5,8.25,4.75],"texture":"#2"},"up":{"uv":[2.875,8.375,2.75,6.375],"texture":"#2"},"down":{"uv":[3.0,6.375,2.875,8.375],"texture":"#2"}}},{"from":[-2.0,6.0,0.0],"to":[-1.0,8.0,16.0],"rotation":{"origin":[-3.0,0.0,-3.0],"axis":"y","angle":0.0},"faces":{"north":{"uv":[6.75,6.25,6.875,6.5],"texture":"#2"},"east":{"uv":[6.25,4.75,8.25,5.0],"texture":"#2"},"south":{"uv":[6.5,6.75,6.625,7.0],"texture":"#2"},"west":{"uv":[6.25,5.0,8.25,5.25],"texture":"#2"},"up":{"uv":[3.125,8.375,3.0,6.375],"texture":"#2"},"down":{"uv":[3.25,6.375,3.125,8.375],"texture":"#2"}}},{"from":[7.0,9.0,7.0],"to":[9.0,32.0,9.0],"rotation":{"origin":[6.0,2.0,7.0],"axis":"y","angle":0.0},"faces":{"north":{"uv":[5.5,3.75,5.75,6.625],"texture":"#2"},"east":{"uv":[5.75,3.75,6.0,6.625],"texture":"#2"},"south":{"uv":[6.0,3.75,6.25,6.625],"texture":"#2"},"west":{"uv":[0.0,6.125,0.25,9.0],"texture":"#2"},"up":{"uv":[3.5,6.625,3.25,6.375],"texture":"#2"},"down":{"uv":[3.75,6.375,3.5,6.625],"texture":"#2"}}},{"from":[-3.0,31.0,-3.0],"to":[19.0,31.0,19.0],"rotation":{"origin":[6.0,2.0,7.0],"axis":"y","angle":0.0},"faces":{"north":{"uv":[0.0,0.0,2.75,0.0],"texture":"#2"},"east":{"uv":[0.0,0.0,2.75,0.0],"texture":"#2"},"south":{"uv":[0.0,0.0,2.75,0.0],"texture":"#2"},"west":{"uv":[0.0,0.0,2.75,0.0],"texture":"#2"},"up":{"uv":[2.75,2.75,0.0,0.0],"texture":"#2"},"down":{"uv":[2.75,2.75,0.0,5.5],"texture":"#2"}}},{"from":[-3.0,26.0,-3.0],"to":[-3.0,31.0,19.0],"rotation":{"origin":[-3.0,31.0,8.0],"axis":"y","angle":0.0},"faces":{"north":{"uv":[0.0,0.0,0.0,0.625],"texture":"#2"},"east":{"uv":[0.0,5.5,2.75,6.125],"texture":"#2"},"south":{"uv":[0.0,0.0,0.0,0.625],"texture":"#2"},"west":{"uv":[5.5,0.0,8.25,0.625],"texture":"#2"},"up":{"uv":[0.0,2.75,0.0,0.0],"texture":"#2"},"down":{"uv":[0.0,0.0,0.0,2.75],"texture":"#2"}}},{"from":[19.0,26.0,-3.0],"to":[19.0,31.0,19.0],"rotation":{"origin":[19.0,31.0,8.0],"axis":"y","angle":0.0},"faces":{"north":{"uv":[0.0,0.0,0.0,0.625],"texture":"#2"},"east":{"uv":[5.5,0.625,8.25,1.25],"texture":"#2"},"south":{"uv":[0.0,0.0,0.0,0.625],"texture":"#2"},"west":{"uv":[5.5,1.25,8.25,1.875],"texture":"#2"},"up":{"uv":[0.0,0.0,0.0,2.75],"texture":"#2"},"down":{"uv":[0.0,0.0,0.0,2.75],"texture":"#2"}}},{"from":[-3.0,26.0,-3.0],"to":[19.0,31.0,-3.0],"rotation":{"origin":[8.0,31.0,-3.0],"axis":"y","angle":0.0},"faces":{"north":{"uv":[5.5,1.875,8.25,2.5],"texture":"#2"},"east":{"uv":[0.0,0.0,0.0,0.625],"texture":"#2"},"south":{"uv":[5.5,2.5,8.25,3.125],"texture":"#2"},"west":{"uv":[0.0,0.0,0.0,0.625],"texture":"#2"},"up":{"uv":[0.0,0.0,2.75,0.0],"texture":"#2"},"down":{"uv":[0.0,0.0,2.75,0.0],"texture":"#2"}}},{"from":[-3.0,26.0,19.0],"to":[19.0,31.0,19.0],"rotation":{"origin":[8.0,31.0,19.0],"axis":"y","angle":0.0},"faces":{"north":{"uv":[2.75,5.5,5.5,6.125],"texture":"#2"},"east":{"uv":[0.0,0.0,0.0,0.625],"texture":"#2"},"south":{"uv":[5.5,3.125,8.25,3.75],"texture":"#2"},"west":{"uv":[0.0,0.0,0.0,0.625],"texture":"#2"},"up":{"uv":[0.0,0.0,2.75,0.0],"texture":"#2"},"down":{"uv":[0.0,0.0,2.75,0.0],"texture":"#2"}}}],"textures":{"particle":"8754875b-a387-4a0c-a8f1-c6a9a033c1d0","2":"8754875b-a387-4a0c-a8f1-c6a9a033c1d0"}}