{"display":{"thirdperson_righthand":{"rotation":[45.0,0.0,0.0],"translation":[0.0,1.5,0.0],"scale":[0.4,0.4,0.4]},"thirdperson_lefthand":{"rotation":[45.0,0.0,0.0],"translation":[0.0,1.5,0.0],"scale":[0.4,0.4,0.4]},"firstperson_righthand":{"scale":[0.4,0.4,0.4]},"firstperson_lefthand":{"scale":[0.4,0.4,0.4]},"ground":{"translation":[0.0,6.0,0.0]},"gui":{"rotation":[-160.0,35.0,-180.0],"translation":[0.0,-1.0,0.0],"scale":[0.6,0.6,0.6]},"head":{"translation":[0.0,-23.0,0.5],"scale":[2.5,2.5,2.5]},"fixed":{"rotation":[-90.0,0.0,0.0],"translation":[0.0,4.5,-18.0],"scale":[2.5,2.5,2.5]}},"elements":[{"from":[1.0,0.0,3.5],"to":[3.0,10.0,5.5],"rotation":{"origin":[8.0,0.0,11.5],"axis":"y","angle":0.0},"faces":{"north":{"uv":[5.0,5.5,5.5,8.0],"texture":"#0"},"east":{"uv":[6.0,2.0,6.5,4.5],"texture":"#0"},"south":{"uv":[6.0,4.5,6.5,7.0],"texture":"#0"},"west":{"uv":[6.5,2.0,7.0,4.5],"texture":"#0"},"up":{"uv":[8.25,5.5,7.75,5.0],"texture":"#0"},"down":{"uv":[8.25,5.5,7.75,6.0],"texture":"#0"}}},{"from":[13.0,0.0,3.5],"to":[15.0,10.0,5.5],"rotation":{"origin":[8.0,0.0,11.5],"axis":"y","angle":0.0},"faces":{"north":{"uv":[6.5,4.5,7.0,7.0],"texture":"#0"},"east":{"uv":[5.5,6.75,6.0,9.25],"texture":"#0"},"south":{"uv":[7.0,2.0,7.5,4.5],"texture":"#0"},"west":{"uv":[7.0,4.5,7.5,7.0],"texture":"#0"},"up":{"uv":[8.25,6.5,7.75,6.0],"texture":"#0"},"down":{"uv":[8.25,7.5,7.75,8.0],"texture":"#0"}}},{"from":[1.0,-3.9,6.0],"to":[3.0,8.1,8.0],"rotation":{"origin":[1.9,6.0,4.5],"axis":"x","angle":-45.0},"faces":{"north":{"uv":[1.5,5.5,2.0,8.5],"texture":"#0"},"east":{"uv":[2.0,5.5,2.5,8.5],"texture":"#0"},"south":{"uv":[2.5,5.5,3.0,8.5],"texture":"#0"},"west":{"uv":[3.0,5.5,3.5,8.5],"texture":"#0"},"up":{"uv":[5.5,8.5,5.0,8.0],"texture":"#0"},"down":{"uv":[8.25,8.0,7.75,8.5],"texture":"#0"}}},{"from":[13.0,-3.9,6.0],"to":[15.0,8.1,8.0],"rotation":{"origin":[2.1,6.0,4.5],"axis":"x","angle":-45.0},"faces":{"north":{"uv":[3.5,5.5,4.0,8.5],"texture":"#0"},"east":{"uv":[5.5,3.75,6.0,6.75],"texture":"#0"},"south":{"uv":[4.0,5.5,4.5,8.5],"texture":"#0"},"west":{"uv":[4.5,5.5,5.0,8.5],"texture":"#0"},"up":{"uv":[8.75,5.5,8.25,5.0],"texture":"#0"},"down":{"uv":[8.75,5.5,8.25,6.0],"texture":"#0"}}},{"from":[0.5,10.0,1.5],"to":[3.5,11.0,12.5],"rotation":{"origin":[8.0,0.0,11.5],"axis":"y","angle":0.0},"faces":{"north":{"uv":[8.25,6.0,9.0,6.25],"texture":"#0"},"east":{"uv":[7.5,6.5,10.25,6.75],"texture":"#0"},"south":{"uv":[8.25,6.25,9.0,6.5],"texture":"#0"},"west":{"uv":[7.5,6.75,10.25,7.0],"texture":"#0"},"up":{"uv":[4.75,2.75,4.0,0.0],"texture":"#0"},"down":{"uv":[4.75,2.75,4.0,5.5],"texture":"#0"}}},{"from":[12.5,10.0,1.5],"to":[15.5,11.0,12.5],"rotation":{"origin":[8.0,0.0,11.5],"axis":"y","angle":0.0},"faces":{"north":{"uv":[8.25,7.5,9.0,7.75],"texture":"#0"},"east":{"uv":[7.75,3.5,10.5,3.75],"texture":"#0"},"south":{"uv":[8.25,7.75,9.0,8.0],"texture":"#0"},"west":{"uv":[7.75,3.75,10.5,4.0],"texture":"#0"},"up":{"uv":[5.5,2.75,4.75,0.0],"texture":"#0"},"down":{"uv":[5.5,2.75,4.75,5.5],"texture":"#0"}}},{"from":[3.0,4.0,-1.0],"to":[13.0,6.0,0.0],"rotation":{"origin":[8.0,0.0,11.0],"axis":"y","angle":0.0},"faces":{"north":{"uv":[6.0,7.0,8.5,7.5],"texture":"#0"},"east":{"uv":[8.25,8.0,8.5,8.5],"texture":"#0"},"south":{"uv":[7.5,2.0,10.0,2.5],"texture":"#0"},"west":{"uv":[1.5,8.5,1.75,9.0],"texture":"#0"},"up":{"uv":[10.25,4.25,7.75,4.0],"texture":"#0"},"down":{"uv":[10.25,4.25,7.75,4.5],"texture":"#0"}}},{"from":[12.0,4.0,0.0],"to":[13.0,6.0,12.0],"rotation":{"origin":[8.0,0.0,11.0],"axis":"y","angle":0.0},"faces":{"north":{"uv":[1.75,8.5,2.0,9.0],"texture":"#0"},"east":{"uv":[6.0,0.0,9.0,0.5],"texture":"#0"},"south":{"uv":[2.0,8.5,2.25,9.0],"texture":"#0"},"west":{"uv":[6.0,0.5,9.0,1.0],"texture":"#0"},"up":{"uv":[7.75,6.5,7.5,3.5],"texture":"#0"},"down":{"uv":[7.25,7.5,7.0,10.5],"texture":"#0"}}},{"from":[4.0,6.0,0.0],"to":[12.0,6.0,11.25],"rotation":{"origin":[8.0,0.1,11.0],"axis":"y","angle":0.0},"faces":{"north":{"uv":[0.0,0.0,2.0,0.0],"texture":"#0"},"east":{"uv":[0.0,0.0,2.75,0.0],"texture":"#0"},"south":{"uv":[0.0,0.0,2.0,0.0],"texture":"#0"},"west":{"uv":[0.0,0.0,2.75,0.0],"texture":"#0"},"up":{"uv":[2.0,2.75,0.0,0.0],"texture":"#0"},"down":{"uv":[4.0,0.0,2.0,2.75],"texture":"#0"}}},{"from":[3.0,4.0,0.0],"to":[4.0,6.0,12.0],"rotation":{"origin":[8.0,0.0,11.0],"axis":"y","angle":0.0},"faces":{"north":{"uv":[2.25,8.5,2.5,9.0],"texture":"#0"},"east":{"uv":[6.0,1.0,9.0,1.5],"texture":"#0"},"south":{"uv":[2.5,8.5,2.75,9.0],"texture":"#0"},"west":{"uv":[6.0,1.5,9.0,2.0],"texture":"#0"},"up":{"uv":[7.5,10.5,7.25,7.5],"texture":"#0"},"down":{"uv":[7.75,7.5,7.5,10.5],"texture":"#0"}}},{"from":[3.0,4.0,10.0],"to":[4.0,19.0,12.0],"rotation":{"origin":[3.5,4.0,12.0],"axis":"x","angle":22.5},"faces":{"north":{"uv":[6.0,7.5,6.25,11.25],"texture":"#0"},"east":{"uv":[0.0,5.5,0.5,9.25],"texture":"#0"},"south":{"uv":[6.25,7.5,6.5,11.25],"texture":"#0"},"west":{"uv":[5.5,0.0,6.0,3.75],"texture":"#0"},"up":{"uv":[3.0,9.0,2.75,8.5],"texture":"#0"},"down":{"uv":[3.25,8.5,3.0,9.0],"texture":"#0"}}},{"from":[12.0,4.0,10.0],"to":[13.0,19.0,12.0],"rotation":{"origin":[12.5,4.0,12.0],"axis":"x","angle":22.5},"faces":{"north":{"uv":[6.5,7.5,6.75,11.25],"texture":"#0"},"east":{"uv":[0.5,5.5,1.0,9.25],"texture":"#0"},"south":{"uv":[6.75,7.5,7.0,11.25],"texture":"#0"},"west":{"uv":[1.0,5.5,1.5,9.25],"texture":"#0"},"up":{"uv":[3.5,9.0,3.25,8.5],"texture":"#0"},"down":{"uv":[3.75,8.5,3.5,9.0],"texture":"#0"}}},{"from":[4.0,16.0,10.5],"to":[12.0,18.0,11.5],"rotation":{"origin":[12.5,4.0,12.0],"axis":"x","angle":22.5},"faces":{"north":{"uv":[7.5,2.5,9.5,3.0],"texture":"#0"},"east":{"uv":[3.75,8.5,4.0,9.0],"texture":"#0"},"south":{"uv":[7.5,3.0,9.5,3.5],"texture":"#0"},"west":{"uv":[4.0,8.5,4.25,9.0],"texture":"#0"},"up":{"uv":[9.75,4.75,7.75,4.5],"texture":"#0"},"down":{"uv":[9.75,4.75,7.75,5.0],"texture":"#0"}}},{"from":[4.0,5.5,10.5],"to":[12.0,16.0,10.5],"rotation":{"origin":[12.5,4.0,12.0],"axis":"x","angle":22.5},"faces":{"north":{"uv":[0.0,2.75,2.0,5.5],"texture":"#0"},"east":{"uv":[0.0,0.0,0.0,2.75],"texture":"#0"},"south":{"uv":[2.0,2.75,4.0,5.5],"texture":"#0"},"west":{"uv":[0.0,0.0,0.0,2.75],"texture":"#0"},"up":{"uv":[2.0,0.0,0.0,0.0],"texture":"#0"},"down":{"uv":[2.0,0.0,0.0,0.0],"texture":"#0"}}}],"textures":{"particle":"c111c759-4613-4e61-bfdb-1bcb2226171b","0":"c111c759-4613-4e61-bfdb-1bcb2226171b"}}