{"display":{"thirdperson_righthand":{"rotation":[75.0,45.0,0.0],"translation":[0.0,2.5,0.0],"scale":[0.375,0.375,0.375]},"thirdperson_lefthand":{"rotation":[75.0,45.0,0.0],"translation":[0.0,2.5,0.0],"scale":[0.375,0.375,0.375]},"firstperson_righthand":{"rotation":[0.0,120.0,0.0],"translation":[0.0,2.0,0.0],"scale":[0.4,0.4,0.4]},"firstperson_lefthand":{"rotation":[0.0,120.0,0.0],"translation":[0.0,2.0,0.0],"scale":[0.4,0.4,0.4]},"ground":{"translation":[0.0,9.0,0.0],"scale":[0.5,0.5,0.5]},"gui":{"rotation":[45.0,-180.0,67.5],"translation":[-0.25,0.25,0.0],"scale":[0.6,0.6,0.6]},"head":{"rotation":[-22.5,0.0,0.0],"translation":[0.0,2.75,2.75],"scale":[1.6,1.6,1.6]}},"elements":[{"from":[2.0,1.00821,9.47561],"to":[14.0,7.00821,12.47561],"rotation":{"origin":[8.0,8.57822,6.6421],"axis":"x","angle":45.0},"faces":{"north":{"uv":[0.0,8.0,3.0,9.5],"texture":"#0"},"east":{"uv":[9.0,0.0,9.75,1.5],"texture":"#0"},"south":{"uv":[3.25,8.0,6.25,9.5],"texture":"#0"},"west":{"uv":[9.75,9.25,10.5,10.75],"texture":"#0"},"down":{"uv":[3.0,6.0,0.0,6.75],"texture":"#0"}}},{"from":[7.0,-2.38904,6.29476],"to":[9.0,5.61096,12.29476],"rotation":{"origin":[8.0,8.57822,6.64211],"axis":"x","angle":-22.5},"faces":{"north":{"uv":[10.5,2.5,11.0,4.5],"texture":"#0","tintindex":0},"east":{"uv":[8.75,2.25,10.25,4.25],"texture":"#0","tintindex":0},"south":{"uv":[10.5,4.75,11.0,6.75],"texture":"#0","tintindex":0},"west":{"uv":[8.75,7.0,10.25,9.0],"texture":"#0","tintindex":0},"down":{"uv":[0.5,10.75,0.0,12.25],"texture":"#0","tintindex":0}}},{"from":[1.995,2.995,7.0],"to":[14.005,14.005,13.005],"rotation":{"origin":[8.0,8.57822,7.0],"axis":"y","angle":0.0},"faces":{"north":{"uv":[0.0,0.0,3.0,2.75],"texture":"#0","tintindex":0},"east":{"uv":[3.25,5.0,4.75,7.75],"texture":"#0","tintindex":0},"south":{"uv":[0.0,3.0,3.0,5.75],"texture":"#0","tintindex":0},"west":{"uv":[6.5,5.0,8.0,7.75],"texture":"#0","tintindex":0},"up":{"uv":[6.25,1.5,3.25,0.0],"texture":"#0","tintindex":0},"down":{"uv":[6.25,2.5,3.25,4.0],"texture":"#0","tintindex":0}}},{"from":[-4.14723,5.41624,7.0],"to":[1.85277,9.41624,9.0],"rotation":{"origin":[8.0,8.57822,6.64211],"axis":"z","angle":22.5},"faces":{"north":{"uv":[4.75,9.75,3.25,10.75],"texture":"#0","tintindex":0},"south":{"uv":[6.5,10.25,5.0,11.25],"texture":"#0","tintindex":0},"west":{"uv":[2.75,10.75,2.25,11.75],"texture":"#0","tintindex":0},"up":{"uv":[10.5,7.5,12.0,7.0],"texture":"#0","tintindex":0},"down":{"uv":[10.5,7.75,12.0,8.25],"texture":"#0","tintindex":0}}},{"from":[7.73378,8.09986,7.0],"to":[16.23378,16.59986,13.0],"rotation":{"origin":[8.0,8.36608,7.0],"axis":"z","angle":45.0},"faces":{"north":{"uv":[6.5,8.0,8.5,10.0],"texture":"#0","tintindex":0},"east":{"uv":[6.5,0.0,8.0,2.0],"texture":"#0","tintindex":0},"south":{"uv":[8.25,4.75,10.25,6.75],"texture":"#0","tintindex":0},"up":{"uv":[8.5,3.75,6.5,2.25],"texture":"#0","tintindex":0}}},{"from":[14.14723,5.41624,7.0],"to":[20.14723,9.41624,9.0],"rotation":{"origin":[8.0,8.57822,6.64211],"axis":"z","angle":-22.5},"faces":{"north":{"uv":[3.25,9.75,4.75,10.75],"texture":"#0","tintindex":0},"east":{"uv":[2.25,10.75,2.75,11.75],"texture":"#0","tintindex":0},"south":{"uv":[5.0,10.25,6.5,11.25],"texture":"#0","tintindex":0},"up":{"uv":[12.0,7.5,10.5,7.0],"texture":"#0","tintindex":0},"down":{"uv":[12.0,7.75,10.5,8.25],"texture":"#0","tintindex":0}}},{"from":[7.73378,8.09986,4.0],"to":[16.23378,16.59986,7.0],"rotation":{"origin":[8.0,8.36608,7.0],"axis":"z","angle":45.0},"faces":{"north":{"uv":[6.5,8.0,8.5,10.0],"texture":"#0"},"east":{"uv":[8.0,0.0,8.75,2.0],"texture":"#0"},"up":{"uv":[8.5,4.5,6.5,3.75],"texture":"#0"}}},{"from":[1.995,2.995,3.995],"to":[14.005,14.005,7.0],"rotation":{"origin":[8.0,8.57822,7.0],"axis":"y","angle":0.0},"faces":{"north":{"uv":[0.0,0.0,3.0,2.75],"texture":"#0"},"east":{"uv":[4.75,5.0,5.5,7.75],"texture":"#0"},"west":{"uv":[5.75,5.0,6.5,7.75],"texture":"#0"}}},{"from":[1.995,6.995,0.995],"to":[14.005,14.005,4.005],"rotation":{"origin":[8.0,8.57822,6.64211],"axis":"y","angle":0.0},"faces":{"east":{"uv":[6.75,10.25,7.5,12.0],"texture":"#0"},"west":{"uv":[7.75,10.25,8.5,12.0],"texture":"#0"},"up":{"uv":[3.0,10.5,0.0,9.75],"texture":"#0"}}},{"from":[14.0,7.0,1.0],"to":[2.0,14.0,4.0],"rotation":{"origin":[8.0,8.57822,6.64211],"axis":"y","angle":0.0},"faces":{"east":{"uv":[8.5,10.25,7.75,12.0],"texture":"#0"},"west":{"uv":[7.5,10.25,6.75,12.0],"texture":"#0"},"up":{"uv":[0.0,10.5,3.0,9.75],"texture":"#0"}}},{"from":[2.0,1.00821,5.47561],"to":[14.0,7.00821,9.47561],"rotation":{"origin":[8.0,8.57822,6.6421],"axis":"x","angle":45.0},"faces":{"north":{"uv":[0.0,8.0,3.0,9.5],"texture":"#0"},"east":{"uv":[9.75,0.0,10.75,1.5],"texture":"#0"},"west":{"uv":[8.75,9.25,9.75,10.75],"texture":"#0"},"down":{"uv":[3.0,6.75,0.0,7.75],"texture":"#0"}}},{"from":[2.0,4.02513,0.52513],"to":[14.0,9.02513,2.52513],"rotation":{"origin":[8.0,6.52513,1.52513],"axis":"x","angle":45.0},"faces":{"east":{"uv":[0.75,10.75,1.25,12.0],"texture":"#0"},"west":{"uv":[1.5,10.75,2.0,12.0],"texture":"#0"},"down":{"uv":[13.5,1.75,10.5,2.25],"texture":"#0"}}},{"from":[14.0,4.02513,0.52513],"to":[2.0,9.02513,2.52513],"rotation":{"origin":[8.0,6.52513,1.52513],"axis":"x","angle":45.0},"faces":{"east":{"uv":[2.0,10.75,1.5,12.0],"texture":"#0"},"west":{"uv":[1.25,10.75,0.75,12.0],"texture":"#0"},"down":{"uv":[10.5,1.75,13.5,2.25],"texture":"#0"}}}],"textures":{"particle":"0e2f75eb-cabd-494d-b6dd-96d020bd61a1","0":"0e2f75eb-cabd-494d-b6dd-96d020bd61a1"},"gui_light":"front"}