{"display":{"thirdperson_righthand":{"rotation":[75.0,45.0,0.0],"translation":[0.0,2.5,0.0],"scale":[0.375,0.375,0.375]},"thirdperson_lefthand":{"rotation":[75.0,45.0,0.0],"translation":[0.0,2.5,0.0],"scale":[0.375,0.375,0.375]},"firstperson_righthand":{"rotation":[0.0,120.0,0.0],"translation":[0.0,3.75,0.0],"scale":[0.4,0.4,0.4]},"firstperson_lefthand":{"rotation":[0.0,120.0,0.0],"translation":[0.0,3.75,0.0],"scale":[0.4,0.4,0.4]},"ground":{"translation":[0.0,6.0,0.0],"scale":[0.5,0.5,0.5]},"gui":{"rotation":[30.0,135.0,0.0],"translation":[0.0,3.75,0.0],"scale":[0.85,0.85,0.85]},"head":{"rotation":[7.5,0.0,0.0],"translation":[0.0,15.75,1.75],"scale":[1.8,1.8,1.8]}},"elements":[{"from":[8.5,5.0,4.5],"to":[12.5,8.0,8.5],"rotation":{"origin":[12.5,3.0,4.5],"axis":"y","angle":0.0},"faces":{"north":{"uv":[0.0,7.25,1.0,8.0],"texture":"#2","tintindex":0},"east":{"uv":[1.25,7.25,2.25,8.0],"texture":"#2","tintindex":0},"south":{"uv":[2.5,7.5,3.5,8.25],"texture":"#2","tintindex":0},"west":{"uv":[3.75,7.5,4.75,8.25],"texture":"#2","tintindex":0},"up":{"uv":[6.0,7.25,5.0,6.25],"texture":"#2","tintindex":0}}},{"from":[8.5,5.0,4.5],"to":[12.5,8.0,8.5],"rotation":{"origin":[12.5,3.0,4.5],"axis":"y","angle":0.0},"faces":{"north":{"uv":[5.0,7.5,6.0,8.25],"texture":"#2"},"east":{"uv":[6.25,7.5,7.25,8.25],"texture":"#2"},"south":{"uv":[7.5,6.25,8.5,7.0],"texture":"#2"},"west":{"uv":[7.5,7.25,8.5,8.0],"texture":"#2"},"up":{"uv":[7.25,7.25,6.25,6.25],"texture":"#2"}}},{"from":[3.5,5.0,4.5],"to":[7.5,8.0,8.5],"rotation":{"origin":[3.5,3.0,4.5],"axis":"y","angle":0.0},"faces":{"north":{"uv":[1.0,7.25,0.0,8.0],"texture":"#2","tintindex":0},"east":{"uv":[4.75,7.5,3.75,8.25],"texture":"#2","tintindex":0},"south":{"uv":[3.5,7.5,2.5,8.25],"texture":"#2","tintindex":0},"west":{"uv":[2.25,7.25,1.25,8.0],"texture":"#2","tintindex":0},"up":{"uv":[5.0,7.25,6.0,6.25],"texture":"#2","tintindex":0}}},{"from":[3.5,5.0,4.5],"to":[7.5,8.0,8.5],"rotation":{"origin":[3.5,3.0,4.5],"axis":"y","angle":0.0},"faces":{"north":{"uv":[6.0,7.5,5.0,8.25],"texture":"#2"},"east":{"uv":[8.5,7.25,7.5,8.0],"texture":"#2"},"south":{"uv":[8.5,6.25,7.5,7.0],"texture":"#2"},"west":{"uv":[7.25,7.5,6.25,8.25],"texture":"#2"},"up":{"uv":[6.25,7.25,7.25,6.25],"texture":"#2"}}},{"from":[2.5,0.0,2.5],"to":[13.5,1.0,13.5],"rotation":{"origin":[3.5,0.0,3.5],"axis":"y","angle":0.0},"faces":{"north":{"uv":[8.0,0.0,10.75,0.25],"texture":"#2","tintindex":0},"east":{"uv":[8.0,0.5,10.75,0.75],"texture":"#2","tintindex":0},"south":{"uv":[8.0,1.0,10.75,1.25],"texture":"#2","tintindex":0},"west":{"uv":[8.0,1.5,10.75,1.75],"texture":"#2","tintindex":0},"up":{"uv":[2.75,2.75,0.0,0.0],"texture":"#2","tintindex":0},"down":{"uv":[2.75,3.0,0.0,5.75],"texture":"#2","tintindex":0}}},{"from":[3.5,1.0,3.5],"to":[12.5,5.0,12.5],"rotation":{"origin":[3.5,2.0,3.5],"axis":"y","angle":0.0},"faces":{"north":{"uv":[5.5,3.75,7.75,4.75],"texture":"#2"},"east":{"uv":[5.5,5.0,7.75,6.0],"texture":"#2"},"south":{"uv":[0.0,6.0,2.25,7.0],"texture":"#2"},"west":{"uv":[2.5,6.25,4.75,7.25],"texture":"#2"},"up":{"uv":[5.25,4.75,3.0,2.5],"texture":"#2"}}},{"from":[3.5,1.0,3.5],"to":[12.5,5.0,12.5],"rotation":{"origin":[3.5,2.0,3.5],"axis":"y","angle":0.0},"faces":{"north":{"uv":[3.0,5.0,5.25,6.0],"texture":"#2","tintindex":0},"east":{"uv":[5.5,0.0,7.75,1.0],"texture":"#2","tintindex":0},"south":{"uv":[5.5,1.25,7.75,2.25],"texture":"#2","tintindex":0},"west":{"uv":[5.5,2.5,7.75,3.5],"texture":"#2","tintindex":0},"up":{"uv":[5.25,2.25,3.0,0.0],"texture":"#2","tintindex":0}}}],"textures":{"2":"6bd0ae05-59af-4f27-84c3-9ec7e9830e8c"},"gui_light":"front"}