{"display":{"thirdperson_righthand":{"rotation":[70.0,0.0,0.0],"translation":[0.0,-1.0,-1.0],"scale":[0.2,0.2,0.2]},"thirdperson_lefthand":{"rotation":[70.0,0.0,0.0],"translation":[0.0,-1.0,-1.0],"scale":[0.2,0.2,0.2]},"firstperson_righthand":{"translation":[2.0,0.0,1.0],"scale":[0.2,0.2,0.2]},"firstperson_lefthand":{"translation":[2.0,0.0,1.0],"scale":[0.2,0.2,0.2]},"ground":{"translation":[0.0,6.0,0.0],"scale":[0.5,0.5,0.5]},"gui":{"rotation":[15.0,20.0,0.0],"translation":[0.0,-2.0,0.0],"scale":[0.3,0.3,0.3]},"head":{"translation":[0.0,-24.0,0.0],"scale":[2.5,2.5,2.5]},"fixed":{"rotation":[-90.0,0.0,0.0],"translation":[0.0,0.0,-17.0],"scale":[2.5,2.5,2.5]}},"elements":[{"from":[-15.0,0.0,7.0],"to":[-13.0,32.0,9.0],"rotation":{"origin":[-15.0,0.0,7.0],"axis":"y","angle":0.0},"faces":{"north":{"uv":[0.0,7.0,0.5,15.0],"texture":"#0"},"east":{"uv":[0.5,7.0,1.0,15.0],"texture":"#0"},"south":{"uv":[1.0,7.0,1.5,15.0],"texture":"#0"},"west":{"uv":[1.5,7.0,2.0,15.0],"texture":"#0"},"up":{"uv":[6.75,8.25,6.25,7.75],"texture":"#0"},"down":{"uv":[7.25,7.75,6.75,8.25],"texture":"#0"}}},{"from":[29.0,0.0,7.0],"to":[31.0,32.0,9.0],"rotation":{"origin":[29.0,0.0,7.0],"axis":"y","angle":0.0},"faces":{"north":{"uv":[2.0,7.0,2.5,15.0],"texture":"#0"},"east":{"uv":[2.5,7.0,3.0,15.0],"texture":"#0"},"south":{"uv":[3.0,7.0,3.5,15.0],"texture":"#0"},"west":{"uv":[3.5,7.0,4.0,15.0],"texture":"#0"},"up":{"uv":[8.25,7.5,7.75,7.0],"texture":"#0"},"down":{"uv":[7.75,7.75,7.25,8.25],"texture":"#0"}}},{"from":[-13.0,16.0,8.0],"to":[29.0,30.0,8.0],"rotation":{"origin":[-15.0,0.0,7.0],"axis":"y","angle":0.0},"faces":{"north":{"uv":[0.0,0.0,10.5,3.5],"texture":"#0"},"east":{"uv":[0.0,0.0,0.0,3.5],"texture":"#0"},"south":{"uv":[0.0,3.5,10.5,7.0],"texture":"#0"},"west":{"uv":[0.0,0.0,0.0,3.5],"texture":"#0"},"up":{"uv":[10.5,0.0,0.0,0.0],"texture":"#0"},"down":{"uv":[10.5,0.0,0.0,0.0],"texture":"#0"}}},{"from":[-15.5,16.0,6.5],"to":[-12.5,17.0,9.5],"rotation":{"origin":[-15.0,1.0,7.0],"axis":"y","angle":0.0},"faces":{"north":{"uv":[7.75,7.5,8.5,7.75],"texture":"#0"},"east":{"uv":[7.75,7.75,8.5,8.0],"texture":"#0"},"south":{"uv":[7.75,8.0,8.5,8.25],"texture":"#0"},"west":{"uv":[6.25,8.25,7.0,8.5],"texture":"#0"},"up":{"uv":[4.75,7.75,4.0,7.0],"texture":"#0"},"down":{"uv":[5.5,7.0,4.75,7.75],"texture":"#0"}}},{"from":[-15.5,30.0,6.5],"to":[-12.5,31.0,9.5],"rotation":{"origin":[-15.0,15.0,7.0],"axis":"y","angle":0.0},"faces":{"north":{"uv":[7.0,8.25,7.75,8.5],"texture":"#0"},"east":{"uv":[8.25,7.0,9.0,7.25],"texture":"#0"},"south":{"uv":[8.25,7.25,9.0,7.5],"texture":"#0"},"west":{"uv":[7.75,8.25,8.5,8.5],"texture":"#0"},"up":{"uv":[6.25,7.75,5.5,7.0],"texture":"#0"},"down":{"uv":[7.0,7.0,6.25,7.75],"texture":"#0"}}},{"from":[28.5,16.0,6.5],"to":[31.5,17.0,9.5],"rotation":{"origin":[29.0,1.0,7.0],"axis":"y","angle":0.0},"faces":{"north":{"uv":[4.0,8.5,4.75,8.75],"texture":"#0"},"east":{"uv":[4.75,8.5,5.5,8.75],"texture":"#0"},"south":{"uv":[5.5,8.5,6.25,8.75],"texture":"#0"},"west":{"uv":[6.25,8.5,7.0,8.75],"texture":"#0"},"up":{"uv":[7.75,7.75,7.0,7.0],"texture":"#0"},"down":{"uv":[4.75,7.75,4.0,8.5],"texture":"#0"}}},{"from":[28.5,30.0,6.5],"to":[31.5,31.0,9.5],"rotation":{"origin":[29.0,15.0,7.0],"axis":"y","angle":0.0},"faces":{"north":{"uv":[7.0,8.5,7.75,8.75],"texture":"#0"},"east":{"uv":[8.5,7.5,9.25,7.75],"texture":"#0"},"south":{"uv":[7.75,8.5,8.5,8.75],"texture":"#0"},"west":{"uv":[8.5,7.75,9.25,8.0],"texture":"#0"},"up":{"uv":[5.5,8.5,4.75,7.75],"texture":"#0"},"down":{"uv":[6.25,7.75,5.5,8.5],"texture":"#0"}}}],"textures":{"particle":"a6dc1d00-4e34-4b78-82a8-0e035af569a2","0":"a6dc1d00-4e34-4b78-82a8-0e035af569a2"}}