{"display":{"head":{},"firstperson_righthand":{},"thirdperson_lefthand":{},"firstperson_lefthand":{},"fixed":{},"ground":{},"thirdperson_righthand":{},"gui":{"rotation":[-150.0,-45.0,180.0]}},"elements":[{"from":[7.0625,5.47102,12.1375],"to":[8.9375,10.47102,14.0125],"faces":{"east":{"uv":[4.75,8.75,5.125,9.75],"texture":"#0","tintindex":0},"south":{"uv":[9.0,0.0,9.375,1.0],"texture":"#0","tintindex":0},"north":{"uv":[4.25,8.75,4.625,9.75],"texture":"#0","tintindex":0},"west":{"uv":[3.0,9.0,3.375,10.0],"texture":"#0","tintindex":0},"up":{"uv":[11.125,8.375,10.75,8.0],"texture":"#0","tintindex":0},"down":{"uv":[8.875,10.75,8.5,11.125],"texture":"#0","tintindex":0}}},{"from":[7.0625,12.15852,5.5125],"to":[8.9375,14.03352,10.5125],"faces":{"east":{"uv":[6.0,8.5,7.0,8.875],"texture":"#0","tintindex":0},"south":{"uv":[2.5,10.75,2.875,11.125],"texture":"#0","tintindex":0},"north":{"uv":[2.0,10.75,2.375,11.125],"texture":"#0","tintindex":0},"west":{"uv":[8.5,6.5,9.5,6.875],"texture":"#0","tintindex":0},"up":{"uv":[7.375,9.5,7.0,8.5],"texture":"#0","tintindex":0},"down":{"uv":[8.875,7.0,8.5,8.0],"texture":"#0","tintindex":0}}},{"from":[6.4375,7.34602,7.075],"to":[9.5625,9.22102,8.95],"faces":{"east":{"uv":[11.0,2.0,11.375,2.375],"texture":"#0","tintindex":0},"south":{"uv":[0.0,9.75,0.625,10.125],"texture":"#0","tintindex":0},"north":{"uv":[9.5,8.0,10.125,8.375],"texture":"#0","tintindex":0},"west":{"uv":[11.0,2.5,11.375,2.875],"texture":"#0","tintindex":0},"up":{"uv":[1.375,10.125,0.75,9.75],"texture":"#0","tintindex":0},"down":{"uv":[2.125,9.75,1.5,10.125],"texture":"#0","tintindex":0}}},{"from":[7.0625,5.47102,1.9499998],"to":[8.9375,10.47102,3.8249998],"faces":{"east":{"uv":[8.5,8.0,8.875,9.0],"texture":"#0","tintindex":0},"south":{"uv":[0.0,8.75,0.375,9.75],"texture":"#0","tintindex":0},"north":{"uv":[8.0,8.5,8.375,9.5],"texture":"#0","tintindex":0},"west":{"uv":[0.5,8.75,0.875,9.75],"texture":"#0","tintindex":0},"up":{"uv":[4.625,11.125,4.25,10.75],"texture":"#0","tintindex":0},"down":{"uv":[6.125,10.75,5.75,11.125],"texture":"#0","tintindex":0}}},{"from":[7.0625,1.9085202,0.5124998],"to":[8.9375,3.7835202,5.5125],"rotation":{"origin":[6.75,1.9085202,5.5125],"axis":"x","angle":45.0},"faces":{"east":{"uv":[4.25,8.25,5.25,8.625],"texture":"#0","tintindex":0},"south":{"uv":[0.5,10.75,0.875,11.125],"texture":"#0","tintindex":0},"north":{"uv":[10.75,0.0,11.125,0.375],"texture":"#0","tintindex":0},"west":{"uv":[8.25,4.5,9.25,4.875],"texture":"#0","tintindex":0},"up":{"uv":[8.875,1.0,8.5,0.0],"texture":"#0","tintindex":0},"down":{"uv":[2.375,8.5,2.0,9.5],"texture":"#0","tintindex":0}}},{"from":[7.0625,10.47102,12.1375],"to":[8.9375,15.47102,14.0125],"rotation":{"origin":[8.0,10.47102,14.0125],"axis":"x","angle":-45.0},"faces":{"east":{"uv":[5.25,9.0,5.625,10.0],"texture":"#0","tintindex":0},"south":{"uv":[9.0,5.5,9.375,6.5],"texture":"#0","tintindex":0},"north":{"uv":[3.5,9.0,3.875,10.0],"texture":"#0","tintindex":0},"west":{"uv":[5.75,9.0,6.125,10.0],"texture":"#0","tintindex":0},"up":{"uv":[11.125,10.875,10.75,10.5],"texture":"#0","tintindex":0},"down":{"uv":[1.375,11.0,1.0,11.375],"texture":"#0","tintindex":0}}},{"from":[7.0625,1.9085202,10.5125],"to":[8.9375,3.7835202,15.5125],"rotation":{"origin":[6.75,1.9085202,10.5125],"axis":"x","angle":-45.0},"faces":{"east":{"uv":[9.0,7.0,10.0,7.375],"texture":"#0","tintindex":0},"south":{"uv":[11.0,1.5,11.375,1.875],"texture":"#0","tintindex":0},"north":{"uv":[11.0,1.0,11.375,1.375],"texture":"#0","tintindex":0},"west":{"uv":[9.0,7.5,10.0,7.875],"texture":"#0","tintindex":0},"up":{"uv":[6.625,10.0,6.25,9.0],"texture":"#0","tintindex":0},"down":{"uv":[7.875,9.0,7.5,10.0],"texture":"#0","tintindex":0}}},{"from":[7.0625,1.9085202,5.5125],"to":[8.9375,3.7835202,10.5125],"faces":{"east":{"uv":[8.25,5.0,9.25,5.375],"texture":"#0","tintindex":0},"south":{"uv":[1.5,10.75,1.875,11.125],"texture":"#0","tintindex":0},"north":{"uv":[10.75,0.5,11.125,0.875],"texture":"#0","tintindex":0},"west":{"uv":[8.5,1.0,9.5,1.375],"texture":"#0","tintindex":0},"up":{"uv":[2.875,9.5,2.5,8.5],"texture":"#0","tintindex":0},"down":{"uv":[8.875,5.5,8.5,6.5],"texture":"#0","tintindex":0}}},{"from":[7.0625,10.47102,1.9499998],"to":[8.9375,15.47102,3.8249998],"rotation":{"origin":[8.0,10.47102,1.9499998],"axis":"x","angle":45.0},"faces":{"east":{"uv":[1.5,8.75,1.875,9.75],"texture":"#0","tintindex":0},"south":{"uv":[8.75,2.5,9.125,3.5],"texture":"#0","tintindex":0},"north":{"uv":[1.0,8.75,1.375,9.75],"texture":"#0","tintindex":0},"west":{"uv":[8.75,3.5,9.125,4.5],"texture":"#0","tintindex":0},"up":{"uv":[11.125,6.125,10.75,5.75],"texture":"#0","tintindex":0},"down":{"uv":[6.625,10.75,6.25,11.125],"texture":"#0","tintindex":0}}},{"from":[8.0,3.7835202,3.8249998],"to":[8.0,12.22102,12.2],"faces":{"east":{"uv":[0.0,0.0,1.625,1.75],"texture":"#0","tintindex":0},"west":{"uv":[0.0,1.75,1.625,3.5],"texture":"#0","tintindex":0}}}],"textures":{"particle":"#0","0":"modelengine:8e65f8b7-c742-42b9-99ef-b76af152967e"}}