{"display":{"head":{},"firstperson_righthand":{},"thirdperson_lefthand":{},"firstperson_lefthand":{},"fixed":{},"ground":{},"thirdperson_righthand":{},"gui":{"rotation":[-150.0,-45.0,180.0]}},"elements":[{"from":[5.0,9.0,5.0],"to":[11.0,12.0,5.0],"faces":{"south":{"uv":[0.0,8.5,3.0,10.0],"texture":"#0","tintindex":0},"north":{"uv":[8.0,7.5,11.0,9.0],"texture":"#0","tintindex":0}}},{"from":[11.0,4.0,3.0],"to":[11.0,8.0,7.0],"rotation":{"origin":[11.0,8.0,5.0],"axis":"z","angle":45.0},"faces":{"east":{"uv":[8.5,3.0,10.5,5.0],"texture":"#0","tintindex":0},"west":{"uv":[8.5,5.0,10.5,7.0],"texture":"#0","tintindex":0}}},{"from":[0.0,8.0,2.0],"to":[5.0,8.0,8.0],"rotation":{"origin":[5.0,8.0,5.0],"axis":"z","angle":22.5},"faces":{"up":{"uv":[5.5,3.0,3.0,0.0],"texture":"#0","tintindex":0},"down":{"uv":[5.5,3.0,3.0,6.0],"texture":"#0","tintindex":0}}},{"from":[8.0,9.0,2.0],"to":[8.0,12.0,8.0],"faces":{"east":{"uv":[8.5,0.0,11.5,1.5],"texture":"#0","tintindex":0},"west":{"uv":[8.5,1.5,11.5,3.0],"texture":"#0","tintindex":0}}},{"from":[11.0,8.0,2.0],"to":[16.0,8.0,8.0],"rotation":{"origin":[11.0,8.0,5.0],"axis":"z","angle":-22.5},"faces":{"up":{"uv":[5.5,9.0,3.0,6.0],"texture":"#0","tintindex":0},"down":{"uv":[8.0,7.5,5.5,10.5],"texture":"#0","tintindex":0}}},{"from":[5.0,8.0,-3.0],"to":[11.0,8.0,2.0],"rotation":{"origin":[8.0,8.0,2.0],"axis":"x","angle":-22.5},"faces":{"up":{"uv":[8.5,2.5,5.5,0.0],"texture":"#0","tintindex":0},"down":{"uv":[8.5,2.5,5.5,5.0],"texture":"#0","tintindex":0}}},{"from":[6.0,8.0,8.0],"to":[10.0,8.0,12.0],"rotation":{"origin":[8.0,8.0,8.0],"axis":"x","angle":45.0},"faces":{"up":{"uv":[12.5,5.0,10.5,3.0],"texture":"#0","tintindex":0},"down":{"uv":[7.0,10.5,5.0,12.5],"texture":"#0","tintindex":0}}},{"from":[5.0,8.0,8.0],"to":[11.0,8.0,13.0],"rotation":{"origin":[8.0,8.0,8.0],"axis":"x","angle":22.5},"faces":{"up":{"uv":[8.5,7.5,5.5,5.0],"texture":"#0","tintindex":0},"down":{"uv":[3.0,6.0,0.0,8.5],"texture":"#0","tintindex":0}}},{"from":[5.0,8.0,2.0],"to":[11.0,9.0,8.0],"faces":{"east":{"uv":[10.5,5.0,13.5,5.5],"texture":"#0","tintindex":0},"south":{"uv":[10.5,5.5,13.5,6.0],"texture":"#0","tintindex":0},"north":{"uv":[8.5,7.0,11.5,7.5],"texture":"#0","tintindex":0},"west":{"uv":[10.5,6.0,13.5,6.5],"texture":"#0","tintindex":0},"up":{"uv":[3.0,3.0,0.0,0.0],"texture":"#0","tintindex":0},"down":{"uv":[3.0,3.0,0.0,6.0],"texture":"#0","tintindex":0}}},{"from":[1.0,8.0,3.0],"to":[5.0,8.0,7.0],"rotation":{"origin":[5.0,8.0,5.0],"axis":"z","angle":45.0},"faces":{"up":{"uv":[5.0,11.0,3.0,9.0],"texture":"#0","tintindex":0},"down":{"uv":[10.0,9.0,8.0,11.0],"texture":"#0","tintindex":0}}},{"from":[6.0,8.0,-2.0],"to":[10.0,8.0,2.0],"rotation":{"origin":[8.0,8.0,2.0],"axis":"x","angle":-45.0},"faces":{"up":{"uv":[2.0,12.0,0.0,10.0],"texture":"#0","tintindex":0},"down":{"uv":[12.0,9.0,10.0,11.0],"texture":"#0","tintindex":0}}}],"textures":{"particle":"#0","0":"modelengine:764ddb6b-4229-4508-8f4c-958ee8188e76"}}