{"display":{"head":{},"firstperson_righthand":{},"thirdperson_lefthand":{},"firstperson_lefthand":{},"fixed":{},"ground":{},"thirdperson_righthand":{},"gui":{"rotation":[-150.0,-45.0,180.0]}},"elements":[{"from":[1.4000001,6.199999,-5.2],"to":[14.6,9.199999,-5.2],"faces":{"south":{"uv":[5.5,2.5,8.25,3.125],"texture":"#0","tintindex":0},"north":{"uv":[5.5,1.875,8.25,2.5],"texture":"#0","tintindex":0}}},{"from":[1.4000001,6.199999,-5.2],"to":[1.4000001,9.199999,8.0],"faces":{"east":{"uv":[0.0,5.5,2.75,6.125],"texture":"#0","tintindex":0},"west":{"uv":[5.5,0.0,8.25,0.625],"texture":"#0","tintindex":0}}},{"from":[7.4,-4.000001,0.8000002],"to":[8.6,9.799999,2.0],"faces":{"east":{"uv":[5.75,3.75,6.0,6.625],"texture":"#0","tintindex":0},"south":{"uv":[6.0,3.75,6.25,6.625],"texture":"#0","tintindex":0},"north":{"uv":[5.5,3.75,5.75,6.625],"texture":"#0","tintindex":0},"west":{"uv":[0.0,6.125,0.25,9.0],"texture":"#0","tintindex":0},"up":{"uv":[3.5,6.625,3.25,6.375],"texture":"#0","tintindex":0},"down":{"uv":[3.75,6.375,3.5,6.625],"texture":"#0","tintindex":0}}},{"from":[1.4000001,9.199999,-5.2],"to":[14.6,9.199999,8.0],"faces":{"up":{"uv":[2.75,2.75,0.0,0.0],"texture":"#0","tintindex":0},"down":{"uv":[2.75,2.75,0.0,5.5],"texture":"#0","tintindex":0}}},{"from":[14.6,6.199999,-5.2],"to":[14.6,9.199999,8.0],"faces":{"east":{"uv":[5.5,0.625,8.25,1.25],"texture":"#0","tintindex":0},"west":{"uv":[5.5,1.25,8.25,1.875],"texture":"#0","tintindex":0}}},{"from":[1.4000001,6.199999,8.0],"to":[14.6,9.199999,8.0],"faces":{"south":{"uv":[5.5,3.125,8.25,3.75],"texture":"#0","tintindex":0},"north":{"uv":[2.75,5.5,5.5,6.125],"texture":"#0","tintindex":0}}}],"textures":{"particle":"#0","0":"modelengine:ade3505a-5f1e-4083-8435-93b57db279a8"}}