{"display":{"head":{},"firstperson_righthand":{},"thirdperson_lefthand":{},"firstperson_lefthand":{},"fixed":{},"ground":{},"thirdperson_righthand":{},"gui":{"rotation":[-150.0,-45.0,180.0]}},"elements":[{"from":[12.0,1.0,0.0],"to":[12.0,17.0,16.0],"rotation":{"origin":[12.0,1.0,8.0],"axis":"z","angle":-22.5},"faces":{"east":{"uv":[3.0,0.0,4.0,1.0],"texture":"#0","tintindex":0},"west":{"uv":[3.0,0.0,4.0,1.0],"texture":"#0","tintindex":0}}},{"from":[0.0,1.0,8.0],"to":[16.0,17.0,8.0],"rotation":{"origin":[8.0,1.0,8.0],"axis":"y","angle":45.0},"faces":{"south":{"uv":[4.0,0.0,5.0,1.0],"texture":"#0","tintindex":0},"north":{"uv":[4.0,0.0,5.0,1.0],"texture":"#0","tintindex":0}}},{"from":[2.0,1.0,2.0],"to":[14.0,7.0,14.0],"faces":{"east":{"uv":[4.5,1.0,5.25,1.375],"texture":"#0","tintindex":0},"south":{"uv":[4.5,1.0,5.25,1.375],"texture":"#0","tintindex":0},"north":{"uv":[4.5,1.0,5.25,1.375],"texture":"#0","tintindex":0},"west":{"uv":[4.5,1.0,5.25,1.375],"texture":"#0","tintindex":0},"up":{"uv":[3.75,1.75,3.0,1.0],"texture":"#0","tintindex":0},"down":{"uv":[4.5,1.0,3.75,1.75],"texture":"#0","tintindex":0}}},{"from":[0.0,1.0,12.0],"to":[16.0,17.0,12.0],"rotation":{"origin":[8.0,1.0,12.0],"axis":"x","angle":22.5},"faces":{"south":{"uv":[3.0,0.0,4.0,1.0],"texture":"#0","tintindex":0},"north":{"uv":[3.0,0.0,4.0,1.0],"texture":"#0","tintindex":0}}},{"from":[4.0,1.0,0.0],"to":[4.0,17.0,16.0],"rotation":{"origin":[4.0,1.0,8.0],"axis":"z","angle":22.5},"faces":{"east":{"uv":[4.0,0.0,3.0,1.0],"texture":"#0","tintindex":0},"west":{"uv":[4.0,0.0,3.0,1.0],"texture":"#0","tintindex":0}}},{"from":[0.0,1.0,4.0],"to":[16.0,17.0,4.0],"rotation":{"origin":[8.0,1.0,4.0],"axis":"x","angle":-22.5},"faces":{"south":{"uv":[3.0,0.0,4.0,1.0],"texture":"#0","tintindex":0},"north":{"uv":[3.0,0.0,4.0,1.0],"texture":"#0","tintindex":0}}},{"from":[3.0,7.0,3.0],"to":[13.0,15.0,13.0],"faces":{"east":{"uv":[4.25,1.75,4.875,2.25],"texture":"#0","tintindex":0},"south":{"uv":[4.25,1.75,4.875,2.25],"texture":"#0","tintindex":0},"north":{"uv":[4.25,1.75,4.875,2.25],"texture":"#0","tintindex":0},"west":{"uv":[4.25,1.75,4.875,2.25],"texture":"#0","tintindex":0},"up":{"uv":[3.625,2.375,3.0,1.75],"texture":"#0","tintindex":0},"down":{"uv":[4.25,1.75,3.625,2.375],"texture":"#0","tintindex":0}}},{"from":[8.0,1.0,0.0],"to":[8.0,17.0,16.0],"rotation":{"origin":[8.0,1.0,8.0],"axis":"y","angle":45.0},"faces":{"east":{"uv":[4.0,0.0,5.0,1.0],"texture":"#0","tintindex":0},"west":{"uv":[4.0,0.0,5.0,1.0],"texture":"#0","tintindex":0}}}],"textures":{"particle":"#0","0":"modelengine:7b69e47c-82f6-4e27-8d28-917d8ea12c97"}}