{"display":{"head":{},"firstperson_righthand":{},"thirdperson_lefthand":{},"firstperson_lefthand":{},"fixed":{},"ground":{},"thirdperson_righthand":{},"gui":{"rotation":[-150.0,-45.0,180.0]}},"elements":[{"from":[8.0,10.5,12.0],"to":[16.0,18.5,12.0],"faces":{"south":{"uv":[16.0,0.0,0.0,16.0],"texture":"#1","tintindex":0},"north":{"uv":[0.0,0.0,16.0,16.0],"texture":"#1","tintindex":0}}},{"from":[12.0,10.5,8.0],"to":[12.0,18.5,16.0],"faces":{"east":{"uv":[16.0,0.0,0.0,16.0],"texture":"#1","tintindex":0},"west":{"uv":[0.0,0.0,16.0,16.0],"texture":"#1","tintindex":0}}}],"textures":{"particle":"#1","1":"modelengine:a1923174-b6cb-405b-8f98-d1f3d8e0b423"}}