{"display":{"head":{},"firstperson_righthand":{},"thirdperson_lefthand":{},"firstperson_lefthand":{},"fixed":{},"ground":{},"thirdperson_righthand":{},"gui":{"rotation":[-150.0,-45.0,180.0]}},"elements":[{"from":[0.0,7.0,8.0],"to":[16.0,9.0,8.0],"rotation":{"origin":[8.0,7.0,8.0],"axis":"y","angle":-45.0},"faces":{"south":{"uv":[0.0,6.5,8.0,7.5],"texture":"#0","tintindex":0},"north":{"uv":[0.0,6.5,8.0,7.5],"texture":"#0","tintindex":0}}},{"from":[2.0,7.0,14.0],"to":[14.0,9.0,2.0],"faces":{"east":{"uv":[0.0,5.5,6.0,6.5],"texture":"#0","tintindex":0},"south":{"uv":[0.0,5.5,6.0,6.5],"texture":"#0","tintindex":0},"north":{"uv":[0.0,5.5,6.0,6.5],"texture":"#0","tintindex":0},"west":{"uv":[0.0,5.5,6.0,6.5],"texture":"#0","tintindex":0}}},{"from":[2.0,7.0,2.0],"to":[14.0,9.0,14.0],"faces":{"east":{"uv":[0.0,5.5,6.0,6.5],"texture":"#0","tintindex":0},"south":{"uv":[0.0,5.5,6.0,6.5],"texture":"#0","tintindex":0},"north":{"uv":[0.0,5.5,6.0,6.5],"texture":"#0","tintindex":0},"west":{"uv":[0.0,5.5,6.0,6.5],"texture":"#0","tintindex":0}}},{"from":[0.0,6.0,0.0],"to":[16.0,7.0,16.0],"faces":{"east":{"uv":[0.0,0.0,8.0,0.5],"texture":"#0","tintindex":0},"south":{"uv":[0.0,0.0,8.0,0.5],"texture":"#0","tintindex":0},"north":{"uv":[0.0,2.0,8.0,2.5],"texture":"#0","tintindex":0},"west":{"uv":[0.0,0.0,8.0,0.5],"texture":"#0","tintindex":0},"up":{"uv":[16.0,8.0,8.0,0.0],"texture":"#0","tintindex":0},"down":{"uv":[16.0,8.0,8.0,16.0],"texture":"#0","tintindex":0}}},{"from":[8.0,7.0,0.0],"to":[8.0,9.0,16.0],"rotation":{"origin":[8.0,7.0,8.0],"axis":"y","angle":-45.0},"faces":{"east":{"uv":[0.0,6.5,8.0,7.5],"texture":"#0","tintindex":0},"west":{"uv":[0.0,6.5,8.0,7.5],"texture":"#0","tintindex":0}}}],"textures":{"particle":"#0","0":"modelengine:c1bfef0f-c6e0-41fb-8741-c16b92de9ecb"}}