{"display":{"head":{},"firstperson_righthand":{},"thirdperson_lefthand":{},"firstperson_lefthand":{},"fixed":{},"ground":{},"thirdperson_righthand":{},"gui":{"rotation":[-150.0,-45.0,180.0]}},"elements":[{"from":[8.0,7.5,4.0],"to":[8.0,8.5,12.0],"rotation":{"origin":[8.0,7.5,8.0],"axis":"y","angle":-45.0},"faces":{"east":{"uv":[0.0,6.5,8.0,7.5],"texture":"#3","tintindex":0},"west":{"uv":[0.0,6.5,8.0,7.5],"texture":"#3","tintindex":0}}},{"from":[5.0,7.5,11.0],"to":[11.0,8.5,5.0],"faces":{"east":{"uv":[0.0,5.5,6.0,6.5],"texture":"#3","tintindex":0},"south":{"uv":[0.0,5.5,6.0,6.5],"texture":"#3","tintindex":0},"north":{"uv":[0.0,5.5,6.0,6.5],"texture":"#3","tintindex":0},"west":{"uv":[0.0,5.5,6.0,6.5],"texture":"#3","tintindex":0}}},{"from":[5.0,7.5,5.0],"to":[11.0,8.5,11.0],"faces":{"east":{"uv":[0.0,5.5,6.0,6.5],"texture":"#3","tintindex":0},"south":{"uv":[0.0,5.5,6.0,6.5],"texture":"#3","tintindex":0},"north":{"uv":[0.0,5.5,6.0,6.5],"texture":"#3","tintindex":0},"west":{"uv":[0.0,5.5,6.0,6.5],"texture":"#3","tintindex":0}}},{"from":[4.0,7.0,4.0],"to":[12.0,7.5,12.0],"faces":{"east":{"uv":[0.0,0.0,8.0,0.5],"texture":"#3","tintindex":0},"south":{"uv":[0.0,0.0,8.0,0.5],"texture":"#3","tintindex":0},"north":{"uv":[0.0,2.0,8.0,2.5],"texture":"#3","tintindex":0},"west":{"uv":[0.0,0.0,8.0,0.5],"texture":"#3","tintindex":0},"up":{"uv":[16.0,8.0,8.0,0.0],"texture":"#3","tintindex":0},"down":{"uv":[16.0,8.0,8.0,16.0],"texture":"#3","tintindex":0}}},{"from":[4.0,7.5,8.0],"to":[12.0,8.5,8.0],"rotation":{"origin":[8.0,7.5,8.0],"axis":"y","angle":-45.0},"faces":{"south":{"uv":[0.0,6.5,8.0,7.5],"texture":"#3","tintindex":0},"north":{"uv":[0.0,6.5,8.0,7.5],"texture":"#3","tintindex":0}}}],"textures":{"particle":"#3","3":"modelengine:d81116c6-935b-41ae-a542-b3e8fcd70064"}}