{"display":{"head":{},"firstperson_righthand":{},"thirdperson_lefthand":{},"firstperson_lefthand":{},"fixed":{},"ground":{},"thirdperson_righthand":{},"gui":{"rotation":[-150.0,-45.0,180.0]}},"elements":[{"from":[1.125,7.375,1.125],"to":[14.875,10.5,1.125],"faces":{"south":{"uv":[2.75,3.125,5.5,3.75],"texture":"#0","tintindex":0},"north":{"uv":[2.75,2.5,5.5,3.125],"texture":"#0","tintindex":0}}},{"from":[1.125,7.375,1.125],"to":[1.125,10.5,14.875],"faces":{"east":{"uv":[2.75,0.0,5.5,0.625],"texture":"#0","tintindex":0},"west":{"uv":[2.75,0.625,5.5,1.25],"texture":"#0","tintindex":0}}},{"from":[7.375,-7.625,7.375],"to":[8.625,11.125,8.625],"faces":{"east":{"uv":[3.0,5.0,3.25,8.75],"texture":"#0","tintindex":0},"south":{"uv":[3.25,5.0,3.5,8.75],"texture":"#0","tintindex":0},"north":{"uv":[2.75,5.0,3.0,8.75],"texture":"#0","tintindex":0},"west":{"uv":[3.5,5.0,3.75,8.75],"texture":"#0","tintindex":0},"up":{"uv":[4.0,5.25,3.75,5.0],"texture":"#0","tintindex":0},"down":{"uv":[4.25,5.0,4.0,5.25],"texture":"#0","tintindex":0}}},{"from":[1.125,10.5,1.125],"to":[14.875,10.5,14.875],"faces":{"up":{"uv":[2.75,2.75,0.0,0.0],"texture":"#0","tintindex":0},"down":{"uv":[2.75,2.75,0.0,5.5],"texture":"#0","tintindex":0}}},{"from":[14.875,7.375,1.125],"to":[14.875,10.5,14.875],"faces":{"east":{"uv":[2.75,1.25,5.5,1.875],"texture":"#0","tintindex":0},"west":{"uv":[2.75,1.875,5.5,2.5],"texture":"#0","tintindex":0}}},{"from":[1.125,7.375,14.875],"to":[14.875,10.5,14.875],"faces":{"south":{"uv":[2.75,4.375,5.5,5.0],"texture":"#0","tintindex":0},"north":{"uv":[2.75,3.75,5.5,4.375],"texture":"#0","tintindex":0}}}],"textures":{"particle":"#0","0":"modelengine:6abc5bae-bf06-4f43-89c6-67efd3ebfb13"}}