{"display":{"head":{},"firstperson_righthand":{},"thirdperson_lefthand":{},"firstperson_lefthand":{},"fixed":{},"ground":{},"thirdperson_righthand":{},"gui":{"rotation":[-150.0,-45.0,180.0]}},"elements":[{"from":[9.0,8.0,7.0],"to":[7.0,10.0,9.0],"rotation":{"origin":[8.0,9.0,8.0],"axis":"y","angle":-45.0},"faces":{"east":{"uv":[0.75,2.0,0.9375,2.1875],"texture":"#0","tintindex":0},"south":{"uv":[0.75,2.0,0.9375,2.1875],"texture":"#0","tintindex":0},"north":{"uv":[0.75,2.0,0.9375,2.1875],"texture":"#0","tintindex":0},"west":{"uv":[0.75,2.0,0.9375,2.1875],"texture":"#0","tintindex":0}}},{"from":[7.0,8.0,7.0],"to":[9.0,10.0,9.0],"rotation":{"origin":[8.0,9.0,8.0],"axis":"y","angle":-45.0},"faces":{"east":{"uv":[0.75,2.0,0.9375,2.1875],"texture":"#0","tintindex":0},"south":{"uv":[0.75,2.0,0.9375,2.1875],"texture":"#0","tintindex":0},"north":{"uv":[0.75,2.0,0.9375,2.1875],"texture":"#0","tintindex":0},"west":{"uv":[0.75,2.0,0.9375,2.1875],"texture":"#0","tintindex":0}}},{"from":[6.0,5.5,6.0],"to":[10.0,9.0,10.0],"faces":{"east":{"uv":[0.5,2.0,0.75,2.25],"texture":"#0","tintindex":0},"south":{"uv":[0.25,2.25,0.5,2.5],"texture":"#0","tintindex":0},"north":{"uv":[0.75,2.25,0.5,2.5],"texture":"#0","tintindex":0},"west":{"uv":[0.5,2.0,0.25,2.25],"texture":"#0","tintindex":0},"up":{"uv":[0.0,2.0,0.25,2.25],"texture":"#0","tintindex":0},"down":{"uv":[0.0,2.25,0.25,2.5],"texture":"#0","tintindex":0}}}],"textures":{"particle":"#0","0":"modelengine:5a7c809b-47b7-47a7-a6e0-2f9f60898ba9"}}