{"display":{"head":{},"firstperson_righthand":{},"thirdperson_lefthand":{},"firstperson_lefthand":{},"fixed":{},"ground":{},"thirdperson_righthand":{},"gui":{"rotation":[-150.0,-45.0,180.0]}},"elements":[{"from":[3.0,1.0,8.0],"to":[13.0,11.0,8.0],"rotation":{"origin":[8.0,1.0,8.0],"axis":"x","angle":-22.5},"faces":{"south":{"uv":[0.0,2.625,0.625,3.25],"texture":"#0","tintindex":0},"north":{"uv":[0.0,2.625,0.625,3.25],"texture":"#0","tintindex":0}}},{"from":[8.0,1.0,3.0],"to":[8.0,11.0,13.0],"rotation":{"origin":[8.0,1.0,8.0],"axis":"z","angle":-22.5},"faces":{"east":{"uv":[0.0,2.625,0.625,3.25],"texture":"#0","tintindex":0},"west":{"uv":[0.0,2.625,0.625,3.25],"texture":"#0","tintindex":0}}},{"from":[8.0,5.0,3.0],"to":[18.0,5.0,13.0],"rotation":{"origin":[8.0,5.0,8.0],"axis":"z","angle":22.5},"faces":{"up":{"uv":[0.0,3.875,0.625,3.25],"texture":"#0","rotation":270,"tintindex":0},"down":{"uv":[0.625,3.875,0.0,3.25],"texture":"#0","rotation":270,"tintindex":0}}},{"from":[3.0,1.0,8.0],"to":[13.0,12.0,8.0],"faces":{"south":{"uv":[0.625,3.25,1.25,3.9375],"texture":"#0","tintindex":0},"north":{"uv":[1.25,3.25,0.625,3.9375],"texture":"#0","tintindex":0}}},{"from":[3.0,5.0,-2.0],"to":[13.0,5.0,8.0],"rotation":{"origin":[8.0,5.0,8.0],"axis":"x","angle":22.5},"faces":{"up":{"uv":[0.0,3.25,0.625,3.875],"texture":"#0","tintindex":0},"down":{"uv":[0.625,3.25,0.0,3.875],"texture":"#0","rotation":180,"tintindex":0}}},{"from":[-2.0,7.0,3.0],"to":[8.0,7.0,13.0],"rotation":{"origin":[8.0,7.0,8.0],"axis":"z","angle":45.0},"faces":{"up":{"uv":[0.0,2.0,0.625,2.625],"texture":"#0","rotation":270,"tintindex":0},"down":{"uv":[0.625,2.0,0.0,2.625],"texture":"#0","rotation":270,"tintindex":0}}},{"from":[8.0,1.0,3.0],"to":[8.0,12.0,13.0],"rotation":{"origin":[8.0,2.0,8.0],"axis":"y","angle":45.0},"faces":{"east":{"uv":[1.25,3.25,0.625,3.9375],"texture":"#0","tintindex":0},"west":{"uv":[0.625,3.25,1.25,3.9375],"texture":"#0","tintindex":0}}},{"from":[8.0,1.0,3.0],"to":[8.0,12.0,13.0],"faces":{"east":{"uv":[1.25,3.25,0.625,3.9375],"texture":"#0","tintindex":0},"west":{"uv":[0.625,3.25,1.25,3.9375],"texture":"#0","tintindex":0}}},{"from":[8.0,7.0,3.0],"to":[18.0,7.0,13.0],"rotation":{"origin":[8.0,7.0,8.0],"axis":"z","angle":-45.0},"faces":{"up":{"uv":[0.0,2.625,0.625,2.0],"texture":"#0","rotation":270,"tintindex":0},"down":{"uv":[0.625,2.625,0.0,2.0],"texture":"#0","rotation":270,"tintindex":0}}},{"from":[8.0,1.0,3.0],"to":[8.0,11.0,13.0],"rotation":{"origin":[8.0,1.0,8.0],"axis":"z","angle":22.5},"faces":{"east":{"uv":[0.625,2.625,0.0,3.25],"texture":"#0","tintindex":0},"west":{"uv":[0.625,2.625,0.0,3.25],"texture":"#0","tintindex":0}}},{"from":[3.0,7.0,8.0],"to":[13.0,7.0,18.0],"rotation":{"origin":[8.0,7.0,8.0],"axis":"x","angle":45.0},"faces":{"up":{"uv":[0.0,2.0,0.625,2.625],"texture":"#0","rotation":180,"tintindex":0},"down":{"uv":[0.625,2.0,0.0,2.625],"texture":"#0","tintindex":0}}},{"from":[3.0,5.0,8.0],"to":[13.0,5.0,18.0],"rotation":{"origin":[8.0,5.0,8.0],"axis":"x","angle":-22.5},"faces":{"up":{"uv":[0.625,3.875,0.0,3.25],"texture":"#0","tintindex":0},"down":{"uv":[0.0,3.875,0.625,3.25],"texture":"#0","rotation":180,"tintindex":0}}},{"from":[-2.0,5.0,3.0],"to":[8.0,5.0,13.0],"rotation":{"origin":[8.0,5.0,8.0],"axis":"z","angle":-22.5},"faces":{"up":{"uv":[0.0,3.25,0.625,3.875],"texture":"#0","rotation":270,"tintindex":0},"down":{"uv":[0.625,3.25,0.0,3.875],"texture":"#0","rotation":270,"tintindex":0}}},{"from":[8.0,1.0,3.0],"to":[8.0,12.0,13.0],"rotation":{"origin":[8.0,2.0,8.0],"axis":"y","angle":-45.0},"faces":{"east":{"uv":[0.625,3.25,1.25,3.9375],"texture":"#0","tintindex":0},"west":{"uv":[1.25,3.25,0.625,3.9375],"texture":"#0","tintindex":0}}},{"from":[3.0,7.0,-2.0],"to":[13.0,7.0,8.0],"rotation":{"origin":[8.0,7.0,8.0],"axis":"x","angle":-45.0},"faces":{"up":{"uv":[0.0,2.625,0.625,2.0],"texture":"#0","rotation":180,"tintindex":0},"down":{"uv":[0.625,2.625,0.0,2.0],"texture":"#0","tintindex":0}}},{"from":[3.0,1.0,8.0],"to":[13.0,11.0,8.0],"rotation":{"origin":[8.0,1.0,8.0],"axis":"x","angle":22.5},"faces":{"south":{"uv":[0.0,2.625,0.625,3.25],"texture":"#0","tintindex":0},"north":{"uv":[0.0,2.625,0.625,3.25],"texture":"#0","tintindex":0}}}],"textures":{"particle":"#0","0":"modelengine:7b00d011-b16d-465a-b95b-8cb21577adbd"}}