{"display":{"head":{},"firstperson_righthand":{},"thirdperson_lefthand":{},"firstperson_lefthand":{},"fixed":{},"ground":{},"thirdperson_righthand":{},"gui":{"rotation":[-150.0,-45.0,180.0]}},"elements":[{"from":[16.0,15.0,13.0],"to":[16.0,17.0,19.5],"faces":{"east":{"uv":[0.0,7.0,3.5,8.0],"texture":"#0","tintindex":0},"west":{"uv":[7.0,0.0,10.5,1.0],"texture":"#0","tintindex":0}}},{"from":[12.75,11.0,13.0],"to":[19.25,15.0,19.5],"faces":{"east":{"uv":[3.5,2.0,7.0,4.0],"texture":"#0","tintindex":0},"south":{"uv":[3.5,4.0,7.0,6.0],"texture":"#0","tintindex":0},"north":{"uv":[3.5,0.0,7.0,2.0],"texture":"#0","tintindex":0},"west":{"uv":[3.5,6.0,7.0,8.0],"texture":"#0","tintindex":0},"up":{"uv":[3.5,3.5,0.0,0.0],"texture":"#0","tintindex":0},"down":{"uv":[3.5,3.5,0.0,7.0],"texture":"#0","tintindex":0}}},{"from":[14.25,11.5,10.5],"to":[17.75,13.5,13.0],"faces":{"east":{"uv":[7.0,6.0,8.5,7.0],"texture":"#0","tintindex":0},"south":{"uv":[7.0,5.0,9.0,6.0],"texture":"#0","tintindex":0},"north":{"uv":[7.0,4.0,9.0,5.0],"texture":"#0","tintindex":0},"west":{"uv":[7.0,7.0,8.5,8.0],"texture":"#0","tintindex":0},"up":{"uv":[9.0,2.5,7.0,1.0],"texture":"#0","tintindex":0},"down":{"uv":[9.0,2.5,7.0,4.0],"texture":"#0","tintindex":0}}}],"textures":{"particle":"#0","0":"modelengine:0b9bfeeb-4d18-46cb-87cb-b10be48e2437"}}