{"display":{"head":{},"firstperson_righthand":{},"thirdperson_lefthand":{},"firstperson_lefthand":{},"fixed":{},"ground":{},"thirdperson_righthand":{},"gui":{"rotation":[-150.0,-45.0,180.0]}},"elements":[{"from":[5.0,8.0,4.0],"to":[14.0,17.0,13.0],"faces":{"east":{"uv":[0.0,4.5,4.5,9.0],"texture":"#0","tintindex":0},"south":{"uv":[4.5,0.0,9.0,4.5],"texture":"#0","tintindex":0},"north":{"uv":[0.0,0.0,4.5,4.5],"texture":"#0","tintindex":0},"west":{"uv":[4.5,4.5,9.0,9.0],"texture":"#0","tintindex":0},"up":{"uv":[4.5,13.5,0.0,9.0],"texture":"#0","tintindex":0},"down":{"uv":[13.5,0.0,9.0,4.5],"texture":"#0","tintindex":0}}}],"textures":{"particle":"#0","0":"modelengine:259fe6b5-167a-4740-a3f2-0886d708bfd3"}}