{"display":{"head":{},"firstperson_righthand":{},"thirdperson_lefthand":{},"firstperson_lefthand":{},"fixed":{},"ground":{},"thirdperson_righthand":{},"gui":{"rotation":[-150.0,-45.0,180.0]}},"elements":[{"from":[3.509985,2.0294552,-0.9999504],"to":[12.479984,3.524455,3.8588],"rotation":{"origin":[7.994985,-0.21304512,4.718425],"axis":"x","angle":22.5},"faces":{"east":{"uv":[6.5,12.75,8.25,13.25],"texture":"#0","tintindex":0},"south":{"uv":[11.5,7.25,14.5,7.75],"texture":"#0","tintindex":0},"north":{"uv":[11.5,6.75,14.5,7.25],"texture":"#0","tintindex":0},"west":{"uv":[8.25,12.75,10.0,13.25],"texture":"#0","tintindex":0},"up":{"uv":[9.5,7.75,6.5,6.0],"texture":"#0","tintindex":0},"down":{"uv":[9.5,7.75,6.5,9.5],"texture":"#0","tintindex":0}}},{"from":[10.611235,9.835415,8.086295],"to":[12.479984,10.39604,8.64692],"rotation":{"origin":[11.732485,10.022289,8.27317],"axis":"y","angle":-22.5},"faces":{"east":{"uv":[9.75,14.0,10.0,14.25],"texture":"#0","tintindex":0},"south":{"uv":[8.0,13.75,8.75,14.0],"texture":"#0","tintindex":0},"north":{"uv":[3.25,13.0,4.0,13.25],"texture":"#0","tintindex":0},"west":{"uv":[10.0,14.0,10.25,14.25],"texture":"#0","tintindex":0},"up":{"uv":[9.5,14.0,8.75,13.75],"texture":"#0","tintindex":0},"down":{"uv":[10.25,13.75,9.5,14.0],"texture":"#0","tintindex":0}}},{"from":[5.004985,0.5344553,4.9053],"to":[10.984985,2.21633,20.415924],"faces":{"east":{"uv":[10.25,5.0,15.5,5.5],"texture":"#0","tintindex":0},"south":{"uv":[2.0,12.0,4.0,12.5],"texture":"#0","tintindex":0},"north":{"uv":[0.0,12.0,2.0,12.5],"texture":"#0","tintindex":0},"west":{"uv":[10.25,5.5,15.5,6.0],"texture":"#0","tintindex":0},"up":{"uv":[2.0,11.0,0.0,5.75],"texture":"#0","tintindex":0},"down":{"uv":[4.0,5.75,2.0,11.0],"texture":"#0","tintindex":0}}},{"from":[5.004985,5.019455,-1.0747004],"to":[10.984985,6.514455,7.8953],"rotation":{"origin":[7.994985,4.271955,0.046549797],"axis":"x","angle":-22.5},"faces":{"east":{"uv":[11.5,7.75,14.5,8.25],"texture":"#0","tintindex":0},"south":{"uv":[2.0,12.5,4.0,13.0],"texture":"#0","tintindex":0},"north":{"uv":[0.0,12.5,2.0,13.0],"texture":"#0","tintindex":0},"west":{"uv":[11.5,8.25,14.5,8.75],"texture":"#0","tintindex":0},"up":{"uv":[8.0,3.0,6.0,0.0],"texture":"#0","tintindex":0},"down":{"uv":[8.5,3.0,6.5,6.0],"texture":"#0","tintindex":0}}},{"from":[12.479984,2.96383,14.435925],"to":[13.227486,3.7113304,21.910925],"faces":{"east":{"uv":[13.25,10.25,15.75,10.5],"texture":"#0","tintindex":0},"south":{"uv":[9.0,14.0,9.25,14.25],"texture":"#0","tintindex":0},"north":{"uv":[8.75,14.0,9.0,14.25],"texture":"#0","tintindex":0},"west":{"uv":[13.25,10.5,15.75,10.75],"texture":"#0","tintindex":0},"up":{"uv":[13.0,15.75,12.75,13.25],"texture":"#0","tintindex":0},"down":{"uv":[13.25,13.25,13.0,15.75],"texture":"#0","tintindex":0}}},{"from":[5.453485,5.8790803,17.7623],"to":[10.536485,7.37408,20.7523],"rotation":{"origin":[7.994985,7.785205,18.5098],"axis":"x","angle":-22.5},"faces":{"east":{"uv":[0.75,13.5,1.75,14.0],"texture":"#0","tintindex":0},"south":{"uv":[11.75,12.75,13.5,13.25],"texture":"#0","tintindex":0},"north":{"uv":[10.0,12.75,11.75,13.25],"texture":"#0","tintindex":0},"west":{"uv":[1.75,13.5,2.75,14.0],"texture":"#0","tintindex":0},"up":{"uv":[1.75,12.0,0.0,11.0],"texture":"#0","tintindex":0},"down":{"uv":[3.5,11.0,1.75,12.0],"texture":"#0","tintindex":0}}},{"from":[7.43436,8.794331,6.9983],"to":[8.555611,9.915581,8.11955],"rotation":{"origin":[7.994985,9.354956,6.437675],"axis":"x","angle":22.5},"faces":{"east":{"uv":[3.5,13.5,4.0,14.0],"texture":"#0","tintindex":0},"south":{"uv":[4.0,13.5,4.5,14.0],"texture":"#0","tintindex":0},"north":{"uv":[6.0,12.0,6.5,12.5],"texture":"#0","tintindex":0},"west":{"uv":[12.25,13.5,12.75,14.0],"texture":"#0","tintindex":0},"up":{"uv":[14.0,13.25,13.5,12.75],"texture":"#0","tintindex":0},"down":{"uv":[5.0,13.75,4.5,14.25],"texture":"#0","tintindex":0}}},{"from":[5.004985,0.5344553,-1.3363247],"to":[10.984985,2.21633,4.6063],"rotation":{"origin":[7.994985,-0.21304512,4.718425],"axis":"x","angle":22.5},"faces":{"east":{"uv":[7.75,12.25,9.75,12.75],"texture":"#0","tintindex":0},"south":{"uv":[9.75,12.25,11.75,12.75],"texture":"#0","tintindex":0},"north":{"uv":[4.0,12.0,6.0,12.5],"texture":"#0","tintindex":0},"west":{"uv":[11.75,12.25,13.75,12.75],"texture":"#0","tintindex":0},"up":{"uv":[11.5,8.75,9.5,6.75],"texture":"#0","tintindex":0},"down":{"uv":[11.75,0.0,9.75,2.0],"texture":"#0","tintindex":0}}},{"from":[5.453485,5.766955,9.539801],"to":[10.536485,7.2619553,18.584549],"faces":{"east":{"uv":[11.75,1.0,14.75,1.5],"texture":"#0","tintindex":0},"south":{"uv":[12.75,9.75,14.5,10.25],"texture":"#0","tintindex":0},"north":{"uv":[12.75,9.25,14.5,9.75],"texture":"#0","tintindex":0},"west":{"uv":[11.75,1.5,14.75,2.0],"texture":"#0","tintindex":0},"up":{"uv":[9.75,3.0,8.0,0.0],"texture":"#0","tintindex":0},"down":{"uv":[10.25,3.0,8.5,6.0],"texture":"#0","tintindex":0}}},{"from":[5.19186,10.102455,6.9983],"to":[5.9393597,11.223705,8.11955],"rotation":{"origin":[7.994985,9.354956,6.437675],"axis":"x","angle":22.5},"faces":{"east":{"uv":[6.0,13.75,6.5,14.25],"texture":"#0","tintindex":0},"south":{"uv":[3.5,14.0,3.75,14.5],"texture":"#0","tintindex":0},"north":{"uv":[3.25,14.0,3.5,14.5],"texture":"#0","tintindex":0},"west":{"uv":[6.5,13.75,7.0,14.25],"texture":"#0","tintindex":0},"up":{"uv":[4.0,14.5,3.75,14.0],"texture":"#0","tintindex":0},"down":{"uv":[4.25,14.0,4.0,14.5],"texture":"#0","tintindex":0}}},{"from":[2.762485,2.96383,14.435925],"to":[3.509985,3.7113304,21.910925],"faces":{"east":{"uv":[7.75,13.25,10.25,13.5],"texture":"#0","tintindex":0},"south":{"uv":[4.5,13.5,4.75,13.75],"texture":"#0","tintindex":0},"north":{"uv":[12.5,9.25,12.75,9.5],"texture":"#0","tintindex":0},"west":{"uv":[10.25,13.25,12.75,13.5],"texture":"#0","tintindex":0},"up":{"uv":[6.25,5.5,6.0,3.0],"texture":"#0","tintindex":0},"down":{"uv":[6.5,3.0,6.25,5.5],"texture":"#0","tintindex":0}}},{"from":[7.06061,9.915581,6.811425],"to":[8.929359,11.41058,8.306425],"rotation":{"origin":[7.994985,9.354956,6.437675],"axis":"x","angle":22.5},"faces":{"east":{"uv":[5.0,13.75,5.5,14.25],"texture":"#0","tintindex":0},"south":{"uv":[13.5,2.5,14.25,3.0],"texture":"#0","tintindex":0},"north":{"uv":[13.5,2.0,14.25,2.5],"texture":"#0","tintindex":0},"west":{"uv":[5.5,13.75,6.0,14.25],"texture":"#0","tintindex":0},"up":{"uv":[3.5,14.0,2.75,13.5],"texture":"#0","tintindex":0},"down":{"uv":[14.25,3.0,13.5,3.5],"texture":"#0","tintindex":0}}},{"from":[5.41611,7.2245803,6.437675],"to":[10.57386,8.794331,10.698425],"rotation":{"origin":[7.994985,9.354956,6.437675],"axis":"x","angle":22.5},"faces":{"east":{"uv":[4.75,13.25,6.25,13.75],"texture":"#0","tintindex":0},"south":{"uv":[0.0,13.0,1.75,13.5],"texture":"#0","tintindex":0},"north":{"uv":[12.75,11.75,14.5,12.25],"texture":"#0","tintindex":0},"west":{"uv":[6.25,13.25,7.75,13.75],"texture":"#0","tintindex":0},"up":{"uv":[9.5,11.75,7.75,10.25],"texture":"#0","tintindex":0},"down":{"uv":[11.25,10.25,9.5,11.75],"texture":"#0","tintindex":0}}},{"from":[3.509985,3.93371,0.10617542],"to":[5.19186,5.42871,0.8536749],"rotation":{"origin":[3.509985,4.58777,0.10617542],"axis":"y","angle":22.5},"faces":{"east":{"uv":[0.75,14.0,1.0,14.5],"texture":"#0","tintindex":0},"south":{"uv":[9.75,2.5,10.25,3.0],"texture":"#0","tintindex":0},"north":{"uv":[9.75,2.0,10.25,2.5],"texture":"#0","tintindex":0},"west":{"uv":[1.0,14.0,1.25,14.5],"texture":"#0","tintindex":0},"up":{"uv":[6.5,5.75,6.0,5.5],"texture":"#0","tintindex":0},"down":{"uv":[1.75,14.0,1.25,14.25],"texture":"#0","tintindex":0}}},{"from":[6.01411,5.9538302,2.1021752],"to":[9.975861,7.44883,9.577175],"faces":{"east":{"uv":[7.75,11.75,10.25,12.25],"texture":"#0","tintindex":0},"south":{"uv":[13.25,11.25,14.5,11.75],"texture":"#0","tintindex":0},"north":{"uv":[13.25,10.75,14.5,11.25],"texture":"#0","tintindex":0},"west":{"uv":[10.25,11.75,12.75,12.25],"texture":"#0","tintindex":0},"up":{"uv":[11.5,4.5,10.25,2.0],"texture":"#0","tintindex":0},"down":{"uv":[7.75,10.25,6.5,12.75],"texture":"#0","tintindex":0}}},{"from":[3.509985,3.93371,0.10617542],"to":[12.479984,5.42871,0.8536749],"faces":{"east":{"uv":[11.75,13.75,12.0,14.25],"texture":"#0","tintindex":0},"south":{"uv":[11.75,0.5,14.75,1.0],"texture":"#0","tintindex":0},"north":{"uv":[11.75,0.0,14.75,0.5],"texture":"#0","tintindex":0},"west":{"uv":[12.0,13.75,12.25,14.25],"texture":"#0","tintindex":0},"up":{"uv":[12.5,9.5,9.5,9.25],"texture":"#0","tintindex":0},"down":{"uv":[4.75,13.25,1.75,13.5],"texture":"#0","tintindex":0}}},{"from":[10.05061,10.102455,6.9983],"to":[10.79811,11.223705,8.11955],"rotation":{"origin":[12.853735,9.354956,6.437675],"axis":"x","angle":22.5},"faces":{"east":{"uv":[7.0,13.75,7.5,14.25],"texture":"#0","tintindex":0},"south":{"uv":[8.0,14.0,8.25,14.5],"texture":"#0","tintindex":0},"north":{"uv":[4.25,14.0,4.5,14.5],"texture":"#0","tintindex":0},"west":{"uv":[7.5,13.75,8.0,14.25],"texture":"#0","tintindex":0},"up":{"uv":[8.5,14.5,8.25,14.0],"texture":"#0","tintindex":0},"down":{"uv":[8.75,14.0,8.5,14.5],"texture":"#0","tintindex":0}}},{"from":[10.79811,3.93371,0.10617542],"to":[12.479984,5.42871,0.8536749],"rotation":{"origin":[12.479984,4.58777,0.10617542],"axis":"y","angle":-22.5},"faces":{"east":{"uv":[1.75,14.0,2.0,14.5],"texture":"#0","tintindex":0},"south":{"uv":[3.5,11.5,4.0,12.0],"texture":"#0","tintindex":0},"north":{"uv":[3.5,11.0,4.0,11.5],"texture":"#0","tintindex":0},"west":{"uv":[2.0,14.0,2.25,14.5],"texture":"#0","tintindex":0},"up":{"uv":[2.75,14.25,2.25,14.0],"texture":"#0","tintindex":0},"down":{"uv":[3.25,14.0,2.75,14.25],"texture":"#0","tintindex":0}}},{"from":[5.004985,3.1507053,-1.0747004],"to":[10.984985,5.019455,1.1678],"rotation":{"origin":[7.994985,4.271955,0.046549797],"axis":"x","angle":-22.5},"faces":{"east":{"uv":[13.25,13.25,14.0,14.0],"texture":"#0","tintindex":0},"south":{"uv":[11.25,11.0,13.25,11.75],"texture":"#0","tintindex":0},"north":{"uv":[11.25,10.25,13.25,11.0],"texture":"#0","tintindex":0},"west":{"uv":[0.0,13.5,0.75,14.25],"texture":"#0","tintindex":0},"up":{"uv":[13.5,2.75,11.5,2.0],"texture":"#0","tintindex":0},"down":{"uv":[13.5,2.75,11.5,3.5],"texture":"#0","tintindex":0}}},{"from":[3.509985,2.21633,4.718425],"to":[12.479984,3.7113304,21.910925],"faces":{"east":{"uv":[9.5,8.75,15.25,9.25],"texture":"#0","tintindex":0},"south":{"uv":[11.5,4.0,14.5,4.5],"texture":"#0","tintindex":0},"north":{"uv":[11.5,3.5,14.5,4.0],"texture":"#0","tintindex":0},"west":{"uv":[10.25,4.5,16.0,5.0],"texture":"#0","tintindex":0},"up":{"uv":[3.0,5.75,0.0,0.0],"texture":"#0","tintindex":0},"down":{"uv":[6.0,0.0,3.0,5.75],"texture":"#0","tintindex":0}}},{"from":[3.6968598,9.872789,8.04892],"to":[5.56561,10.433414,8.609545],"rotation":{"origin":[4.44436,9.872789,8.42267],"axis":"y","angle":22.5},"faces":{"east":{"uv":[10.25,14.0,10.5,14.25],"texture":"#0","tintindex":0},"south":{"uv":[11.0,13.75,11.75,14.0],"texture":"#0","tintindex":0},"north":{"uv":[10.25,13.75,11.0,14.0],"texture":"#0","tintindex":0},"west":{"uv":[10.5,14.0,10.75,14.25],"texture":"#0","tintindex":0},"up":{"uv":[14.5,12.5,13.75,12.25],"texture":"#0","tintindex":0},"down":{"uv":[14.5,12.5,13.75,12.75],"texture":"#0","tintindex":0}}},{"from":[5.9393597,10.28933,7.185175],"to":[10.05061,11.036831,7.932675],"rotation":{"origin":[7.994985,9.354956,6.437675],"axis":"x","angle":22.5},"faces":{"east":{"uv":[9.25,14.0,9.5,14.25],"texture":"#0","tintindex":0},"south":{"uv":[7.75,13.5,9.25,13.75],"texture":"#0","tintindex":0},"north":{"uv":[1.75,13.0,3.25,13.25],"texture":"#0","tintindex":0},"west":{"uv":[9.5,14.0,9.75,14.25],"texture":"#0","tintindex":0},"up":{"uv":[10.75,13.75,9.25,13.5],"texture":"#0","tintindex":0},"down":{"uv":[12.25,13.5,10.75,13.75],"texture":"#0","tintindex":0}}},{"from":[6.01411,3.524455,0.23342514],"to":[9.975861,5.9538302,18.920925],"faces":{"east":{"uv":[9.5,6.0,15.75,6.75],"texture":"#0","tintindex":0},"south":{"uv":[5.25,12.5,6.5,13.25],"texture":"#0","tintindex":0},"north":{"uv":[4.0,12.5,5.25,13.25],"texture":"#0","tintindex":0},"west":{"uv":[6.5,9.5,12.75,10.25],"texture":"#0","tintindex":0},"up":{"uv":[5.25,12.0,4.0,5.75],"texture":"#0","tintindex":0},"down":{"uv":[6.5,5.75,5.25,12.0],"texture":"#0","tintindex":0}}}],"textures":{"particle":"#0","0":"modelengine:e1ffe6b9-1229-4bd1-a6bc-3670342d2c55"}}