{"display":{"head":{},"firstperson_righthand":{},"thirdperson_lefthand":{},"firstperson_lefthand":{},"fixed":{},"ground":{},"thirdperson_righthand":{},"gui":{"rotation":[-150.0,-45.0,180.0]}},"elements":[{"from":[0.5,10.25,10.5],"to":[9.5,19.25,19.5],"rotation":{"origin":[5.0,14.75,15.0],"axis":"x","angle":22.5},"faces":{"east":{"uv":[0.0,2.25,2.25,4.5],"texture":"#0","tintindex":0},"south":{"uv":[2.25,0.0,4.5,2.25],"texture":"#0","tintindex":0},"north":{"uv":[0.0,0.0,2.25,2.25],"texture":"#0","tintindex":0},"west":{"uv":[2.25,2.25,4.5,4.5],"texture":"#0","tintindex":0},"up":{"uv":[2.25,6.75,0.0,4.5],"texture":"#0","tintindex":0},"down":{"uv":[6.75,0.0,4.5,2.25],"texture":"#0","tintindex":0}}},{"from":[-2.5,7.0,15.0],"to":[-0.5,9.0,21.0],"rotation":{"origin":[-1.5,8.0,20.0],"axis":"y","angle":-45.0},"faces":{"east":{"uv":[6.0,8.0,7.5,8.5],"texture":"#0","tintindex":0},"south":{"uv":[9.0,8.0,9.5,8.5],"texture":"#0","tintindex":0},"north":{"uv":[7.5,9.0,8.0,9.5],"texture":"#0","tintindex":0},"west":{"uv":[8.0,7.5,9.5,8.0],"texture":"#0","tintindex":0},"up":{"uv":[2.5,9.25,2.0,7.75],"texture":"#0","tintindex":0},"down":{"uv":[8.5,8.0,8.0,9.5],"texture":"#0","tintindex":0}}},{"from":[-3.8999996,6.75,11.0],"to":[2.1,8.75,13.0],"rotation":{"origin":[-0.39999962,7.75,12.0],"axis":"z","angle":22.5},"faces":{"east":{"uv":[9.0,1.0,9.5,1.5],"texture":"#0","tintindex":0},"south":{"uv":[0.5,7.75,2.0,8.25],"texture":"#0","tintindex":0},"north":{"uv":[7.5,6.0,9.0,6.5],"texture":"#0","tintindex":0},"west":{"uv":[9.0,1.5,9.5,2.0],"texture":"#0","tintindex":0},"up":{"uv":[9.5,3.5,8.0,3.0],"texture":"#0","tintindex":0},"down":{"uv":[4.75,8.0,3.25,8.5],"texture":"#0","tintindex":0}}},{"from":[0.0,8.25,10.0],"to":[3.5,12.25,12.0],"rotation":{"origin":[5.0,14.75,15.0],"axis":"x","angle":22.5},"faces":{"east":{"uv":[8.5,8.0,9.0,9.0],"texture":"#0","tintindex":0},"south":{"uv":[6.25,2.25,7.25,3.25],"texture":"#0","tintindex":0},"north":{"uv":[2.25,6.25,3.25,7.25],"texture":"#0","tintindex":0},"west":{"uv":[0.5,8.75,1.0,9.75],"texture":"#0","tintindex":0},"up":{"uv":[5.5,4.5,4.5,4.0],"texture":"#0","tintindex":0},"down":{"uv":[2.0,6.75,1.0,7.25],"texture":"#0","tintindex":0}}},{"from":[6.5,8.25,10.0],"to":[10.0,12.25,12.0],"rotation":{"origin":[5.0,14.75,15.0],"axis":"x","angle":22.5},"faces":{"east":{"uv":[1.0,8.75,1.5,9.75],"texture":"#0","tintindex":0},"south":{"uv":[0.0,6.75,1.0,7.75],"texture":"#0","tintindex":0},"north":{"uv":[5.75,6.5,6.75,7.5],"texture":"#0","tintindex":0},"west":{"uv":[1.5,8.75,2.0,9.75],"texture":"#0","tintindex":0},"up":{"uv":[9.5,7.5,8.5,7.0],"texture":"#0","tintindex":0},"down":{"uv":[10.0,0.5,9.0,1.0],"texture":"#0","tintindex":0}}},{"from":[5.5,8.25,23.5],"to":[7.5,9.25,23.5],"rotation":{"origin":[6.5,7.25,19.5],"axis":"x","angle":22.5},"faces":{"south":{"uv":[9.5,2.25,10.0,2.5],"texture":"#0","tintindex":0},"north":{"uv":[9.5,2.0,10.0,2.25],"texture":"#0","tintindex":0}}},{"from":[7.75,6.75,11.0],"to":[13.75,8.75,13.0],"rotation":{"origin":[10.75,7.75,12.0],"axis":"z","angle":-22.5},"faces":{"east":{"uv":[9.0,2.5,9.5,3.0],"texture":"#0","tintindex":0},"south":{"uv":[8.0,4.0,9.5,4.5],"texture":"#0","tintindex":0},"north":{"uv":[8.0,3.5,9.5,4.0],"texture":"#0","tintindex":0},"west":{"uv":[9.0,5.5,9.5,6.0],"texture":"#0","tintindex":0},"up":{"uv":[9.5,5.0,8.0,4.5],"texture":"#0","tintindex":0},"down":{"uv":[9.5,5.0,8.0,5.5],"texture":"#0","tintindex":0}}},{"from":[13.75,8.75,11.0],"to":[13.75,9.75,13.0],"rotation":{"origin":[10.75,7.75,12.0],"axis":"z","angle":-22.5},"faces":{"east":{"uv":[7.25,3.0,7.75,3.25],"texture":"#0","tintindex":0},"west":{"uv":[5.25,9.25,5.75,9.5],"texture":"#0","tintindex":0}}},{"from":[2.5,6.25,16.5],"to":[4.5,8.25,23.5],"rotation":{"origin":[3.5,7.25,19.5],"axis":"x","angle":22.5},"faces":{"east":{"uv":[1.0,7.25,2.75,7.75],"texture":"#0","tintindex":0},"south":{"uv":[7.0,9.0,7.5,9.5],"texture":"#0","tintindex":0},"north":{"uv":[6.5,9.0,7.0,9.5],"texture":"#0","tintindex":0},"west":{"uv":[7.25,2.0,9.0,2.5],"texture":"#0","tintindex":0},"up":{"uv":[5.5,8.75,5.0,7.0],"texture":"#0","tintindex":0},"down":{"uv":[3.25,7.25,2.75,9.0],"texture":"#0","tintindex":0}}},{"from":[5.5,6.25,16.5],"to":[7.5,8.25,23.5],"rotation":{"origin":[6.5,7.25,19.5],"axis":"x","angle":22.5},"faces":{"east":{"uv":[7.25,2.5,9.0,3.0],"texture":"#0","tintindex":0},"south":{"uv":[9.0,8.5,9.5,9.0],"texture":"#0","tintindex":0},"north":{"uv":[8.5,9.0,9.0,9.5],"texture":"#0","tintindex":0},"west":{"uv":[3.25,7.5,5.0,8.0],"texture":"#0","tintindex":0},"up":{"uv":[8.0,5.5,7.5,3.75],"texture":"#0","tintindex":0},"down":{"uv":[6.0,7.5,5.5,9.25],"texture":"#0","tintindex":0}}},{"from":[7.0,7.0,5.0],"to":[9.0,9.0,11.0],"rotation":{"origin":[8.0,8.0,7.0],"axis":"y","angle":-22.5},"faces":{"east":{"uv":[6.0,8.5,7.5,9.0],"texture":"#0","tintindex":0},"south":{"uv":[4.75,9.25,5.25,9.75],"texture":"#0","tintindex":0},"north":{"uv":[2.0,9.25,2.5,9.75],"texture":"#0","tintindex":0},"west":{"uv":[8.5,6.5,10.0,7.0],"texture":"#0","tintindex":0},"up":{"uv":[4.25,10.0,3.75,8.5],"texture":"#0","tintindex":0},"down":{"uv":[4.75,8.5,4.25,10.0],"texture":"#0","tintindex":0}}},{"from":[1.0,7.0,5.0],"to":[3.0,9.0,11.0],"rotation":{"origin":[2.0,8.0,7.0],"axis":"y","angle":22.5},"faces":{"east":{"uv":[7.5,5.5,9.0,6.0],"texture":"#0","tintindex":0},"south":{"uv":[4.75,8.75,5.25,9.25],"texture":"#0","tintindex":0},"north":{"uv":[3.25,6.25,3.75,6.75],"texture":"#0","tintindex":0},"west":{"uv":[6.0,7.5,7.5,8.0],"texture":"#0","tintindex":0},"up":{"uv":[8.0,9.0,7.5,7.5],"texture":"#0","tintindex":0},"down":{"uv":[0.5,7.75,0.0,9.25],"texture":"#0","tintindex":0}}},{"from":[14.75,8.75,14.0],"to":[14.75,9.75,16.0],"rotation":{"origin":[10.75,7.75,15.0],"axis":"z","angle":-22.5},"faces":{"east":{"uv":[9.5,1.0,10.0,1.25],"texture":"#0","tintindex":0},"west":{"uv":[9.5,1.25,10.0,1.5],"texture":"#0","tintindex":0}}},{"from":[7.75,6.75,14.0],"to":[14.75,8.75,16.0],"rotation":{"origin":[10.75,7.75,15.0],"axis":"z","angle":-22.5},"faces":{"east":{"uv":[6.0,9.0,6.5,9.5],"texture":"#0","tintindex":0},"south":{"uv":[6.75,6.5,8.5,7.0],"texture":"#0","tintindex":0},"north":{"uv":[6.75,1.5,8.5,2.0],"texture":"#0","tintindex":0},"west":{"uv":[9.0,6.0,9.5,6.5],"texture":"#0","tintindex":0},"up":{"uv":[5.0,7.5,3.25,7.0],"texture":"#0","tintindex":0},"down":{"uv":[8.5,7.0,6.75,7.5],"texture":"#0","tintindex":0}}},{"from":[1.5,7.0,10.0],"to":[8.5,12.0,17.0],"faces":{"east":{"uv":[4.0,5.75,5.75,7.0],"texture":"#0","tintindex":0},"south":{"uv":[5.75,4.0,7.5,5.25],"texture":"#0","tintindex":0},"north":{"uv":[4.0,4.5,5.75,5.75],"texture":"#0","tintindex":0},"west":{"uv":[5.75,5.25,7.5,6.5],"texture":"#0","tintindex":0},"up":{"uv":[4.0,6.25,2.25,4.5],"texture":"#0","tintindex":0},"down":{"uv":[6.25,2.25,4.5,4.0],"texture":"#0","tintindex":0}}},{"from":[10.5,7.0,15.0],"to":[12.5,9.0,21.0],"rotation":{"origin":[11.5,8.0,20.0],"axis":"y","angle":45.0},"faces":{"east":{"uv":[0.5,8.25,2.0,8.75],"texture":"#0","tintindex":0},"south":{"uv":[0.0,9.25,0.5,9.75],"texture":"#0","tintindex":0},"north":{"uv":[9.0,9.0,9.5,9.5],"texture":"#0","tintindex":0},"west":{"uv":[8.5,0.0,10.0,0.5],"texture":"#0","tintindex":0},"up":{"uv":[9.0,2.0,8.5,0.5],"texture":"#0","tintindex":0},"down":{"uv":[3.75,8.5,3.25,10.0],"texture":"#0","tintindex":0}}},{"from":[-3.8999996,8.75,11.0],"to":[-3.8999996,9.75,13.0],"rotation":{"origin":[-0.39999962,7.75,12.0],"axis":"z","angle":22.5},"faces":{"east":{"uv":[6.25,3.75,6.75,4.0],"texture":"#0","tintindex":0},"west":{"uv":[6.75,2.0,7.25,2.25],"texture":"#0","tintindex":0}}},{"from":[-4.8999996,8.75,14.0],"to":[-4.8999996,9.75,16.0],"rotation":{"origin":[-0.39999962,7.75,15.0],"axis":"z","angle":22.5},"faces":{"east":{"uv":[3.25,6.75,3.75,7.0],"texture":"#0","tintindex":0},"west":{"uv":[6.75,3.75,7.25,4.0],"texture":"#0","tintindex":0}}},{"from":[2.5,8.25,23.5],"to":[4.5,9.25,23.5],"rotation":{"origin":[3.5,7.25,19.5],"axis":"x","angle":22.5},"faces":{"south":{"uv":[9.5,1.75,10.0,2.0],"texture":"#0","tintindex":0},"north":{"uv":[9.5,1.5,10.0,1.75],"texture":"#0","tintindex":0}}},{"from":[-4.8999996,6.75,14.0],"to":[2.1,8.75,16.0],"rotation":{"origin":[-0.39999962,7.75,15.0],"axis":"z","angle":22.5},"faces":{"east":{"uv":[9.0,2.0,9.5,2.5],"texture":"#0","tintindex":0},"south":{"uv":[6.75,0.0,8.5,0.5],"texture":"#0","tintindex":0},"north":{"uv":[6.25,3.25,8.0,3.75],"texture":"#0","tintindex":0},"west":{"uv":[2.5,9.0,3.0,9.5],"texture":"#0","tintindex":0},"up":{"uv":[8.5,1.0,6.75,0.5],"texture":"#0","tintindex":0},"down":{"uv":[8.5,1.0,6.75,1.5],"texture":"#0","tintindex":0}}}],"textures":{"particle":"#0","0":"modelengine:1663b53a-587d-45c8-87c3-54a226afc506"}}