{"display":{"head":{},"firstperson_righthand":{},"thirdperson_lefthand":{},"firstperson_lefthand":{},"fixed":{},"ground":{},"thirdperson_righthand":{},"gui":{"rotation":[-150.0,-45.0,180.0]}},"elements":[{"from":[7.5,7.75,6.0],"to":[8.5,8.75,9.0],"rotation":{"origin":[8.0,8.0,8.0],"axis":"y","angle":22.5},"faces":{"east":{"uv":[4.5,10.0,6.0,10.5],"texture":"#0","tintindex":0},"south":{"uv":[5.0,10.5,5.5,11.0],"texture":"#0","tintindex":0},"north":{"uv":[4.5,10.5,5.0,11.0],"texture":"#0","tintindex":0},"west":{"uv":[6.0,10.0,7.5,10.5],"texture":"#0","tintindex":0},"up":{"uv":[10.0,11.5,9.5,10.0],"texture":"#0","tintindex":0},"down":{"uv":[10.5,10.0,10.0,11.5],"texture":"#0","tintindex":0}}},{"from":[6.5,7.75,9.0],"to":[9.5,7.75,12.0],"rotation":{"origin":[8.0,8.0,8.0],"axis":"y","angle":22.5},"faces":{"up":{"uv":[10.5,1.5,9.0,0.0],"texture":"#0","tintindex":0},"down":{"uv":[10.5,1.5,9.0,3.0],"texture":"#0","tintindex":0}}},{"from":[6.5,7.75,9.0],"to":[9.5,8.75,9.0],"rotation":{"origin":[8.0,8.0,8.0],"axis":"y","angle":22.5},"faces":{"south":{"uv":[10.0,6.5,11.5,7.0],"texture":"#0","tintindex":0},"north":{"uv":[10.0,6.0,11.5,6.5],"texture":"#0","tintindex":0}}},{"from":[6.5,7.75,9.0],"to":[6.5,8.75,12.0],"rotation":{"origin":[8.0,8.0,8.0],"axis":"y","angle":22.5},"faces":{"east":{"uv":[10.0,8.0,11.5,8.5],"texture":"#0","tintindex":0},"west":{"uv":[10.0,8.5,11.5,9.0],"texture":"#0","tintindex":0}}},{"from":[6.5,7.75,5.0],"to":[9.5,8.75,6.0],"rotation":{"origin":[8.0,8.0,8.0],"axis":"y","angle":22.5},"faces":{"east":{"uv":[7.0,9.5,7.5,10.0],"texture":"#0","tintindex":0},"south":{"uv":[0.0,10.0,1.5,10.5],"texture":"#0","tintindex":0},"north":{"uv":[5.5,9.5,7.0,10.0],"texture":"#0","tintindex":0},"west":{"uv":[10.5,2.5,11.0,3.0],"texture":"#0","tintindex":0},"up":{"uv":[3.0,10.5,1.5,10.0],"texture":"#0","tintindex":0},"down":{"uv":[4.5,10.0,3.0,10.5],"texture":"#0","tintindex":0}}},{"from":[9.5,7.75,9.0],"to":[9.5,8.75,12.0],"rotation":{"origin":[8.0,8.0,8.0],"axis":"y","angle":22.5},"faces":{"east":{"uv":[0.0,10.5,1.5,11.0],"texture":"#0","tintindex":0},"west":{"uv":[10.5,0.0,12.0,0.5],"texture":"#0","tintindex":0}}}],"textures":{"particle":"#0","0":"modelengine:19664a58-1a3b-4e46-94fa-d08698198d4b"}}