{"display":{"thirdperson_righthand":{"translation":[0.0,3.75,1.0]},"thirdperson_lefthand":{"translation":[0.0,3.75,1.0]},"firstperson_righthand":{"rotation":[-5.0,0.0,0.0],"translation":[1.25,3.25,1.0],"scale":[0.7,0.7,0.7]},"firstperson_lefthand":{"rotation":[-5.0,0.0,0.0],"translation":[1.25,3.25,1.0],"scale":[0.7,0.7,0.7]},"ground":{"rotation":[-45.0,0.0,0.0],"translation":[0.0,5.0,0.0],"scale":[0.7,0.7,0.7]},"gui":{"rotation":[-90.0,135.0,90.0],"translation":[-1.0,-1.0,0.0]},"head":{"rotation":[0.0,-90.0,0.0]},"fixed":{"rotation":[0.0,-90.0,0.0],"translation":[0.0,0.25,-1.5],"scale":[2.0,2.0,2.0]}},"elements":[{"from":[7.25,3.5,7.25],"to":[8.75,4.5,8.75],"rotation":{"origin":[8.0,1.875,8.0],"axis":"y","angle":45.0},"faces":{"north":{"uv":[3.81818,14.36364,4.09091,14.54545],"texture":"#4"},"east":{"uv":[5.09091,14.36364,5.36364,14.54545],"texture":"#4"},"south":{"uv":[5.63636,14.36364,5.90909,14.54545],"texture":"#4"},"west":{"uv":[14.36364,5.81818,14.63636,6.0],"texture":"#4"},"up":{"uv":[13.54545,6.27273,13.27273,6.0],"texture":"#4"},"down":{"uv":[13.54545,11.63636,13.27273,11.90909],"texture":"#4"}}},{"from":[7.25096,10.5,7.25],"to":[8.75096,11.5,8.75],"rotation":{"origin":[8.00096,8.875,8.0],"axis":"y","angle":45.0},"faces":{"north":{"uv":[14.36364,6.18182,14.63636,6.36364],"texture":"#4"},"east":{"uv":[14.36364,6.54545,14.63636,6.72727],"texture":"#4"},"south":{"uv":[14.36364,7.27273,14.63636,7.45455],"texture":"#4"},"west":{"uv":[7.63636,14.36364,7.90909,14.54545],"texture":"#4"},"up":{"uv":[12.45455,13.54545,12.18182,13.27273],"texture":"#4"},"down":{"uv":[13.0,13.27273,12.72727,13.54545],"texture":"#4"}}},{"from":[7.00096,4.5,7.0],"to":[9.00096,10.5,9.0],"rotation":{"origin":[8.00096,2.875,8.0],"axis":"y","angle":45.0},"faces":{"north":{"uv":[5.45455,9.45455,5.81818,10.54545],"texture":"#4"},"east":{"uv":[1.27273,9.63636,1.63636,10.72727],"texture":"#4"},"south":{"uv":[3.27273,9.63636,3.63636,10.72727],"texture":"#4"},"west":{"uv":[3.81818,9.63636,4.18182,10.72727],"texture":"#4"},"up":{"uv":[4.72727,2.90909,4.36364,2.54545],"texture":"#4"},"down":{"uv":[12.72727,1.27273,12.36364,1.63636],"texture":"#4"}}},{"from":[6.75096,11.5,6.75],"to":[9.25096,12.0,9.25],"rotation":{"origin":[7.50096,8.0,7.5],"axis":"y","angle":0.0},"faces":{"north":{"uv":[14.72727,4.36364,15.18182,4.45455],"texture":"#4"},"east":{"uv":[4.90909,14.72727,5.36364,14.81818],"texture":"#4"},"south":{"uv":[14.72727,6.90909,15.18182,7.0],"texture":"#4"},"west":{"uv":[8.54545,14.72727,9.0,14.81818],"texture":"#4"},"up":{"uv":[11.72727,7.54545,11.27273,7.09091],"texture":"#4"},"down":{"uv":[7.18182,11.45455,6.72727,11.90909],"texture":"#4"}}},{"from":[7.25096,12.0,7.0],"to":[8.75096,13.0,9.0],"rotation":{"origin":[7.50096,8.0,7.5],"axis":"y","angle":0.0},"faces":{"north":{"uv":[14.36364,7.63636,14.63636,7.81818],"texture":"#4"},"east":{"uv":[8.54545,4.54545,8.90909,4.72727],"texture":"#4"},"south":{"uv":[14.36364,8.0,14.63636,8.18182],"texture":"#4"},"west":{"uv":[11.09091,5.27273,11.45455,5.45455],"texture":"#4"},"up":{"uv":[13.18182,5.81818,12.90909,5.45455],"texture":"#4"}}},{"from":[7.25,0.0,7.25],"to":[8.75,1.0,8.75],"rotation":{"origin":[8.0,1.875,8.0],"axis":"y","angle":45.0},"faces":{"north":{"uv":[14.36364,8.36364,14.63636,8.54545],"texture":"#4"},"east":{"uv":[8.54545,14.36364,8.81818,14.54545],"texture":"#4"},"south":{"uv":[9.09091,14.36364,9.36364,14.54545],"texture":"#4"},"west":{"uv":[9.63636,14.36364,9.90909,14.54545],"texture":"#4"},"up":{"uv":[13.54545,13.0,13.27273,12.72727],"texture":"#4"},"down":{"uv":[13.54545,13.27273,13.27273,13.54545],"texture":"#4"}}},{"from":[7.5,1.0,7.5],"to":[8.5,3.5,8.5],"rotation":{"origin":[8.0,1.875,8.0],"axis":"y","angle":45.0},"faces":{"north":{"uv":[11.81818,13.09091,12.0,13.54545],"texture":"#4"},"east":{"uv":[4.54545,13.27273,4.72727,13.72727],"texture":"#4"},"south":{"uv":[13.27273,4.54545,13.45455,5.0],"texture":"#4"},"west":{"uv":[4.90909,13.27273,5.09091,13.72727],"texture":"#4"}}},{"from":[7.50096,11.75,5.0],"to":[8.50096,12.75,11.0],"rotation":{"origin":[7.50096,12.0,5.5],"axis":"y","angle":0.0},"faces":{"north":{"uv":[8.54545,2.0,8.72727,2.18182],"texture":"#4"},"east":{"uv":[11.09091,9.45455,12.18182,9.63636],"texture":"#4"},"south":{"uv":[12.54545,3.45455,12.72727,3.63636],"texture":"#4"},"west":{"uv":[11.45455,8.54545,12.54545,8.72727],"texture":"#4"},"up":{"uv":[4.72727,9.45455,4.54545,8.36364],"texture":"#4"},"down":{"uv":[6.18182,11.63636,6.0,12.72727],"texture":"#4"}}},{"from":[7.75096,11.5,4.0],"to":[8.25096,13.0,5.5],"rotation":{"origin":[7.50096,12.0,10.0],"axis":"y","angle":0.0},"faces":{"north":{"uv":[15.09091,2.90909,15.18182,3.18182],"texture":"#4"},"east":{"uv":[0.0,13.45455,0.27273,13.72727],"texture":"#4"},"south":{"uv":[15.09091,3.45455,15.18182,3.72727],"texture":"#4"},"west":{"uv":[13.45455,0.0,13.72727,0.27273],"texture":"#4"},"up":{"uv":[4.81818,15.36364,4.72727,15.09091],"texture":"#4"},"down":{"uv":[5.18182,15.09091,5.09091,15.36364],"texture":"#4"}}},{"from":[7.75096,11.5,10.5],"to":[8.25096,13.0,12.0],"rotation":{"origin":[7.50096,12.0,6.0],"axis":"y","angle":0.0},"faces":{"north":{"uv":[5.45455,15.09091,5.54545,15.36364],"texture":"#4"},"east":{"uv":[0.54545,13.45455,0.81818,13.72727],"texture":"#4"},"south":{"uv":[5.81818,15.09091,5.90909,15.36364],"texture":"#4"},"west":{"uv":[13.45455,1.09091,13.72727,1.36364],"texture":"#4"},"up":{"uv":[6.27273,15.36364,6.18182,15.09091],"texture":"#4"},"down":{"uv":[6.63636,15.09091,6.54545,15.36364],"texture":"#4"}}},{"from":[7.99,6.75,1.25],"to":[8.01,16.25,6.25],"rotation":{"origin":[7.99,-0.25,2.25],"axis":"y","angle":0.0},"faces":{"east":{"uv":[2.36364,6.36364,1.45455,8.09091],"texture":"#4"},"west":{"uv":[1.45455,6.36364,2.36364,8.09091],"texture":"#4"}}},{"from":[7.99,9.25,9.75],"to":[8.01,14.75,13.75],"rotation":{"origin":[7.99,2.25,10.25],"axis":"y","angle":0.0},"faces":{"east":{"uv":[4.36364,8.36364,3.63636,9.36364],"texture":"#4"},"west":{"uv":[3.63636,8.36364,4.36364,9.36364],"texture":"#4"}}},{"from":[7.4975,-1.41558,7.825],"to":[8.5025,0.00942,9.25],"rotation":{"origin":[7.4975,-1.24058,8.0],"axis":"x","angle":-45.0},"faces":{"north":{"uv":[10.18182,14.36364,10.36364,14.63636],"texture":"#4"},"east":{"uv":[13.45455,1.63636,13.72727,1.90909],"texture":"#4"},"south":{"uv":[10.54545,14.36364,10.72727,14.63636],"texture":"#4"},"west":{"uv":[13.45455,2.18182,13.72727,2.45455],"texture":"#4"},"up":{"uv":[11.09091,14.63636,10.90909,14.36364],"texture":"#4"},"down":{"uv":[11.45455,14.36364,11.27273,14.63636],"texture":"#4"}}},{"from":[6.39637,14.44712,7.6276],"to":[10.39637,16.44712,9.6276],"rotation":{"origin":[8.75,15.6275,8.6276],"axis":"z","angle":-45.0},"faces":{"north":{"uv":[0.0,0.0,2.66667,1.33334],"texture":"#1"},"east":{"uv":[7.33334,4.0,8.66667,5.33334],"texture":"#1"},"south":{"uv":[0.0,2.0,2.66667,3.33334],"texture":"#1"},"west":{"uv":[6.0,6.66667,7.33334,8.0],"texture":"#1"},"up":{"uv":[4.66667,2.66667,3.33334,0.0],"texture":"#1","rotation":270},"down":{"uv":[4.66667,3.33334,3.33334,6.0],"texture":"#1","rotation":90}}},{"from":[6.6224,16.5,7.8776],"to":[8.1224,19.5,9.3776],"rotation":{"origin":[8.75,15.6275,8.6276],"axis":"y","angle":0.0},"faces":{"north":{"uv":[0.0,6.66667,1.0,8.66667],"texture":"#1"},"east":{"uv":[2.0,6.66667,3.0,8.66667],"texture":"#1"},"south":{"uv":[4.0,6.66667,5.0,8.66667],"texture":"#1"},"west":{"uv":[5.33334,4.0,6.33334,6.0],"texture":"#1"},"up":{"uv":[9.0,3.0,8.0,2.0],"texture":"#1","rotation":270},"down":{"uv":[9.0,6.0,8.0,7.0],"texture":"#1","rotation":90}}},{"from":[6.39637,14.44712,9.6276],"to":[8.89637,16.44712,10.1276],"rotation":{"origin":[8.75,15.6275,8.6276],"axis":"z","angle":-45.0},"faces":{"north":{"uv":[5.33334,0.0,7.0,1.33334],"texture":"#1"},"east":{"uv":[4.0,9.33334,4.33334,10.66667],"texture":"#1"},"south":{"uv":[5.33334,2.0,7.0,3.33334],"texture":"#1"},"west":{"uv":[2.66667,9.33334,3.0,10.66667],"texture":"#1"},"up":{"uv":[2.33334,5.66667,2.0,4.0],"texture":"#1","rotation":270},"down":{"uv":[6.33334,8.66667,6.0,10.33334],"texture":"#1","rotation":90}}},{"from":[10.39637,15.94712,7.6276],"to":[13.39637,16.44712,9.6276],"rotation":{"origin":[8.75,15.6275,8.6276],"axis":"z","angle":-45.0},"faces":{"north":{"uv":[8.0,8.0,10.0,8.33334],"texture":"#1"},"south":{"uv":[0.0,9.33334,2.0,9.66667],"texture":"#1"},"west":{"uv":[9.33334,4.0,10.66667,4.33334],"texture":"#1"},"up":{"uv":[1.33334,6.0,0.0,4.0],"texture":"#1","rotation":270}}},{"from":[8.89637,14.44712,9.6276],"to":[10.89637,16.44712,10.1276],"rotation":{"origin":[8.75,15.6275,8.6276],"axis":"z","angle":-45.0},"faces":{"south":{"uv":[8.0,0.0,9.33334,1.33334],"texture":"#1"},"west":{"uv":[7.33334,9.33334,7.66667,10.66667],"texture":"#1"},"up":{"uv":[9.0,10.66667,8.66667,9.33334],"texture":"#1","rotation":270},"down":{"uv":[10.33334,0.0,10.0,1.33334],"texture":"#1","rotation":90}}},{"from":[5.6224,18.25,8.3776],"to":[6.6224,18.75,8.8776],"rotation":{"origin":[8.75,15.6275,8.6276],"axis":"y","angle":0.0},"faces":{"north":{"uv":[11.33334,2.0,12.0,2.33334],"texture":"#1"},"east":{"uv":[5.33334,11.33334,5.66667,11.66667],"texture":"#1"},"south":{"uv":[2.66667,11.33334,3.33334,11.66667],"texture":"#1"},"west":{"uv":[11.33334,4.66667,11.66667,5.0],"texture":"#1"},"up":{"uv":[11.66667,4.0,11.33334,3.33334],"texture":"#1","rotation":270},"down":{"uv":[4.33334,11.33334,4.0,12.0],"texture":"#1","rotation":90}}},{"from":[8.3724,13.0,7.6276],"to":[8.3724,15.0,8.1276],"rotation":{"origin":[8.75,15.8775,8.6276],"axis":"y","angle":0.0},"faces":{"east":{"uv":[10.0,5.33334,10.33334,6.66667],"texture":"#1"},"west":{"uv":[10.0,2.0,10.33334,3.33334],"texture":"#1"}}},{"from":[7.3724,13.0,7.3776],"to":[8.3724,13.01,8.3776],"rotation":{"origin":[8.75,15.8775,8.6276],"axis":"y","angle":0.0},"faces":{"up":{"uv":[10.66667,10.0,10.0,9.33334],"texture":"#1","rotation":270},"down":{"uv":[0.66667,10.66667,0.0,11.33334],"texture":"#1","rotation":90}}},{"from":[7.3724,12.75,8.8776],"to":[8.3724,12.76,9.8776],"rotation":{"origin":[8.75,15.6275,8.6276],"axis":"y","angle":0.0},"faces":{"up":{"uv":[2.0,11.33334,1.33334,10.66667],"texture":"#1","rotation":270},"down":{"uv":[11.33334,7.33334,10.66667,8.0],"texture":"#1","rotation":90}}},{"from":[8.3724,12.75,9.1276],"to":[8.3724,14.75,9.6276],"rotation":{"origin":[8.75,15.6275,8.6276],"axis":"y","angle":0.0},"faces":{"east":{"uv":[11.33334,0.0,11.66667,1.33334],"texture":"#1"},"west":{"uv":[10.0,10.66667,10.33334,12.0],"texture":"#1"}}},{"from":[8.89637,14.44712,7.1276],"to":[10.89637,16.44712,7.6276],"rotation":{"origin":[8.75,15.6275,8.6276],"axis":"z","angle":-45.0},"faces":{"north":{"uv":[9.33334,0.0,8.0,1.33334],"texture":"#1"},"west":{"uv":[7.66667,9.33334,7.33334,10.66667],"texture":"#1"},"up":{"uv":[8.66667,10.66667,9.0,9.33334],"texture":"#1","rotation":270},"down":{"uv":[10.0,0.0,10.33334,1.33334],"texture":"#1","rotation":90}}},{"from":[6.39637,14.44712,7.1276],"to":[8.89637,16.44712,7.6276],"rotation":{"origin":[8.75,15.6275,8.6276],"axis":"z","angle":-45.0},"faces":{"north":{"uv":[7.0,2.0,5.33334,3.33334],"texture":"#1"},"east":{"uv":[4.33334,9.33334,4.0,10.66667],"texture":"#1"},"south":{"uv":[7.0,0.0,5.33334,1.33334],"texture":"#1"},"west":{"uv":[3.0,9.33334,2.66667,10.66667],"texture":"#1"},"up":{"uv":[2.0,5.66667,2.33334,4.0],"texture":"#1","rotation":270},"down":{"uv":[6.0,8.66667,6.33334,10.33334],"texture":"#1","rotation":90}}},{"from":[13.39637,16.44712,9.6276],"to":[10.39637,15.94712,7.6276],"rotation":{"origin":[8.75,15.6275,8.6276],"axis":"z","angle":-45.0},"faces":{"north":{"uv":[0.0,9.66667,2.0,9.33334],"texture":"#1"},"east":{"uv":[9.33334,4.33334,10.66667,4.0],"texture":"#1"},"south":{"uv":[8.0,8.33334,10.0,8.0],"texture":"#1"},"down":{"uv":[1.33334,4.0,0.0,6.0],"texture":"#1","rotation":270}}},{"from":[10.89637,16.44712,10.1276],"to":[8.89637,14.44712,9.6276],"rotation":{"origin":[8.75,15.6275,8.6276],"axis":"z","angle":-45.0},"faces":{"north":{"uv":[8.0,1.33334,9.33334,0.0],"texture":"#1"},"east":{"uv":[7.33334,10.66667,7.66667,9.33334],"texture":"#1"},"up":{"uv":[10.33334,1.33334,10.0,0.0],"texture":"#1","rotation":90},"down":{"uv":[9.0,9.33334,8.66667,10.66667],"texture":"#1","rotation":270}}},{"from":[10.89637,16.44712,7.6276],"to":[8.89637,14.44712,7.1276],"rotation":{"origin":[8.75,15.6275,8.6276],"axis":"z","angle":-45.0},"faces":{"east":{"uv":[7.66667,10.66667,7.33334,9.33334],"texture":"#1"},"south":{"uv":[9.33334,1.33334,8.0,0.0],"texture":"#1"},"up":{"uv":[10.0,1.33334,10.33334,0.0],"texture":"#1","rotation":90},"down":{"uv":[8.66667,9.33334,9.0,10.66667],"texture":"#1","rotation":270}}},{"from":[6.50096,9.25,5.999],"to":[9.50096,13.25,6.009],"rotation":{"origin":[8.00096,11.25,5.999],"axis":"y","angle":-22.5},"faces":{"north":{"uv":[10.18182,0.0,9.63636,0.72727],"texture":"#4"},"south":{"uv":[9.63636,0.0,10.18182,0.72727],"texture":"#4"}}},{"from":[7.995,-0.5,4.96434],"to":[8.005,1.0,6.96434],"rotation":{"origin":[7.995,1.5,5.46434],"axis":"y","angle":0.0},"faces":{"east":{"uv":[8.18182,12.90909,7.81818,13.18182],"texture":"#4"},"west":{"uv":[7.81818,12.90909,8.18182,13.18182],"texture":"#4"}}},{"from":[7.98,6.6,3.88],"to":[8.98,8.6,5.88],"rotation":{"origin":[0.755,1.125,0.625],"axis":"y","angle":-22.5},"faces":{"north":{"uv":[2.0,2.66667,3.33333,3.33333],"texture":"#2","rotation":90},"east":{"uv":[1.33333,2.0,0.0,3.33333],"texture":"#2"},"south":{"uv":[4.0,1.33333,5.33333,2.0],"texture":"#2","rotation":270},"west":{"uv":[1.33333,1.33333,0.0,0.0],"texture":"#2","rotation":180},"up":{"uv":[0.0,4.0,1.33333,4.66667],"texture":"#2","rotation":270},"down":{"uv":[2.0,1.33333,3.33333,2.0],"texture":"#2","rotation":270}}},{"from":[7.98,5.6,4.88],"to":[8.98,6.6,6.38],"rotation":{"origin":[0.755,1.125,0.625],"axis":"y","angle":-22.5},"faces":{"north":{"uv":[6.66667,0.0,7.33333,0.66667],"texture":"#2","rotation":90},"east":{"uv":[5.66667,0.0,4.66667,0.66667],"texture":"#2"},"south":{"uv":[0.0,7.33333,0.66667,8.0],"texture":"#2","rotation":270},"west":{"uv":[5.0,4.66667,4.0,4.0],"texture":"#2","rotation":180},"up":{"uv":[4.0,2.66667,5.0,3.33333],"texture":"#2","rotation":270},"down":{"uv":[2.0,4.0,3.0,4.66667],"texture":"#2","rotation":270}}},{"from":[8.23,7.85,5.13],"to":[8.73,8.85,6.13],"rotation":{"origin":[0.755,1.125,0.625],"axis":"y","angle":-22.5},"faces":{"north":{"uv":[6.66667,8.66667,7.33333,9.0],"texture":"#2","rotation":90},"east":{"uv":[8.0,1.33333,7.33333,2.0],"texture":"#2"},"south":{"uv":[9.33333,5.33333,10.0,5.66667],"texture":"#2","rotation":270},"west":{"uv":[2.0,8.0,1.33333,7.33333],"texture":"#2","rotation":180},"up":{"uv":[9.33333,0.0,10.0,0.33333],"texture":"#2","rotation":270},"down":{"uv":[5.33333,8.66667,6.0,9.0],"texture":"#2","rotation":270}}},{"from":[7.48,6.6,5.87],"to":[7.98,7.1,5.88],"rotation":{"origin":[0.755,1.125,0.625],"axis":"y","angle":-22.5},"faces":{"north":{"uv":[11.66667,2.66667,11.33333,3.0],"texture":"#2","rotation":90},"south":{"uv":[11.33333,2.66667,11.66667,3.0],"texture":"#2","rotation":270}}},{"from":[7.48,8.1,5.87],"to":[7.98,8.6,5.88],"rotation":{"origin":[0.755,1.125,0.625],"axis":"y","angle":-22.5},"faces":{"north":{"uv":[11.66667,4.0,11.33333,4.33333],"texture":"#2","rotation":90},"south":{"uv":[11.33333,4.0,11.66667,4.33333],"texture":"#2","rotation":270}}},{"from":[8.48,6.1,5.37],"to":[9.48,9.1,5.38],"rotation":{"origin":[0.755,1.125,0.625],"axis":"y","angle":-22.5},"faces":{"north":{"uv":[4.0,0.0,2.0,0.66667],"texture":"#2","rotation":90},"south":{"uv":[2.0,0.0,4.0,0.66667],"texture":"#2","rotation":270}}},{"from":[8.48,6.1,4.87],"to":[9.48,9.1,4.88],"rotation":{"origin":[0.755,1.125,0.625],"axis":"y","angle":-22.5},"faces":{"north":{"uv":[4.0,0.0,2.0,0.66667],"texture":"#2","rotation":90},"south":{"uv":[2.0,0.0,4.0,0.66667],"texture":"#2","rotation":270}}},{"from":[8.48,6.1,4.37],"to":[9.48,9.1,4.38],"rotation":{"origin":[0.755,1.125,0.625],"axis":"y","angle":-22.5},"faces":{"north":{"uv":[4.0,0.0,2.0,0.66667],"texture":"#2","rotation":90},"south":{"uv":[2.0,0.0,4.0,0.66667],"texture":"#2","rotation":270}}},{"from":[8.1853,11.8647,9.4794],"to":[8.6853,12.8647,10.4794],"rotation":{"origin":[8.4353,12.25,10.8647],"axis":"x","angle":-22.5},"faces":{"north":{"uv":[9.33333,9.33333,10.0,9.66667],"texture":"#2","rotation":90},"east":{"uv":[8.0,2.66667,7.33333,3.33333],"texture":"#2","rotation":180},"south":{"uv":[8.0,9.33333,8.66667,9.66667],"texture":"#2","rotation":270},"west":{"uv":[3.33333,8.0,2.66667,7.33333],"texture":"#2"},"up":{"uv":[9.33333,6.66667,10.0,7.0],"texture":"#2","rotation":270},"down":{"uv":[9.33333,8.0,10.0,8.33333],"texture":"#2","rotation":270}}},{"from":[8.1853,10.8647,10.4794],"to":[8.6853,11.8647,11.4794],"rotation":{"origin":[8.4353,12.25,10.8647],"axis":"x","angle":-22.5},"faces":{"north":{"uv":[10.0,2.66667,10.66667,3.0],"texture":"#2","rotation":90},"east":{"uv":[8.0,4.0,7.33333,4.66667],"texture":"#2","rotation":180},"south":{"uv":[1.33333,10.0,2.0,10.33333],"texture":"#2","rotation":270},"west":{"uv":[4.66667,8.0,4.0,7.33333],"texture":"#2"},"up":{"uv":[0.0,10.0,0.66667,10.33333],"texture":"#2","rotation":270},"down":{"uv":[10.0,1.33333,10.66667,1.66667],"texture":"#2","rotation":270}}},{"from":[8.1828,11.8647,10.4794],"to":[8.6878,12.8647,11.4794],"rotation":{"origin":[8.4353,12.25,10.8647],"axis":"x","angle":-22.5},"faces":{"north":{"uv":[10.66667,0.0,11.33333,0.33333],"texture":"#2","rotation":90},"east":{"uv":[7.33333,7.33333,6.66667,8.0],"texture":"#2","rotation":180},"south":{"uv":[5.33333,10.0,6.0,10.33333],"texture":"#2","rotation":270},"west":{"uv":[6.0,8.0,5.33333,7.33333],"texture":"#2"},"up":{"uv":[10.0,4.0,10.66667,4.33333],"texture":"#2","rotation":270},"down":{"uv":[6.66667,10.0,7.33333,10.33333],"texture":"#2","rotation":270}}},{"from":[8.1853,12.05315,9.53203],"to":[8.6853,13.05315,10.53203],"rotation":{"origin":[8.4353,12.25,10.8647],"axis":"x","angle":45.0},"faces":{"north":{"uv":[2.66667,10.66667,3.33333,11.0],"texture":"#2","rotation":90},"east":{"uv":[8.66667,5.33333,8.0,6.0],"texture":"#2","rotation":270},"south":{"uv":[10.66667,5.33333,11.33333,5.66667],"texture":"#2","rotation":270},"west":{"uv":[8.66667,0.66667,8.0,0.0],"texture":"#2","rotation":270},"up":{"uv":[4.0,10.66667,4.66667,11.0],"texture":"#2","rotation":270},"down":{"uv":[10.66667,6.66667,11.33333,7.0],"texture":"#2","rotation":270}}},{"from":[8.1853,12.05315,11.19737],"to":[8.6853,13.05315,12.19737],"rotation":{"origin":[8.4353,12.25,10.8647],"axis":"x","angle":0.0},"faces":{"north":{"uv":[10.66667,9.33333,11.33333,9.66667],"texture":"#2","rotation":90},"east":{"uv":[8.66667,8.0,8.0,8.66667],"texture":"#2","rotation":180},"south":{"uv":[10.66667,8.0,11.33333,8.33333],"texture":"#2","rotation":270},"west":{"uv":[8.66667,7.33333,8.0,6.66667],"texture":"#2"},"up":{"uv":[8.0,10.66667,8.66667,11.0],"texture":"#2","rotation":270},"down":{"uv":[9.33333,10.66667,10.0,11.0],"texture":"#2","rotation":270}}},{"from":[6.4975,11.5,7.0],"to":[7.5025,13.0,8.0],"rotation":{"origin":[7.0,12.18287,7.5],"axis":"x","angle":-22.5},"faces":{"north":{"uv":[0.0,5.33333,0.66667,6.33333],"texture":"#2"},"east":{"uv":[1.33333,5.33333,2.0,6.33333],"texture":"#2"},"south":{"uv":[2.66667,5.33333,3.33333,6.33333],"texture":"#2"},"west":{"uv":[4.0,5.33333,4.66667,6.33333],"texture":"#2"},"up":{"uv":[0.66667,9.33333,0.0,8.66667],"texture":"#2"},"down":{"uv":[2.0,8.66667,1.33333,9.33333],"texture":"#2"}}},{"from":[6.75,11.62914,6.35076],"to":[7.25,13.12914,7.35076],"rotation":{"origin":[7.0,12.18287,7.5],"axis":"x","angle":-45.0},"faces":{"north":{"uv":[8.66667,1.33333,9.0,2.33333],"texture":"#2"},"east":{"uv":[5.33333,5.33333,6.0,6.33333],"texture":"#2"},"south":{"uv":[2.66667,8.66667,3.0,9.66667],"texture":"#2"},"west":{"uv":[6.0,1.33333,6.66667,2.33333],"texture":"#2"},"up":{"uv":[11.0,11.33333,10.66667,10.66667],"texture":"#2"},"down":{"uv":[0.33333,11.33333,0.0,12.0],"texture":"#2"}}},{"from":[6.75,11.62914,7.64924],"to":[7.25,13.12914,8.64924],"rotation":{"origin":[7.0,12.18287,7.5],"axis":"x","angle":0.0},"faces":{"north":{"uv":[8.66667,3.33333,9.0,4.33333],"texture":"#2"},"east":{"uv":[6.0,3.33333,6.66667,4.33333],"texture":"#2"},"south":{"uv":[4.0,8.66667,4.33333,9.66667],"texture":"#2"},"west":{"uv":[6.66667,5.33333,7.33333,6.33333],"texture":"#2"},"up":{"uv":[1.66667,12.0,1.33333,11.33333],"texture":"#2"},"down":{"uv":[11.66667,1.33333,11.33333,2.0],"texture":"#2"}}}],"textures":{"particle":"plny_little_seagull_set:9bf168ff-a2fd-4cae-af52-1678c1538e5a","1":"plny_little_seagull_set:9bf168ff-a2fd-4cae-af52-1678c1538e5a","2":"plny_little_seagull_set:bc71b29d-3b07-457f-8a81-eacc28d09b85","4":"plny_little_seagull_set:7752b962-7c67-42b2-a146-48ae6525f4c0"},"gui_light":"front"}