{"display":{"thirdperson_righthand":{"rotation":[-140.75,0.0,-180.0],"translation":[0.0,3.25,0.0],"scale":[0.6,0.6,0.6]},"thirdperson_lefthand":{"rotation":[-140.75,0.0,-180.0],"translation":[0.0,3.25,0.0],"scale":[0.6,0.6,0.6]},"firstperson_righthand":{"rotation":[151.75,0.0,-180.0],"translation":[0.0,2.25,0.0],"scale":[0.7,0.7,0.7]},"firstperson_lefthand":{"rotation":[151.75,0.0,-180.0],"translation":[0.0,2.25,0.0],"scale":[0.0,0.0,0.0]},"ground":{"translation":[0.0,5.0,0.0],"scale":[0.7,0.7,0.7]},"gui":{"rotation":[20.0,180.0,0.0],"translation":[0.0,-0.75,0.0],"scale":[0.83,0.83,0.83]},"head":{"translation":[0.0,6.0,0.0],"scale":[1.6,1.6,1.6]},"fixed":{"rotation":[-90.0,0.0,0.0],"translation":[0.0,0.0,-7.5],"scale":[2.0,2.0,2.0]}},"elements":[{"from":[2.0,4.25,2.0],"to":[14.0,5.25,14.0],"rotation":{"origin":[3.0,4.25,3.0],"axis":"y","angle":0.0},"faces":{"north":{"uv":[8.0,2.33333,12.0,2.66667],"texture":"#0"},"east":{"uv":[8.0,3.0,12.0,3.33333],"texture":"#0"},"south":{"uv":[8.0,8.33333,12.0,8.66667],"texture":"#0"},"west":{"uv":[0.0,8.66667,4.0,9.0],"texture":"#0"},"up":{"uv":[4.0,4.0,0.0,0.0],"texture":"#0"},"down":{"uv":[4.0,4.33333,0.0,8.33333],"texture":"#0"}}},{"from":[3.0,5.25,3.0],"to":[13.0,11.25,13.0],"rotation":{"origin":[3.0,5.25,3.0],"axis":"y","angle":0.0},"faces":{"north":{"uv":[4.33333,6.66667,7.66667,8.66667],"texture":"#0"},"east":{"uv":[7.66667,3.66667,11.0,5.66667],"texture":"#0"},"south":{"uv":[8.0,0.0,11.33333,2.0],"texture":"#0"},"west":{"uv":[8.0,6.0,11.33333,8.0],"texture":"#0"},"up":{"uv":[7.66667,3.33333,4.33333,0.0],"texture":"#0"}}},{"from":[12.975,5.25,9.0],"to":[12.985,15.25,18.0],"rotation":{"origin":[12.975,6.25,9.0],"axis":"y","angle":45.0},"faces":{"east":{"uv":[0.33333,10.33333,3.33333,13.66667],"texture":"#0"},"west":{"uv":[3.33333,10.33333,0.33333,13.66667],"texture":"#0"}}},{"from":[7.0,7.25,0.0],"to":[9.0,9.25,3.0],"rotation":{"origin":[7.0,7.25,3.0],"axis":"y","angle":0.0},"faces":{"north":{"uv":[9.0,9.0,9.66667,9.66667],"texture":"#0"},"east":{"uv":[4.33333,9.0,5.33333,9.66667],"texture":"#0"},"west":{"uv":[5.66667,9.0,6.66667,9.66667],"texture":"#0"},"up":{"uv":[7.66667,10.0,7.0,9.0],"texture":"#0"},"down":{"uv":[8.66667,9.0,8.0,10.0],"texture":"#0"}}},{"from":[7.0,6.75,0.0],"to":[9.0,7.25,1.0],"rotation":{"origin":[7.0,5.25,3.0],"axis":"y","angle":0.0},"faces":{"north":{"uv":[0.0,9.33333,0.66667,9.66667],"texture":"#0"},"east":{"uv":[3.0,9.33333,3.33333,9.66667],"texture":"#0"},"south":{"uv":[1.0,9.33333,1.66667,9.66667],"texture":"#0"},"west":{"uv":[3.66667,9.33333,4.0,9.66667],"texture":"#0"},"down":{"uv":[2.66667,9.33333,2.0,9.66667],"texture":"#0"}}},{"from":[3.015,5.25,9.0],"to":[3.025,15.25,18.0],"rotation":{"origin":[3.025,6.25,9.0],"axis":"y","angle":-45.0},"faces":{"east":{"uv":[0.33333,10.33333,3.33333,13.66667],"texture":"#0"},"west":{"uv":[3.33333,10.33333,0.33333,13.66667],"texture":"#0"}}}],"textures":{"particle":"plny_little_seagull_set:d6218bdf-56f2-4246-aac7-da8ad9d82ce5","0":"plny_little_seagull_set:d6218bdf-56f2-4246-aac7-da8ad9d82ce5"},"gui_light":"front"}