{"display":{"thirdperson_righthand":{"rotation":[0.0,-70.0,0.0],"translation":[0.0,-2.0,1.0]},"thirdperson_lefthand":{"rotation":[0.0,-70.0,0.0],"translation":[0.0,-2.0,1.0]},"firstperson_righthand":{"translation":[2.5,0.75,1.75],"scale":[0.7,0.7,0.7]},"firstperson_lefthand":{"translation":[2.5,0.75,1.75],"scale":[0.7,0.7,0.7]},"ground":{"rotation":[45.0,0.0,0.0],"translation":[0.0,5.0,0.0],"scale":[0.7,0.7,0.7]},"gui":{"rotation":[0.0,180.0,45.0],"scale":[0.9,0.9,0.9]},"fixed":{"translation":[0.0,0.25,-0.5],"scale":[2.0,2.0,2.0]}},"elements":[{"from":[13.24264,2.5,3.5],"to":[15.24264,13.5,4.5],"rotation":{"origin":[8.0,8.0,4.0],"axis":"y","angle":0.0},"faces":{"north":{"uv":[6.36364,8.18182,6.72727,10.18182],"texture":"#4"},"east":{"uv":[6.0,9.45455,6.18182,11.45455],"texture":"#4"},"south":{"uv":[2.18182,8.54545,2.54545,10.54545],"texture":"#4"},"west":{"uv":[1.81818,9.63636,2.0,11.63636],"texture":"#4"},"up":{"uv":[14.54545,11.09091,14.18182,10.90909],"texture":"#4"},"down":{"uv":[14.36364,14.18182,14.0,14.36364],"texture":"#4"}}},{"from":[15.01041,6.76777,3.5035],"to":[17.01041,12.76777,4.4965],"rotation":{"origin":[8.0,8.0,4.0],"axis":"z","angle":45.0},"faces":{"north":{"uv":[4.36364,9.63636,4.72727,10.72727],"texture":"#4"},"east":{"uv":[8.72727,12.0,8.90909,13.09091],"texture":"#4"},"south":{"uv":[9.81818,5.63636,10.18182,6.72727],"texture":"#4"},"west":{"uv":[9.63636,12.0,9.81818,13.09091],"texture":"#4"}}},{"from":[5.0,15.74264,3.5],"to":[11.0,17.74264,4.5],"rotation":{"origin":[8.0,8.0,4.0],"axis":"y","angle":0.0},"faces":{"north":{"uv":[9.45455,3.81818,10.54545,4.18182],"texture":"#4"},"east":{"uv":[14.36364,0.54545,14.54545,0.90909],"texture":"#4"},"south":{"uv":[9.81818,0.90909,10.90909,1.27273],"texture":"#4"},"west":{"uv":[1.09091,14.36364,1.27273,14.72727],"texture":"#4"},"up":{"uv":[13.09091,7.45455,12.0,7.27273],"texture":"#4"},"down":{"uv":[13.27273,0.0,12.18182,0.18182],"texture":"#4"}}},{"from":[15.01041,3.23223,3.5035],"to":[17.01041,9.23223,4.4965],"rotation":{"origin":[8.0,8.0,4.0],"axis":"z","angle":-45.0},"faces":{"north":{"uv":[9.81818,6.90909,10.18182,8.0],"texture":"#4"},"east":{"uv":[10.0,12.0,10.18182,13.09091],"texture":"#4"},"south":{"uv":[9.81818,8.18182,10.18182,9.27273],"texture":"#4"},"west":{"uv":[6.36364,12.18182,6.54545,13.27273],"texture":"#4"}}},{"from":[5.0,-1.74264,3.5],"to":[11.0,0.25736,4.5],"rotation":{"origin":[8.0,8.0,4.0],"axis":"y","angle":0.0},"faces":{"north":{"uv":[9.81818,1.45455,10.90909,1.81818],"texture":"#4"},"east":{"uv":[2.18182,14.36364,2.36364,14.72727],"texture":"#4"},"south":{"uv":[9.81818,9.45455,10.90909,9.81818],"texture":"#4"},"west":{"uv":[14.36364,2.72727,14.54545,3.09091],"texture":"#4"},"up":{"uv":[13.27273,0.54545,12.18182,0.36364],"texture":"#4"},"down":{"uv":[13.27273,7.63636,12.18182,7.81818],"texture":"#4"}}},{"from":[2.75,0.25,3.75],"to":[13.25,15.75,4.25],"rotation":{"origin":[8.0,9.74264,4.0],"axis":"y","angle":0.0},"faces":{"north":{"uv":[0.0,0.0,1.90909,2.81818],"texture":"#4"},"south":{"uv":[2.18182,0.0,4.09091,2.81818],"texture":"#4"}}},{"from":[7.25,5.75,7.25],"to":[8.75,6.75,8.75],"rotation":{"origin":[8.0,7.625,8.0],"axis":"y","angle":45.0},"faces":{"north":{"uv":[14.54545,14.18182,14.81818,14.36364],"texture":"#4"},"east":{"uv":[14.36364,14.54545,14.63636,14.72727],"texture":"#4"},"south":{"uv":[14.72727,0.36364,15.0,0.54545],"texture":"#4"},"west":{"uv":[14.72727,0.72727,15.0,0.90909],"texture":"#4"},"up":{"uv":[0.54545,14.0,0.81818,14.27273],"texture":"#4"},"down":{"uv":[14.0,1.09091,14.27273,1.36364],"texture":"#4"}}},{"from":[7.5,6.75,7.5],"to":[8.5,9.25,8.5],"rotation":{"origin":[8.0,7.625,8.0],"axis":"y","angle":45.0},"faces":{"north":{"uv":[5.27273,13.27273,5.45455,13.72727],"texture":"#4"},"east":{"uv":[13.27273,6.90909,13.45455,7.36364],"texture":"#4"},"south":{"uv":[8.72727,13.27273,8.90909,13.72727],"texture":"#4"},"west":{"uv":[9.45455,13.27273,9.63636,13.72727],"texture":"#4"}}},{"from":[7.25,9.25,7.25],"to":[8.75,10.25,8.75],"rotation":{"origin":[8.0,7.625,8.0],"axis":"y","angle":45.0},"faces":{"north":{"uv":[14.54545,8.72727,14.81818,8.90909],"texture":"#4"},"east":{"uv":[14.54545,9.09091,14.81818,9.27273],"texture":"#4"},"south":{"uv":[14.54545,10.36364,14.81818,10.54545],"texture":"#4"},"west":{"uv":[14.54545,12.18182,14.81818,12.36364],"texture":"#4"},"up":{"uv":[0.0,14.0,0.27273,14.27273],"texture":"#4"},"down":{"uv":[14.0,0.0,14.27273,0.27273],"texture":"#4"}}},{"from":[7.0,10.25,7.0],"to":[9.0,12.25,9.0],"rotation":{"origin":[7.0,10.25,7.0],"axis":"y","angle":0.0},"faces":{"north":{"uv":[12.90909,1.81818,13.27273,2.18182],"texture":"#4"},"east":{"uv":[12.90909,2.36364,13.27273,2.72727],"texture":"#4"},"south":{"uv":[3.09091,12.90909,3.45455,13.27273],"texture":"#4"},"west":{"uv":[12.90909,3.45455,13.27273,3.81818],"texture":"#4"},"up":{"uv":[4.0,13.27273,3.63636,12.90909],"texture":"#4"},"down":{"uv":[13.27273,4.0,12.90909,4.36364],"texture":"#4"}}},{"from":[7.5,10.75,4.25],"to":[8.5,11.75,7.0],"rotation":{"origin":[7.0,12.25,5.0],"axis":"y","angle":0.0},"faces":{"east":{"uv":[13.09091,2.90909,13.63636,3.09091],"texture":"#4"},"west":{"uv":[13.09091,6.54545,13.63636,6.72727],"texture":"#4"},"up":{"uv":[2.72727,13.63636,2.54545,13.09091],"texture":"#4"},"down":{"uv":[11.63636,13.09091,11.45455,13.63636],"texture":"#4"}}},{"from":[-1.01041,6.76777,3.5035],"to":[0.98959,12.76777,4.4965],"rotation":{"origin":[8.0,8.0,4.0],"axis":"z","angle":-45.0},"faces":{"north":{"uv":[4.72727,9.63636,4.36364,10.72727],"texture":"#4"},"east":{"uv":[9.81818,12.0,9.63636,13.09091],"texture":"#4"},"south":{"uv":[10.18182,5.63636,9.81818,6.72727],"texture":"#4"},"west":{"uv":[8.90909,12.0,8.72727,13.09091],"texture":"#4"}}},{"from":[0.75736,2.5,3.5],"to":[2.75736,13.5,4.5],"rotation":{"origin":[8.0,8.0,4.0],"axis":"y","angle":0.0},"faces":{"north":{"uv":[6.72727,8.18182,6.36364,10.18182],"texture":"#4"},"east":{"uv":[2.0,9.63636,1.81818,11.63636],"texture":"#4"},"south":{"uv":[2.54545,8.54545,2.18182,10.54545],"texture":"#4"},"west":{"uv":[6.18182,9.45455,6.0,11.45455],"texture":"#4"},"up":{"uv":[14.18182,11.09091,14.54545,10.90909],"texture":"#4"},"down":{"uv":[14.0,14.18182,14.36364,14.36364],"texture":"#4"}}},{"from":[-1.01041,3.23223,3.5035],"to":[0.98959,9.23223,4.4965],"rotation":{"origin":[8.0,8.0,4.0],"axis":"z","angle":45.0},"faces":{"north":{"uv":[10.18182,6.90909,9.81818,8.0],"texture":"#4"},"east":{"uv":[6.54545,12.18182,6.36364,13.27273],"texture":"#4"},"south":{"uv":[10.18182,8.18182,9.81818,9.27273],"texture":"#4"},"west":{"uv":[10.18182,12.0,10.0,13.09091],"texture":"#4"}}},{"from":[7.5,4.25,4.25],"to":[8.5,5.25,7.0],"rotation":{"origin":[7.0,3.75,5.0],"axis":"y","angle":0.0},"faces":{"east":{"uv":[13.09091,3.09091,13.63636,2.90909],"texture":"#4"},"west":{"uv":[13.09091,6.72727,13.63636,6.54545],"texture":"#4"},"up":{"uv":[11.63636,13.63636,11.45455,13.09091],"texture":"#4"},"down":{"uv":[2.72727,13.09091,2.54545,13.63636],"texture":"#4"}}},{"from":[7.0,3.75,7.0],"to":[9.0,5.75,9.0],"rotation":{"origin":[7.0,5.75,7.0],"axis":"y","angle":0.0},"faces":{"north":{"uv":[12.90909,2.18182,13.27273,1.81818],"texture":"#4"},"east":{"uv":[12.90909,2.72727,13.27273,2.36364],"texture":"#4"},"south":{"uv":[3.09091,13.27273,3.45455,12.90909],"texture":"#4"},"west":{"uv":[12.90909,3.81818,13.27273,3.45455],"texture":"#4"},"up":{"uv":[13.27273,4.36364,12.90909,4.0],"texture":"#4"},"down":{"uv":[4.0,12.90909,3.63636,13.27273],"texture":"#4"}}},{"from":[9.75,19.07212,2.47397],"to":[11.75,21.07212,6.47397],"rotation":{"origin":[10.75,20.2525,4.8276],"axis":"x","angle":45.0},"faces":{"north":{"uv":[6.0,6.66667,7.33333,8.0],"texture":"#1"},"east":{"uv":[0.0,0.0,2.66667,1.33333],"texture":"#1"},"south":{"uv":[7.33333,4.0,8.66667,5.33333],"texture":"#1"},"west":{"uv":[0.0,2.0,2.66667,3.33333],"texture":"#1"},"up":{"uv":[4.66667,2.66667,3.33333,0.0],"texture":"#1"},"down":{"uv":[4.66667,3.33333,3.33333,6.0],"texture":"#1"}}},{"from":[10.0,21.125,2.7],"to":[11.5,24.125,4.2],"rotation":{"origin":[10.75,20.2525,4.8276],"axis":"y","angle":0.0},"faces":{"north":{"uv":[5.33333,4.0,6.33333,6.0],"texture":"#1"},"east":{"uv":[0.0,6.66667,1.0,8.66667],"texture":"#1"},"south":{"uv":[2.0,6.66667,3.0,8.66667],"texture":"#1"},"west":{"uv":[4.0,6.66667,5.0,8.66667],"texture":"#1"},"up":{"uv":[9.0,3.0,8.0,2.0],"texture":"#1"},"down":{"uv":[9.0,6.0,8.0,7.0],"texture":"#1"}}},{"from":[9.25,19.07212,2.47397],"to":[9.75,21.07212,4.97397],"rotation":{"origin":[10.75,20.2525,4.8276],"axis":"x","angle":45.0},"faces":{"north":{"uv":[2.66667,9.33333,3.0,10.66667],"texture":"#1"},"east":{"uv":[5.33333,0.0,7.0,1.33333],"texture":"#1"},"south":{"uv":[4.0,9.33333,4.33333,10.66667],"texture":"#1"},"west":{"uv":[5.33333,2.0,7.0,3.33333],"texture":"#1"},"up":{"uv":[2.33333,5.66667,2.0,4.0],"texture":"#1"},"down":{"uv":[6.33333,8.66667,6.0,10.33333],"texture":"#1"}}},{"from":[9.75,20.57212,6.47397],"to":[11.75,21.07212,9.47397],"rotation":{"origin":[10.75,20.2525,4.8276],"axis":"x","angle":45.0},"faces":{"north":{"uv":[9.33333,4.0,10.66667,4.33333],"texture":"#1"},"east":{"uv":[8.0,8.0,10.0,8.33333],"texture":"#1"},"west":{"uv":[0.0,9.33333,2.0,9.66667],"texture":"#1"},"up":{"uv":[1.33333,6.0,0.0,4.0],"texture":"#1"}}},{"from":[9.25,19.07212,4.97397],"to":[9.75,21.07212,6.97397],"rotation":{"origin":[10.75,20.2525,4.8276],"axis":"x","angle":45.0},"faces":{"north":{"uv":[7.33333,9.33333,7.66667,10.66667],"texture":"#1"},"west":{"uv":[8.0,0.0,9.33333,1.33333],"texture":"#1"},"up":{"uv":[9.0,10.66667,8.66667,9.33333],"texture":"#1"},"down":{"uv":[10.33333,0.0,10.0,1.33333],"texture":"#1"}}},{"from":[10.5,22.875,1.7],"to":[11.0,23.375,2.7],"rotation":{"origin":[10.75,20.2525,4.8276],"axis":"y","angle":0.0},"faces":{"north":{"uv":[11.33333,4.66667,11.66667,5.0],"texture":"#1"},"east":{"uv":[11.33333,2.0,12.0,2.33333],"texture":"#1"},"south":{"uv":[5.33333,11.33333,5.66667,11.66667],"texture":"#1"},"west":{"uv":[2.66667,11.33333,3.33333,11.66667],"texture":"#1"},"up":{"uv":[11.66667,4.0,11.33333,3.33333],"texture":"#1"},"down":{"uv":[4.33333,11.33333,4.0,12.0],"texture":"#1"}}},{"from":[11.25,16.975,4.45],"to":[11.75,18.975,4.45],"rotation":{"origin":[10.75,19.8525,4.8276],"axis":"y","angle":0.0},"faces":{"north":{"uv":[10.0,2.0,10.33333,3.33333],"texture":"#1"},"south":{"uv":[10.0,5.33333,10.33333,6.66667],"texture":"#1"}}},{"from":[11.0,17.275,3.45],"to":[12.0,17.285,4.45],"rotation":{"origin":[11.5,17.28,3.95],"axis":"z","angle":-45.0},"faces":{"up":{"uv":[10.66667,10.0,10.0,9.33333],"texture":"#1"},"down":{"uv":[0.66667,10.66667,0.0,11.33333],"texture":"#1"}}},{"from":[9.5,17.75,3.45],"to":[10.5,17.76,4.45],"rotation":{"origin":[10.75,20.3775,4.8276],"axis":"y","angle":0.0},"faces":{"up":{"uv":[2.0,11.33333,1.33333,10.66667],"texture":"#1"},"down":{"uv":[11.33333,7.33333,10.66667,8.0],"texture":"#1"}}},{"from":[9.75,17.75,4.45],"to":[10.25,19.75,4.45],"rotation":{"origin":[10.75,20.3775,4.8276],"axis":"y","angle":0.0},"faces":{"north":{"uv":[10.0,10.66667,10.33333,12.0],"texture":"#1"},"south":{"uv":[11.33333,0.0,11.66667,1.33333],"texture":"#1"}}},{"from":[11.75,19.07212,4.97397],"to":[12.25,21.07212,6.97397],"rotation":{"origin":[10.75,20.2525,4.8276],"axis":"x","angle":45.0},"faces":{"north":{"uv":[7.66667,9.33333,7.33333,10.66667],"texture":"#1"},"east":{"uv":[9.33333,0.0,8.0,1.33333],"texture":"#1"},"up":{"uv":[8.66667,10.66667,9.0,9.33333],"texture":"#1"},"down":{"uv":[10.0,0.0,10.33333,1.33333],"texture":"#1"}}},{"from":[11.75,19.07212,2.47397],"to":[12.25,21.07212,4.97397],"rotation":{"origin":[10.75,20.2525,4.8276],"axis":"x","angle":45.0},"faces":{"north":{"uv":[3.0,9.33333,2.66667,10.66667],"texture":"#1"},"east":{"uv":[7.0,2.0,5.33333,3.33333],"texture":"#1"},"south":{"uv":[4.33333,9.33333,4.0,10.66667],"texture":"#1"},"west":{"uv":[7.0,0.0,5.33333,1.33333],"texture":"#1"},"up":{"uv":[2.0,5.66667,2.33333,4.0],"texture":"#1"},"down":{"uv":[6.0,8.66667,6.33333,10.33333],"texture":"#1"}}},{"from":[11.75,21.07212,9.47397],"to":[9.75,20.57212,6.47397],"rotation":{"origin":[10.75,20.2525,4.8276],"axis":"x","angle":45.0},"faces":{"east":{"uv":[0.0,9.66667,2.0,9.33333],"texture":"#1"},"south":{"uv":[9.33333,4.33333,10.66667,4.0],"texture":"#1"},"west":{"uv":[8.0,8.33333,10.0,8.0],"texture":"#1"},"down":{"uv":[1.33333,4.0,0.0,6.0],"texture":"#1","rotation":180}}},{"from":[9.75,21.07212,6.97397],"to":[9.25,19.07212,4.97397],"rotation":{"origin":[10.75,20.2525,4.8276],"axis":"x","angle":45.0},"faces":{"east":{"uv":[8.0,1.33333,9.33333,0.0],"texture":"#1"},"south":{"uv":[7.33333,10.66667,7.66667,9.33333],"texture":"#1"},"up":{"uv":[10.33333,1.33333,10.0,0.0],"texture":"#1","rotation":180},"down":{"uv":[9.0,9.33333,8.66667,10.66667],"texture":"#1","rotation":180}}},{"from":[12.25,21.07212,6.97397],"to":[11.75,19.07212,4.97397],"rotation":{"origin":[10.75,20.2525,4.8276],"axis":"x","angle":45.0},"faces":{"south":{"uv":[7.66667,10.66667,7.33333,9.33333],"texture":"#1"},"west":{"uv":[9.33333,1.33333,8.0,0.0],"texture":"#1"},"up":{"uv":[10.0,1.33333,10.33333,0.0],"texture":"#1","rotation":180},"down":{"uv":[8.66667,9.33333,9.0,10.66667],"texture":"#1","rotation":180}}},{"from":[7.92013,13.15288,3.10962],"to":[8.92013,14.65288,4.11462],"rotation":{"origin":[7.31264,10.82657,3.42476],"axis":"z","angle":-22.5},"faces":{"north":{"uv":[4.0,5.33333,4.66667,6.33333],"texture":"#2"},"east":{"uv":[0.0,5.33333,0.66667,6.33333],"texture":"#2"},"south":{"uv":[1.33333,5.33333,2.0,6.33333],"texture":"#2"},"west":{"uv":[2.66667,5.33333,3.33333,6.33333],"texture":"#2"},"up":{"uv":[0.66667,9.33333,0.0,8.66667],"texture":"#2","rotation":90},"down":{"uv":[2.0,8.66667,1.33333,9.33333],"texture":"#2","rotation":270}}},{"from":[7.3335,13.47678,3.36212],"to":[8.3335,14.97678,3.86212],"rotation":{"origin":[7.31264,10.82657,3.42476],"axis":"z","angle":-45.0},"faces":{"north":{"uv":[6.0,1.33333,6.66667,2.33333],"texture":"#2"},"east":{"uv":[8.66667,1.33333,9.0,2.33333],"texture":"#2"},"south":{"uv":[5.33333,5.33333,6.0,6.33333],"texture":"#2"},"west":{"uv":[2.66667,8.66667,3.0,9.66667],"texture":"#2"},"up":{"uv":[11.0,11.33333,10.66667,10.66667],"texture":"#2","rotation":90},"down":{"uv":[0.33333,11.33333,0.0,12.0],"texture":"#2","rotation":270}}},{"from":[8.33815,12.62914,3.36212],"to":[9.33815,14.12914,3.86212],"rotation":{"origin":[7.31264,10.82657,3.42476],"axis":"y","angle":0.0},"faces":{"north":{"uv":[6.66667,5.33333,7.33333,6.33333],"texture":"#2"},"east":{"uv":[8.66667,3.33333,9.0,4.33333],"texture":"#2"},"south":{"uv":[6.0,3.33333,6.66667,4.33333],"texture":"#2"},"west":{"uv":[4.0,8.66667,4.33333,9.66667],"texture":"#2"},"up":{"uv":[1.66667,12.0,1.33333,11.33333],"texture":"#2","rotation":90},"down":{"uv":[11.66667,1.33333,11.33333,2.0],"texture":"#2","rotation":270}}},{"from":[4.97825,7.68784,3.29742],"to":[5.97825,8.68784,3.79742],"rotation":{"origin":[7.31264,6.57657,1.92476],"axis":"z","angle":-22.5},"faces":{"north":{"uv":[3.33333,8.0,2.66667,7.33333],"texture":"#2"},"east":{"uv":[9.33333,9.33333,10.0,9.66667],"texture":"#2","rotation":90},"south":{"uv":[8.0,2.66667,7.33333,3.33333],"texture":"#2","rotation":180},"west":{"uv":[8.0,9.33333,8.66667,9.66667],"texture":"#2","rotation":270},"up":{"uv":[9.33333,6.66667,10.0,7.0],"texture":"#2"},"down":{"uv":[9.33333,8.0,10.0,8.33333],"texture":"#2","rotation":180}}},{"from":[3.97825,6.68784,3.29742],"to":[4.97825,7.68784,3.79742],"rotation":{"origin":[7.31264,6.57657,1.92476],"axis":"z","angle":-22.5},"faces":{"north":{"uv":[4.66667,8.0,4.0,7.33333],"texture":"#2"},"east":{"uv":[10.0,2.66667,10.66667,3.0],"texture":"#2","rotation":90},"south":{"uv":[8.0,4.0,7.33333,4.66667],"texture":"#2","rotation":180},"west":{"uv":[1.33333,10.0,2.0,10.33333],"texture":"#2","rotation":270},"up":{"uv":[0.0,10.0,0.66667,10.33333],"texture":"#2"},"down":{"uv":[10.0,1.33333,10.66667,1.66667],"texture":"#2","rotation":180}}},{"from":[3.97825,7.68784,3.29492],"to":[4.97825,8.68784,3.79992],"rotation":{"origin":[7.31264,6.57657,1.92476],"axis":"z","angle":-22.5},"faces":{"north":{"uv":[6.0,8.0,5.33333,7.33333],"texture":"#2"},"east":{"uv":[10.66667,0.0,11.33333,0.33333],"texture":"#2","rotation":90},"south":{"uv":[7.33333,7.33333,6.66667,8.0],"texture":"#2","rotation":180},"west":{"uv":[5.33333,10.0,6.0,10.33333],"texture":"#2","rotation":270},"up":{"uv":[10.0,4.0,10.66667,4.33333],"texture":"#2"},"down":{"uv":[6.66667,10.0,7.33333,10.33333],"texture":"#2","rotation":180}}},{"from":[7.98718,9.46509,3.29742],"to":[8.98718,10.46509,3.79742],"rotation":{"origin":[7.31264,6.57657,1.92476],"axis":"z","angle":45.0},"faces":{"north":{"uv":[8.66667,0.66667,8.0,0.0],"texture":"#2","rotation":270},"east":{"uv":[2.66667,10.66667,3.33333,11.0],"texture":"#2","rotation":90},"south":{"uv":[8.66667,5.33333,8.0,6.0],"texture":"#2","rotation":270},"west":{"uv":[10.66667,5.33333,11.33333,5.66667],"texture":"#2","rotation":270},"up":{"uv":[4.0,10.66667,4.66667,11.0],"texture":"#2"},"down":{"uv":[10.66667,6.66667,11.33333,7.0],"texture":"#2","rotation":180}}},{"from":[4.04002,8.80315,3.29742],"to":[5.04002,9.80315,3.79742],"rotation":{"origin":[7.31264,6.57657,1.92476],"axis":"y","angle":0.0},"faces":{"north":{"uv":[8.66667,7.33333,8.0,6.66667],"texture":"#2"},"east":{"uv":[10.66667,9.33333,11.33333,9.66667],"texture":"#2","rotation":90},"south":{"uv":[8.66667,8.0,8.0,8.66667],"texture":"#2","rotation":180},"west":{"uv":[10.66667,8.0,11.33333,8.33333],"texture":"#2","rotation":270},"up":{"uv":[8.0,10.66667,8.66667,11.0],"texture":"#2"},"down":{"uv":[9.33333,10.66667,10.0,11.0],"texture":"#2","rotation":180}}},{"from":[9.14121,3.95198,2.52992],"to":[11.14121,5.95198,3.52992],"rotation":{"origin":[9.76621,5.225,2.91653],"axis":"x","angle":-22.5},"faces":{"north":{"uv":[1.33333,1.33333,0.0,0.0],"texture":"#2","rotation":90},"east":{"uv":[0.0,4.0,1.33333,4.66667],"texture":"#2","rotation":90},"south":{"uv":[1.33333,2.0,0.0,3.33333],"texture":"#2","rotation":90},"west":{"uv":[2.0,1.33333,3.33333,2.0],"texture":"#2","rotation":270},"up":{"uv":[4.0,1.33333,5.33333,2.0],"texture":"#2"},"down":{"uv":[2.0,2.66667,3.33333,3.33333],"texture":"#2","rotation":180}}},{"from":[8.14121,4.95198,2.52992],"to":[9.14121,6.45198,3.52992],"rotation":{"origin":[9.76621,5.225,2.91653],"axis":"x","angle":-22.5},"faces":{"north":{"uv":[5.0,4.66667,4.0,4.0],"texture":"#2","rotation":90},"east":{"uv":[4.0,2.66667,5.0,3.33333],"texture":"#2","rotation":90},"south":{"uv":[5.66667,0.0,4.66667,0.66667],"texture":"#2","rotation":90},"west":{"uv":[2.0,4.0,3.0,4.66667],"texture":"#2","rotation":270},"up":{"uv":[0.0,7.33333,0.66667,8.0],"texture":"#2"},"down":{"uv":[6.66667,0.0,7.33333,0.66667],"texture":"#2","rotation":180}}},{"from":[10.39121,5.20198,2.77992],"to":[11.39121,6.20198,3.27992],"rotation":{"origin":[9.76621,5.225,2.91653],"axis":"x","angle":-22.5},"faces":{"north":{"uv":[2.0,8.0,1.33333,7.33333],"texture":"#2","rotation":90},"east":{"uv":[9.33333,0.0,10.0,0.33333],"texture":"#2","rotation":90},"south":{"uv":[8.0,1.33333,7.33333,2.0],"texture":"#2","rotation":90},"west":{"uv":[5.33333,8.66667,6.0,9.0],"texture":"#2","rotation":270},"up":{"uv":[9.33333,5.33333,10.0,5.66667],"texture":"#2"},"down":{"uv":[6.66667,8.66667,7.33333,9.0],"texture":"#2","rotation":180}}},{"from":[9.14121,5.94198,2.02992],"to":[9.64121,5.95198,2.52992],"rotation":{"origin":[9.76621,5.225,2.91653],"axis":"x","angle":-22.5},"faces":{"up":{"uv":[11.33333,2.66667,11.66667,3.0],"texture":"#2"},"down":{"uv":[11.66667,2.66667,11.33333,3.0],"texture":"#2","rotation":180}}},{"from":[10.64121,5.94198,2.02992],"to":[11.14121,5.95198,2.52992],"rotation":{"origin":[9.76621,5.225,2.91653],"axis":"x","angle":-22.5},"faces":{"up":{"uv":[11.33333,4.0,11.66667,4.33333],"texture":"#2"},"down":{"uv":[11.66667,4.0,11.33333,4.33333],"texture":"#2","rotation":180}}},{"from":[8.64121,5.44198,3.02992],"to":[11.64121,5.45198,4.02992],"rotation":{"origin":[9.76621,5.225,2.91653],"axis":"x","angle":-22.5},"faces":{"up":{"uv":[2.0,0.0,4.0,0.66667],"texture":"#2"},"down":{"uv":[4.0,0.0,2.0,0.66667],"texture":"#2","rotation":180}}},{"from":[8.64121,4.94198,3.02992],"to":[11.64121,4.95198,4.02992],"rotation":{"origin":[9.76621,5.225,2.91653],"axis":"x","angle":-22.5},"faces":{"up":{"uv":[2.0,0.0,4.0,0.66667],"texture":"#2"},"down":{"uv":[4.0,0.0,2.0,0.66667],"texture":"#2","rotation":180}}},{"from":[8.64121,4.44198,3.02992],"to":[11.64121,4.45198,4.02992],"rotation":{"origin":[9.76621,5.225,2.91653],"axis":"x","angle":-22.5},"faces":{"up":{"uv":[2.0,0.0,4.0,0.66667],"texture":"#2"},"down":{"uv":[4.0,0.0,2.0,0.66667],"texture":"#2","rotation":180}}}],"textures":{"particle":"plny_little_seagull_set:9bf168ff-a2fd-4cae-af52-1678c1538e5a","1":"plny_little_seagull_set:9bf168ff-a2fd-4cae-af52-1678c1538e5a","2":"plny_little_seagull_set:bc71b29d-3b07-457f-8a81-eacc28d09b85","4":"plny_little_seagull_set:7752b962-7c67-42b2-a146-48ae6525f4c0"},"gui_light":"front"}