{"display":{"thirdperson_righthand":{"rotation":[-133.25,0.0,-180.0],"translation":[0.0,3.75,3.75],"scale":[0.6,0.6,0.6]},"thirdperson_lefthand":{"rotation":[67.75,0.0,0.0],"translation":[-5.5,-5.25,17.5]},"firstperson_righthand":{"rotation":[-24.0,180.0,0.0],"translation":[3.5,5.0,0.0],"scale":[0.7,0.7,0.7]},"firstperson_lefthand":{"scale":[0.0,0.0,0.0]},"ground":{"rotation":[-45.0,0.0,0.0],"translation":[0.0,5.0,0.0],"scale":[0.5,0.5,0.5]},"gui":{"rotation":[0.0,180.0,0.0],"scale":[0.44,0.44,0.44]},"head":{"translation":[0.0,-38.25,9.25],"scale":[1.6,1.6,1.6]},"fixed":{"rotation":[0.0,180.0,0.0],"translation":[0.0,11.5,-7.0],"scale":[2.0,2.0,2.0]}},"elements":[{"from":[8.5,-1.0,7.0],"to":[11.5,17.0,7.01],"rotation":{"origin":[8.5,-1.0,7.0],"axis":"y","angle":-45.0},"faces":{"north":{"uv":[8.4,2.0,9.6,9.2],"texture":"#2"},"south":{"uv":[9.6,2.0,8.4,9.2],"texture":"#2"}}},{"from":[10.61425,-1.0,9.11839],"to":[17.61425,17.0,9.12839],"rotation":{"origin":[10.61425,-1.0,9.11839],"axis":"y","angle":0.0},"faces":{"north":{"uv":[5.6,2.0,8.4,9.2],"texture":"#2"},"south":{"uv":[8.4,2.0,5.6,9.2],"texture":"#2"}}},{"from":[17.61425,-1.0,9.11839],"to":[24.61425,17.0,9.12839],"rotation":{"origin":[17.61425,-1.0,9.11839],"axis":"y","angle":-22.5},"faces":{"north":{"uv":[2.8,2.0,5.6,9.2],"texture":"#2"},"south":{"uv":[5.6,2.0,2.8,9.2],"texture":"#2"}}},{"from":[24.08141,-1.0,11.79718],"to":[31.08141,17.0,11.80718],"rotation":{"origin":[24.08141,-1.0,11.79718],"axis":"y","angle":-45.0},"faces":{"north":{"uv":[0.0,2.0,2.8,9.2],"texture":"#2"},"south":{"uv":[2.8,2.0,0.0,9.2],"texture":"#2"}}},{"from":[8.49293,-1.0,4.00707],"to":[8.50293,17.0,7.00707],"rotation":{"origin":[8.50293,-1.0,4.00707],"axis":"y","angle":0.0},"faces":{"east":{"uv":[9.6,2.0,10.8,9.2],"texture":"#2"},"west":{"uv":[10.8,2.0,9.6,9.2],"texture":"#2"}}},{"from":[7.49707,-1.0,4.00707],"to":[7.50707,17.0,7.00707],"rotation":{"origin":[7.49707,-1.0,4.00707],"axis":"y","angle":0.0},"faces":{"east":{"uv":[9.6,2.0,10.8,9.2],"texture":"#2"},"west":{"uv":[10.8,2.0,9.6,9.2],"texture":"#2"}}},{"from":[-15.08141,-1.0,11.79718],"to":[-8.08141,17.0,11.80718],"rotation":{"origin":[-8.08141,-1.0,11.79718],"axis":"y","angle":45.0},"faces":{"north":{"uv":[2.8,2.0,0.0,9.2],"texture":"#2"},"south":{"uv":[0.0,2.0,2.8,9.2],"texture":"#2"}}},{"from":[-8.61425,-1.0,9.11839],"to":[-1.61425,17.0,9.12839],"rotation":{"origin":[-1.61425,-1.0,9.11839],"axis":"y","angle":22.5},"faces":{"north":{"uv":[5.6,2.0,2.8,9.2],"texture":"#2"},"south":{"uv":[2.8,2.0,5.6,9.2],"texture":"#2"}}},{"from":[-1.61425,-1.0,9.11839],"to":[5.38575,17.0,9.12839],"rotation":{"origin":[5.38575,-1.0,9.11839],"axis":"y","angle":0.0},"faces":{"north":{"uv":[8.4,2.0,5.6,9.2],"texture":"#2"},"south":{"uv":[5.6,2.0,8.4,9.2],"texture":"#2"}}},{"from":[4.5,-1.0,7.0],"to":[7.5,17.0,7.01],"rotation":{"origin":[7.5,-1.0,7.0],"axis":"y","angle":45.0},"faces":{"north":{"uv":[9.6,2.0,8.4,9.2],"texture":"#2"},"south":{"uv":[8.4,2.0,9.6,9.2],"texture":"#2"}}},{"from":[24.08141,-4.0,10.49718],"to":[32.0,20.0,10.50718],"rotation":{"origin":[24.08141,-1.0,10.49718],"axis":"y","angle":-45.0},"faces":{"north":{"uv":[0.0,0.0,4.0,12.0],"texture":"#1"},"south":{"uv":[4.0,0.0,0.0,12.0],"texture":"#1"}}},{"from":[17.61425,-4.0,7.81839],"to":[24.61425,20.0,7.82839],"rotation":{"origin":[17.61425,-1.0,7.81839],"axis":"y","angle":-22.5},"faces":{"north":{"uv":[4.0,0.0,7.5,12.0],"texture":"#1"},"south":{"uv":[7.5,0.0,4.0,12.0],"texture":"#1"}}},{"from":[10.61425,-4.0,7.81839],"to":[17.61425,20.0,7.82839],"rotation":{"origin":[10.61425,-1.0,7.81839],"axis":"y","angle":0.0},"faces":{"north":{"uv":[7.5,0.0,11.0,12.0],"texture":"#1"},"south":{"uv":[11.0,0.0,7.5,12.0],"texture":"#1"}}},{"from":[8.5,-4.0,5.7],"to":[11.5,20.0,5.71],"rotation":{"origin":[8.5,-1.0,5.7],"axis":"y","angle":-45.0},"faces":{"north":{"uv":[11.0,0.0,12.5,12.0],"texture":"#1"},"south":{"uv":[12.5,0.0,11.0,12.0],"texture":"#1"}}},{"from":[19.77512,-4.0,19.00754],"to":[19.78512,20.0,26.92614],"rotation":{"origin":[15.96732,8.0,14.53228],"axis":"y","angle":22.5},"faces":{"east":{"uv":[0.0,0.0,4.0,12.0],"texture":"#1"},"west":{"uv":[4.0,0.0,0.0,12.0],"texture":"#1"}}},{"from":[17.7719,-4.0,13.12789],"to":[17.7819,20.0,20.12789],"rotation":{"origin":[15.96732,8.0,14.53228],"axis":"y","angle":45.0},"faces":{"east":{"uv":[4.0,0.0,7.5,12.0],"texture":"#1"},"west":{"uv":[7.5,0.0,4.0,12.0],"texture":"#1"}}},{"from":[8.36425,-4.0,12.31839],"to":[15.36425,20.0,12.32839],"rotation":{"origin":[15.96732,8.0,14.53228],"axis":"y","angle":-22.5},"faces":{"north":{"uv":[7.5,0.0,11.0,12.0],"texture":"#1"},"south":{"uv":[11.0,0.0,7.5,12.0],"texture":"#1"}}},{"from":[12.14952,-4.0,4.59771],"to":[12.15952,20.0,7.59771],"rotation":{"origin":[15.96732,8.0,14.53228],"axis":"y","angle":22.5},"faces":{"east":{"uv":[11.0,0.0,12.5,12.0],"texture":"#1"},"west":{"uv":[12.5,0.0,11.0,12.0],"texture":"#1"}}},{"from":[-3.78512,-4.0,19.00754],"to":[-3.77512,20.0,26.92614],"rotation":{"origin":[0.03268,8.0,14.53228],"axis":"y","angle":-22.5},"faces":{"east":{"uv":[0.0,0.0,4.0,12.0],"texture":"#1"},"west":{"uv":[4.0,0.0,0.0,12.0],"texture":"#1"}}},{"from":[-1.7819,-4.0,13.12789],"to":[-1.7719,20.0,20.12789],"rotation":{"origin":[0.03268,8.0,14.53228],"axis":"y","angle":-45.0},"faces":{"east":{"uv":[4.0,0.0,7.5,12.0],"texture":"#1"},"west":{"uv":[7.5,0.0,4.0,12.0],"texture":"#1"}}},{"from":[0.63575,-4.0,12.31839],"to":[7.63575,20.0,12.32839],"rotation":{"origin":[0.03268,8.0,14.53228],"axis":"y","angle":22.5},"faces":{"north":{"uv":[11.0,0.0,7.5,12.0],"texture":"#1"},"south":{"uv":[7.5,0.0,11.0,12.0],"texture":"#1"}}},{"from":[3.84048,-4.0,4.59771],"to":[3.85048,20.0,7.59771],"rotation":{"origin":[0.03268,8.0,14.53228],"axis":"y","angle":-22.5},"faces":{"east":{"uv":[11.0,0.0,12.5,12.0],"texture":"#1"},"west":{"uv":[12.5,0.0,11.0,12.0],"texture":"#1"}}},{"from":[-16.0,-4.0,10.49718],"to":[-8.08141,20.0,10.50718],"rotation":{"origin":[-8.08141,-1.0,10.49718],"axis":"y","angle":45.0},"faces":{"north":{"uv":[4.0,0.0,0.0,12.0],"texture":"#1"},"south":{"uv":[0.0,0.0,4.0,12.0],"texture":"#1"}}},{"from":[-8.61425,-4.0,7.81839],"to":[-1.61425,20.0,7.82839],"rotation":{"origin":[-1.61425,-1.0,7.81839],"axis":"y","angle":22.5},"faces":{"north":{"uv":[7.5,0.0,4.0,12.0],"texture":"#1"},"south":{"uv":[4.0,0.0,7.5,12.0],"texture":"#1"}}},{"from":[-1.61425,-4.0,7.81839],"to":[5.38575,20.0,7.82839],"rotation":{"origin":[5.38575,-1.0,7.81839],"axis":"y","angle":0.0},"faces":{"north":{"uv":[11.0,0.0,7.5,12.0],"texture":"#1"},"south":{"uv":[7.5,0.0,11.0,12.0],"texture":"#1"}}},{"from":[4.5,-4.0,5.7],"to":[7.5,20.0,5.71],"rotation":{"origin":[7.5,-1.0,5.7],"axis":"y","angle":45.0},"faces":{"north":{"uv":[12.5,0.0,11.0,12.0],"texture":"#1"},"south":{"uv":[11.0,0.0,12.5,12.0],"texture":"#1"}}}],"textures":{"particle":"plny_little_seagull_set:5b52409e-e351-4efc-8f57-e6b75b17d0f7","1":"plny_little_seagull_set:c7289af3-a9a8-4304-8686-1a0fd695b4eb","2":"plny_little_seagull_set:5b52409e-e351-4efc-8f57-e6b75b17d0f7"},"gui_light":"front"}