{"display":{"thirdperson_righthand":{"translation":[0.0,-3.75,1.0]},"thirdperson_lefthand":{"translation":[0.0,-3.75,1.0]},"firstperson_righthand":{"rotation":[-5.0,0.0,0.0],"translation":[1.25,-0.5,1.0],"scale":[0.7,0.7,0.7]},"firstperson_lefthand":{"rotation":[-5.0,0.0,0.0],"translation":[1.25,-0.5,1.0],"scale":[0.7,0.7,0.7]},"ground":{"rotation":[-45.0,0.0,0.0],"translation":[0.0,5.0,0.0],"scale":[0.7,0.7,0.7]},"gui":{"rotation":[-90.0,135.0,90.0],"translation":[-2.75,-2.75,0.0]},"head":{"rotation":[0.0,-90.0,0.0]},"fixed":{"rotation":[0.0,-90.0,0.0],"translation":[0.0,0.25,-1.5],"scale":[2.0,2.0,2.0]}},"elements":[{"from":[7.99,14.24986,-5.1253],"to":[8.01,19.24986,6.3747],"rotation":{"origin":[8.0,17.24986,3.6247],"axis":"x","angle":-22.5},"faces":{"east":{"uv":[7.0,3.81818,4.90909,4.72727],"texture":"#4"},"west":{"uv":[4.90909,3.81818,7.0,4.72727],"texture":"#4"}}},{"from":[7.99,14.85,9.75],"to":[8.01,20.35,13.75],"rotation":{"origin":[7.99,7.85,10.25],"axis":"y","angle":0.0},"faces":{"east":{"uv":[9.09091,5.81818,8.36364,6.81818],"texture":"#4"},"west":{"uv":[8.36364,5.81818,9.09091,6.81818],"texture":"#4"}}},{"from":[7.25,12.375,7.25],"to":[8.75,13.375,8.75],"rotation":{"origin":[8.0,9.75,8.0],"axis":"y","angle":45.0},"faces":{"north":{"uv":[14.36364,11.81818,14.63636,12.0],"texture":"#4"},"east":{"uv":[12.72727,14.36364,13.0,14.54545],"texture":"#4"},"south":{"uv":[14.36364,12.72727,14.63636,12.90909],"texture":"#4"},"west":{"uv":[14.36364,13.09091,14.63636,13.27273],"texture":"#4"},"up":{"uv":[13.90909,4.63636,13.63636,4.36364],"texture":"#4"},"down":{"uv":[13.90909,6.90909,13.63636,7.18182],"texture":"#4"}}},{"from":[7.25,16.375,7.25],"to":[8.75,17.375,8.75],"rotation":{"origin":[8.0,14.75,8.0],"axis":"y","angle":45.0},"faces":{"north":{"uv":[13.27273,14.36364,13.54545,14.54545],"texture":"#4"},"east":{"uv":[14.36364,13.45455,14.63636,13.63636],"texture":"#4"},"south":{"uv":[0.0,14.54545,0.27273,14.72727],"texture":"#4"},"west":{"uv":[14.54545,0.0,14.81818,0.18182],"texture":"#4"},"up":{"uv":[13.90909,10.45455,13.63636,10.18182],"texture":"#4"},"down":{"uv":[13.90909,10.72727,13.63636,11.0],"texture":"#4"}}},{"from":[7.0,13.375,7.0],"to":[9.0,16.375,9.0],"rotation":{"origin":[8.0,11.75,8.0],"axis":"y","angle":45.0},"faces":{"north":{"uv":[7.81818,11.63636,8.18182,12.18182],"texture":"#4"},"east":{"uv":[11.81818,1.45455,12.18182,2.0],"texture":"#4"},"south":{"uv":[11.81818,2.18182,12.18182,2.72727],"texture":"#4"},"west":{"uv":[2.54545,11.81818,2.90909,12.36364],"texture":"#4"},"up":{"uv":[3.45455,12.72727,3.09091,12.36364],"texture":"#4"},"down":{"uv":[12.72727,3.81818,12.36364,4.18182],"texture":"#4"}}},{"from":[6.75,17.375,6.75],"to":[9.25,17.875,9.25],"rotation":{"origin":[7.5,13.875,7.5],"axis":"y","angle":0.0},"faces":{"north":{"uv":[9.27273,14.72727,9.72727,14.81818],"texture":"#4"},"east":{"uv":[14.72727,9.45455,15.18182,9.54545],"texture":"#4"},"south":{"uv":[14.72727,9.81818,15.18182,9.90909],"texture":"#4"},"west":{"uv":[14.72727,10.72727,15.18182,10.81818],"texture":"#4"},"up":{"uv":[11.90909,8.27273,11.45455,7.81818],"texture":"#4"},"down":{"uv":[11.90909,11.09091,11.45455,11.54545],"texture":"#4"}}},{"from":[7.25,17.875,7.0],"to":[8.75,18.875,9.0],"rotation":{"origin":[7.5,13.875,7.5],"axis":"y","angle":0.0},"faces":{"north":{"uv":[0.54545,14.54545,0.81818,14.72727],"texture":"#4"},"east":{"uv":[14.0,5.45455,14.36364,5.63636],"texture":"#4"},"south":{"uv":[14.54545,1.09091,14.81818,1.27273],"texture":"#4"},"west":{"uv":[7.63636,14.0,8.0,14.18182],"texture":"#4"},"up":{"uv":[13.18182,8.36364,12.90909,8.0],"texture":"#4"}}},{"from":[7.5,17.625,5.0],"to":[8.5,18.625,11.0],"rotation":{"origin":[7.5,17.875,5.5],"axis":"y","angle":0.0},"faces":{"north":{"uv":[14.90909,7.27273,15.09091,7.45455],"texture":"#4"},"east":{"uv":[11.81818,6.54545,12.90909,6.72727],"texture":"#4"},"south":{"uv":[14.90909,7.63636,15.09091,7.81818],"texture":"#4"},"west":{"uv":[11.81818,8.90909,12.90909,9.09091],"texture":"#4"},"up":{"uv":[11.63636,12.90909,11.45455,11.81818],"texture":"#4"},"down":{"uv":[12.0,11.81818,11.81818,12.90909],"texture":"#4"}}},{"from":[7.75,17.375,4.0],"to":[8.25,18.875,5.5],"rotation":{"origin":[7.5,17.875,10.0],"axis":"y","angle":0.0},"faces":{"north":{"uv":[6.90909,15.09091,7.0,15.36364],"texture":"#4"},"east":{"uv":[11.81818,13.81818,12.09091,14.09091],"texture":"#4"},"south":{"uv":[7.27273,15.09091,7.36364,15.36364],"texture":"#4"},"west":{"uv":[12.36364,13.81818,12.63636,14.09091],"texture":"#4"},"up":{"uv":[7.72727,15.36364,7.63636,15.09091],"texture":"#4"},"down":{"uv":[8.45455,15.09091,8.36364,15.36364],"texture":"#4"}}},{"from":[7.75,17.375,10.5],"to":[8.25,18.875,12.0],"rotation":{"origin":[7.5,17.875,6.0],"axis":"y","angle":0.0},"faces":{"north":{"uv":[8.72727,15.09091,8.81818,15.36364],"texture":"#4"},"east":{"uv":[13.81818,12.72727,14.09091,13.0],"texture":"#4"},"south":{"uv":[15.09091,8.72727,15.18182,9.0],"texture":"#4"},"west":{"uv":[12.90909,13.81818,13.18182,14.09091],"texture":"#4"},"up":{"uv":[9.18182,15.36364,9.09091,15.09091],"texture":"#4"},"down":{"uv":[9.54545,15.09091,9.45455,15.36364],"texture":"#4"}}},{"from":[7.5,6.875,7.5],"to":[8.5,12.375,8.5],"rotation":{"origin":[8.0,7.75,8.0],"axis":"y","angle":45.0},"faces":{"north":{"uv":[6.72727,12.18182,6.90909,13.18182],"texture":"#4"},"east":{"uv":[7.09091,12.18182,7.27273,13.18182],"texture":"#4"},"south":{"uv":[7.45455,12.18182,7.63636,13.18182],"texture":"#4"},"west":{"uv":[9.09091,12.18182,9.27273,13.18182],"texture":"#4"}}},{"from":[7.25,5.875,7.25],"to":[8.75,6.875,8.75],"rotation":{"origin":[8.0,7.75,8.0],"axis":"y","angle":45.0},"faces":{"north":{"uv":[1.45455,14.54545,1.72727,14.72727],"texture":"#4"},"east":{"uv":[14.54545,1.45455,14.81818,1.63636],"texture":"#4"},"south":{"uv":[14.54545,1.81818,14.81818,2.0],"texture":"#4"},"west":{"uv":[14.54545,2.18182,14.81818,2.36364],"texture":"#4"},"up":{"uv":[13.90909,12.45455,13.63636,12.18182],"texture":"#4"},"down":{"uv":[14.09091,0.54545,13.81818,0.81818],"texture":"#4"}}},{"from":[7.35,1.125,7.35],"to":[8.65,5.375,8.65],"rotation":{"origin":[8.0,2.75,8.0],"axis":"y","angle":45.0},"faces":{"north":{"uv":[4.18182,10.90909,4.45455,11.72727],"texture":"#4"},"east":{"uv":[4.72727,10.90909,5.0,11.72727],"texture":"#4"},"south":{"uv":[9.81818,10.90909,10.09091,11.72727],"texture":"#4"},"west":{"uv":[11.09091,0.72727,11.36364,1.54545],"texture":"#4"},"up":{"uv":[11.0,13.72727,10.72727,13.45455],"texture":"#4"},"down":{"uv":[1.90909,13.63636,1.63636,13.90909],"texture":"#4"}}},{"from":[7.5,5.375,7.5],"to":[8.5,5.875,8.5],"rotation":{"origin":[8.0,4.25,8.0],"axis":"y","angle":45.0},"faces":{"north":{"uv":[15.09091,14.18182,15.27273,14.27273],"texture":"#4"},"east":{"uv":[15.27273,0.36364,15.45455,0.45455],"texture":"#4"},"south":{"uv":[0.72727,15.27273,0.90909,15.36364],"texture":"#4"},"west":{"uv":[15.27273,0.72727,15.45455,0.81818],"texture":"#4"}}},{"from":[7.25,0.125,7.25],"to":[8.75,1.125,8.75],"rotation":{"origin":[8.0,2.0,8.0],"axis":"y","angle":45.0},"faces":{"north":{"uv":[2.54545,14.54545,2.81818,14.72727],"texture":"#4"},"east":{"uv":[3.09091,14.54545,3.36364,14.72727],"texture":"#4"},"south":{"uv":[14.54545,3.27273,14.81818,3.45455],"texture":"#4"},"west":{"uv":[14.54545,3.63636,14.81818,3.81818],"texture":"#4"},"up":{"uv":[2.45455,14.09091,2.18182,13.81818],"texture":"#4"},"down":{"uv":[14.09091,2.72727,13.81818,3.0],"texture":"#4"}}},{"from":[7.4975,-1.41558,7.825],"to":[8.5025,0.00942,9.25],"rotation":{"origin":[7.4975,-1.24058,8.0],"axis":"x","angle":-45.0},"faces":{"north":{"uv":[14.54545,5.09091,14.72727,5.36364],"texture":"#4"},"east":{"uv":[13.81818,13.27273,14.09091,13.54545],"texture":"#4"},"south":{"uv":[6.18182,14.54545,6.36364,14.81818],"texture":"#4"},"west":{"uv":[13.45455,13.81818,13.72727,14.09091],"texture":"#4"},"up":{"uv":[6.72727,14.81818,6.54545,14.54545],"texture":"#4"},"down":{"uv":[7.09091,14.54545,6.90909,14.81818],"texture":"#4"}}},{"from":[7.0,0.91303,8.73663],"to":[9.0,4.91303,10.73663],"rotation":{"origin":[8.0,2.39499,9.7526],"axis":"y","angle":0.0},"faces":{"north":{"uv":[4.66667,3.33334,3.33334,6.0],"texture":"#1","rotation":180},"east":{"uv":[0.0,0.0,2.66667,1.33334],"texture":"#1","rotation":270},"south":{"uv":[4.66667,2.66667,3.33334,0.0],"texture":"#1"},"west":{"uv":[0.0,2.0,2.66667,3.33334],"texture":"#1","rotation":90},"up":{"uv":[6.0,6.66667,7.33334,8.0],"texture":"#1","rotation":180},"down":{"uv":[7.33334,4.0,8.66667,5.33334],"texture":"#1"}}},{"from":[7.25,3.5,7.625],"to":[8.75,6.5,9.125],"rotation":{"origin":[8.0,2.39499,9.7526],"axis":"x","angle":45.0},"faces":{"north":{"uv":[5.33334,4.0,6.33334,6.0],"texture":"#1"},"east":{"uv":[0.0,6.66667,1.0,8.66667],"texture":"#1"},"south":{"uv":[2.0,6.66667,3.0,8.66667],"texture":"#1"},"west":{"uv":[4.0,6.66667,5.0,8.66667],"texture":"#1"},"up":{"uv":[9.0,3.0,8.0,2.0],"texture":"#1"},"down":{"uv":[9.0,6.0,8.0,7.0],"texture":"#1"}}},{"from":[4.6875,2.05056,10.43542],"to":[7.1875,4.05056,10.93542],"rotation":{"origin":[8.0,2.39499,9.7526],"axis":"x","angle":-22.5},"faces":{"north":{"uv":[5.33334,1.33334,7.0,0.0],"texture":"#1","rotation":180},"east":{"uv":[2.66667,10.66667,3.0,9.33334],"texture":"#1","rotation":180},"south":{"uv":[5.33334,3.33334,7.0,2.0],"texture":"#1","rotation":180},"west":{"uv":[4.0,10.66667,4.33334,9.33334],"texture":"#1","rotation":180},"up":{"uv":[2.33334,4.0,2.0,5.66667],"texture":"#1","rotation":270},"down":{"uv":[6.33334,10.33334,6.0,8.66667],"texture":"#1","rotation":90}}},{"from":[7.0,-2.08697,10.23663],"to":[9.0,0.91303,10.73663],"rotation":{"origin":[8.0,2.39499,9.7526],"axis":"y","angle":0.0},"faces":{"east":{"uv":[8.0,8.0,10.0,8.33334],"texture":"#1","rotation":270},"south":{"uv":[1.33334,6.0,0.0,4.0],"texture":"#1"},"west":{"uv":[0.0,9.33334,2.0,9.66667],"texture":"#1","rotation":90},"up":{"uv":[9.33334,4.0,10.66667,4.33334],"texture":"#1","rotation":180}}},{"from":[2.6875,2.05056,10.43542],"to":[4.6875,4.05056,10.93542],"rotation":{"origin":[8.0,2.39499,9.7526],"axis":"x","angle":-22.5},"faces":{"east":{"uv":[7.33334,10.66667,7.66667,9.33334],"texture":"#1","rotation":180},"south":{"uv":[8.0,1.33334,9.33334,0.0],"texture":"#1","rotation":180},"up":{"uv":[9.0,9.33334,8.66667,10.66667],"texture":"#1","rotation":270},"down":{"uv":[10.33334,1.33334,10.0,0.0],"texture":"#1","rotation":90}}},{"from":[7.75,5.25,6.625],"to":[8.25,5.75,7.625],"rotation":{"origin":[8.0,2.39499,9.7526],"axis":"x","angle":45.0},"faces":{"north":{"uv":[11.33334,4.66667,11.66667,5.0],"texture":"#1"},"east":{"uv":[11.33334,2.0,12.0,2.33334],"texture":"#1"},"south":{"uv":[5.33334,11.33334,5.66667,11.66667],"texture":"#1"},"west":{"uv":[2.66667,11.33334,3.33334,11.66667],"texture":"#1"},"up":{"uv":[11.66667,4.0,11.33334,3.33334],"texture":"#1"},"down":{"uv":[4.33334,11.33334,4.0,12.0],"texture":"#1"}}},{"from":[8.5,0.78155,8.33477],"to":[9.0,2.78155,8.33477],"rotation":{"origin":[8.0,1.05154,8.23729],"axis":"x","angle":22.5},"faces":{"north":{"uv":[10.0,2.0,10.33334,3.33334],"texture":"#1"},"south":{"uv":[10.0,5.33334,10.33334,6.66667],"texture":"#1"}}},{"from":[8.25,0.85724,7.02554],"to":[9.25,0.86724,8.02554],"rotation":{"origin":[8.0,1.05154,8.23729],"axis":"x","angle":-45.0},"faces":{"up":{"uv":[10.66667,10.0,10.0,9.33334],"texture":"#1"},"down":{"uv":[0.66667,10.66667,0.0,11.33334],"texture":"#1"}}},{"from":[6.75,0.85724,7.02554],"to":[7.75,0.86724,8.02554],"rotation":{"origin":[8.0,1.05154,8.23729],"axis":"x","angle":-45.0},"faces":{"up":{"uv":[2.0,11.33334,1.33334,10.66667],"texture":"#1"},"down":{"uv":[11.33334,7.33334,10.66667,8.0],"texture":"#1"}}},{"from":[7.0,0.78155,8.33477],"to":[7.5,2.78155,8.33477],"rotation":{"origin":[8.0,1.05154,8.23729],"axis":"x","angle":22.5},"faces":{"north":{"uv":[10.0,10.66667,10.33334,12.0],"texture":"#1"},"south":{"uv":[11.33334,0.0,11.66667,1.33334],"texture":"#1"}}},{"from":[9.0,0.91303,10.73663],"to":[7.0,-2.08697,10.23663],"rotation":{"origin":[8.0,2.39499,9.7526],"axis":"y","angle":0.0},"faces":{"north":{"uv":[1.33334,4.0,0.0,6.0],"texture":"#1"},"east":{"uv":[0.0,9.66667,2.0,9.33334],"texture":"#1","rotation":270},"west":{"uv":[8.0,8.33334,10.0,8.0],"texture":"#1","rotation":90},"down":{"uv":[9.33334,4.33334,10.66667,4.0],"texture":"#1"}}},{"from":[4.6875,4.05056,10.93542],"to":[2.6875,2.05056,10.43542],"rotation":{"origin":[8.0,2.39499,9.7526],"axis":"x","angle":-22.5},"faces":{"north":{"uv":[8.0,0.0,9.33334,1.33334],"texture":"#1","rotation":180},"west":{"uv":[7.33334,9.33334,7.66667,10.66667],"texture":"#1","rotation":180},"up":{"uv":[10.33334,0.0,10.0,1.33334],"texture":"#1","rotation":90},"down":{"uv":[9.0,10.66667,8.66667,9.33334],"texture":"#1","rotation":270}}},{"from":[8.8125,2.05056,10.43542],"to":[11.3125,4.05056,10.93542],"rotation":{"origin":[8.0,2.39499,9.7526],"axis":"x","angle":-22.5},"faces":{"north":{"uv":[7.0,1.33334,5.33334,0.0],"texture":"#1","rotation":180},"east":{"uv":[4.0,9.33334,4.33334,10.66667],"texture":"#1"},"south":{"uv":[7.0,3.33334,5.33334,2.0],"texture":"#1","rotation":180},"west":{"uv":[2.66667,9.33334,3.0,10.66667],"texture":"#1"},"up":{"uv":[2.33334,5.66667,2.0,4.0],"texture":"#1","rotation":270},"down":{"uv":[6.33334,8.66667,6.0,10.33334],"texture":"#1","rotation":90}}},{"from":[11.3125,2.05056,10.43542],"to":[13.3125,4.05056,10.93542],"rotation":{"origin":[8.0,2.39499,9.7526],"axis":"x","angle":-22.5},"faces":{"south":{"uv":[9.33334,1.33334,8.0,0.0],"texture":"#1","rotation":180},"west":{"uv":[7.33334,9.33334,7.66667,10.66667],"texture":"#1"},"up":{"uv":[9.0,10.66667,8.66667,9.33334],"texture":"#1","rotation":270},"down":{"uv":[10.33334,0.0,10.0,1.33334],"texture":"#1","rotation":90}}},{"from":[13.3125,4.05056,10.93542],"to":[11.3125,2.05056,10.43542],"rotation":{"origin":[8.0,2.39499,9.7526],"axis":"x","angle":-22.5},"faces":{"north":{"uv":[9.33334,0.0,8.0,1.33334],"texture":"#1","rotation":180},"east":{"uv":[7.33334,10.66667,7.66667,9.33334],"texture":"#1"},"up":{"uv":[10.33334,1.33334,10.0,0.0],"texture":"#1","rotation":90},"down":{"uv":[9.0,9.33334,8.66667,10.66667],"texture":"#1","rotation":270}}},{"from":[7.98,13.35,3.88],"to":[8.98,15.35,5.88],"rotation":{"origin":[0.755,7.875,0.625],"axis":"y","angle":-22.5},"faces":{"north":{"uv":[2.0,2.66667,3.33333,3.33333],"texture":"#2","rotation":90},"east":{"uv":[1.33333,2.0,0.0,3.33333],"texture":"#2"},"south":{"uv":[4.0,1.33333,5.33333,2.0],"texture":"#2","rotation":270},"west":{"uv":[1.33333,1.33333,0.0,0.0],"texture":"#2","rotation":180},"up":{"uv":[0.0,4.0,1.33333,4.66667],"texture":"#2","rotation":270},"down":{"uv":[2.0,1.33333,3.33333,2.0],"texture":"#2","rotation":270}}},{"from":[7.98,12.35,4.88],"to":[8.98,13.35,6.38],"rotation":{"origin":[0.755,7.875,0.625],"axis":"y","angle":-22.5},"faces":{"north":{"uv":[6.66667,0.0,7.33333,0.66667],"texture":"#2","rotation":90},"east":{"uv":[5.66667,0.0,4.66667,0.66667],"texture":"#2"},"south":{"uv":[0.0,7.33333,0.66667,8.0],"texture":"#2","rotation":270},"west":{"uv":[5.0,4.66667,4.0,4.0],"texture":"#2","rotation":180},"up":{"uv":[4.0,2.66667,5.0,3.33333],"texture":"#2","rotation":270},"down":{"uv":[2.0,4.0,3.0,4.66667],"texture":"#2","rotation":270}}},{"from":[8.23,14.6,5.13],"to":[8.73,15.6,6.13],"rotation":{"origin":[0.755,7.875,0.625],"axis":"y","angle":-22.5},"faces":{"north":{"uv":[6.66667,8.66667,7.33333,9.0],"texture":"#2","rotation":90},"east":{"uv":[8.0,1.33333,7.33333,2.0],"texture":"#2"},"south":{"uv":[9.33333,5.33333,10.0,5.66667],"texture":"#2","rotation":270},"west":{"uv":[2.0,8.0,1.33333,7.33333],"texture":"#2","rotation":180},"up":{"uv":[9.33333,0.0,10.0,0.33333],"texture":"#2","rotation":270},"down":{"uv":[5.33333,8.66667,6.0,9.0],"texture":"#2","rotation":270}}},{"from":[7.48,13.35,5.87],"to":[7.98,13.85,5.88],"rotation":{"origin":[0.755,7.875,0.625],"axis":"y","angle":-22.5},"faces":{"north":{"uv":[11.66667,2.66667,11.33333,3.0],"texture":"#2","rotation":90},"south":{"uv":[11.33333,2.66667,11.66667,3.0],"texture":"#2","rotation":270}}},{"from":[7.48,14.85,5.87],"to":[7.98,15.35,5.88],"rotation":{"origin":[0.755,7.875,0.625],"axis":"y","angle":-22.5},"faces":{"north":{"uv":[11.66667,4.0,11.33333,4.33333],"texture":"#2","rotation":90},"south":{"uv":[11.33333,4.0,11.66667,4.33333],"texture":"#2","rotation":270}}},{"from":[8.48,12.85,5.37],"to":[9.48,15.85,5.38],"rotation":{"origin":[0.755,7.875,0.625],"axis":"y","angle":-22.5},"faces":{"north":{"uv":[4.0,0.0,2.0,0.66667],"texture":"#2","rotation":90},"south":{"uv":[2.0,0.0,4.0,0.66667],"texture":"#2","rotation":270}}},{"from":[8.48,12.85,4.87],"to":[9.48,15.85,4.88],"rotation":{"origin":[0.755,7.875,0.625],"axis":"y","angle":-22.5},"faces":{"north":{"uv":[4.0,0.0,2.0,0.66667],"texture":"#2","rotation":90},"south":{"uv":[2.0,0.0,4.0,0.66667],"texture":"#2","rotation":270}}},{"from":[8.48,12.85,4.37],"to":[9.48,15.85,4.38],"rotation":{"origin":[0.755,7.875,0.625],"axis":"y","angle":-22.5},"faces":{"north":{"uv":[4.0,0.0,2.0,0.66667],"texture":"#2","rotation":90},"south":{"uv":[2.0,0.0,4.0,0.66667],"texture":"#2","rotation":270}}},{"from":[8.1853,18.1147,9.4794],"to":[8.6853,19.1147,10.4794],"rotation":{"origin":[8.4353,18.5,10.8647],"axis":"x","angle":-22.5},"faces":{"north":{"uv":[9.33333,9.33333,10.0,9.66667],"texture":"#2","rotation":90},"east":{"uv":[8.0,2.66667,7.33333,3.33333],"texture":"#2","rotation":180},"south":{"uv":[8.0,9.33333,8.66667,9.66667],"texture":"#2","rotation":270},"west":{"uv":[3.33333,8.0,2.66667,7.33333],"texture":"#2"},"up":{"uv":[9.33333,6.66667,10.0,7.0],"texture":"#2","rotation":270},"down":{"uv":[9.33333,8.0,10.0,8.33333],"texture":"#2","rotation":270}}},{"from":[8.1853,17.1147,10.4794],"to":[8.6853,18.1147,11.4794],"rotation":{"origin":[8.4353,18.5,10.8647],"axis":"x","angle":-22.5},"faces":{"north":{"uv":[10.0,2.66667,10.66667,3.0],"texture":"#2","rotation":90},"east":{"uv":[8.0,4.0,7.33333,4.66667],"texture":"#2","rotation":180},"south":{"uv":[1.33333,10.0,2.0,10.33333],"texture":"#2","rotation":270},"west":{"uv":[4.66667,8.0,4.0,7.33333],"texture":"#2"},"up":{"uv":[0.0,10.0,0.66667,10.33333],"texture":"#2","rotation":270},"down":{"uv":[10.0,1.33333,10.66667,1.66667],"texture":"#2","rotation":270}}},{"from":[8.1828,18.1147,10.4794],"to":[8.6878,19.1147,11.4794],"rotation":{"origin":[8.4353,18.5,10.8647],"axis":"x","angle":-22.5},"faces":{"north":{"uv":[10.66667,0.0,11.33333,0.33333],"texture":"#2","rotation":90},"east":{"uv":[7.33333,7.33333,6.66667,8.0],"texture":"#2","rotation":180},"south":{"uv":[5.33333,10.0,6.0,10.33333],"texture":"#2","rotation":270},"west":{"uv":[6.0,8.0,5.33333,7.33333],"texture":"#2"},"up":{"uv":[10.0,4.0,10.66667,4.33333],"texture":"#2","rotation":270},"down":{"uv":[6.66667,10.0,7.33333,10.33333],"texture":"#2","rotation":270}}},{"from":[8.1853,18.30315,9.53203],"to":[8.6853,19.30315,10.53203],"rotation":{"origin":[8.4353,18.5,10.8647],"axis":"x","angle":45.0},"faces":{"north":{"uv":[2.66667,10.66667,3.33333,11.0],"texture":"#2","rotation":90},"east":{"uv":[8.66667,5.33333,8.0,6.0],"texture":"#2","rotation":270},"south":{"uv":[10.66667,5.33333,11.33333,5.66667],"texture":"#2","rotation":270},"west":{"uv":[8.66667,0.66667,8.0,0.0],"texture":"#2","rotation":270},"up":{"uv":[4.0,10.66667,4.66667,11.0],"texture":"#2","rotation":270},"down":{"uv":[10.66667,6.66667,11.33333,7.0],"texture":"#2","rotation":270}}},{"from":[8.1853,18.30315,11.19737],"to":[8.6853,19.30315,12.19737],"rotation":{"origin":[8.4353,18.5,10.8647],"axis":"y","angle":0.0},"faces":{"north":{"uv":[10.66667,9.33333,11.33333,9.66667],"texture":"#2","rotation":90},"east":{"uv":[8.66667,8.0,8.0,8.66667],"texture":"#2","rotation":180},"south":{"uv":[10.66667,8.0,11.33333,8.33333],"texture":"#2","rotation":270},"west":{"uv":[8.66667,7.33333,8.0,6.66667],"texture":"#2"},"up":{"uv":[8.0,10.66667,8.66667,11.0],"texture":"#2","rotation":270},"down":{"uv":[9.33333,10.66667,10.0,11.0],"texture":"#2","rotation":270}}},{"from":[6.4975,17.75,6.25],"to":[7.5025,19.25,7.25],"rotation":{"origin":[7.0,18.43287,6.75],"axis":"x","angle":-22.5},"faces":{"north":{"uv":[0.0,5.33333,0.66667,6.33333],"texture":"#2"},"east":{"uv":[1.33333,5.33333,2.0,6.33333],"texture":"#2"},"south":{"uv":[2.66667,5.33333,3.33333,6.33333],"texture":"#2"},"west":{"uv":[4.0,5.33333,4.66667,6.33333],"texture":"#2"},"up":{"uv":[0.66667,9.33333,0.0,8.66667],"texture":"#2"},"down":{"uv":[2.0,8.66667,1.33333,9.33333],"texture":"#2"}}},{"from":[6.75,17.87914,5.60076],"to":[7.25,19.37914,6.60076],"rotation":{"origin":[7.0,18.43287,6.75],"axis":"x","angle":-45.0},"faces":{"north":{"uv":[8.66667,1.33333,9.0,2.33333],"texture":"#2"},"east":{"uv":[5.33333,5.33333,6.0,6.33333],"texture":"#2"},"south":{"uv":[2.66667,8.66667,3.0,9.66667],"texture":"#2"},"west":{"uv":[6.0,1.33333,6.66667,2.33333],"texture":"#2"},"up":{"uv":[11.0,11.33333,10.66667,10.66667],"texture":"#2"},"down":{"uv":[0.33333,11.33333,0.0,12.0],"texture":"#2"}}},{"from":[6.75,17.87914,6.89924],"to":[7.25,19.37914,7.89924],"rotation":{"origin":[7.0,18.43287,6.75],"axis":"y","angle":0.0},"faces":{"north":{"uv":[8.66667,3.33333,9.0,4.33333],"texture":"#2"},"east":{"uv":[6.0,3.33333,6.66667,4.33333],"texture":"#2"},"south":{"uv":[4.0,8.66667,4.33333,9.66667],"texture":"#2"},"west":{"uv":[6.66667,5.33333,7.33333,6.33333],"texture":"#2"},"up":{"uv":[1.66667,12.0,1.33333,11.33333],"texture":"#2"},"down":{"uv":[11.66667,1.33333,11.33333,2.0],"texture":"#2"}}}],"textures":{"particle":"plny_little_seagull_set:9bf168ff-a2fd-4cae-af52-1678c1538e5a","1":"plny_little_seagull_set:9bf168ff-a2fd-4cae-af52-1678c1538e5a","2":"plny_little_seagull_set:bc71b29d-3b07-457f-8a81-eacc28d09b85","4":"plny_little_seagull_set:7752b962-7c67-42b2-a146-48ae6525f4c0"},"gui_light":"front"}