{"display":{"thirdperson_righthand":{"rotation":[-125.0,0.0,-180.0],"translation":[0.0,4.75,1.75],"scale":[0.5,0.5,0.5]},"thirdperson_lefthand":{"rotation":[-125.0,0.0,-180.0],"translation":[0.0,4.75,1.75],"scale":[0.5,0.5,0.5]},"firstperson_righthand":{"rotation":[163.5,0.0,-180.0],"translation":[-1.0,4.75,1.5],"scale":[0.4,0.4,0.4]},"firstperson_lefthand":{"rotation":[163.5,0.0,-180.0],"translation":[-1.0,4.75,1.5],"scale":[0.4,0.4,0.4]},"ground":{"translation":[0.0,5.0,0.0],"scale":[0.6,0.6,0.6]},"gui":{"rotation":[35.0,135.0,0.0],"translation":[0.0,0.5,0.0],"scale":[0.61,0.61,0.61]},"head":{"rotation":[0.0,180.0,0.0],"translation":[0.0,-30.5,0.0],"scale":[1.6,1.6,1.6]},"fixed":{"rotation":[-90.0,0.0,0.0],"translation":[0.0,0.0,-16.0],"scale":[2.0,2.0,2.0]}},"elements":[{"from":[9.5,10.50511,1.47319],"to":[10.5,12.00511,2.97819],"rotation":{"origin":[10.0,11.18798,1.97569],"axis":"z","angle":22.5},"faces":{"north":{"uv":[4.0,5.33333,4.66667,6.33333],"texture":"#2"},"east":{"uv":[0.0,5.33333,0.66667,6.33333],"texture":"#2"},"south":{"uv":[1.33333,5.33333,2.0,6.33333],"texture":"#2"},"west":{"uv":[2.66667,5.33333,3.33333,6.33333],"texture":"#2"},"up":{"uv":[0.66667,9.33333,0.0,8.66667],"texture":"#2","rotation":90},"down":{"uv":[2.0,8.66667,1.33333,9.33333],"texture":"#2","rotation":270}}},{"from":[10.14924,10.63425,1.72569],"to":[11.14924,12.13425,2.72569],"rotation":{"origin":[10.0,11.18798,1.97569],"axis":"z","angle":0.0},"faces":{"north":{"uv":[6.0,1.33333,6.66667,2.33333],"texture":"#2"},"east":{"uv":[8.66667,1.33333,9.0,2.33333],"texture":"#2"},"south":{"uv":[5.33333,5.33333,6.0,6.33333],"texture":"#2"},"west":{"uv":[2.66667,8.66667,3.0,9.66667],"texture":"#2"},"up":{"uv":[11.0,11.33333,10.66667,10.66667],"texture":"#2","rotation":90},"down":{"uv":[0.33333,11.33333,0.0,12.0],"texture":"#2","rotation":270}}},{"from":[8.85076,10.63425,1.72569],"to":[9.85076,12.13425,2.72569],"rotation":{"origin":[10.0,11.18798,1.97569],"axis":"z","angle":45.0},"faces":{"north":{"uv":[6.66667,5.33333,7.33333,6.33333],"texture":"#2"},"east":{"uv":[8.66667,3.33333,9.0,4.33333],"texture":"#2"},"south":{"uv":[6.0,3.33333,6.66667,4.33333],"texture":"#2"},"west":{"uv":[4.0,8.66667,4.33333,9.66667],"texture":"#2"},"up":{"uv":[1.66667,12.0,1.33333,11.33333],"texture":"#2","rotation":90},"down":{"uv":[11.66667,1.33333,11.33333,2.0],"texture":"#2","rotation":270}}},{"from":[2.33963,13.5336,4.21484],"to":[3.33963,14.0336,5.21484],"rotation":{"origin":[2.9353,13.7836,5.61917],"axis":"y","angle":22.5},"faces":{"north":{"uv":[9.33333,9.33333,10.0,9.66667],"texture":"#2","rotation":180},"east":{"uv":[9.33333,8.0,10.0,8.33333],"texture":"#2","rotation":180},"south":{"uv":[8.0,9.33333,8.66667,9.66667],"texture":"#2","rotation":180},"west":{"uv":[9.33333,6.66667,10.0,7.0],"texture":"#2","rotation":180},"up":{"uv":[8.0,2.66667,7.33333,3.33333],"texture":"#2","rotation":90},"down":{"uv":[3.33333,8.0,2.66667,7.33333],"texture":"#2","rotation":270}}},{"from":[3.33963,13.5336,5.21484],"to":[4.33963,14.0336,6.21484],"rotation":{"origin":[2.9353,13.7836,5.61917],"axis":"y","angle":22.5},"faces":{"north":{"uv":[10.0,2.66667,10.66667,3.0],"texture":"#2","rotation":180},"east":{"uv":[10.0,1.33333,10.66667,1.66667],"texture":"#2","rotation":180},"south":{"uv":[1.33333,10.0,2.0,10.33333],"texture":"#2","rotation":180},"west":{"uv":[0.0,10.0,0.66667,10.33333],"texture":"#2","rotation":180},"up":{"uv":[8.0,4.0,7.33333,4.66667],"texture":"#2","rotation":90},"down":{"uv":[4.66667,8.0,4.0,7.33333],"texture":"#2","rotation":270}}},{"from":[2.33963,13.5311,5.21484],"to":[3.33963,14.0361,6.21484],"rotation":{"origin":[2.9353,13.7836,5.61917],"axis":"y","angle":22.5},"faces":{"north":{"uv":[10.66667,0.0,11.33333,0.33333],"texture":"#2","rotation":180},"east":{"uv":[6.66667,10.0,7.33333,10.33333],"texture":"#2","rotation":180},"south":{"uv":[5.33333,10.0,6.0,10.33333],"texture":"#2","rotation":180},"west":{"uv":[10.0,4.0,10.66667,4.33333],"texture":"#2","rotation":180},"up":{"uv":[7.33333,7.33333,6.66667,8.0],"texture":"#2","rotation":90},"down":{"uv":[6.0,8.0,5.33333,7.33333],"texture":"#2","rotation":270}}},{"from":[1.61292,13.5336,5.39745],"to":[2.61292,14.0336,6.39745],"rotation":{"origin":[2.9353,13.7836,5.61917],"axis":"y","angle":0.0},"faces":{"north":{"uv":[10.66667,6.66667,11.33333,7.0],"texture":"#2","rotation":180},"east":{"uv":[10.66667,5.33333,11.33333,5.66667],"texture":"#2","rotation":180},"south":{"uv":[4.0,10.66667,4.66667,11.0],"texture":"#2","rotation":180},"west":{"uv":[2.66667,10.66667,3.33333,11.0],"texture":"#2","rotation":180},"up":{"uv":[8.66667,5.33333,8.0,6.0],"texture":"#2","rotation":90},"down":{"uv":[8.66667,0.66667,8.0,0.0],"texture":"#2","rotation":270}}},{"from":[3.25767,13.5336,5.39745],"to":[4.25767,14.0336,6.39745],"rotation":{"origin":[2.9353,13.7836,5.61917],"axis":"y","angle":-45.0},"faces":{"north":{"uv":[9.33333,10.66667,10.0,11.0],"texture":"#2","rotation":180},"east":{"uv":[10.66667,8.0,11.33333,8.33333],"texture":"#2","rotation":180},"south":{"uv":[8.0,10.66667,8.66667,11.0],"texture":"#2","rotation":180},"west":{"uv":[10.66667,9.33333,11.33333,9.66667],"texture":"#2","rotation":180},"up":{"uv":[8.66667,8.0,8.0,8.66667],"texture":"#2"},"down":{"uv":[8.66667,7.33333,8.0,6.66667],"texture":"#2"}}},{"from":[11.87805,14.07889,7.33521],"to":[13.87805,15.07889,9.33521],"rotation":{"origin":[13.0428,14.70389,7.97029],"axis":"y","angle":45.0},"faces":{"north":{"uv":[4.0,1.33333,5.33333,2.0],"texture":"#2"},"east":{"uv":[2.0,1.33333,3.33333,2.0],"texture":"#2"},"south":{"uv":[2.0,2.66667,3.33333,3.33333],"texture":"#2"},"west":{"uv":[0.0,4.0,1.33333,4.66667],"texture":"#2"},"up":{"uv":[1.33333,1.33333,0.0,0.0],"texture":"#2","rotation":90},"down":{"uv":[1.33333,2.0,0.0,3.33333],"texture":"#2","rotation":270}}},{"from":[13.87805,14.07889,6.83521],"to":[14.87805,15.07889,8.33521],"rotation":{"origin":[13.0428,14.70389,7.97029],"axis":"y","angle":45.0},"faces":{"north":{"uv":[0.0,7.33333,0.66667,8.0],"texture":"#2"},"east":{"uv":[2.0,4.0,3.0,4.66667],"texture":"#2"},"south":{"uv":[6.66667,0.0,7.33333,0.66667],"texture":"#2"},"west":{"uv":[4.0,2.66667,5.0,3.33333],"texture":"#2"},"up":{"uv":[5.0,4.66667,4.0,4.0],"texture":"#2","rotation":90},"down":{"uv":[5.66667,0.0,4.66667,0.66667],"texture":"#2","rotation":270}}},{"from":[11.62805,14.32889,7.08521],"to":[12.62805,14.82889,8.08521],"rotation":{"origin":[13.0428,14.70389,7.97029],"axis":"y","angle":45.0},"faces":{"north":{"uv":[9.33333,5.33333,10.0,5.66667],"texture":"#2"},"east":{"uv":[5.33333,8.66667,6.0,9.0],"texture":"#2"},"south":{"uv":[6.66667,8.66667,7.33333,9.0],"texture":"#2"},"west":{"uv":[9.33333,0.0,10.0,0.33333],"texture":"#2"},"up":{"uv":[2.0,8.0,1.33333,7.33333],"texture":"#2","rotation":90},"down":{"uv":[8.0,1.33333,7.33333,2.0],"texture":"#2","rotation":270}}},{"from":[13.37805,15.07889,7.33521],"to":[13.87805,15.57889,7.34521],"rotation":{"origin":[13.0428,14.70389,7.97029],"axis":"y","angle":45.0},"faces":{"north":{"uv":[11.33333,2.66667,11.66667,3.0],"texture":"#2"},"south":{"uv":[11.66667,2.66667,11.33333,3.0],"texture":"#2"}}},{"from":[11.87805,15.07889,7.33521],"to":[12.37805,15.57889,7.34521],"rotation":{"origin":[13.0428,14.70389,7.97029],"axis":"y","angle":45.0},"faces":{"north":{"uv":[11.33333,4.0,11.66667,4.33333],"texture":"#2"},"south":{"uv":[11.66667,4.0,11.33333,4.33333],"texture":"#2"}}},{"from":[11.37805,13.57889,7.83521],"to":[14.37805,14.57889,7.84521],"rotation":{"origin":[13.0428,14.70389,7.97029],"axis":"y","angle":45.0},"faces":{"north":{"uv":[2.0,0.0,4.0,0.66667],"texture":"#2"},"south":{"uv":[4.0,0.0,2.0,0.66667],"texture":"#2"}}},{"from":[11.37805,13.57889,8.33521],"to":[14.37805,14.57889,8.34521],"rotation":{"origin":[13.0428,14.70389,7.97029],"axis":"y","angle":45.0},"faces":{"north":{"uv":[2.0,0.0,4.0,0.66667],"texture":"#2"},"south":{"uv":[4.0,0.0,2.0,0.66667],"texture":"#2"}}},{"from":[11.37805,13.57889,8.83521],"to":[14.37805,14.57889,8.84521],"rotation":{"origin":[13.0428,14.70389,7.97029],"axis":"y","angle":45.0},"faces":{"north":{"uv":[2.0,0.0,4.0,0.66667],"texture":"#2"},"south":{"uv":[4.0,0.0,2.0,0.66667],"texture":"#2"}}},{"from":[5.5,15.12212,6.27397],"to":[7.5,17.12212,10.27397],"rotation":{"origin":[6.5,16.3025,8.6276],"axis":"x","angle":45.0},"faces":{"north":{"uv":[6.0,6.66667,7.33334,8.0],"texture":"#3"},"east":{"uv":[0.0,0.0,2.66667,1.33334],"texture":"#3"},"south":{"uv":[7.33334,4.0,8.66667,5.33334],"texture":"#3"},"west":{"uv":[0.0,2.0,2.66667,3.33334],"texture":"#3"},"up":{"uv":[4.66667,2.66667,3.33334,0.0],"texture":"#3"},"down":{"uv":[4.66667,3.33334,3.33334,6.0],"texture":"#3"}}},{"from":[5.75,17.175,6.5],"to":[7.25,20.175,8.0],"rotation":{"origin":[6.5,16.3025,8.6276],"axis":"y","angle":0.0},"faces":{"north":{"uv":[5.33334,4.0,6.33334,6.0],"texture":"#3"},"east":{"uv":[0.0,6.66667,1.0,8.66667],"texture":"#3"},"south":{"uv":[2.0,6.66667,3.0,8.66667],"texture":"#3"},"west":{"uv":[4.0,6.66667,5.0,8.66667],"texture":"#3"},"up":{"uv":[9.0,3.0,8.0,2.0],"texture":"#3"},"down":{"uv":[9.0,6.0,8.0,7.0],"texture":"#3"}}},{"from":[5.0,15.12212,6.27397],"to":[5.5,17.12212,8.77397],"rotation":{"origin":[6.5,16.3025,8.6276],"axis":"x","angle":45.0},"faces":{"north":{"uv":[2.66667,9.33334,3.0,10.66667],"texture":"#3"},"east":{"uv":[5.33334,0.0,7.0,1.33334],"texture":"#3"},"south":{"uv":[4.0,9.33334,4.33334,10.66667],"texture":"#3"},"west":{"uv":[5.33334,2.0,7.0,3.33334],"texture":"#3"},"up":{"uv":[2.33334,5.66667,2.0,4.0],"texture":"#3"},"down":{"uv":[6.33334,8.66667,6.0,10.33334],"texture":"#3"}}},{"from":[5.5,16.62212,10.27397],"to":[7.5,17.12212,13.27397],"rotation":{"origin":[6.5,16.3025,8.6276],"axis":"x","angle":45.0},"faces":{"north":{"uv":[9.33334,4.0,10.66667,4.33334],"texture":"#3"},"east":{"uv":[8.0,8.0,10.0,8.33334],"texture":"#3"},"west":{"uv":[0.0,9.33334,2.0,9.66667],"texture":"#3"},"up":{"uv":[1.33334,6.0,0.0,4.0],"texture":"#3"}}},{"from":[5.0,15.12212,8.77397],"to":[5.5,17.12212,10.77397],"rotation":{"origin":[6.5,16.3025,8.6276],"axis":"x","angle":45.0},"faces":{"north":{"uv":[7.33334,9.33334,7.66667,10.66667],"texture":"#3"},"west":{"uv":[8.0,0.0,9.33334,1.33334],"texture":"#3"},"up":{"uv":[9.0,10.66667,8.66667,9.33334],"texture":"#3"},"down":{"uv":[10.33334,0.0,10.0,1.33334],"texture":"#3"}}},{"from":[6.25,18.925,5.5],"to":[6.75,19.425,6.5],"rotation":{"origin":[6.5,16.3025,8.6276],"axis":"y","angle":0.0},"faces":{"north":{"uv":[11.33334,4.66667,11.66667,5.0],"texture":"#3"},"east":{"uv":[11.33334,2.0,12.0,2.33334],"texture":"#3"},"south":{"uv":[5.33334,11.33334,5.66667,11.66667],"texture":"#3"},"west":{"uv":[2.66667,11.33334,3.33334,11.66667],"texture":"#3"},"up":{"uv":[11.66667,4.0,11.33334,3.33334],"texture":"#3"},"down":{"uv":[4.33334,11.33334,4.0,12.0],"texture":"#3"}}},{"from":[7.0,13.675,8.25],"to":[7.5,15.675,8.25],"rotation":{"origin":[6.5,16.3025,8.6276],"axis":"y","angle":0.0},"faces":{"north":{"uv":[10.0,2.0,10.33334,3.33334],"texture":"#3"},"south":{"uv":[10.0,5.33334,10.33334,6.66667],"texture":"#3"}}},{"from":[6.75,13.675,7.25],"to":[7.75,13.685,8.25],"rotation":{"origin":[6.5,16.3025,8.6276],"axis":"y","angle":0.0},"faces":{"up":{"uv":[10.66667,10.0,10.0,9.33334],"texture":"#3"},"down":{"uv":[0.66667,10.66667,0.0,11.33334],"texture":"#3"}}},{"from":[5.25,13.675,7.25],"to":[6.25,13.685,8.25],"rotation":{"origin":[6.5,16.5525,8.6276],"axis":"y","angle":0.0},"faces":{"up":{"uv":[2.0,11.33334,1.33334,10.66667],"texture":"#3"},"down":{"uv":[11.33334,7.33334,10.66667,8.0],"texture":"#3"}}},{"from":[5.5,13.675,8.25],"to":[6.0,15.675,8.25],"rotation":{"origin":[6.5,16.5525,8.6276],"axis":"y","angle":0.0},"faces":{"north":{"uv":[10.0,10.66667,10.33334,12.0],"texture":"#3"},"south":{"uv":[11.33334,0.0,11.66667,1.33334],"texture":"#3"}}},{"from":[7.5,15.12212,8.77397],"to":[8.0,17.12212,10.77397],"rotation":{"origin":[6.5,16.3025,8.6276],"axis":"x","angle":45.0},"faces":{"north":{"uv":[7.66667,9.33334,7.33334,10.66667],"texture":"#3"},"east":{"uv":[9.33334,0.0,8.0,1.33334],"texture":"#3"},"up":{"uv":[8.66667,10.66667,9.0,9.33334],"texture":"#3"},"down":{"uv":[10.0,0.0,10.33334,1.33334],"texture":"#3"}}},{"from":[7.5,15.12212,6.27397],"to":[8.0,17.12212,8.77397],"rotation":{"origin":[6.5,16.3025,8.6276],"axis":"x","angle":45.0},"faces":{"north":{"uv":[3.0,9.33334,2.66667,10.66667],"texture":"#3"},"east":{"uv":[7.0,2.0,5.33334,3.33334],"texture":"#3"},"south":{"uv":[4.33334,9.33334,4.0,10.66667],"texture":"#3"},"west":{"uv":[7.0,0.0,5.33334,1.33334],"texture":"#3"},"up":{"uv":[2.0,5.66667,2.33334,4.0],"texture":"#3"},"down":{"uv":[6.0,8.66667,6.33334,10.33334],"texture":"#3"}}},{"from":[7.5,17.12212,13.27397],"to":[5.5,16.62212,10.27397],"rotation":{"origin":[6.5,16.3025,8.6276],"axis":"x","angle":45.0},"faces":{"east":{"uv":[0.0,9.66667,2.0,9.33334],"texture":"#3"},"south":{"uv":[9.33334,4.33334,10.66667,4.0],"texture":"#3"},"west":{"uv":[8.0,8.33334,10.0,8.0],"texture":"#3"},"down":{"uv":[1.33334,4.0,0.0,6.0],"texture":"#3","rotation":180}}},{"from":[5.5,17.12212,10.77397],"to":[5.0,15.12212,8.77397],"rotation":{"origin":[6.5,16.3025,8.6276],"axis":"x","angle":45.0},"faces":{"east":{"uv":[8.0,1.33334,9.33334,0.0],"texture":"#3"},"south":{"uv":[7.33334,10.66667,7.66667,9.33334],"texture":"#3"},"up":{"uv":[10.33334,1.33334,10.0,0.0],"texture":"#3","rotation":180},"down":{"uv":[9.0,9.33334,8.66667,10.66667],"texture":"#3","rotation":180}}},{"from":[8.0,17.12212,10.77397],"to":[7.5,15.12212,8.77397],"rotation":{"origin":[6.5,16.3025,8.6276],"axis":"x","angle":45.0},"faces":{"south":{"uv":[7.66667,10.66667,7.33334,9.33334],"texture":"#3"},"west":{"uv":[9.33334,1.33334,8.0,0.0],"texture":"#3"},"up":{"uv":[10.0,1.33334,10.33334,0.0],"texture":"#3","rotation":180},"down":{"uv":[8.66667,9.33334,9.0,10.66667],"texture":"#3","rotation":180}}},{"from":[-3.0,9.34776,2.29375],"to":[19.0,13.84776,2.29375],"rotation":{"origin":[8.0,11.34776,2.29375],"axis":"x","angle":22.5},"faces":{"north":{"uv":[0.0,8.8,4.4,9.7],"texture":"#1"}}},{"from":[-3.0,9.34776,13.70625],"to":[19.0,13.84776,13.70625],"rotation":{"origin":[8.0,11.34776,13.70625],"axis":"x","angle":-22.5},"faces":{"south":{"uv":[4.4,8.8,0.0,9.7],"texture":"#1"}}},{"from":[19.0,9.32873,2.5],"to":[19.0,12.82873,13.5],"rotation":{"origin":[19.0,11.57873,2.5],"axis":"y","angle":0.0},"faces":{"east":{"uv":[9.8,1.6,12.0,2.3],"texture":"#1"}}},{"from":[-3.0,9.32873,2.5],"to":[-3.0,12.82873,13.5],"rotation":{"origin":[-3.0,11.57873,2.5],"axis":"y","angle":0.0},"faces":{"west":{"uv":[12.0,1.6,9.8,2.3],"texture":"#1"}}},{"from":[-3.0,13.65646,3.25046],"to":[19.0,13.65646,12.75046],"rotation":{"origin":[8.0,13.65646,5.25046],"axis":"x","angle":0.0},"faces":{"up":{"uv":[9.6,7.9,5.2,6.0],"texture":"#1"}}},{"from":[-4.5,8.0,-0.5],"to":[20.5,9.5,16.5],"rotation":{"origin":[8.0,10.6875,8.0],"axis":"y","angle":0.0},"faces":{"north":{"uv":[9.8,2.6,14.8,2.9],"texture":"#1"},"east":{"uv":[7.2,10.4,10.6,10.7],"texture":"#1"},"south":{"uv":[9.8,3.2,14.8,3.5],"texture":"#1"},"west":{"uv":[0.0,10.6,3.4,10.9],"texture":"#1"},"up":{"uv":[5.0,3.4,0.0,0.0],"texture":"#1"},"down":{"uv":[5.0,3.6,0.0,7.0],"texture":"#1"}}},{"from":[17.5,8.83082,0.25941],"to":[19.5,14.33082,3.25941],"rotation":{"origin":[18.0,10.08082,1.75941],"axis":"x","angle":22.5},"faces":{"north":{"uv":[10.4,11.6,10.8,12.7],"texture":"#1"},"east":{"uv":[5.2,10.6,5.8,11.7],"texture":"#1"},"south":{"uv":[11.0,11.6,11.4,12.7],"texture":"#1"},"west":{"uv":[6.0,10.6,6.6,11.7],"texture":"#1"},"up":{"uv":[12.6,10.2,12.2,9.6],"texture":"#1"}}},{"from":[17.5,8.83082,12.74059],"to":[19.5,14.33082,15.74059],"rotation":{"origin":[18.0,10.08082,14.24059],"axis":"x","angle":-22.5},"faces":{"north":{"uv":[11.4,11.6,11.0,12.7],"texture":"#1"},"east":{"uv":[5.8,10.6,5.2,11.7],"texture":"#1"},"south":{"uv":[10.8,11.6,10.4,12.7],"texture":"#1"},"west":{"uv":[6.6,10.6,6.0,11.7],"texture":"#1"},"up":{"uv":[12.6,9.6,12.2,10.2],"texture":"#1"}}},{"from":[17.5035,11.58134,2.0],"to":[19.4965,14.58134,14.0],"rotation":{"origin":[18.0035,13.08134,12.75],"axis":"x","angle":0.0},"faces":{"east":{"uv":[9.8,3.8,12.2,4.4],"texture":"#1"},"west":{"uv":[4.6,9.8,7.0,10.4],"texture":"#1"},"up":{"uv":[4.4,12.4,4.0,10.0],"texture":"#1"},"down":{"uv":[5.0,10.6,4.6,13.0],"texture":"#1"}}},{"from":[-3.5,8.83082,0.25941],"to":[-1.5,14.33082,3.25941],"rotation":{"origin":[-2.0,10.08082,1.75941],"axis":"x","angle":22.5},"faces":{"north":{"uv":[10.8,11.6,10.4,12.7],"texture":"#1"},"east":{"uv":[6.6,10.6,6.0,11.7],"texture":"#1"},"south":{"uv":[11.4,11.6,11.0,12.7],"texture":"#1"},"west":{"uv":[5.8,10.6,5.2,11.7],"texture":"#1"},"up":{"uv":[12.2,10.2,12.6,9.6],"texture":"#1"}}},{"from":[-3.4965,11.58134,2.0],"to":[-1.5035,14.58134,14.0],"rotation":{"origin":[-2.0035,13.08134,12.75],"axis":"x","angle":0.0},"faces":{"east":{"uv":[7.0,9.8,4.6,10.4],"texture":"#1"},"west":{"uv":[12.2,3.8,9.8,4.4],"texture":"#1"},"up":{"uv":[4.0,12.4,4.4,10.0],"texture":"#1"},"down":{"uv":[4.6,10.6,5.0,13.0],"texture":"#1"}}},{"from":[-3.5,8.83082,12.74059],"to":[-1.5,14.33082,15.74059],"rotation":{"origin":[-2.0,10.08082,14.24059],"axis":"x","angle":-22.5},"faces":{"north":{"uv":[11.0,11.6,11.4,12.7],"texture":"#1"},"east":{"uv":[6.0,10.6,6.6,11.7],"texture":"#1"},"south":{"uv":[10.4,11.6,10.8,12.7],"texture":"#1"},"west":{"uv":[5.2,10.6,5.8,11.7],"texture":"#1"},"up":{"uv":[12.2,9.6,12.6,10.2],"texture":"#1"}}},{"from":[6.5,0.75,0.0],"to":[9.5,2.25,1.0],"rotation":{"origin":[8.0,11.6875,6.625],"axis":"y","angle":0.0},"faces":{"north":{"uv":[12.8,0.6,13.4,0.9],"texture":"#1"},"east":{"uv":[8.8,11.6,9.0,11.9],"texture":"#1"},"west":{"uv":[1.8,12.8,2.0,13.1],"texture":"#1"},"up":{"uv":[13.4,1.4,12.8,1.2],"texture":"#1"},"down":{"uv":[6.6,12.8,6.0,13.0],"texture":"#1"}}},{"from":[19.0,0.75,6.5],"to":[20.0,2.25,9.5],"rotation":{"origin":[19.5,1.5,8.0],"axis":"y","angle":0.0},"faces":{"north":{"uv":[1.8,12.8,2.0,13.1],"texture":"#1"},"east":{"uv":[12.8,0.6,13.4,0.9],"texture":"#1"},"south":{"uv":[8.8,11.6,9.0,11.9],"texture":"#1"},"up":{"uv":[13.4,1.4,12.8,1.2],"texture":"#1","rotation":90},"down":{"uv":[6.6,12.8,6.0,13.0],"texture":"#1","rotation":270}}},{"from":[-3.0,0.5,1.0],"to":[19.0,7.5,15.0],"rotation":{"origin":[8.0,11.4375,6.625],"axis":"y","angle":0.0},"faces":{"north":{"uv":[0.0,7.2,4.4,8.6],"texture":"#1"},"east":{"uv":[9.2,8.2,12.0,9.6],"texture":"#1"},"south":{"uv":[4.6,8.2,9.0,9.6],"texture":"#1"},"west":{"uv":[9.8,0.0,12.6,1.4],"texture":"#1"},"up":{"uv":[9.6,2.8,5.2,0.0],"texture":"#1"},"down":{"uv":[9.6,3.0,5.2,5.8],"texture":"#1"}}},{"from":[-1.5,0.25,0.5],"to":[17.5,1.75,2.0],"rotation":{"origin":[8.0,11.4375,6.625],"axis":"y","angle":0.0},"faces":{"north":{"uv":[9.8,4.6,13.6,4.9],"texture":"#1"},"south":{"uv":[9.8,5.2,13.6,5.5],"texture":"#1"},"up":{"uv":[13.6,6.1,9.8,5.8],"texture":"#1"},"down":{"uv":[13.6,6.4,9.8,6.7],"texture":"#1"}}},{"from":[-1.5,6.5,0.5],"to":[17.5,8.0,2.0],"rotation":{"origin":[8.0,11.4375,6.625],"axis":"y","angle":0.0},"faces":{"north":{"uv":[9.8,7.0,13.6,7.3],"texture":"#1"},"south":{"uv":[7.2,9.8,11.0,10.1],"texture":"#1"},"up":{"uv":[13.6,7.9,9.8,7.6],"texture":"#1"},"down":{"uv":[3.8,10.0,0.0,10.3],"texture":"#1"}}},{"from":[-1.5,6.5,14.0],"to":[17.5,8.0,15.5],"rotation":{"origin":[8.0,11.4375,9.375],"axis":"y","angle":0.0},"faces":{"north":{"uv":[7.4,14.3,3.6,14.6],"texture":"#1"},"south":{"uv":[7.4,13.2,3.6,13.5],"texture":"#1"},"up":{"uv":[7.4,13.8,3.6,14.1],"texture":"#1"},"down":{"uv":[3.8,10.3,0.0,10.0],"texture":"#1"}}},{"from":[-1.5,0.25,14.0],"to":[17.5,1.75,15.5],"rotation":{"origin":[8.0,11.4375,9.375],"axis":"y","angle":0.0},"faces":{"north":{"uv":[13.6,5.2,9.8,5.5],"texture":"#1"},"south":{"uv":[13.6,4.6,9.8,4.9],"texture":"#1"},"up":{"uv":[13.6,5.8,9.8,6.1],"texture":"#1"},"down":{"uv":[13.6,6.7,9.8,6.4],"texture":"#1"}}},{"from":[6.5,0.75,15.0],"to":[9.5,2.25,16.0],"rotation":{"origin":[8.0,11.6875,9.375],"axis":"y","angle":0.0},"faces":{"east":{"uv":[9.0,11.6,8.8,11.9],"texture":"#1"},"south":{"uv":[13.4,0.6,12.8,0.9],"texture":"#1"},"west":{"uv":[2.0,12.8,1.8,13.1],"texture":"#1"},"up":{"uv":[13.4,1.2,12.8,1.4],"texture":"#1"},"down":{"uv":[6.6,13.0,6.0,12.8],"texture":"#1"}}},{"from":[18.0,6.5,2.5],"to":[19.5,8.0,13.5],"rotation":{"origin":[18.75,4.125,12.0],"axis":"y","angle":0.0},"faces":{"east":{"uv":[10.4,11.0,12.6,11.3],"texture":"#1"},"west":{"uv":[0.0,11.2,2.2,11.5],"texture":"#1"},"up":{"uv":[2.7,13.4,2.4,11.2],"texture":"#1"},"down":{"uv":[3.3,11.2,3.0,13.4],"texture":"#1"}}},{"from":[-3.5,6.5,2.5],"to":[-2.0,8.0,13.5],"rotation":{"origin":[-2.75,4.125,12.0],"axis":"y","angle":0.0},"faces":{"east":{"uv":[2.2,11.2,0.0,11.5],"texture":"#1"},"west":{"uv":[12.6,11.0,10.4,11.3],"texture":"#1"},"up":{"uv":[2.4,13.4,2.7,11.2],"texture":"#1"},"down":{"uv":[3.0,11.2,3.3,13.4],"texture":"#1"}}},{"from":[18.0,0.25,2.5],"to":[19.5,1.75,13.5],"rotation":{"origin":[18.75,4.125,12.0],"axis":"y","angle":0.0},"faces":{"east":{"uv":[10.8,10.4,13.0,10.7],"texture":"#1"},"west":{"uv":[6.8,11.0,9.0,11.3],"texture":"#1"},"up":{"uv":[9.5,13.2,9.2,11.0],"texture":"#1"},"down":{"uv":[10.1,11.0,9.8,13.2],"texture":"#1"}}},{"from":[-3.5,0.25,2.5],"to":[-2.0,1.75,13.5],"rotation":{"origin":[-2.75,4.125,12.0],"axis":"y","angle":0.0},"faces":{"east":{"uv":[9.0,11.0,6.8,11.3],"texture":"#1"},"west":{"uv":[13.0,10.4,10.8,10.7],"texture":"#1"},"up":{"uv":[9.2,13.2,9.5,11.0],"texture":"#1"},"down":{"uv":[9.8,11.0,10.1,13.2],"texture":"#1"}}},{"from":[-4.0,0.75,6.5],"to":[-3.0,2.25,9.5],"rotation":{"origin":[-3.5,1.5,8.0],"axis":"y","angle":0.0},"faces":{"north":{"uv":[2.0,12.8,1.8,13.1],"texture":"#1"},"south":{"uv":[9.0,11.6,8.8,11.9],"texture":"#1"},"west":{"uv":[13.4,0.6,12.8,0.9],"texture":"#1"},"up":{"uv":[13.4,1.2,12.8,1.4],"texture":"#1","rotation":90},"down":{"uv":[6.6,13.0,6.0,12.8],"texture":"#1","rotation":270}}},{"from":[17.5,0.0,0.0],"to":[20.0,2.0,2.5],"rotation":{"origin":[8.0,11.4375,6.625],"axis":"y","angle":0.0},"faces":{"north":{"uv":[12.2,11.6,12.7,12.0],"texture":"#1"},"east":{"uv":[12.2,12.2,12.7,12.6],"texture":"#1"},"south":{"uv":[12.4,3.8,12.9,4.2],"texture":"#1"},"west":{"uv":[3.6,12.6,4.1,13.0],"texture":"#1"},"up":{"uv":[5.7,12.5,5.2,12.0],"texture":"#1"},"down":{"uv":[6.5,12.0,6.0,12.5],"texture":"#1"}}},{"from":[17.75,1.85,0.25],"to":[19.75,6.35,2.25],"rotation":{"origin":[8.0,11.5375,6.625],"axis":"y","angle":0.0},"faces":{"north":{"uv":[11.6,11.6,12.0,12.5],"texture":"#1"},"east":{"uv":[0.0,11.8,0.4,12.7],"texture":"#1"},"south":{"uv":[0.6,11.8,1.0,12.7],"texture":"#1"},"west":{"uv":[1.2,11.8,1.6,12.7],"texture":"#1"}}},{"from":[17.5,6.25,0.0],"to":[20.0,8.25,2.5],"rotation":{"origin":[8.0,11.4375,6.625],"axis":"y","angle":0.0},"faces":{"north":{"uv":[6.8,12.6,7.3,13.0],"texture":"#1"},"east":{"uv":[7.6,12.6,8.1,13.0],"texture":"#1"},"south":{"uv":[8.4,12.6,8.9,13.0],"texture":"#1"},"west":{"uv":[12.8,0.0,13.3,0.4],"texture":"#1"},"up":{"uv":[12.7,2.1,12.2,1.6],"texture":"#1"},"down":{"uv":[12.7,8.2,12.2,8.7],"texture":"#1"}}},{"from":[17.5,6.25,13.5],"to":[20.0,8.25,16.0],"rotation":{"origin":[8.0,11.4375,9.375],"axis":"y","angle":0.0},"faces":{"north":{"uv":[8.9,12.6,8.4,13.0],"texture":"#1"},"east":{"uv":[8.1,12.6,7.6,13.0],"texture":"#1"},"south":{"uv":[7.3,12.6,6.8,13.0],"texture":"#1"},"west":{"uv":[13.3,0.0,12.8,0.4],"texture":"#1"},"up":{"uv":[12.7,1.6,12.2,2.1],"texture":"#1"},"down":{"uv":[12.7,8.7,12.2,8.2],"texture":"#1"}}},{"from":[17.75,1.85,13.75],"to":[19.75,6.35,15.75],"rotation":{"origin":[8.0,11.5375,9.375],"axis":"y","angle":0.0},"faces":{"north":{"uv":[1.0,11.8,0.6,12.7],"texture":"#1"},"east":{"uv":[0.4,11.8,0.0,12.7],"texture":"#1"},"south":{"uv":[12.0,11.6,11.6,12.5],"texture":"#1"},"west":{"uv":[1.6,11.8,1.2,12.7],"texture":"#1"}}},{"from":[17.5,0.0,13.5],"to":[20.0,2.0,16.0],"rotation":{"origin":[8.0,11.4375,9.375],"axis":"y","angle":0.0},"faces":{"north":{"uv":[12.9,3.8,12.4,4.2],"texture":"#1"},"east":{"uv":[12.7,12.2,12.2,12.6],"texture":"#1"},"south":{"uv":[12.7,11.6,12.2,12.0],"texture":"#1"},"west":{"uv":[4.1,12.6,3.6,13.0],"texture":"#1"},"up":{"uv":[5.7,12.0,5.2,12.5],"texture":"#1"},"down":{"uv":[6.5,12.5,6.0,12.0],"texture":"#1"}}},{"from":[-4.0,6.25,13.5],"to":[-1.5,8.25,16.0],"rotation":{"origin":[8.0,11.4375,9.375],"axis":"y","angle":0.0},"faces":{"north":{"uv":[8.4,12.6,8.9,13.0],"texture":"#1"},"east":{"uv":[12.8,0.0,13.3,0.4],"texture":"#1"},"south":{"uv":[6.8,12.6,7.3,13.0],"texture":"#1"},"west":{"uv":[7.6,12.6,8.1,13.0],"texture":"#1"},"up":{"uv":[12.2,1.6,12.7,2.1],"texture":"#1"},"down":{"uv":[12.2,8.7,12.7,8.2],"texture":"#1"}}},{"from":[-3.75,1.85,13.75],"to":[-1.75,6.35,15.75],"rotation":{"origin":[8.0,11.5375,9.375],"axis":"y","angle":0.0},"faces":{"north":{"uv":[0.6,11.8,1.0,12.7],"texture":"#1"},"east":{"uv":[1.2,11.8,1.6,12.7],"texture":"#1"},"south":{"uv":[11.6,11.6,12.0,12.5],"texture":"#1"},"west":{"uv":[0.0,11.8,0.4,12.7],"texture":"#1"}}},{"from":[-4.0,0.0,13.5],"to":[-1.5,2.0,16.0],"rotation":{"origin":[8.0,11.4375,9.375],"axis":"y","angle":0.0},"faces":{"north":{"uv":[12.4,3.8,12.9,4.2],"texture":"#1"},"east":{"uv":[3.6,12.6,4.1,13.0],"texture":"#1"},"south":{"uv":[12.2,11.6,12.7,12.0],"texture":"#1"},"west":{"uv":[12.2,12.2,12.7,12.6],"texture":"#1"},"up":{"uv":[5.2,12.0,5.7,12.5],"texture":"#1"},"down":{"uv":[6.0,12.5,6.5,12.0],"texture":"#1"}}},{"from":[-4.0,6.25,0.0],"to":[-1.5,8.25,2.5],"rotation":{"origin":[8.0,11.4375,6.625],"axis":"y","angle":0.0},"faces":{"north":{"uv":[7.3,12.6,6.8,13.0],"texture":"#1"},"east":{"uv":[13.3,0.0,12.8,0.4],"texture":"#1"},"south":{"uv":[8.9,12.6,8.4,13.0],"texture":"#1"},"west":{"uv":[8.1,12.6,7.6,13.0],"texture":"#1"},"up":{"uv":[12.2,2.1,12.7,1.6],"texture":"#1"},"down":{"uv":[12.2,8.2,12.7,8.7],"texture":"#1"}}},{"from":[-3.75,1.85,0.25],"to":[-1.75,6.35,2.25],"rotation":{"origin":[8.0,11.5375,6.625],"axis":"y","angle":0.0},"faces":{"north":{"uv":[12.0,11.6,11.6,12.5],"texture":"#1"},"east":{"uv":[1.6,11.8,1.2,12.7],"texture":"#1"},"south":{"uv":[1.0,11.8,0.6,12.7],"texture":"#1"},"west":{"uv":[0.4,11.8,0.0,12.7],"texture":"#1"}}},{"from":[-4.0,0.0,0.0],"to":[-1.5,2.0,2.5],"rotation":{"origin":[8.0,11.4375,6.625],"axis":"y","angle":0.0},"faces":{"north":{"uv":[12.7,11.6,12.2,12.0],"texture":"#1"},"east":{"uv":[4.1,12.6,3.6,13.0],"texture":"#1"},"south":{"uv":[12.9,3.8,12.4,4.2],"texture":"#1"},"west":{"uv":[12.7,12.2,12.2,12.6],"texture":"#1"},"up":{"uv":[5.2,12.5,5.7,12.0],"texture":"#1"},"down":{"uv":[6.0,12.0,6.5,12.5],"texture":"#1"}}},{"from":[6.0,4.25,-0.25],"to":[10.0,8.25,1.25],"rotation":{"origin":[8.0,11.4375,6.625],"axis":"y","angle":0.0},"faces":{"north":{"uv":[6.8,11.6,7.6,12.4],"texture":"#1"},"east":{"uv":[4.6,7.2,4.9,8.0],"texture":"#1"},"south":{"uv":[7.8,11.6,8.6,12.4],"texture":"#1"},"west":{"uv":[1.8,11.8,2.1,12.6],"texture":"#1"},"up":{"uv":[12.0,10.1,11.2,9.8],"texture":"#1"},"down":{"uv":[13.0,9.0,12.2,9.3],"texture":"#1"}}}],"textures":{"particle":"plny_little_seagull_set:bc71b29d-3b07-457f-8a81-eacc28d09b85","1":"plny_little_seagull_set:509025a9-2a2c-4e07-b856-f8953423c8dd","2":"plny_little_seagull_set:bc71b29d-3b07-457f-8a81-eacc28d09b85","3":"plny_little_seagull_set:9bf168ff-a2fd-4cae-af52-1678c1538e5a"},"gui_light":"front"}