{"display":{"thirdperson_righthand":{"translation":[0.0,-4.0,1.0]},"thirdperson_lefthand":{"translation":[0.0,-4.0,1.0]},"firstperson_righthand":{"rotation":[-5.0,0.0,0.0],"translation":[1.25,-1.5,1.0],"scale":[0.7,0.7,0.7]},"firstperson_lefthand":{"rotation":[-5.0,0.0,0.0],"translation":[1.25,-1.5,1.0],"scale":[0.7,0.7,0.7]},"ground":{"rotation":[-45.0,0.0,0.0],"translation":[0.0,5.0,0.0],"scale":[0.7,0.7,0.7]},"gui":{"rotation":[-90.0,135.0,90.0],"translation":[-3.75,-3.25,0.0]},"head":{"rotation":[0.0,-90.0,0.0]},"fixed":{"rotation":[0.0,-90.0,0.0],"translation":[0.0,0.25,-1.5],"scale":[2.0,2.0,2.0]}},"elements":[{"from":[7.25,6.875,7.25],"to":[8.75,15.375,8.75],"rotation":{"origin":[8.0,7.75,8.0],"axis":"y","angle":45.0},"faces":{"north":{"uv":[9.27273,5.63636,9.54545,7.18182],"texture":"#4"},"east":{"uv":[9.27273,7.45455,9.54545,9.0],"texture":"#4"},"south":{"uv":[9.27273,9.27273,9.54545,10.81818],"texture":"#4"},"west":{"uv":[9.45455,2.0,9.72727,3.54545],"texture":"#4"},"up":{"uv":[4.27273,14.09091,4.0,13.81818],"texture":"#4"},"down":{"uv":[5.90909,13.81818,5.63636,14.09091],"texture":"#4"}}},{"from":[7.25,15.80849,7.40284],"to":[8.75,17.30849,11.90284],"rotation":{"origin":[8.0,16.55849,11.65284],"axis":"x","angle":-22.5},"faces":{"north":{"uv":[13.81818,5.81818,14.09091,6.09091],"texture":"#4"},"east":{"uv":[10.72727,8.90909,11.54545,9.18182],"texture":"#4"},"south":{"uv":[13.81818,6.36364,14.09091,6.63636],"texture":"#4"},"west":{"uv":[10.90909,3.09091,11.72727,3.36364],"texture":"#4"},"up":{"uv":[11.36364,5.0,11.09091,4.18182],"texture":"#4"},"down":{"uv":[9.36364,11.09091,9.09091,11.90909],"texture":"#4"}}},{"from":[7.25,17.11923,8.45136],"to":[8.75,21.61923,9.95136],"rotation":{"origin":[8.0,21.36923,10.20136],"axis":"x","angle":-22.5},"faces":{"north":{"uv":[10.36364,11.09091,10.63636,11.90909],"texture":"#4"},"east":{"uv":[10.90909,11.09091,11.18182,11.90909],"texture":"#4"},"south":{"uv":[11.27273,1.81818,11.54545,2.63636],"texture":"#4"},"west":{"uv":[11.27273,6.0,11.54545,6.81818],"texture":"#4"},"up":{"uv":[11.54545,14.09091,11.27273,13.81818],"texture":"#4"}}},{"from":[7.25,19.00924,4.87107],"to":[8.75,20.50924,8.87107],"rotation":{"origin":[8.0,19.75924,7.62107],"axis":"x","angle":-22.5},"faces":{"north":{"uv":[13.81818,11.27273,14.09091,11.54545],"texture":"#4"},"east":{"uv":[3.09091,11.81818,3.81818,12.09091],"texture":"#4"},"west":{"uv":[11.81818,6.0,12.54545,6.27273],"texture":"#4"},"up":{"uv":[5.54545,12.54545,5.27273,11.81818],"texture":"#4"},"down":{"uv":[12.09091,9.81818,11.81818,10.54545],"texture":"#4"}}},{"from":[7.25,17.8179,4.90913],"to":[8.75,18.8179,5.90913],"rotation":{"origin":[8.0,19.5679,7.15913],"axis":"x","angle":-22.5},"faces":{"north":{"uv":[14.54545,4.0,14.81818,4.18182],"texture":"#4"},"east":{"uv":[14.90909,5.45455,15.09091,5.63636],"texture":"#4"},"south":{"uv":[4.36364,14.54545,4.63636,14.72727],"texture":"#4"},"west":{"uv":[14.90909,5.81818,15.09091,6.0],"texture":"#4"},"down":{"uv":[14.81818,4.72727,14.54545,4.90909],"texture":"#4"}}},{"from":[7.5,-0.125,7.5],"to":[8.5,6.875,8.5],"rotation":{"origin":[8.0,-0.75,8.0],"axis":"y","angle":45.0},"faces":{"north":{"uv":[0.0,10.90909,0.18182,12.18182],"texture":"#4"},"east":{"uv":[0.36364,10.90909,0.54545,12.18182],"texture":"#4"},"south":{"uv":[0.72727,10.90909,0.90909,12.18182],"texture":"#4"},"west":{"uv":[1.09091,10.90909,1.27273,12.18182],"texture":"#4"},"up":{"uv":[15.09091,6.36364,14.90909,6.18182],"texture":"#4"},"down":{"uv":[15.09091,6.54545,14.90909,6.72727],"texture":"#4"}}},{"from":[6.75,13.58211,7.5],"to":[9.25,15.58211,9.5],"rotation":{"origin":[7.0,14.08211,8.0],"axis":"x","angle":-45.0},"faces":{"north":{"uv":[12.18182,8.0,12.63636,8.36364],"texture":"#4"},"east":{"uv":[12.36364,4.36364,12.72727,4.72727],"texture":"#4"},"south":{"uv":[12.18182,11.09091,12.63636,11.45455],"texture":"#4"},"west":{"uv":[12.36364,4.90909,12.72727,5.27273],"texture":"#4"},"up":{"uv":[12.63636,12.0,12.18182,11.63636],"texture":"#4"},"down":{"uv":[12.63636,12.18182,12.18182,12.54545],"texture":"#4"}}},{"from":[6.39637,22.59712,7.5026],"to":[10.39637,24.59712,9.5026],"rotation":{"origin":[8.75,23.7775,8.5026],"axis":"z","angle":-45.0},"faces":{"north":{"uv":[0.0,0.0,2.66667,1.33334],"texture":"#1"},"east":{"uv":[7.33334,4.0,8.66667,5.33334],"texture":"#1"},"south":{"uv":[0.0,2.0,2.66667,3.33334],"texture":"#1"},"west":{"uv":[6.0,6.66667,7.33334,8.0],"texture":"#1"},"up":{"uv":[4.66667,2.66667,3.33334,0.0],"texture":"#1","rotation":270},"down":{"uv":[4.66667,3.33334,3.33334,6.0],"texture":"#1","rotation":90}}},{"from":[6.6224,24.65,7.7526],"to":[8.1224,27.65,9.2526],"rotation":{"origin":[8.75,23.7775,8.5026],"axis":"y","angle":0.0},"faces":{"north":{"uv":[0.0,6.66667,1.0,8.66667],"texture":"#1"},"east":{"uv":[2.0,6.66667,3.0,8.66667],"texture":"#1"},"south":{"uv":[4.0,6.66667,5.0,8.66667],"texture":"#1"},"west":{"uv":[5.33334,4.0,6.33334,6.0],"texture":"#1"},"up":{"uv":[9.0,3.0,8.0,2.0],"texture":"#1","rotation":270},"down":{"uv":[9.0,6.0,8.0,7.0],"texture":"#1","rotation":90}}},{"from":[6.39637,22.59712,9.5026],"to":[8.89637,24.59712,10.0026],"rotation":{"origin":[8.75,23.7775,8.5026],"axis":"z","angle":-45.0},"faces":{"north":{"uv":[5.33334,0.0,7.0,1.33334],"texture":"#1"},"east":{"uv":[4.0,9.33334,4.33334,10.66667],"texture":"#1"},"south":{"uv":[5.33334,2.0,7.0,3.33334],"texture":"#1"},"west":{"uv":[2.66667,9.33334,3.0,10.66667],"texture":"#1"},"up":{"uv":[2.33334,5.66667,2.0,4.0],"texture":"#1","rotation":270},"down":{"uv":[6.33334,8.66667,6.0,10.33334],"texture":"#1","rotation":90}}},{"from":[10.39637,24.09712,7.5026],"to":[13.39637,24.59712,9.5026],"rotation":{"origin":[8.75,23.7775,8.5026],"axis":"z","angle":-45.0},"faces":{"north":{"uv":[8.0,8.0,10.0,8.33334],"texture":"#1"},"south":{"uv":[0.0,9.33334,2.0,9.66667],"texture":"#1"},"west":{"uv":[9.33334,4.0,10.66667,4.33334],"texture":"#1"},"up":{"uv":[1.33334,6.0,0.0,4.0],"texture":"#1","rotation":270}}},{"from":[8.89637,22.59712,9.5026],"to":[10.89637,24.59712,10.0026],"rotation":{"origin":[8.75,23.7775,8.5026],"axis":"z","angle":-45.0},"faces":{"south":{"uv":[8.0,0.0,9.33334,1.33334],"texture":"#1"},"west":{"uv":[7.33334,9.33334,7.66667,10.66667],"texture":"#1"},"up":{"uv":[9.0,10.66667,8.66667,9.33334],"texture":"#1","rotation":270},"down":{"uv":[10.33334,0.0,10.0,1.33334],"texture":"#1","rotation":90}}},{"from":[5.6224,26.4,8.2526],"to":[6.6224,26.9,8.7526],"rotation":{"origin":[8.75,23.7775,8.5026],"axis":"y","angle":0.0},"faces":{"north":{"uv":[11.33334,2.0,12.0,2.33334],"texture":"#1"},"east":{"uv":[5.33334,11.33334,5.66667,11.66667],"texture":"#1"},"south":{"uv":[2.66667,11.33334,3.33334,11.66667],"texture":"#1"},"west":{"uv":[11.33334,4.66667,11.66667,5.0],"texture":"#1"},"up":{"uv":[11.66667,4.0,11.33334,3.33334],"texture":"#1","rotation":270},"down":{"uv":[4.33334,11.33334,4.0,12.0],"texture":"#1","rotation":90}}},{"from":[8.3724,20.55,7.5026],"to":[8.3724,22.55,8.0026],"rotation":{"origin":[8.75,23.4275,8.5026],"axis":"y","angle":0.0},"faces":{"east":{"uv":[10.0,5.33334,10.33334,6.66667],"texture":"#1"},"west":{"uv":[10.0,2.0,10.33334,3.33334],"texture":"#1"}}},{"from":[7.3724,20.625,7.2526],"to":[8.3724,20.635,8.2526],"rotation":{"origin":[7.8724,20.63,7.7526],"axis":"x","angle":-22.5},"faces":{"up":{"uv":[10.66667,10.0,10.0,9.33334],"texture":"#1","rotation":270},"down":{"uv":[0.66667,10.66667,0.0,11.33334],"texture":"#1","rotation":90}}},{"from":[7.3724,21.25,8.7526],"to":[8.3724,21.26,9.7526],"rotation":{"origin":[7.8724,21.255,9.2526],"axis":"x","angle":-22.5},"faces":{"up":{"uv":[2.0,11.33334,1.33334,10.66667],"texture":"#1","rotation":270},"down":{"uv":[11.33334,7.33334,10.66667,8.0],"texture":"#1","rotation":90}}},{"from":[8.3724,21.15,9.0026],"to":[8.3724,23.15,9.5026],"rotation":{"origin":[8.75,24.0275,8.5026],"axis":"y","angle":0.0},"faces":{"east":{"uv":[11.33334,0.0,11.66667,1.33334],"texture":"#1"},"west":{"uv":[10.0,10.66667,10.33334,12.0],"texture":"#1"}}},{"from":[8.89637,22.59712,7.0026],"to":[10.89637,24.59712,7.5026],"rotation":{"origin":[8.75,23.7775,8.5026],"axis":"z","angle":-45.0},"faces":{"north":{"uv":[9.33334,0.0,8.0,1.33334],"texture":"#1"},"west":{"uv":[7.66667,9.33334,7.33334,10.66667],"texture":"#1"},"up":{"uv":[8.66667,10.66667,9.0,9.33334],"texture":"#1","rotation":270},"down":{"uv":[10.0,0.0,10.33334,1.33334],"texture":"#1","rotation":90}}},{"from":[6.39637,22.59712,7.0026],"to":[8.89637,24.59712,7.5026],"rotation":{"origin":[8.75,23.7775,8.5026],"axis":"z","angle":-45.0},"faces":{"north":{"uv":[7.0,2.0,5.33334,3.33334],"texture":"#1"},"east":{"uv":[4.33334,9.33334,4.0,10.66667],"texture":"#1"},"south":{"uv":[7.0,0.0,5.33334,1.33334],"texture":"#1"},"west":{"uv":[3.0,9.33334,2.66667,10.66667],"texture":"#1"},"up":{"uv":[2.0,5.66667,2.33334,4.0],"texture":"#1","rotation":270},"down":{"uv":[6.0,8.66667,6.33334,10.33334],"texture":"#1","rotation":90}}},{"from":[13.39637,24.59712,9.5026],"to":[10.39637,24.09712,7.5026],"rotation":{"origin":[8.75,23.7775,8.5026],"axis":"z","angle":-45.0},"faces":{"north":{"uv":[0.0,9.66667,2.0,9.33334],"texture":"#1"},"east":{"uv":[9.33334,4.33334,10.66667,4.0],"texture":"#1"},"south":{"uv":[8.0,8.33334,10.0,8.0],"texture":"#1"},"down":{"uv":[1.33334,4.0,0.0,6.0],"texture":"#1","rotation":270}}},{"from":[10.89637,24.59712,10.0026],"to":[8.89637,22.59712,9.5026],"rotation":{"origin":[8.75,23.7775,8.5026],"axis":"z","angle":-45.0},"faces":{"north":{"uv":[8.0,1.33334,9.33334,0.0],"texture":"#1"},"east":{"uv":[7.33334,10.66667,7.66667,9.33334],"texture":"#1"},"up":{"uv":[10.33334,1.33334,10.0,0.0],"texture":"#1","rotation":90},"down":{"uv":[9.0,9.33334,8.66667,10.66667],"texture":"#1","rotation":270}}},{"from":[10.89637,24.59712,7.5026],"to":[8.89637,22.59712,7.0026],"rotation":{"origin":[8.75,23.7775,8.5026],"axis":"z","angle":-45.0},"faces":{"east":{"uv":[7.66667,10.66667,7.33334,9.33334],"texture":"#1"},"south":{"uv":[9.33334,1.33334,8.0,0.0],"texture":"#1"},"up":{"uv":[10.0,1.33334,10.33334,0.0],"texture":"#1","rotation":90},"down":{"uv":[8.66667,9.33334,9.0,10.66667],"texture":"#1","rotation":270}}},{"from":[7.98,12.6,3.88],"to":[8.98,14.6,5.88],"rotation":{"origin":[0.755,7.125,0.625],"axis":"y","angle":-22.5},"faces":{"north":{"uv":[2.0,2.66667,3.33333,3.33333],"texture":"#2","rotation":90},"east":{"uv":[1.33333,2.0,0.0,3.33333],"texture":"#2"},"south":{"uv":[4.0,1.33333,5.33333,2.0],"texture":"#2","rotation":270},"west":{"uv":[1.33333,1.33333,0.0,0.0],"texture":"#2","rotation":180},"up":{"uv":[0.0,4.0,1.33333,4.66667],"texture":"#2","rotation":270},"down":{"uv":[2.0,1.33333,3.33333,2.0],"texture":"#2","rotation":270}}},{"from":[7.98,11.6,4.88],"to":[8.98,12.6,6.38],"rotation":{"origin":[0.755,7.125,0.625],"axis":"y","angle":-22.5},"faces":{"north":{"uv":[6.66667,0.0,7.33333,0.66667],"texture":"#2","rotation":90},"east":{"uv":[5.66667,0.0,4.66667,0.66667],"texture":"#2"},"south":{"uv":[0.0,7.33333,0.66667,8.0],"texture":"#2","rotation":270},"west":{"uv":[5.0,4.66667,4.0,4.0],"texture":"#2","rotation":180},"up":{"uv":[4.0,2.66667,5.0,3.33333],"texture":"#2","rotation":270},"down":{"uv":[2.0,4.0,3.0,4.66667],"texture":"#2","rotation":270}}},{"from":[8.23,13.85,5.13],"to":[8.73,14.85,6.13],"rotation":{"origin":[0.755,7.125,0.625],"axis":"y","angle":-22.5},"faces":{"north":{"uv":[6.66667,8.66667,7.33333,9.0],"texture":"#2","rotation":90},"east":{"uv":[8.0,1.33333,7.33333,2.0],"texture":"#2"},"south":{"uv":[9.33333,5.33333,10.0,5.66667],"texture":"#2","rotation":270},"west":{"uv":[2.0,8.0,1.33333,7.33333],"texture":"#2","rotation":180},"up":{"uv":[9.33333,0.0,10.0,0.33333],"texture":"#2","rotation":270},"down":{"uv":[5.33333,8.66667,6.0,9.0],"texture":"#2","rotation":270}}},{"from":[7.48,12.6,5.87],"to":[7.98,13.1,5.88],"rotation":{"origin":[0.755,7.125,0.625],"axis":"y","angle":-22.5},"faces":{"north":{"uv":[11.66667,2.66667,11.33333,3.0],"texture":"#2","rotation":90},"south":{"uv":[11.33333,2.66667,11.66667,3.0],"texture":"#2","rotation":270}}},{"from":[7.48,14.1,5.87],"to":[7.98,14.6,5.88],"rotation":{"origin":[0.755,7.125,0.625],"axis":"y","angle":-22.5},"faces":{"north":{"uv":[11.66667,4.0,11.33333,4.33333],"texture":"#2","rotation":90},"south":{"uv":[11.33333,4.0,11.66667,4.33333],"texture":"#2","rotation":270}}},{"from":[8.48,12.1,5.37],"to":[9.48,15.1,5.38],"rotation":{"origin":[0.755,7.125,0.625],"axis":"y","angle":-22.5},"faces":{"north":{"uv":[4.0,0.0,2.0,0.66667],"texture":"#2","rotation":90},"south":{"uv":[2.0,0.0,4.0,0.66667],"texture":"#2","rotation":270}}},{"from":[8.48,12.1,4.87],"to":[9.48,15.1,4.88],"rotation":{"origin":[0.755,7.125,0.625],"axis":"y","angle":-22.5},"faces":{"north":{"uv":[4.0,0.0,2.0,0.66667],"texture":"#2","rotation":90},"south":{"uv":[2.0,0.0,4.0,0.66667],"texture":"#2","rotation":270}}},{"from":[8.48,12.1,4.37],"to":[9.48,15.1,4.38],"rotation":{"origin":[0.755,7.125,0.625],"axis":"y","angle":-22.5},"faces":{"north":{"uv":[4.0,0.0,2.0,0.66667],"texture":"#2","rotation":90},"south":{"uv":[2.0,0.0,4.0,0.66667],"texture":"#2","rotation":270}}},{"from":[8.6853,17.36024,9.22272],"to":[9.1853,18.36024,10.22272],"rotation":{"origin":[8.9353,17.76457,10.60014],"axis":"x","angle":-22.5},"faces":{"north":{"uv":[9.33333,9.33333,10.0,9.66667],"texture":"#2","rotation":90},"east":{"uv":[8.0,2.66667,7.33333,3.33333],"texture":"#2","rotation":180},"south":{"uv":[8.0,9.33333,8.66667,9.66667],"texture":"#2","rotation":270},"west":{"uv":[3.33333,8.0,2.66667,7.33333],"texture":"#2"},"up":{"uv":[9.33333,6.66667,10.0,7.0],"texture":"#2","rotation":270},"down":{"uv":[9.33333,8.0,10.0,8.33333],"texture":"#2","rotation":270}}},{"from":[8.6853,16.36024,10.22272],"to":[9.1853,17.36024,11.22272],"rotation":{"origin":[8.9353,17.76457,10.60014],"axis":"x","angle":-22.5},"faces":{"north":{"uv":[10.0,2.66667,10.66667,3.0],"texture":"#2","rotation":90},"east":{"uv":[8.0,4.0,7.33333,4.66667],"texture":"#2","rotation":180},"south":{"uv":[1.33333,10.0,2.0,10.33333],"texture":"#2","rotation":270},"west":{"uv":[4.66667,8.0,4.0,7.33333],"texture":"#2"},"up":{"uv":[0.0,10.0,0.66667,10.33333],"texture":"#2","rotation":270},"down":{"uv":[10.0,1.33333,10.66667,1.66667],"texture":"#2","rotation":270}}},{"from":[8.6828,17.36024,10.22272],"to":[9.1878,18.36024,11.22272],"rotation":{"origin":[8.9353,17.76457,10.60014],"axis":"x","angle":-22.5},"faces":{"north":{"uv":[10.66667,0.0,11.33333,0.33333],"texture":"#2","rotation":90},"east":{"uv":[7.33333,7.33333,6.66667,8.0],"texture":"#2","rotation":180},"south":{"uv":[5.33333,10.0,6.0,10.33333],"texture":"#2","rotation":270},"west":{"uv":[6.0,8.0,5.33333,7.33333],"texture":"#2"},"up":{"uv":[10.0,4.0,10.66667,4.33333],"texture":"#2","rotation":270},"down":{"uv":[6.66667,10.0,7.33333,10.33333],"texture":"#2","rotation":270}}},{"from":[8.6853,17.56771,9.28806],"to":[9.1853,18.56771,10.28806],"rotation":{"origin":[8.9353,17.76457,10.60014],"axis":"x","angle":45.0},"faces":{"north":{"uv":[2.66667,10.66667,3.33333,11.0],"texture":"#2","rotation":90},"east":{"uv":[8.66667,5.33333,8.0,6.0],"texture":"#2","rotation":270},"south":{"uv":[10.66667,5.33333,11.33333,5.66667],"texture":"#2","rotation":270},"west":{"uv":[8.66667,0.66667,8.0,0.0],"texture":"#2","rotation":270},"up":{"uv":[4.0,10.66667,4.66667,11.0],"texture":"#2","rotation":270},"down":{"uv":[10.66667,6.66667,11.33333,7.0],"texture":"#2","rotation":270}}},{"from":[8.6853,17.55315,10.94737],"to":[9.1853,18.55315,11.94737],"rotation":{"origin":[8.9353,17.76457,10.60014],"axis":"x","angle":0.0},"faces":{"north":{"uv":[10.66667,9.33333,11.33333,9.66667],"texture":"#2","rotation":90},"east":{"uv":[8.66667,8.0,8.0,8.66667],"texture":"#2","rotation":180},"south":{"uv":[10.66667,8.0,11.33333,8.33333],"texture":"#2","rotation":270},"west":{"uv":[8.66667,7.33333,8.0,6.66667],"texture":"#2"},"up":{"uv":[8.0,10.66667,8.66667,11.0],"texture":"#2","rotation":270},"down":{"uv":[9.33333,10.66667,10.0,11.0],"texture":"#2","rotation":270}}},{"from":[6.7475,18.75,6.0],"to":[7.7525,20.25,7.0],"rotation":{"origin":[7.25,19.43287,6.5],"axis":"x","angle":-22.5},"faces":{"north":{"uv":[0.0,5.33333,0.66667,6.33333],"texture":"#2"},"east":{"uv":[1.33333,5.33333,2.0,6.33333],"texture":"#2"},"south":{"uv":[2.66667,5.33333,3.33333,6.33333],"texture":"#2"},"west":{"uv":[4.0,5.33333,4.66667,6.33333],"texture":"#2"},"up":{"uv":[0.66667,9.33333,0.0,8.66667],"texture":"#2"},"down":{"uv":[2.0,8.66667,1.33333,9.33333],"texture":"#2"}}},{"from":[7.0,18.87914,5.35076],"to":[7.5,20.37914,6.35076],"rotation":{"origin":[7.25,19.43287,6.5],"axis":"x","angle":-45.0},"faces":{"north":{"uv":[8.66667,1.33333,9.0,2.33333],"texture":"#2"},"east":{"uv":[5.33333,5.33333,6.0,6.33333],"texture":"#2"},"south":{"uv":[2.66667,8.66667,3.0,9.66667],"texture":"#2"},"west":{"uv":[6.0,1.33333,6.66667,2.33333],"texture":"#2"},"up":{"uv":[11.0,11.33333,10.66667,10.66667],"texture":"#2"},"down":{"uv":[0.33333,11.33333,0.0,12.0],"texture":"#2"}}},{"from":[7.0,18.87914,6.64924],"to":[7.5,20.37914,7.64924],"rotation":{"origin":[7.25,19.43287,6.5],"axis":"y","angle":0.0},"faces":{"north":{"uv":[8.66667,3.33333,9.0,4.33333],"texture":"#2"},"east":{"uv":[6.0,3.33333,6.66667,4.33333],"texture":"#2"},"south":{"uv":[4.0,8.66667,4.33333,9.66667],"texture":"#2"},"west":{"uv":[6.66667,5.33333,7.33333,6.33333],"texture":"#2"},"up":{"uv":[1.66667,12.0,1.33333,11.33333],"texture":"#2"},"down":{"uv":[11.66667,1.33333,11.33333,2.0],"texture":"#2"}}}],"textures":{"particle":"plny_little_seagull_set:9bf168ff-a2fd-4cae-af52-1678c1538e5a","1":"plny_little_seagull_set:9bf168ff-a2fd-4cae-af52-1678c1538e5a","2":"plny_little_seagull_set:bc71b29d-3b07-457f-8a81-eacc28d09b85","4":"plny_little_seagull_set:7752b962-7c67-42b2-a146-48ae6525f4c0"},"gui_light":"front"}