{"display":{"head":{},"firstperson_righthand":{},"thirdperson_lefthand":{},"firstperson_lefthand":{},"fixed":{},"ground":{},"thirdperson_righthand":{},"gui":{"rotation":[-150.0,-45.0,180.0]}},"elements":[{"from":[10.68125,6.8625,-0.28750038],"to":[12.14375,10.275,7.025],"rotation":{"origin":[12.14375,6.8625,7.025],"axis":"y","angle":22.5},"faces":{"east":{"uv":[3.625,5.875,5.0,6.5],"texture":"#0","tintindex":0},"south":{"uv":[8.875,7.125,9.125,7.75],"texture":"#0","tintindex":0},"north":{"uv":[7.0,8.875,7.25,9.5],"texture":"#0","tintindex":0},"west":{"uv":[5.0,5.875,6.375,6.5],"texture":"#0","tintindex":0},"up":{"uv":[6.0,9.25,5.75,7.875],"texture":"#0","tintindex":0},"down":{"uv":[8.375,7.125,8.125,8.5],"texture":"#0","tintindex":0}}},{"from":[6.29375,8.325,9.194375],"to":[6.29375,10.275,9.649375],"rotation":{"origin":[5.31875,9.05625,8.65],"axis":"x","angle":-22.5},"faces":{"east":{"uv":[9.25,7.75,9.375,8.125],"texture":"#0","tintindex":0},"west":{"uv":[9.25,8.125,9.375,8.5],"texture":"#0","tintindex":0}}},{"from":[2.88125,7.675,19.2125],"to":[7.75625,10.275,19.7],"faces":{"east":{"uv":[6.25,5.375,6.375,5.875],"texture":"#0","tintindex":0},"south":{"uv":[5.0,7.375,6.0,7.875],"texture":"#0","tintindex":0},"north":{"uv":[4.0,7.375,5.0,7.875],"texture":"#0","tintindex":0},"west":{"uv":[9.25,0.125,9.375,0.625],"texture":"#0","tintindex":0},"up":{"uv":[9.75,6.125,8.75,6.0],"texture":"#0","tintindex":0},"down":{"uv":[9.75,6.125,8.75,6.25],"texture":"#0","tintindex":0}}},{"from":[5.535225,6.8625,-2.38622],"to":[6.997725,10.275,1.8550301],"rotation":{"origin":[6.2664747,6.8625,-1.75247],"axis":"y","angle":45.0},"faces":{"east":{"uv":[6.375,7.125,7.25,7.75],"texture":"#0","tintindex":0},"south":{"uv":[9.0,0.625,9.25,1.25],"texture":"#0","tintindex":0},"north":{"uv":[9.0,0.0,9.25,0.625],"texture":"#0","tintindex":0},"west":{"uv":[7.25,7.125,8.125,7.75],"texture":"#0","tintindex":0},"up":{"uv":[4.25,9.375,4.0,8.5],"texture":"#0","tintindex":0},"down":{"uv":[8.75,5.375,8.5,6.25],"texture":"#0","tintindex":0}}},{"from":[4.1029,10.275,-3.3612204],"to":[4.1029,11.25,-2.8737202],"rotation":{"origin":[4.34665,6.8625,-1.75247],"axis":"y","angle":-45.0},"faces":{"east":{"uv":[6.25,7.375,6.375,7.625],"texture":"#0","tintindex":0},"west":{"uv":[8.25,8.5,8.375,8.75],"texture":"#0","tintindex":0}}},{"from":[2.71875,8.325,8.0],"to":[2.71875,8.8125,8.975],"rotation":{"origin":[2.475,8.325,8.0],"axis":"x","angle":-22.5},"faces":{"east":{"uv":[9.375,4.75,9.625,4.875],"texture":"#0","tintindex":0},"west":{"uv":[4.875,9.375,5.125,9.5],"texture":"#0","tintindex":0}}},{"from":[-0.53125,6.8625,19.2125],"to":[2.88125,10.275,21.65],"faces":{"east":{"uv":[8.375,7.125,8.875,7.75],"texture":"#0","tintindex":0},"south":{"uv":[0.625,7.875,1.25,8.5],"texture":"#0","tintindex":0},"north":{"uv":[0.0,7.875,0.625,8.5],"texture":"#0","tintindex":0},"west":{"uv":[7.25,8.375,7.75,9.0],"texture":"#0","tintindex":0},"up":{"uv":[9.0,8.25,8.375,7.75],"texture":"#0","tintindex":0},"down":{"uv":[9.0,8.25,8.375,8.75],"texture":"#0","tintindex":0}}},{"from":[11.4125,6.8625,16.2875],"to":[11.9,10.22625,18.725],"rotation":{"origin":[9.4625,8.56875,17.50625],"axis":"y","angle":-45.0},"faces":{"east":{"uv":[0.0,8.5,0.5,9.125],"texture":"#0","tintindex":0},"south":{"uv":[0.5,9.125,0.625,9.75],"texture":"#0","tintindex":0},"north":{"uv":[2.25,9.0,2.375,9.625],"texture":"#0","tintindex":0},"west":{"uv":[8.5,0.0,9.0,0.625],"texture":"#0","tintindex":0},"up":{"uv":[4.5,9.75,4.375,9.25],"texture":"#0","tintindex":0},"down":{"uv":[4.625,9.25,4.5,9.75],"texture":"#0","tintindex":0}}},{"from":[-0.04374981,5.5625,3.6125002],"to":[10.68125,10.063749,7.025],"faces":{"east":{"uv":[5.75,6.5,6.375,7.375],"texture":"#0","tintindex":0},"south":{"uv":[2.125,2.875,4.25,3.75],"texture":"#0","tintindex":0},"north":{"uv":[0.0,2.875,2.125,3.75],"texture":"#0","tintindex":0},"west":{"uv":[2.375,6.75,3.0,7.625],"texture":"#0","tintindex":0},"up":{"uv":[5.0,5.0,2.875,4.375],"texture":"#0","tintindex":0},"down":{"uv":[2.125,5.0,0.0,5.625],"texture":"#0","tintindex":0}}},{"from":[10.68125,5.5625,-0.28750038],"to":[12.14375,6.8625,7.025],"rotation":{"origin":[12.14375,6.375,7.025],"axis":"y","angle":22.5},"faces":{"east":{"uv":[7.75,6.625,9.125,6.875],"texture":"#0","tintindex":0},"south":{"uv":[8.125,2.5,8.375,2.75],"texture":"#0","tintindex":0},"north":{"uv":[7.5,0.5,7.75,0.75],"texture":"#0","tintindex":0},"west":{"uv":[7.75,6.875,9.125,7.125],"texture":"#0","tintindex":0},"up":{"uv":[5.0,9.25,4.75,7.875],"texture":"#0","tintindex":0},"down":{"uv":[5.25,7.875,5.0,9.25],"texture":"#0","tintindex":0}}},{"from":[-1.5062504,6.8625,7.025],"to":[-0.53125,10.275,21.65],"faces":{"east":{"uv":[0.0,3.75,2.875,4.375],"texture":"#0","tintindex":0},"south":{"uv":[6.25,8.875,6.5,9.5],"texture":"#0","tintindex":0},"north":{"uv":[6.0,8.875,6.25,9.5],"texture":"#0","tintindex":0},"west":{"uv":[2.875,3.75,5.75,4.375],"texture":"#0","tintindex":0},"up":{"uv":[1.625,8.5,1.375,5.625],"texture":"#0","tintindex":0},"down":{"uv":[1.875,5.625,1.625,8.5],"texture":"#0","tintindex":0}}},{"from":[5.075,8.325,9.38125],"to":[5.5625,10.275,9.38125],"rotation":{"origin":[5.31875,9.05625,8.65],"axis":"x","angle":-22.5},"faces":{"south":{"uv":[5.25,9.25,5.375,9.625],"texture":"#0","tintindex":0},"north":{"uv":[5.125,9.25,5.25,9.625],"texture":"#0","tintindex":0}}},{"from":[-1.0187502,10.1125,7.025],"to":[-1.0187502,12.875,13.525],"rotation":{"origin":[1.1750002,10.275,7.1875],"axis":"x","angle":22.5},"faces":{"east":{"uv":[6.75,1.875,8.0,2.375],"texture":"#0","tintindex":0},"west":{"uv":[0.0,6.875,1.25,7.375],"texture":"#0","tintindex":0}}},{"from":[4.34375,9.05625,9.38125],"to":[6.29375,9.54375,9.38125],"rotation":{"origin":[5.31875,9.05625,8.65],"axis":"x","angle":-22.5},"faces":{"south":{"uv":[9.25,6.25,9.625,6.375],"texture":"#0","tintindex":0},"north":{"uv":[5.375,9.25,5.75,9.375],"texture":"#0","tintindex":0}}},{"from":[8.24375,8.325,8.0],"to":[8.24375,8.8125,8.975],"rotation":{"origin":[8.0,8.325,8.0],"axis":"x","angle":-22.5},"faces":{"east":{"uv":[9.375,2.375,9.625,2.5],"texture":"#0","tintindex":0},"west":{"uv":[4.0,9.375,4.25,9.5],"texture":"#0","tintindex":0}}},{"from":[11.65625,10.275,6.2125],"to":[11.65625,11.25,6.7],"rotation":{"origin":[12.14375,6.8625,7.025],"axis":"y","angle":22.5},"faces":{"east":{"uv":[3.625,9.375,3.75,9.625],"texture":"#0","tintindex":0},"west":{"uv":[3.75,9.375,3.875,9.625],"texture":"#0","tintindex":0}}},{"from":[6.5102253,10.275,-3.3612204],"to":[6.5102253,11.25,-2.8737202],"rotation":{"origin":[6.2664747,6.8625,-1.75247],"axis":"y","angle":45.0},"faces":{"east":{"uv":[2.0,8.75,2.125,9.0],"texture":"#0","tintindex":0},"west":{"uv":[9.25,8.625,9.375,8.875],"texture":"#0","tintindex":0}}},{"from":[7.26875,6.8625,7.025],"to":[11.16875,10.275,8.0],"faces":{"east":{"uv":[1.75,9.0,2.0,9.625],"texture":"#0","tintindex":0},"south":{"uv":[7.75,1.125,8.5,1.75],"texture":"#0","tintindex":0},"north":{"uv":[7.75,0.5,8.5,1.125],"texture":"#0","tintindex":0},"west":{"uv":[2.0,9.0,2.25,9.625],"texture":"#0","tintindex":0},"up":{"uv":[9.25,6.5,8.5,6.25],"texture":"#0","tintindex":0},"down":{"uv":[9.375,4.125,8.625,4.375],"texture":"#0","tintindex":0}}},{"from":[-1.5062504,6.8625,-0.28750038],"to":[-0.04374981,10.275,7.025],"rotation":{"origin":[-1.5062504,6.8625,7.025],"axis":"y","angle":-22.5},"faces":{"east":{"uv":[0.0,5.625,1.375,6.25],"texture":"#0","tintindex":0},"south":{"uv":[8.75,8.75,9.0,9.375],"texture":"#0","tintindex":0},"north":{"uv":[8.5,8.75,8.75,9.375],"texture":"#0","tintindex":0},"west":{"uv":[5.75,3.5,7.125,4.125],"texture":"#0","tintindex":0},"up":{"uv":[5.5,9.25,5.25,7.875],"texture":"#0","tintindex":0},"down":{"uv":[5.75,7.875,5.5,9.25],"texture":"#0","tintindex":0}}},{"from":[1.4187498,5.5625,0.19999981],"to":[9.21875,10.063749,3.6125002],"faces":{"east":{"uv":[7.125,5.375,7.75,6.25],"texture":"#0","tintindex":0},"south":{"uv":[5.25,0.0,6.75,0.875],"texture":"#0","tintindex":0},"north":{"uv":[4.75,5.0,6.25,5.875],"texture":"#0","tintindex":0},"west":{"uv":[7.125,6.25,7.75,7.125],"texture":"#0","tintindex":0},"up":{"uv":[6.75,2.5,5.25,1.875],"texture":"#0","tintindex":0},"down":{"uv":[3.625,5.5,2.125,6.125],"texture":"#0","tintindex":0}}},{"from":[-0.53125,6.8625,7.025],"to":[3.36875,10.275,8.0],"faces":{"east":{"uv":[7.25,9.0,7.5,9.625],"texture":"#0","tintindex":0},"south":{"uv":[6.0,7.75,6.75,8.375],"texture":"#0","tintindex":0},"north":{"uv":[7.75,5.375,8.5,6.0],"texture":"#0","tintindex":0},"west":{"uv":[7.5,9.0,7.75,9.625],"texture":"#0","tintindex":0},"up":{"uv":[9.375,4.625,8.625,4.375],"texture":"#0","tintindex":0},"down":{"uv":[9.375,4.625,8.625,4.875],"texture":"#0","tintindex":0}}},{"from":[-1.0187502,10.275,-0.15750027],"to":[-1.0187502,11.25,0.3625002],"rotation":{"origin":[-1.5062504,6.8625,7.025],"axis":"y","angle":-22.5},"faces":{"east":{"uv":[2.625,9.375,2.75,9.625],"texture":"#0","tintindex":0},"west":{"uv":[2.75,9.375,2.875,9.625],"texture":"#0","tintindex":0}}},{"from":[3.6153998,6.8625,-3.8487196],"to":[5.0779,10.275,1.90378],"rotation":{"origin":[4.34665,6.8625,-1.75247],"axis":"y","angle":-45.0},"faces":{"east":{"uv":[2.375,6.125,3.5,6.75],"texture":"#0","tintindex":0},"south":{"uv":[8.25,8.75,8.5,9.375],"texture":"#0","tintindex":0},"north":{"uv":[1.125,6.25,1.375,6.875],"texture":"#0","tintindex":0},"west":{"uv":[0.0,6.25,1.125,6.875],"texture":"#0","tintindex":0},"up":{"uv":[3.25,9.625,3.0,8.5],"texture":"#0","tintindex":0},"down":{"uv":[3.5,8.5,3.25,9.625],"texture":"#0","tintindex":0}}},{"from":[3.36875,6.8625,9.7875],"to":[7.26875,7.8375,14.175],"faces":{"east":{"uv":[8.5,2.0,9.375,2.25],"texture":"#0","tintindex":0},"south":{"uv":[8.75,3.0,9.5,3.25],"texture":"#0","tintindex":0},"north":{"uv":[8.75,2.75,9.5,3.0],"texture":"#0","tintindex":0},"west":{"uv":[8.5,3.75,9.375,4.0],"texture":"#0","tintindex":0},"up":{"uv":[4.25,7.375,3.5,6.5],"texture":"#0","tintindex":0},"down":{"uv":[5.0,6.5,4.25,7.375],"texture":"#0","tintindex":0}}},{"from":[5.535225,5.5625,-2.38622],"to":[6.997725,6.8625,1.8550301],"rotation":{"origin":[6.2664747,6.375,-1.75247],"axis":"y","angle":45.0},"faces":{"east":{"uv":[8.5,1.5,9.375,1.75],"texture":"#0","tintindex":0},"south":{"uv":[9.125,7.375,9.375,7.625],"texture":"#0","tintindex":0},"north":{"uv":[9.125,7.125,9.375,7.375],"texture":"#0","tintindex":0},"west":{"uv":[8.5,1.75,9.375,2.0],"texture":"#0","tintindex":0},"up":{"uv":[3.75,9.375,3.5,8.5],"texture":"#0","tintindex":0},"down":{"uv":[4.0,8.5,3.75,9.375],"texture":"#0","tintindex":0}}},{"from":[7.26875,8.325,8.975],"to":[8.73125,8.8125,9.4625],"rotation":{"origin":[8.0,8.325,8.0],"axis":"x","angle":-22.5},"faces":{"east":{"uv":[8.125,9.375,8.25,9.5],"texture":"#0","tintindex":0},"south":{"uv":[9.375,7.125,9.625,7.25],"texture":"#0","tintindex":0},"north":{"uv":[9.375,7.0,9.625,7.125],"texture":"#0","tintindex":0},"west":{"uv":[9.375,8.125,9.5,8.25],"texture":"#0","tintindex":0},"up":{"uv":[9.625,7.375,9.375,7.25],"texture":"#0","tintindex":0},"down":{"uv":[9.625,7.375,9.375,7.5],"texture":"#0","tintindex":0}}},{"from":[-1.5062504,6.2125,21.65],"to":[12.14375,6.8625,24.25],"faces":{"east":{"uv":[9.125,6.625,9.625,6.75],"texture":"#0","tintindex":0},"south":{"uv":[7.125,4.0,9.75,4.125],"texture":"#0","tintindex":0},"north":{"uv":[6.75,2.375,9.375,2.5],"texture":"#0","tintindex":0},"west":{"uv":[9.125,6.75,9.625,6.875],"texture":"#0","tintindex":0},"up":{"uv":[4.75,5.5,2.125,5.0],"texture":"#0","tintindex":0},"down":{"uv":[7.625,4.375,5.0,4.875],"texture":"#0","tintindex":0}}},{"from":[3.36875,6.8625,7.025],"to":[7.26875,10.275,8.0],"faces":{"east":{"uv":[9.0,7.75,9.25,8.375],"texture":"#0","tintindex":0},"south":{"uv":[6.75,7.75,7.5,8.375],"texture":"#0","tintindex":0},"north":{"uv":[7.75,6.0,8.5,6.625],"texture":"#0","tintindex":0},"west":{"uv":[9.0,8.375,9.25,9.0],"texture":"#0","tintindex":0},"up":{"uv":[2.0,9.0,1.25,8.75],"texture":"#0","tintindex":0},"down":{"uv":[9.5,2.5,8.75,2.75],"texture":"#0","tintindex":0}}},{"from":[-0.04374981,6.8625,19.45625],"to":[2.3937502,10.22625,19.94375],"rotation":{"origin":[1.1750002,8.56875,17.50625],"axis":"y","angle":-45.0},"faces":{"east":{"uv":[0.625,9.125,0.75,9.75],"texture":"#0","tintindex":0},"south":{"uv":[8.5,0.625,9.0,1.25],"texture":"#0","tintindex":0},"north":{"uv":[0.5,8.5,1.0,9.125],"texture":"#0","tintindex":0},"west":{"uv":[0.75,9.125,0.875,9.75],"texture":"#0","tintindex":0},"up":{"uv":[9.75,1.25,9.25,1.125],"texture":"#0","tintindex":0},"down":{"uv":[5.125,9.25,4.625,9.375],"texture":"#0","tintindex":0}}},{"from":[5.075,9.05625,8.65],"to":[5.5625,9.54375,9.625],"rotation":{"origin":[5.31875,9.05625,8.65],"axis":"x","angle":-22.5},"faces":{"east":{"uv":[7.5,0.75,7.75,0.875],"texture":"#0","tintindex":0},"south":{"uv":[9.375,7.875,9.5,8.0],"texture":"#0","tintindex":0},"north":{"uv":[9.375,7.75,9.5,7.875],"texture":"#0","tintindex":0},"west":{"uv":[7.75,1.75,8.0,1.875],"texture":"#0","tintindex":0},"up":{"uv":[9.5,4.0,9.375,3.75],"texture":"#0","tintindex":0},"down":{"uv":[4.0,9.375,3.875,9.625],"texture":"#0","tintindex":0}}},{"from":[2.88125,7.43125,19.2125],"to":[7.75625,10.275,19.7],"rotation":{"origin":[5.31875,10.275,19.7],"axis":"x","angle":-22.5},"faces":{"east":{"uv":[9.25,0.625,9.375,1.125],"texture":"#0","tintindex":0},"south":{"uv":[7.625,4.375,8.625,4.875],"texture":"#0","tintindex":0},"north":{"uv":[7.5,0.0,8.5,0.5],"texture":"#0","tintindex":0},"west":{"uv":[4.25,9.25,4.375,9.75],"texture":"#0","tintindex":0},"up":{"uv":[9.875,5.0,8.875,4.875],"texture":"#0","tintindex":0},"down":{"uv":[9.875,5.0,8.875,5.125],"texture":"#0","tintindex":0}}},{"from":[1.7437501,8.325,8.975],"to":[3.2062502,8.8125,9.4625],"rotation":{"origin":[2.475,8.325,8.0],"axis":"x","angle":-22.5},"faces":{"east":{"uv":[8.0,9.375,8.125,9.5],"texture":"#0","tintindex":0},"south":{"uv":[9.375,4.25,9.625,4.375],"texture":"#0","tintindex":0},"north":{"uv":[9.375,4.125,9.625,4.25],"texture":"#0","tintindex":0},"west":{"uv":[9.375,8.0,9.5,8.125],"texture":"#0","tintindex":0},"up":{"uv":[9.625,4.5,9.375,4.375],"texture":"#0","tintindex":0},"down":{"uv":[9.625,4.5,9.375,4.625],"texture":"#0","tintindex":0}}},{"from":[4.34375,8.325,9.194375],"to":[4.34375,10.275,9.649375],"rotation":{"origin":[5.31875,9.05625,8.65],"axis":"x","angle":-22.5},"faces":{"east":{"uv":[5.75,9.25,5.875,9.625],"texture":"#0","tintindex":0},"west":{"uv":[5.875,9.25,6.0,9.625],"texture":"#0","tintindex":0}}},{"from":[11.65625,10.275,7.025],"to":[11.65625,12.875,13.3625],"rotation":{"origin":[9.4625,10.275,7.025],"axis":"x","angle":22.5},"faces":{"east":{"uv":[7.125,2.75,8.375,3.25],"texture":"#0","tintindex":0},"west":{"uv":[7.125,3.25,8.375,3.75],"texture":"#0","tintindex":0}}},{"from":[2.88125,6.8625,19.2125],"to":[7.75625,7.675,21.65],"faces":{"east":{"uv":[9.125,7.625,9.625,7.75],"texture":"#0","tintindex":0},"south":{"uv":[8.75,5.875,9.75,6.0],"texture":"#0","tintindex":0},"north":{"uv":[8.75,3.25,9.75,3.375],"texture":"#0","tintindex":0},"west":{"uv":[9.25,0.0,9.75,0.125],"texture":"#0","tintindex":0},"up":{"uv":[1.0,7.875,0.0,7.375],"texture":"#0","tintindex":0},"down":{"uv":[4.0,7.375,3.0,7.875],"texture":"#0","tintindex":0}}},{"from":[-1.0187502,10.275,7.025],"to":[11.65625,12.875,7.025],"rotation":{"origin":[1.1750002,10.275,7.025],"axis":"x","angle":22.5},"faces":{"south":{"uv":[5.25,1.375,7.75,1.875],"texture":"#0","tintindex":0},"north":{"uv":[5.25,0.875,7.75,1.375],"texture":"#0","tintindex":0}}},{"from":[4.1029,10.7625,-2.8737202],"to":[4.1029,11.25,1.2862797],"rotation":{"origin":[4.34665,6.8625,-1.75247],"axis":"y","angle":-45.0},"faces":{"east":{"uv":[6.375,2.75,7.125,2.875],"texture":"#0","tintindex":0},"west":{"uv":[8.875,5.125,9.625,5.25],"texture":"#0","tintindex":0}}},{"from":[-1.5062504,5.5625,-0.28750038],"to":[-0.04374981,6.8625,7.025],"rotation":{"origin":[-1.5062504,6.375,7.025],"axis":"y","angle":-22.5},"faces":{"east":{"uv":[4.25,3.5,5.625,3.75],"texture":"#0","tintindex":0},"south":{"uv":[6.0,7.375,6.25,7.625],"texture":"#0","tintindex":0},"north":{"uv":[4.375,5.5,4.625,5.75],"texture":"#0","tintindex":0},"west":{"uv":[7.125,3.75,8.5,4.0],"texture":"#0","tintindex":0},"up":{"uv":[4.5,9.25,4.25,7.875],"texture":"#0","tintindex":0},"down":{"uv":[4.75,7.875,4.5,9.25],"texture":"#0","tintindex":0}}},{"from":[3.36875,7.8375,13.2],"to":[7.26875,12.225,14.175],"faces":{"east":{"uv":[8.0,8.5,8.25,9.375],"texture":"#0","tintindex":0},"south":{"uv":[6.75,0.0,7.5,0.875],"texture":"#0","tintindex":0},"north":{"uv":[5.0,6.5,5.75,7.375],"texture":"#0","tintindex":0},"west":{"uv":[1.0,8.75,1.25,9.625],"texture":"#0","tintindex":0},"up":{"uv":[9.5,5.625,8.75,5.375],"texture":"#0","tintindex":0},"down":{"uv":[9.5,5.625,8.75,5.875],"texture":"#0","tintindex":0}}},{"from":[7.75625,6.8625,19.2125],"to":[11.16875,10.275,21.65],"faces":{"east":{"uv":[3.0,6.75,3.5,7.375],"texture":"#0","tintindex":0},"south":{"uv":[7.5,7.75,8.125,8.375],"texture":"#0","tintindex":0},"north":{"uv":[2.375,7.625,3.0,8.25],"texture":"#0","tintindex":0},"west":{"uv":[8.0,1.75,8.5,2.375],"texture":"#0","tintindex":0},"up":{"uv":[6.625,8.875,6.0,8.375],"texture":"#0","tintindex":0},"down":{"uv":[7.25,8.375,6.625,8.875],"texture":"#0","tintindex":0}}},{"from":[11.16875,6.8625,7.025],"to":[12.14375,10.275,21.65],"faces":{"east":{"uv":[4.25,2.875,7.125,3.5],"texture":"#0","tintindex":0},"south":{"uv":[6.75,8.875,7.0,9.5],"texture":"#0","tintindex":0},"north":{"uv":[6.5,8.875,6.75,9.5],"texture":"#0","tintindex":0},"west":{"uv":[0.0,4.375,2.875,5.0],"texture":"#0","tintindex":0},"up":{"uv":[2.125,8.5,1.875,5.625],"texture":"#0","tintindex":0},"down":{"uv":[2.375,6.125,2.125,9.0],"texture":"#0","tintindex":0}}},{"from":[3.8562498,6.8625,8.0],"to":[6.78125,10.275,8.65],"faces":{"east":{"uv":[0.875,9.125,1.0,9.75],"texture":"#0","tintindex":0},"south":{"uv":[3.625,7.875,4.25,8.5],"texture":"#0","tintindex":0},"north":{"uv":[3.0,7.875,3.625,8.5],"texture":"#0","tintindex":0},"west":{"uv":[2.375,9.125,2.5,9.75],"texture":"#0","tintindex":0},"up":{"uv":[9.75,3.625,9.125,3.5],"texture":"#0","tintindex":0},"down":{"uv":[9.75,3.625,9.125,3.75],"texture":"#0","tintindex":0}}},{"from":[-1.5062504,5.5625,7.025],"to":[12.14375,6.8625,21.65],"faces":{"east":{"uv":[5.25,2.5,8.125,2.75],"texture":"#0","tintindex":0},"south":{"uv":[6.25,5.125,8.875,5.375],"texture":"#0","tintindex":0},"north":{"uv":[6.25,4.875,8.875,5.125],"texture":"#0","tintindex":0},"west":{"uv":[5.75,4.125,8.625,4.375],"texture":"#0","tintindex":0},"up":{"uv":[2.625,2.875,0.0,0.0],"texture":"#0","tintindex":0},"down":{"uv":[5.25,0.0,2.625,2.875],"texture":"#0","tintindex":0}}},{"from":[6.5102253,10.7625,-2.8737202],"to":[6.5102253,11.25,1.2862797],"rotation":{"origin":[6.2664747,6.8625,-1.75247],"axis":"y","angle":45.0},"faces":{"east":{"uv":[8.875,5.25,9.625,5.375],"texture":"#0","tintindex":0},"west":{"uv":[9.125,3.375,9.875,3.5],"texture":"#0","tintindex":0}}},{"from":[4.34375,8.26,9.194375],"to":[6.29375,8.26,9.649375],"rotation":{"origin":[5.31875,9.05625,8.4875],"axis":"x","angle":-22.5},"faces":{"up":{"uv":[4.75,5.875,4.375,5.75],"texture":"#0","tintindex":0},"down":{"uv":[6.375,7.625,6.0,7.75],"texture":"#0","tintindex":0}}},{"from":[6.5102253,10.275,1.2862797],"to":[6.5102253,11.25,1.7737799],"rotation":{"origin":[6.2664747,6.8625,-1.75247],"axis":"y","angle":45.0},"faces":{"east":{"uv":[9.25,8.875,9.375,9.125],"texture":"#0","tintindex":0},"west":{"uv":[9.25,9.125,9.375,9.375],"texture":"#0","tintindex":0}}},{"from":[4.34375,10.275,9.194375],"to":[6.29375,10.275,9.649375],"rotation":{"origin":[5.31875,9.05625,8.65],"axis":"x","angle":-22.5},"faces":{"up":{"uv":[9.625,6.5,9.25,6.375],"texture":"#0","tintindex":0},"down":{"uv":[9.625,8.5,9.25,8.625],"texture":"#0","tintindex":0}}},{"from":[-1.0187502,10.275,6.2125],"to":[-1.0187502,11.25,6.7],"rotation":{"origin":[-1.5062504,6.8625,7.025],"axis":"y","angle":-22.5},"faces":{"east":{"uv":[9.375,2.0,9.5,2.25],"texture":"#0","tintindex":0},"west":{"uv":[2.5,9.375,2.625,9.625],"texture":"#0","tintindex":0}}},{"from":[3.36875,5.5625,-1.75],"to":[7.26875,10.063749,0.19999981],"faces":{"east":{"uv":[2.375,8.25,2.75,9.125],"texture":"#0","tintindex":0},"south":{"uv":[6.375,6.25,7.125,7.125],"texture":"#0","tintindex":0},"north":{"uv":[6.375,5.375,7.125,6.25],"texture":"#0","tintindex":0},"west":{"uv":[8.375,2.5,8.75,3.375],"texture":"#0","tintindex":0},"up":{"uv":[4.375,5.875,3.625,5.5],"texture":"#0","tintindex":0},"down":{"uv":[9.125,3.375,8.375,3.75],"texture":"#0","tintindex":0}}},{"from":[7.75625,8.325,8.0],"to":[7.75625,8.8125,8.975],"rotation":{"origin":[8.0,8.325,8.0],"axis":"x","angle":-22.5},"faces":{"east":{"uv":[5.375,9.375,5.625,9.5],"texture":"#0","tintindex":0},"west":{"uv":[9.375,6.875,9.625,7.0],"texture":"#0","tintindex":0}}},{"from":[-1.0187502,10.7625,0.3625002],"to":[-1.0187502,11.25,6.2125],"rotation":{"origin":[-1.5062504,6.8625,7.025],"axis":"y","angle":-22.5},"faces":{"east":{"uv":[5.0,4.875,6.125,5.0],"texture":"#0","tintindex":0},"west":{"uv":[5.25,2.75,6.375,2.875],"texture":"#0","tintindex":0}}},{"from":[4.1029,10.275,1.2862797],"to":[4.1029,11.25,1.7737799],"rotation":{"origin":[4.34665,6.8625,-1.75247],"axis":"y","angle":-45.0},"faces":{"east":{"uv":[4.625,5.5,4.75,5.75],"texture":"#0","tintindex":0},"west":{"uv":[5.625,3.5,5.75,3.75],"texture":"#0","tintindex":0}}},{"from":[11.65625,10.275,-0.15750027],"to":[11.65625,11.25,0.3625002],"rotation":{"origin":[12.14375,6.8625,7.025],"axis":"y","angle":22.5},"faces":{"east":{"uv":[2.875,9.375,3.0,9.625],"texture":"#0","tintindex":0},"west":{"uv":[3.5,9.375,3.625,9.625],"texture":"#0","tintindex":0}}},{"from":[2.2312498,8.325,8.0],"to":[2.2312498,8.8125,8.975],"rotation":{"origin":[2.475,8.325,8.0],"axis":"x","angle":-22.5},"faces":{"east":{"uv":[4.625,9.375,4.875,9.5],"texture":"#0","tintindex":0},"west":{"uv":[9.375,4.625,9.625,4.75],"texture":"#0","tintindex":0}}},{"from":[3.6153998,5.5625,-3.8487196],"to":[5.0779,6.8625,1.90378],"rotation":{"origin":[4.34665,6.375,-1.75247],"axis":"y","angle":-45.0},"faces":{"east":{"uv":[1.0,8.5,2.125,8.75],"texture":"#0","tintindex":0},"south":{"uv":[9.125,6.875,9.375,7.125],"texture":"#0","tintindex":0},"north":{"uv":[2.5,9.125,2.75,9.375],"texture":"#0","tintindex":0},"west":{"uv":[8.5,1.25,9.625,1.5],"texture":"#0","tintindex":0},"up":{"uv":[3.0,9.375,2.75,8.25],"texture":"#0","tintindex":0},"down":{"uv":[8.0,8.375,7.75,9.5],"texture":"#0","tintindex":0}}},{"from":[11.65625,10.7625,0.3625002],"to":[11.65625,11.25,6.2125],"rotation":{"origin":[12.14375,6.8625,7.025],"axis":"y","angle":22.5},"faces":{"east":{"uv":[8.5,2.25,9.625,2.375],"texture":"#0","tintindex":0},"west":{"uv":[8.5,6.5,9.625,6.625],"texture":"#0","tintindex":0}}}],"textures":{"particle":"#0","0":"modelengine:91da7a4e-ee5a-45a0-84a8-6473697a3f49"}}