{"display":{"head":{},"firstperson_righthand":{},"thirdperson_lefthand":{},"firstperson_lefthand":{},"fixed":{},"ground":{},"thirdperson_righthand":{},"gui":{"rotation":[-150.0,-45.0,180.0]}},"elements":[{"from":[6.5375,-3.2124996,30.1975],"to":[8.4875,1.6624999,30.1975],"rotation":{"origin":[7.5125,-0.7749996,30.1975],"axis":"z","angle":-45.0},"faces":{"south":{"uv":[9.0,9.0,9.25,9.5],"texture":"#0","tintindex":0},"north":{"uv":[1.0,7.375,1.25,7.875],"texture":"#0","tintindex":0}}},{"from":[7.025,2.15,28.15],"to":[8.0,8.0,30.1],"faces":{"east":{"uv":[1.25,9.0,1.5,9.625],"texture":"#0","tintindex":0},"south":{"uv":[1.25,7.5,1.375,8.125],"texture":"#0","tintindex":0},"north":{"uv":[1.25,6.875,1.375,7.5],"texture":"#0","tintindex":0},"west":{"uv":[1.5,9.0,1.75,9.625],"texture":"#0","tintindex":0},"up":{"uv":[9.5,0.375,9.375,0.125],"texture":"#0","tintindex":0},"down":{"uv":[9.5,0.375,9.375,0.625],"texture":"#0","tintindex":0}}},{"from":[6.5375,-3.2124996,30.1],"to":[8.4875,1.6624999,30.1],"rotation":{"origin":[7.5125,-0.7749996,30.1],"axis":"z","angle":45.0},"faces":{"south":{"uv":[0.25,9.125,0.5,9.625],"texture":"#0","tintindex":0},"north":{"uv":[0.0,9.125,0.25,9.625],"texture":"#0","tintindex":0}}},{"from":[7.025,2.15,30.1],"to":[8.0,5.075,31.075],"faces":{"east":{"uv":[9.375,0.875,9.5,1.125],"texture":"#0","tintindex":0},"south":{"uv":[9.375,1.5,9.5,1.75],"texture":"#0","tintindex":0},"north":{"uv":[9.375,0.625,9.5,0.875],"texture":"#0","tintindex":0},"west":{"uv":[9.375,1.75,9.5,2.0],"texture":"#0","tintindex":0},"up":{"uv":[6.25,5.0,6.125,4.875],"texture":"#0","tintindex":0},"down":{"uv":[8.125,8.375,8.0,8.5],"texture":"#0","tintindex":0}}},{"from":[7.5125,-1.2624998,28.15],"to":[7.5125,2.15,29.125],"faces":{"east":{"uv":[3.5,6.125,3.625,6.5],"texture":"#0","tintindex":0},"west":{"uv":[1.25,8.125,1.375,8.5],"texture":"#0","tintindex":0}}},{"from":[7.5125,-1.2624998,29.125],"to":[7.5125,-0.28750038,30.1],"faces":{"east":{"uv":[5.625,9.375,5.75,9.5],"texture":"#0","tintindex":0},"west":{"uv":[9.375,7.5,9.5,7.625],"texture":"#0","tintindex":0}}}],"textures":{"particle":"#0","0":"modelengine:91da7a4e-ee5a-45a0-84a8-6473697a3f49"}}