{"display":{"head":{},"firstperson_righthand":{},"thirdperson_lefthand":{},"firstperson_lefthand":{},"fixed":{},"ground":{},"thirdperson_righthand":{},"gui":{"rotation":[-150.0,-45.0,180.0]}},"elements":[{"from":[0.0,8.0,0.0],"to":[2.0,14.0,2.0],"faces":{"east":{"uv":[5.5,5.5,6.0,7.0],"texture":"#0","tintindex":0},"south":{"uv":[0.0,6.0,0.5,7.5],"texture":"#0","tintindex":0},"north":{"uv":[5.5,3.0,6.0,4.5],"texture":"#0","tintindex":0},"west":{"uv":[0.5,6.0,1.0,7.5],"texture":"#0","tintindex":0},"up":{"uv":[6.0,5.0,5.5,4.5],"texture":"#0","tintindex":0},"down":{"uv":[6.0,7.0,5.5,7.5],"texture":"#0","tintindex":0}}},{"from":[0.0,8.0,8.0],"to":[2.0,14.0,10.0],"faces":{"east":{"uv":[6.0,4.5,6.5,6.0],"texture":"#0","tintindex":0},"south":{"uv":[5.0,6.0,5.5,7.5],"texture":"#0","tintindex":0},"north":{"uv":[4.5,6.0,5.0,7.5],"texture":"#0","tintindex":0},"west":{"uv":[6.0,6.0,6.5,7.5],"texture":"#0","tintindex":0},"up":{"uv":[1.5,8.0,1.0,7.5],"texture":"#0","tintindex":0},"down":{"uv":[2.0,7.5,1.5,8.0],"texture":"#0","tintindex":0}}},{"from":[8.0,8.0,0.0],"to":[10.0,14.0,2.0],"faces":{"east":{"uv":[1.5,6.0,2.0,7.5],"texture":"#0","tintindex":0},"south":{"uv":[2.0,6.0,2.5,7.5],"texture":"#0","tintindex":0},"north":{"uv":[1.0,6.0,1.5,7.5],"texture":"#0","tintindex":0},"west":{"uv":[2.5,6.0,3.0,7.5],"texture":"#0","tintindex":0},"up":{"uv":[7.0,7.5,6.5,7.0],"texture":"#0","tintindex":0},"down":{"uv":[7.5,7.0,7.0,7.5],"texture":"#0","tintindex":0}}},{"from":[9.0,11.0,2.0],"to":[9.0,13.0,8.0],"faces":{"east":{"uv":[6.5,6.0,8.0,6.5],"texture":"#0","tintindex":0},"west":{"uv":[6.5,6.5,8.0,7.0],"texture":"#0","tintindex":0}}},{"from":[-1.0,14.0,-1.0],"to":[11.0,16.0,11.0],"faces":{"east":{"uv":[5.5,0.0,8.5,0.5],"texture":"#0","tintindex":0},"south":{"uv":[5.5,0.5,8.5,1.0],"texture":"#0","tintindex":0},"north":{"uv":[3.0,5.0,6.0,5.5],"texture":"#0","tintindex":0},"west":{"uv":[5.5,1.0,8.5,1.5],"texture":"#0","tintindex":0},"up":{"uv":[3.0,3.0,0.0,0.0],"texture":"#0","tintindex":0},"down":{"uv":[3.0,3.0,0.0,6.0],"texture":"#0","tintindex":0}}},{"from":[2.0,11.0,1.0],"to":[8.0,13.0,1.0],"faces":{"south":{"uv":[6.5,3.5,8.0,4.0],"texture":"#0","tintindex":0},"north":{"uv":[6.5,3.0,8.0,3.5],"texture":"#0","tintindex":0}}},{"from":[0.0,16.0,0.0],"to":[10.0,18.0,10.0],"faces":{"east":{"uv":[5.5,2.0,8.0,2.5],"texture":"#0","tintindex":0},"south":{"uv":[5.5,2.5,8.0,3.0],"texture":"#0","tintindex":0},"north":{"uv":[5.5,1.5,8.0,2.0],"texture":"#0","tintindex":0},"west":{"uv":[3.0,5.5,5.5,6.0],"texture":"#0","tintindex":0},"up":{"uv":[5.5,2.5,3.0,0.0],"texture":"#0","tintindex":0},"down":{"uv":[5.5,2.5,3.0,5.0],"texture":"#0","tintindex":0}}},{"from":[1.0,11.0,2.0],"to":[1.0,13.0,8.0],"faces":{"east":{"uv":[6.5,4.0,8.0,4.5],"texture":"#0","tintindex":0},"west":{"uv":[6.5,4.5,8.0,5.0],"texture":"#0","tintindex":0}}},{"from":[8.0,8.0,8.0],"to":[10.0,14.0,10.0],"faces":{"east":{"uv":[6.0,3.0,6.5,4.5],"texture":"#0","tintindex":0},"south":{"uv":[3.5,6.0,4.0,7.5],"texture":"#0","tintindex":0},"north":{"uv":[3.0,6.0,3.5,7.5],"texture":"#0","tintindex":0},"west":{"uv":[4.0,6.0,4.5,7.5],"texture":"#0","tintindex":0},"up":{"uv":[0.5,8.0,0.0,7.5],"texture":"#0","tintindex":0},"down":{"uv":[1.0,7.5,0.5,8.0],"texture":"#0","tintindex":0}}},{"from":[2.0,11.0,9.0],"to":[8.0,13.0,9.0],"faces":{"south":{"uv":[6.5,5.5,8.0,6.0],"texture":"#0","tintindex":0},"north":{"uv":[6.5,5.0,8.0,5.5],"texture":"#0","tintindex":0}}}],"textures":{"particle":"#0","0":"modelengine:21b1a3df-3d76-415b-9c5b-782c56b0b354"}}