{"display":{"head":{},"firstperson_righthand":{},"thirdperson_lefthand":{},"firstperson_lefthand":{},"fixed":{},"ground":{},"thirdperson_righthand":{},"gui":{"rotation":[-150.0,-45.0,180.0]}},"elements":[{"from":[4.625001,9.01845,2.9428005],"to":[11.375,14.418449,5.6428013],"rotation":{"origin":[8.675,11.718451,4.292801],"axis":"x","angle":45.0},"faces":{"east":{"uv":[6.625,11.875,6.875,12.375],"texture":"#0","tintindex":0},"south":{"uv":[1.875,9.625,2.5,10.125],"texture":"#0","tintindex":0},"north":{"uv":[1.25,9.625,1.875,10.125],"texture":"#0","tintindex":0},"west":{"uv":[6.875,11.875,7.125,12.375],"texture":"#0","tintindex":0},"up":{"uv":[11.625,5.625,11.0,5.375],"texture":"#0","tintindex":0},"down":{"uv":[11.625,6.0,11.0,6.25],"texture":"#0","tintindex":0}}},{"from":[4.625001,11.853451,5.2378006],"to":[11.375,14.55345,10.6378],"faces":{"east":{"uv":[11.875,2.625,12.375,2.875],"texture":"#0","tintindex":0},"south":{"uv":[10.75,11.0,11.375,11.25],"texture":"#0","tintindex":0},"north":{"uv":[11.0,6.25,11.625,6.5],"texture":"#0","tintindex":0},"west":{"uv":[9.625,11.875,10.125,12.125],"texture":"#0","tintindex":0},"up":{"uv":[10.25,7.0,9.625,6.5],"texture":"#0","tintindex":0},"down":{"uv":[4.125,9.75,3.5,10.25],"texture":"#0","tintindex":0}}},{"from":[4.625001,3.01095,1.6603012],"to":[11.375,5.71095,7.060301],"rotation":{"origin":[8.675,4.3609495,4.360301],"axis":"x","angle":45.0},"faces":{"east":{"uv":[11.75,9.375,12.25,9.625],"texture":"#0","tintindex":0},"south":{"uv":[11.0,3.375,11.625,3.625],"texture":"#0","tintindex":0},"north":{"uv":[11.0,3.125,11.625,3.375],"texture":"#0","tintindex":0},"west":{"uv":[11.5,11.75,12.0,12.0],"texture":"#0","tintindex":0},"up":{"uv":[4.125,9.75,3.5,9.25],"texture":"#0","tintindex":0},"down":{"uv":[4.75,9.25,4.125,9.75],"texture":"#0","tintindex":0}}},{"from":[4.625001,1.4584498,5.3053007],"to":[11.375,4.15845,10.705301],"faces":{"east":{"uv":[11.75,8.875,12.25,9.125],"texture":"#0","tintindex":0},"south":{"uv":[11.0,2.75,11.625,3.0],"texture":"#0","tintindex":0},"north":{"uv":[2.75,11.0,3.375,11.25],"texture":"#0","tintindex":0},"west":{"uv":[11.75,9.125,12.25,9.375],"texture":"#0","tintindex":0},"up":{"uv":[6.0,9.375,5.375,8.875],"texture":"#0","tintindex":0},"down":{"uv":[9.875,0.625,9.25,1.125],"texture":"#0","tintindex":0}}},{"from":[5.3,4.15845,3.9553013],"to":[10.7,11.92095,12.055302],"faces":{"east":{"uv":[7.875,2.125,8.625,2.875],"texture":"#0","tintindex":0},"south":{"uv":[0.0,8.75,0.5,9.5],"texture":"#0","tintindex":0},"north":{"uv":[3.0,6.5,3.5,7.25],"texture":"#0","tintindex":0},"west":{"uv":[0.0,8.0,0.75,8.75],"texture":"#0","tintindex":0},"up":{"uv":[1.0,9.5,0.5,8.75],"texture":"#0","tintindex":0},"down":{"uv":[9.25,0.625,8.75,1.375],"texture":"#0","tintindex":0}}},{"from":[4.625001,2.94345,9.017801],"to":[11.375,5.64345,14.417801],"rotation":{"origin":[8.675,4.29345,11.7178],"axis":"x","angle":-45.0},"faces":{"east":{"uv":[11.875,0.0,12.375,0.25],"texture":"#0","tintindex":0},"south":{"uv":[3.875,11.0,4.5,11.25],"texture":"#0","tintindex":0},"north":{"uv":[11.0,3.625,11.625,3.875],"texture":"#0","tintindex":0},"west":{"uv":[11.875,0.25,12.375,0.5],"texture":"#0","tintindex":0},"up":{"uv":[9.875,5.125,9.25,4.625],"texture":"#0","tintindex":0},"down":{"uv":[5.375,9.25,4.75,9.75],"texture":"#0","tintindex":0}}},{"from":[4.625001,5.17095,11.8528],"to":[11.375,10.57095,14.552801],"faces":{"east":{"uv":[11.875,2.125,12.125,2.625],"texture":"#0","tintindex":0},"south":{"uv":[0.0,9.5,0.625,10.0],"texture":"#0","tintindex":0},"north":{"uv":[5.375,9.375,6.0,9.875],"texture":"#0","tintindex":0},"west":{"uv":[11.875,3.375,12.125,3.875],"texture":"#0","tintindex":0},"up":{"uv":[11.625,4.625,11.0,4.375],"texture":"#0","tintindex":0},"down":{"uv":[11.625,4.625,11.0,4.875],"texture":"#0","tintindex":0}}},{"from":[4.625001,5.37345,1.4578009],"to":[11.375,10.773449,4.1578007],"faces":{"east":{"uv":[5.875,11.75,6.125,12.25],"texture":"#0","tintindex":0},"south":{"uv":[8.875,9.25,9.5,9.75],"texture":"#0","tintindex":0},"north":{"uv":[9.25,6.0,9.875,6.5],"texture":"#0","tintindex":0},"west":{"uv":[9.375,11.75,9.625,12.25],"texture":"#0","tintindex":0},"up":{"uv":[11.625,4.125,11.0,3.875],"texture":"#0","tintindex":0},"down":{"uv":[11.625,4.125,11.0,4.375],"texture":"#0","tintindex":0}}},{"from":[4.625001,8.88345,10.367802],"to":[11.375,14.418449,13.0678005],"rotation":{"origin":[8.675,11.58345,11.7178],"axis":"x","angle":-45.0},"faces":{"east":{"uv":[11.875,3.875,12.125,4.375],"texture":"#0","tintindex":0},"south":{"uv":[9.5,9.25,10.125,9.75],"texture":"#0","tintindex":0},"north":{"uv":[0.625,9.5,1.25,10.0],"texture":"#0","tintindex":0},"west":{"uv":[6.375,11.875,6.625,12.375],"texture":"#0","tintindex":0},"up":{"uv":[11.625,5.125,11.0,4.875],"texture":"#0","tintindex":0},"down":{"uv":[11.625,5.125,11.0,5.375],"texture":"#0","tintindex":0}}}],"textures":{"particle":"#0","0":"modelengine:e398ffa8-1039-4481-b3dc-5b193a383f06"}}