{"display":{"head":{},"firstperson_righthand":{},"thirdperson_lefthand":{},"firstperson_lefthand":{},"fixed":{},"ground":{},"thirdperson_righthand":{},"gui":{"rotation":[-150.0,-45.0,180.0]}},"elements":[{"from":[8.0,7.33073,5.80448],"to":[9.8,10.33073,7.80448],"rotation":{"origin":[8.9,7.33073,5.80448],"axis":"x","angle":-22.5},"faces":{"east":{"uv":[0.25,1.3125,0.125,1.5],"texture":"#0","rotation":180,"tintindex":0},"south":{"uv":[0.125,1.125,0.25,1.3125],"texture":"#0","rotation":180,"tintindex":0},"north":{"uv":[0.25,1.125,0.375,1.3125],"texture":"#0","rotation":180,"tintindex":0},"west":{"uv":[0.25,1.125,0.125,1.3125],"texture":"#0","rotation":180,"tintindex":0},"up":{"uv":[0.0,1.25,0.125,1.375],"texture":"#0","rotation":270,"tintindex":0},"down":{"uv":[0.0,1.125,0.125,1.25],"texture":"#0","tintindex":0}}},{"from":[7.8,5.7,8.5],"to":[10.0,7.9,9.6],"rotation":{"origin":[8.9,5.8,9.5],"axis":"x","angle":22.5},"faces":{"east":{"uv":[0.8125,0.9375,0.6875,1.0],"texture":"#0","rotation":270,"tintindex":0},"south":{"uv":[0.6875,0.875,0.5625,1.0],"texture":"#0","tintindex":0},"north":{"uv":[0.625,1.1875,0.6875,1.25],"texture":"#0","rotation":180,"tintindex":0},"west":{"uv":[0.6875,0.875,0.8125,0.9375],"texture":"#0","rotation":90,"tintindex":0},"up":{"uv":[0.8125,0.875,0.6875,0.9375],"texture":"#0","rotation":180,"tintindex":0},"down":{"uv":[0.6875,0.9375,0.8125,1.0],"texture":"#0","tintindex":0}}},{"from":[7.9,5.8,5.5],"to":[9.9,7.8,9.5],"rotation":{"origin":[8.9,5.8,9.5],"axis":"x","angle":22.5},"faces":{"east":{"uv":[0.375,0.875,0.25,1.125],"texture":"#0","rotation":270,"tintindex":0},"south":{"uv":[0.0,0.875,0.125,1.0],"texture":"#0","tintindex":0},"north":{"uv":[0.0,1.0,0.125,1.125],"texture":"#0","rotation":180,"tintindex":0},"west":{"uv":[0.25,0.875,0.125,1.125],"texture":"#0","rotation":90,"tintindex":0},"up":{"uv":[0.125,0.875,0.25,1.125],"texture":"#0","rotation":180,"tintindex":0},"down":{"uv":[0.375,0.875,0.5,1.125],"texture":"#0","tintindex":0}}},{"from":[8.9,5.7,9.6],"to":[8.9,7.9,11.6],"rotation":{"origin":[8.9,5.8,9.5],"axis":"x","angle":22.5},"faces":{"east":{"uv":[0.5625,1.0,0.8125,1.25],"texture":"#0","rotation":270,"tintindex":0},"west":{"uv":[0.8125,1.0,0.5625,1.25],"texture":"#0","rotation":90,"tintindex":0}}}],"textures":{"particle":"#0","0":"modelengine:a2e731ce-677c-41a3-a852-0f98f5e44fb4"}}