{"display":{"head":{},"firstperson_righthand":{},"thirdperson_lefthand":{},"firstperson_lefthand":{},"fixed":{},"ground":{},"thirdperson_righthand":{},"gui":{"rotation":[-150.0,-45.0,180.0]}},"elements":[{"from":[7.25,9.0,11.0],"to":[8.25,11.0,12.0],"faces":{"east":{"uv":[6.5,9.75,6.75,10.25],"texture":"#0","tintindex":0},"south":{"uv":[6.75,9.75,7.0,10.25],"texture":"#0","tintindex":0},"north":{"uv":[6.25,9.75,6.5,10.25],"texture":"#0","tintindex":0},"west":{"uv":[7.0,9.75,7.25,10.25],"texture":"#0","tintindex":0},"up":{"uv":[10.125,8.75,9.875,8.5],"texture":"#0","tintindex":0},"down":{"uv":[10.125,9.0,9.875,9.25],"texture":"#0","tintindex":0}}},{"from":[8.25,14.0,8.0],"to":[11.75,17.5,9.5],"rotation":{"origin":[10.0,15.75,8.75],"axis":"y","angle":-22.5},"faces":{"east":{"uv":[2.875,9.125,3.25,10.0],"texture":"#0","tintindex":0},"south":{"uv":[6.25,8.75,7.125,9.625],"texture":"#0","tintindex":0},"north":{"uv":[5.375,8.75,6.25,9.625],"texture":"#0","tintindex":0},"west":{"uv":[3.25,9.125,3.625,10.0],"texture":"#0","tintindex":0},"up":{"uv":[4.5,9.5,3.625,9.125],"texture":"#0","tintindex":0},"down":{"uv":[5.375,9.125,4.5,9.5],"texture":"#0","tintindex":0}}},{"from":[8.25,12.5,3.0],"to":[29.75,14.0,11.5],"faces":{"east":{"uv":[7.5,8.375,9.625,8.75],"texture":"#0","tintindex":0},"south":{"uv":[5.375,7.125,10.75,7.5],"texture":"#0","tintindex":0},"north":{"uv":[5.375,6.75,10.75,7.125],"texture":"#0","tintindex":0},"west":{"uv":[3.25,8.75,5.375,9.125],"texture":"#0","tintindex":0},"up":{"uv":[5.375,6.375,0.0,4.25],"texture":"#0","tintindex":0},"down":{"uv":[10.75,4.25,5.375,6.375],"texture":"#0","tintindex":0}}},{"from":[30.75,12.5,4.5],"to":[30.75,15.5,11.0],"faces":{"east":{"uv":[0.0,8.375,1.625,9.125],"texture":"#0","tintindex":0},"west":{"uv":[1.625,8.375,3.25,9.125],"texture":"#0","tintindex":0}}},{"from":[8.25,14.5,12.0],"to":[29.75,18.0,12.0],"faces":{"south":{"uv":[0.0,6.375,5.375,7.25],"texture":"#0","tintindex":0},"north":{"uv":[5.875,2.75,11.25,3.625],"texture":"#0","tintindex":0}}},{"from":[8.25,14.0,9.5],"to":[29.75,19.5,11.0],"faces":{"east":{"uv":[8.875,9.0,9.25,10.375],"texture":"#0","tintindex":0},"south":{"uv":[5.875,1.375,11.25,2.75],"texture":"#0","tintindex":0},"north":{"uv":[5.875,0.0,11.25,1.375],"texture":"#0","tintindex":0},"west":{"uv":[0.0,9.125,0.375,10.5],"texture":"#0","tintindex":0},"up":{"uv":[5.375,7.625,0.0,7.25],"texture":"#0","tintindex":0},"down":{"uv":[10.75,7.5,5.375,7.875],"texture":"#0","tintindex":0}}},{"from":[29.75,9.0,11.0],"to":[30.75,11.0,12.0],"faces":{"east":{"uv":[7.5,9.75,7.75,10.25],"texture":"#0","tintindex":0},"south":{"uv":[4.0,9.875,4.25,10.375],"texture":"#0","tintindex":0},"north":{"uv":[7.25,9.75,7.5,10.25],"texture":"#0","tintindex":0},"west":{"uv":[4.25,9.875,4.5,10.375],"texture":"#0","tintindex":0},"up":{"uv":[9.5,10.125,9.25,9.875],"texture":"#0","tintindex":0},"down":{"uv":[10.125,9.25,9.875,9.5],"texture":"#0","tintindex":0}}},{"from":[29.75,12.5,3.5],"to":[30.75,15.5,4.5],"faces":{"east":{"uv":[8.0,9.625,8.25,10.375],"texture":"#0","tintindex":0},"south":{"uv":[8.25,9.625,8.5,10.375],"texture":"#0","tintindex":0},"north":{"uv":[7.75,9.625,8.0,10.375],"texture":"#0","tintindex":0},"west":{"uv":[8.5,9.625,8.75,10.375],"texture":"#0","tintindex":0},"up":{"uv":[2.875,10.0,3.125,10.25],"texture":"#0","tintindex":0},"down":{"uv":[3.125,10.0,3.375,10.25],"texture":"#0","tintindex":0}}},{"from":[7.25,11.0,3.5],"to":[30.75,12.5,12.0],"faces":{"east":{"uv":[3.25,8.375,5.375,8.75],"texture":"#0","tintindex":0},"south":{"uv":[5.375,6.375,11.25,6.75],"texture":"#0","tintindex":0},"north":{"uv":[5.875,3.625,11.75,4.0],"texture":"#0","tintindex":0},"west":{"uv":[5.375,8.375,7.5,8.75],"texture":"#0","tintindex":0},"up":{"uv":[5.875,2.125,0.0,0.0],"texture":"#0","tintindex":0},"down":{"uv":[5.875,2.125,0.0,4.25],"texture":"#0","tintindex":0}}},{"from":[7.25,12.5,3.5],"to":[8.25,15.5,4.5],"faces":{"east":{"uv":[8.0,9.625,8.25,10.375],"texture":"#0","tintindex":0},"south":{"uv":[8.25,9.625,8.5,10.375],"texture":"#0","tintindex":0},"north":{"uv":[7.75,9.625,8.0,10.375],"texture":"#0","tintindex":0},"west":{"uv":[8.5,9.625,8.75,10.375],"texture":"#0","tintindex":0},"up":{"uv":[3.125,10.25,2.875,10.0],"texture":"#0","tintindex":0},"down":{"uv":[3.375,10.0,3.125,10.25],"texture":"#0","tintindex":0}}},{"from":[29.75,9.0,3.5],"to":[30.75,11.0,4.5],"faces":{"east":{"uv":[9.625,9.5,9.875,10.0],"texture":"#0","tintindex":0},"south":{"uv":[5.75,9.75,6.0,10.25],"texture":"#0","tintindex":0},"north":{"uv":[9.625,9.0,9.875,9.5],"texture":"#0","tintindex":0},"west":{"uv":[6.0,9.75,6.25,10.25],"texture":"#0","tintindex":0},"up":{"uv":[9.625,8.5,9.875,8.75],"texture":"#0","tintindex":0},"down":{"uv":[4.5,9.875,4.75,10.125],"texture":"#0","tintindex":0}}},{"from":[29.75,15.5,3.0],"to":[30.75,16.0,11.0],"faces":{"east":{"uv":[5.75,9.625,7.75,9.75],"texture":"#0","tintindex":0},"south":{"uv":[5.125,9.5,5.375,9.625],"texture":"#0","tintindex":0},"north":{"uv":[4.875,9.5,5.125,9.625],"texture":"#0","tintindex":0},"west":{"uv":[9.625,8.375,11.625,8.5],"texture":"#0","tintindex":0},"up":{"uv":[0.625,11.125,0.375,9.125],"texture":"#0","tintindex":0},"down":{"uv":[0.875,9.125,0.625,11.125],"texture":"#0","tintindex":0}}},{"from":[7.25,9.0,3.5],"to":[8.25,11.0,4.5],"faces":{"east":{"uv":[9.625,9.5,9.875,10.0],"texture":"#0","tintindex":0},"south":{"uv":[5.75,9.75,6.0,10.25],"texture":"#0","tintindex":0},"north":{"uv":[9.625,9.0,9.875,9.5],"texture":"#0","tintindex":0},"west":{"uv":[6.0,9.75,6.25,10.25],"texture":"#0","tintindex":0},"up":{"uv":[9.875,8.75,9.625,8.5],"texture":"#0","tintindex":0},"down":{"uv":[4.75,9.875,4.5,10.125],"texture":"#0","tintindex":0}}},{"from":[7.25,12.5,4.5],"to":[7.25,15.5,11.0],"faces":{"east":{"uv":[0.0,8.375,1.625,9.125],"texture":"#0","tintindex":0},"west":{"uv":[1.625,8.375,3.25,9.125],"texture":"#0","tintindex":0}}},{"from":[7.25,15.5,3.0],"to":[8.25,16.0,11.0],"faces":{"east":{"uv":[5.75,9.625,7.75,9.75],"texture":"#0","tintindex":0},"south":{"uv":[5.125,9.5,5.375,9.625],"texture":"#0","tintindex":0},"north":{"uv":[4.875,9.5,5.125,9.625],"texture":"#0","tintindex":0},"west":{"uv":[9.625,8.375,11.625,8.5],"texture":"#0","tintindex":0},"up":{"uv":[0.375,9.125,0.625,11.125],"texture":"#0","tintindex":0},"down":{"uv":[0.625,9.125,0.875,11.125],"texture":"#0","tintindex":0}}},{"from":[8.25,18.0,11.0],"to":[29.75,19.0,12.0],"faces":{"east":{"uv":[5.0,10.0,5.25,10.25],"texture":"#0","tintindex":0},"south":{"uv":[5.375,7.875,10.75,8.125],"texture":"#0","tintindex":0},"north":{"uv":[0.0,7.875,5.375,8.125],"texture":"#0","tintindex":0},"west":{"uv":[5.25,10.0,5.5,10.25],"texture":"#0","tintindex":0},"up":{"uv":[5.375,8.375,0.0,8.125],"texture":"#0","tintindex":0},"down":{"uv":[10.75,8.125,5.375,8.375],"texture":"#0","tintindex":0}}},{"from":[8.25,14.0,11.0],"to":[29.75,14.5,12.0],"faces":{"east":{"uv":[5.5,10.0,5.75,10.125],"texture":"#0","tintindex":0},"south":{"uv":[8.875,8.875,14.25,9.0],"texture":"#0","tintindex":0},"north":{"uv":[8.875,8.75,14.25,8.875],"texture":"#0","tintindex":0},"west":{"uv":[9.5,10.0,9.75,10.125],"texture":"#0","tintindex":0},"up":{"uv":[11.25,4.25,5.875,4.0],"texture":"#0","tintindex":0},"down":{"uv":[5.375,7.625,0.0,7.875],"texture":"#0","tintindex":0}}},{"from":[7.25,12.5,11.0],"to":[8.25,19.0,12.0],"faces":{"east":{"uv":[1.125,9.125,1.375,10.75],"texture":"#0","tintindex":0},"south":{"uv":[1.375,9.125,1.625,10.75],"texture":"#0","tintindex":0},"north":{"uv":[0.875,9.125,1.125,10.75],"texture":"#0","tintindex":0},"west":{"uv":[1.625,9.125,1.875,10.75],"texture":"#0","tintindex":0},"up":{"uv":[10.125,9.75,9.875,9.5],"texture":"#0","tintindex":0},"down":{"uv":[10.125,9.75,9.875,10.0],"texture":"#0","tintindex":0}}},{"from":[29.75,12.5,11.0],"to":[30.75,19.0,12.0],"faces":{"east":{"uv":[2.125,9.125,2.375,10.75],"texture":"#0","tintindex":0},"south":{"uv":[2.375,9.125,2.625,10.75],"texture":"#0","tintindex":0},"north":{"uv":[1.875,9.125,2.125,10.75],"texture":"#0","tintindex":0},"west":{"uv":[2.625,9.125,2.875,10.75],"texture":"#0","tintindex":0},"up":{"uv":[3.625,10.25,3.375,10.0],"texture":"#0","tintindex":0},"down":{"uv":[5.0,10.0,4.75,10.25],"texture":"#0","tintindex":0}}},{"from":[26.176775,14.0,7.948225],"to":[29.676775,17.5,9.448225],"rotation":{"origin":[27.926775,15.75,8.698225],"axis":"y","angle":22.5},"faces":{"east":{"uv":[9.25,9.0,9.625,9.875],"texture":"#0","tintindex":0},"south":{"uv":[8.0,8.75,8.875,9.625],"texture":"#0","tintindex":0},"north":{"uv":[7.125,8.75,8.0,9.625],"texture":"#0","tintindex":0},"west":{"uv":[3.625,9.5,4.0,10.375],"texture":"#0","tintindex":0},"up":{"uv":[4.875,9.875,4.0,9.5],"texture":"#0","tintindex":0},"down":{"uv":[5.75,9.625,4.875,10.0],"texture":"#0","tintindex":0}}}],"textures":{"particle":"#0","0":"modelengine:0d5f4b60-2dd4-4899-83d8-c2f84b39bfb9"}}