{"display":{"head":{},"firstperson_righthand":{},"thirdperson_lefthand":{},"firstperson_lefthand":{},"fixed":{},"ground":{},"thirdperson_righthand":{},"gui":{"rotation":[-150.0,-45.0,180.0]}},"elements":[{"from":[13.5,2.5,12.0],"to":[27.5,2.5,26.0],"faces":{"up":{"uv":[7.0,7.0,0.0,0.0],"texture":"#0","tintindex":0},"down":{"uv":[7.0,7.0,0.0,14.0],"texture":"#0","tintindex":0}}},{"from":[16.25,2.5,14.75],"to":[24.75,4.5,14.75],"faces":{"south":{"uv":[11.0,5.0,15.5,6.0],"texture":"#0","tintindex":0},"north":{"uv":[11.0,4.0,15.5,5.0],"texture":"#0","tintindex":0}}},{"from":[24.75,2.5,14.75],"to":[24.75,4.5,23.25],"faces":{"east":{"uv":[11.0,8.0,15.5,9.0],"texture":"#0","tintindex":0},"west":{"uv":[11.0,9.0,15.5,10.0],"texture":"#0","tintindex":0}}},{"from":[16.5,2.5,15.0],"to":[24.5,6.5,23.0],"faces":{"east":{"uv":[7.0,10.0,11.0,12.0],"texture":"#0","tintindex":0},"south":{"uv":[11.0,0.0,15.0,2.0],"texture":"#0","tintindex":0},"north":{"uv":[7.0,8.0,11.0,10.0],"texture":"#0","tintindex":0},"west":{"uv":[11.0,2.0,15.0,4.0],"texture":"#0","tintindex":0},"up":{"uv":[11.0,4.0,7.0,0.0],"texture":"#0","tintindex":0},"down":{"uv":[11.0,4.0,7.0,8.0],"texture":"#0","tintindex":0}}},{"from":[16.25,2.5,23.25],"to":[24.75,4.5,23.25],"faces":{"south":{"uv":[11.0,7.0,15.5,8.0],"texture":"#0","tintindex":0},"north":{"uv":[11.0,6.0,15.5,7.0],"texture":"#0","tintindex":0}}},{"from":[16.25,2.5,14.75],"to":[16.25,4.5,23.25],"faces":{"east":{"uv":[11.0,10.0,15.5,11.0],"texture":"#0","tintindex":0},"west":{"uv":[11.0,11.0,15.5,12.0],"texture":"#0","tintindex":0}}}],"textures":{"particle":"#0","0":"modelengine:3a5ab4fb-c2cf-4e61-b9ec-309495ddb771"}}