{"display":{"head":{},"firstperson_righthand":{},"thirdperson_lefthand":{},"firstperson_lefthand":{},"fixed":{},"ground":{},"thirdperson_righthand":{},"gui":{"rotation":[-150.0,-45.0,180.0]}},"elements":[{"from":[11.5,9.25,4.5],"to":[14.5,12.25,6.5],"rotation":{"origin":[13.0,10.75,6.0],"axis":"z","angle":45.0},"faces":{"east":{"uv":[10.0,6.0,11.0,7.5],"texture":"#0","tintindex":0},"south":{"uv":[9.5,1.5,11.0,3.0],"texture":"#0","tintindex":0},"north":{"uv":[9.5,0.0,11.0,1.5],"texture":"#0","tintindex":0},"west":{"uv":[10.5,4.0,11.5,5.5],"texture":"#0","tintindex":0},"up":{"uv":[12.0,10.0,10.5,9.0],"texture":"#0","tintindex":0},"down":{"uv":[12.0,10.0,10.5,11.0],"texture":"#0","tintindex":0}}},{"from":[17.75,7.75,4.75],"to":[17.75,11.75,6.75],"faces":{"east":{"uv":[9.5,9.0,10.5,11.0],"texture":"#0","tintindex":0},"west":{"uv":[0.0,10.0,1.0,12.0],"texture":"#0","tintindex":0}}},{"from":[15.5,8.25,13.0],"to":[16.5,10.75,14.0],"faces":{"east":{"uv":[0.5,12.0,1.0,13.5],"texture":"#0","tintindex":0},"south":{"uv":[1.0,12.0,1.5,13.5],"texture":"#0","tintindex":0},"north":{"uv":[12.0,0.0,12.5,1.5],"texture":"#0","tintindex":0},"west":{"uv":[1.5,12.0,2.0,13.5],"texture":"#0","tintindex":0},"up":{"uv":[2.5,12.5,2.0,12.0],"texture":"#0","tintindex":0},"down":{"uv":[12.5,2.0,12.0,2.5],"texture":"#0","tintindex":0}}},{"from":[8.5,10.75,11.0],"to":[8.5,13.75,14.0],"faces":{"east":{"uv":[4.5,9.5,6.0,11.0],"texture":"#0","tintindex":0},"west":{"uv":[6.0,9.5,7.5,11.0],"texture":"#0","tintindex":0}}},{"from":[8.5,10.75,11.0],"to":[8.5,14.75,14.0],"rotation":{"origin":[8.5,9.0,8.0],"axis":"y","angle":-22.5},"faces":{"east":{"uv":[1.5,8.0,3.0,10.0],"texture":"#0","tintindex":0},"west":{"uv":[9.0,4.0,10.5,6.0],"texture":"#0","tintindex":0}}},{"from":[12.5,10.25,5.5],"to":[16.5,14.25,5.5],"rotation":{"origin":[13.0,10.75,6.0],"axis":"z","angle":45.0},"faces":{"south":{"uv":[7.5,2.0,9.5,4.0],"texture":"#0","tintindex":0},"north":{"uv":[7.5,0.0,9.5,2.0],"texture":"#0","tintindex":0}}},{"from":[15.75,11.75,4.75],"to":[17.75,13.75,4.75],"faces":{"south":{"uv":[7.5,11.0,8.5,12.0],"texture":"#0","tintindex":0},"north":{"uv":[11.0,6.5,12.0,7.5],"texture":"#0","tintindex":0}}},{"from":[15.5,10.75,14.0],"to":[17.5,13.75,14.0],"faces":{"south":{"uv":[5.5,11.0,6.5,12.5],"texture":"#0","tintindex":0},"north":{"uv":[4.5,11.0,5.5,12.5],"texture":"#0","tintindex":0}}},{"from":[8.25,7.75,4.75],"to":[8.25,11.75,6.75],"faces":{"east":{"uv":[1.0,10.0,2.0,12.0],"texture":"#0","tintindex":0},"west":{"uv":[2.0,10.0,3.0,12.0],"texture":"#0","tintindex":0}}},{"from":[16.5,8.25,5.0],"to":[17.5,10.75,14.0],"faces":{"east":{"uv":[0.0,3.0,4.5,4.5],"texture":"#0","tintindex":0},"south":{"uv":[10.0,11.0,10.5,12.5],"texture":"#0","tintindex":0},"north":{"uv":[9.5,11.0,10.0,12.5],"texture":"#0","tintindex":0},"west":{"uv":[0.0,4.5,4.5,6.0],"texture":"#0","tintindex":0},"up":{"uv":[4.0,14.0,3.5,9.5],"texture":"#0","tintindex":0},"down":{"uv":[4.5,9.5,4.0,14.0],"texture":"#0","tintindex":0}}},{"from":[17.5,10.75,11.0],"to":[17.5,14.75,14.0],"rotation":{"origin":[17.5,9.0,8.0],"axis":"y","angle":22.5},"faces":{"east":{"uv":[3.0,7.5,4.5,9.5],"texture":"#0","tintindex":0},"west":{"uv":[7.5,4.0,9.0,6.0],"texture":"#0","tintindex":0}}},{"from":[8.25,11.75,4.75],"to":[10.25,13.75,4.75],"faces":{"south":{"uv":[6.5,11.0,7.5,12.0],"texture":"#0","tintindex":0},"north":{"uv":[11.0,5.5,12.0,6.5],"texture":"#0","tintindex":0}}},{"from":[8.5,10.75,14.0],"to":[10.5,13.75,14.0],"faces":{"south":{"uv":[11.0,1.5,12.0,3.0],"texture":"#0","tintindex":0},"north":{"uv":[11.0,0.0,12.0,1.5],"texture":"#0","tintindex":0}}},{"from":[8.5,7.25,8.0],"to":[8.5,10.75,14.0],"rotation":{"origin":[8.5,9.0,8.0],"axis":"y","angle":-22.5},"faces":{"east":{"uv":[4.5,0.0,7.5,2.0],"texture":"#0","tintindex":0},"west":{"uv":[4.5,2.0,7.5,4.0],"texture":"#0","tintindex":0}}},{"from":[9.5,8.25,5.0],"to":[16.5,10.75,6.0],"faces":{"east":{"uv":[11.5,11.0,12.0,12.5],"texture":"#0","tintindex":0},"south":{"uv":[6.5,6.0,10.0,7.5],"texture":"#0","tintindex":0},"north":{"uv":[3.0,6.0,6.5,7.5],"texture":"#0","tintindex":0},"west":{"uv":[0.0,12.0,0.5,13.5],"texture":"#0","tintindex":0},"up":{"uv":[13.0,3.5,9.5,3.0],"texture":"#0","tintindex":0},"down":{"uv":[13.0,3.5,9.5,4.0],"texture":"#0","tintindex":0}}},{"from":[17.5,10.75,11.0],"to":[17.5,13.75,14.0],"faces":{"east":{"uv":[7.5,9.5,9.0,11.0],"texture":"#0","tintindex":0},"west":{"uv":[9.5,7.5,11.0,9.0],"texture":"#0","tintindex":0}}},{"from":[8.25,7.75,4.75],"to":[11.25,11.75,4.75],"faces":{"south":{"uv":[6.0,7.5,7.5,9.5],"texture":"#0","tintindex":0},"north":{"uv":[4.5,7.5,6.0,9.5],"texture":"#0","tintindex":0}}},{"from":[9.5,8.25,13.0],"to":[10.5,10.75,14.0],"faces":{"east":{"uv":[11.0,11.0,11.5,12.5],"texture":"#0","tintindex":0},"south":{"uv":[11.5,4.0,12.0,5.5],"texture":"#0","tintindex":0},"north":{"uv":[10.5,11.0,11.0,12.5],"texture":"#0","tintindex":0},"west":{"uv":[11.5,7.5,12.0,9.0],"texture":"#0","tintindex":0},"up":{"uv":[11.0,6.0,10.5,5.5],"texture":"#0","tintindex":0},"down":{"uv":[12.5,1.5,12.0,2.0],"texture":"#0","tintindex":0}}},{"from":[14.75,7.75,4.75],"to":[17.75,11.75,4.75],"faces":{"south":{"uv":[0.0,8.0,1.5,10.0],"texture":"#0","tintindex":0},"north":{"uv":[7.5,7.5,9.0,9.5],"texture":"#0","tintindex":0}}},{"from":[8.5,8.25,5.0],"to":[9.5,10.75,14.0],"faces":{"east":{"uv":[0.0,0.0,4.5,1.5],"texture":"#0","tintindex":0},"south":{"uv":[8.5,11.0,9.0,12.5],"texture":"#0","tintindex":0},"north":{"uv":[11.0,7.5,11.5,9.0],"texture":"#0","tintindex":0},"west":{"uv":[0.0,1.5,4.5,3.0],"texture":"#0","tintindex":0},"up":{"uv":[9.5,12.0,9.0,7.5],"texture":"#0","tintindex":0},"down":{"uv":[3.5,9.5,3.0,14.0],"texture":"#0","tintindex":0}}},{"from":[17.5,7.25,8.0],"to":[17.5,10.75,14.0],"rotation":{"origin":[17.5,9.0,8.0],"axis":"y","angle":22.5},"faces":{"east":{"uv":[4.5,4.0,7.5,6.0],"texture":"#0","tintindex":0},"west":{"uv":[0.0,6.0,3.0,8.0],"texture":"#0","tintindex":0}}}],"textures":{"particle":"#0","0":"modelengine:81735c38-b3c9-42a3-870f-186665ef9a1c"}}