{"display":{"head":{},"firstperson_righthand":{},"thirdperson_lefthand":{},"firstperson_lefthand":{},"fixed":{},"ground":{},"thirdperson_righthand":{},"gui":{"rotation":[-150.0,-45.0,180.0]}},"elements":[{"from":[7.3844995,10.214849,6.9211397],"to":[8.3845,10.214849,10.92114],"rotation":{"origin":[7.8844995,10.214849,8.92114],"axis":"y","angle":45.0},"faces":{"up":{"uv":[4.5,10.0,4.0,8.0],"texture":"#0","tintindex":0},"down":{"uv":[5.0,8.0,4.5,10.0],"texture":"#0","tintindex":0}}},{"from":[3.8844995,6.46485,4.9211397],"to":[11.8845,9.464849,12.92114],"faces":{"east":{"uv":[4.0,6.5,8.0,8.0],"texture":"#0","tintindex":0},"south":{"uv":[0.0,8.0,4.0,9.5],"texture":"#0","tintindex":0},"north":{"uv":[4.0,5.0,8.0,6.5],"texture":"#0","tintindex":0},"west":{"uv":[8.0,0.0,12.0,1.5],"texture":"#0","tintindex":0},"up":{"uv":[4.0,4.0,0.0,0.0],"texture":"#0","tintindex":0},"down":{"uv":[4.0,4.0,0.0,8.0],"texture":"#0","tintindex":0}}},{"from":[7.3844995,10.214849,6.9211397],"to":[8.3845,10.214849,10.92114],"rotation":{"origin":[7.8844995,10.214849,8.92114],"axis":"y","angle":-45.0},"faces":{"up":{"uv":[8.5,3.5,8.0,1.5],"texture":"#0","tintindex":0},"down":{"uv":[8.5,3.5,8.0,5.5],"texture":"#0","tintindex":0}}},{"from":[7.8844995,9.464849,8.67114],"to":[7.8844995,10.964849,9.17114],"faces":{"east":{"uv":[5.0,8.0,5.5,9.0],"texture":"#0","tintindex":0},"west":{"uv":[5.5,8.0,6.0,9.0],"texture":"#0","tintindex":0}}},{"from":[3.8844995,6.46485,-0.07886028],"to":[11.8845,6.46485,4.9211397],"faces":{"up":{"uv":[8.0,2.5,4.0,0.0],"texture":"#0","tintindex":0},"down":{"uv":[8.0,2.5,4.0,5.0],"texture":"#0","tintindex":0}}}],"textures":{"particle":"#0","0":"modelengine:fe3484ee-ec94-4bfe-8a9e-4145016079bb"}}