{"display":{"head":{},"firstperson_righthand":{},"thirdperson_lefthand":{},"firstperson_lefthand":{},"fixed":{},"ground":{},"thirdperson_righthand":{},"gui":{"rotation":[-150.0,-45.0,180.0]}},"elements":[{"from":[5.5,2.703775,11.942745],"to":[10.5,7.703775,12.567745],"faces":{"east":{"uv":[5.0,6.5,5.125,7.5],"texture":"#0","tintindex":0},"south":{"uv":[2.5,0.0,3.5,1.0],"texture":"#0","tintindex":0},"north":{"uv":[2.0,2.0,3.0,3.0],"texture":"#0","tintindex":0},"west":{"uv":[0.375,6.75,0.5,7.75],"texture":"#0","tintindex":0},"up":{"uv":[8.0,0.125,7.0,0.0],"texture":"#0","tintindex":0},"down":{"uv":[8.0,0.125,7.0,0.25],"texture":"#0","tintindex":0}}},{"from":[6.59375,2.985025,1.8802452],"to":[9.40625,4.235025,3.1302452],"faces":{"east":{"uv":[4.5,7.875,4.75,8.125],"texture":"#0","tintindex":0},"south":{"uv":[6.75,2.875,7.375,3.125],"texture":"#0","tintindex":0},"north":{"uv":[2.375,4.0,3.0,4.25],"texture":"#0","tintindex":0},"west":{"uv":[7.875,4.625,8.125,4.875],"texture":"#0","tintindex":0},"up":{"uv":[7.375,4.0,6.75,3.75],"texture":"#0","tintindex":0},"down":{"uv":[7.375,4.0,6.75,4.25],"texture":"#0","tintindex":0}}},{"from":[6.75,2.985025,15.317745],"to":[9.25,4.235025,16.567745],"faces":{"east":{"uv":[4.75,7.875,5.0,8.125],"texture":"#0","tintindex":0},"south":{"uv":[7.0,6.375,7.5,6.625],"texture":"#0","tintindex":0},"north":{"uv":[1.5,3.75,2.0,4.0],"texture":"#0","tintindex":0},"west":{"uv":[5.0,7.875,5.25,8.125],"texture":"#0","tintindex":0},"up":{"uv":[1.0,7.375,0.5,7.125],"texture":"#0","tintindex":0},"down":{"uv":[7.625,0.75,7.125,1.0],"texture":"#0","tintindex":0}}},{"from":[9.25,2.391275,4.692745],"to":[9.25,5.203775,5.942745],"faces":{"east":{"uv":[6.75,2.25,7.0,2.875],"texture":"#0","tintindex":0},"west":{"uv":[2.375,6.75,2.625,7.375],"texture":"#0","tintindex":0}}},{"from":[4.46999,14.232555,6.005245],"to":[4.78249,14.857555,6.317745],"rotation":{"origin":[8.0,8.49284,9.73181],"axis":"z","angle":-45.0},"faces":{"east":{"uv":[8.0,0.0,8.125,0.125],"texture":"#0","tintindex":0},"south":{"uv":[0.125,8.0,0.25,8.125],"texture":"#0","tintindex":0},"north":{"uv":[0.0,8.0,0.125,8.125],"texture":"#0","tintindex":0},"west":{"uv":[8.0,0.125,8.125,0.25],"texture":"#0","tintindex":0},"up":{"uv":[0.375,8.125,0.25,8.0],"texture":"#0","tintindex":0},"down":{"uv":[8.125,0.75,8.0,0.875],"texture":"#0","tintindex":0}}},{"from":[6.125,14.422525,5.536495],"to":[9.875,15.047525,5.536495],"faces":{"south":{"uv":[7.25,5.25,8.0,5.375],"texture":"#0","tintindex":0},"north":{"uv":[7.25,3.375,8.0,3.5],"texture":"#0","tintindex":0}}},{"from":[10.5,2.703775,13.192745],"to":[11.75,6.453775,18.192745],"faces":{"east":{"uv":[3.5,0.0,4.5,0.75],"texture":"#0","tintindex":0},"south":{"uv":[6.5,1.75,6.75,2.5],"texture":"#0","tintindex":0},"north":{"uv":[5.125,6.375,5.375,7.125],"texture":"#0","tintindex":0},"west":{"uv":[3.5,0.75,4.5,1.5],"texture":"#0","tintindex":0},"up":{"uv":[5.5,6.375,5.25,5.375],"texture":"#0","tintindex":0},"down":{"uv":[3.375,5.5,3.125,6.5],"texture":"#0","tintindex":0}}},{"from":[6.125,7.078775,11.317745],"to":[9.875,8.953775,17.567745],"faces":{"east":{"uv":[4.5,0.75,5.75,1.125],"texture":"#0","tintindex":0},"south":{"uv":[5.25,3.0,6.0,3.375],"texture":"#0","tintindex":0},"north":{"uv":[5.25,2.625,6.0,3.0],"texture":"#0","tintindex":0},"west":{"uv":[4.5,1.125,5.75,1.5],"texture":"#0","tintindex":0},"up":{"uv":[3.75,3.25,3.0,2.0],"texture":"#0","tintindex":0},"down":{"uv":[0.75,3.125,0.0,4.375],"texture":"#0","tintindex":0}}},{"from":[5.5,2.703775,5.973995],"to":[10.5,3.172525,7.255245],"faces":{"east":{"uv":[5.75,1.75,6.0,1.875],"texture":"#0","tintindex":0},"south":{"uv":[6.875,3.625,7.875,3.75],"texture":"#0","tintindex":0},"north":{"uv":[6.875,3.5,7.875,3.625],"texture":"#0","tintindex":0},"west":{"uv":[2.875,6.125,3.125,6.25],"texture":"#0","tintindex":0},"up":{"uv":[6.25,4.875,5.25,4.625],"texture":"#0","tintindex":0},"down":{"uv":[6.25,4.875,5.25,5.125],"texture":"#0","tintindex":0}}},{"from":[9.376801,13.172525,5.450815],"to":[11.251801,14.110025,6.388315],"rotation":{"origin":[8.0,8.49284,9.73181],"axis":"y","angle":-22.5},"faces":{"east":{"uv":[7.875,3.75,8.125,4.0],"texture":"#0","tintindex":0},"south":{"uv":[5.0,7.625,5.375,7.875],"texture":"#0","tintindex":0},"north":{"uv":[4.625,7.625,5.0,7.875],"texture":"#0","tintindex":0},"west":{"uv":[4.0,7.875,4.25,8.125],"texture":"#0","tintindex":0},"up":{"uv":[5.75,7.875,5.375,7.625],"texture":"#0","tintindex":0},"down":{"uv":[6.125,7.625,5.75,7.875],"texture":"#0","tintindex":0}}},{"from":[6.125,14.422525,6.005245],"to":[6.4375,15.047525,6.317745],"faces":{"east":{"uv":[7.625,2.125,7.75,2.25],"texture":"#0","tintindex":0},"south":{"uv":[7.625,4.125,7.75,4.25],"texture":"#0","tintindex":0},"north":{"uv":[0.25,7.625,0.375,7.75],"texture":"#0","tintindex":0},"west":{"uv":[0.375,7.75,0.5,7.875],"texture":"#0","tintindex":0},"up":{"uv":[7.875,2.75,7.75,2.625],"texture":"#0","tintindex":0},"down":{"uv":[7.875,4.375,7.75,4.5],"texture":"#0","tintindex":0}}},{"from":[8.875,1.6740551,4.396015],"to":[9.1875,4.174055,5.333515],"rotation":{"origin":[8.0,8.49284,9.73181],"axis":"x","angle":22.5},"faces":{"east":{"uv":[7.0,2.25,7.25,2.75],"texture":"#0","tintindex":0},"south":{"uv":[2.25,5.75,2.375,6.25],"texture":"#0","tintindex":0},"north":{"uv":[5.125,5.5,5.25,6.0],"texture":"#0","tintindex":0},"west":{"uv":[6.875,7.0,7.125,7.5],"texture":"#0","tintindex":0},"up":{"uv":[8.0,7.625,7.875,7.375],"texture":"#0","tintindex":0},"down":{"uv":[7.625,7.875,7.5,8.125],"texture":"#0","tintindex":0}}},{"from":[9.25,2.703775,12.567745],"to":[10.5,7.703775,18.817745],"faces":{"east":{"uv":[1.25,0.0,2.5,1.0],"texture":"#0","tintindex":0},"south":{"uv":[5.5,5.625,5.75,6.625],"texture":"#0","tintindex":0},"north":{"uv":[4.875,5.5,5.125,6.5],"texture":"#0","tintindex":0},"west":{"uv":[1.25,1.0,2.5,2.0],"texture":"#0","tintindex":0},"up":{"uv":[5.25,3.75,5.0,2.5],"texture":"#0","tintindex":0},"down":{"uv":[2.875,5.0,2.625,6.25],"texture":"#0","tintindex":0}}},{"from":[6.75,5.391275,0.5677452],"to":[6.75,7.266275,3.8489952],"faces":{"east":{"uv":[6.25,5.625,6.875,6.0],"texture":"#0","tintindex":0},"west":{"uv":[6.25,6.0,6.875,6.375],"texture":"#0","tintindex":0}}},{"from":[6.125,2.7950048,16.522665],"to":[9.875,5.920005,18.397665],"rotation":{"origin":[8.0,8.49284,9.73181],"axis":"x","angle":-22.5},"faces":{"east":{"uv":[2.75,6.25,3.125,6.875],"texture":"#0","tintindex":0},"south":{"uv":[4.5,4.5,5.25,5.125],"texture":"#0","tintindex":0},"north":{"uv":[3.75,4.5,4.5,5.125],"texture":"#0","tintindex":0},"west":{"uv":[3.875,6.25,4.25,6.875],"texture":"#0","tintindex":0},"up":{"uv":[6.0,3.75,5.25,3.375],"texture":"#0","tintindex":0},"down":{"uv":[6.0,3.75,5.25,4.125],"texture":"#0","tintindex":0}}},{"from":[5.5,13.099155,16.71753],"to":[10.5,14.349155,18.46753],"rotation":{"origin":[8.0,8.49284,9.73181],"axis":"x","angle":45.0},"faces":{"east":{"uv":[1.25,7.75,1.625,8.0],"texture":"#0","tintindex":0},"south":{"uv":[5.5,5.375,6.5,5.625],"texture":"#0","tintindex":0},"north":{"uv":[3.875,5.5,4.875,5.75],"texture":"#0","tintindex":0},"west":{"uv":[1.625,7.75,2.0,8.0],"texture":"#0","tintindex":0},"up":{"uv":[2.375,5.125,1.375,4.75],"texture":"#0","tintindex":0},"down":{"uv":[5.75,1.5,4.75,1.875],"texture":"#0","tintindex":0}}},{"from":[9.25,5.391275,0.5677452],"to":[9.25,7.266275,3.8489952],"faces":{"east":{"uv":[6.375,0.0,7.0,0.375],"texture":"#0","tintindex":0},"west":{"uv":[6.375,0.375,7.0,0.75],"texture":"#0","tintindex":0}}},{"from":[6.125,2.703775,6.786495],"to":[9.875,3.953775,11.942745],"faces":{"east":{"uv":[5.25,5.125,6.25,5.375],"texture":"#0","tintindex":0},"south":{"uv":[6.25,6.375,7.0,6.625],"texture":"#0","tintindex":0},"north":{"uv":[0.5,6.375,1.25,6.625],"texture":"#0","tintindex":0},"west":{"uv":[5.375,0.0,6.375,0.25],"texture":"#0","tintindex":0},"up":{"uv":[1.5,4.125,0.75,3.125],"texture":"#0","tintindex":0},"down":{"uv":[3.75,3.25,3.0,4.25],"texture":"#0","tintindex":0}}},{"from":[4.25,2.703775,13.192745],"to":[5.5,6.453775,18.192745],"faces":{"east":{"uv":[3.75,1.5,4.75,2.25],"texture":"#0","tintindex":0},"south":{"uv":[3.125,6.5,3.375,7.25],"texture":"#0","tintindex":0},"north":{"uv":[6.5,2.5,6.75,3.25],"texture":"#0","tintindex":0},"west":{"uv":[3.75,2.25,4.75,3.0],"texture":"#0","tintindex":0},"up":{"uv":[3.625,6.5,3.375,5.5],"texture":"#0","tintindex":0},"down":{"uv":[3.875,5.5,3.625,6.5],"texture":"#0","tintindex":0}}},{"from":[9.5625,14.422525,6.005245],"to":[9.875,15.047525,6.317745],"faces":{"east":{"uv":[7.625,7.875,7.75,8.0],"texture":"#0","tintindex":0},"south":{"uv":[7.875,7.625,8.0,7.75],"texture":"#0","tintindex":0},"north":{"uv":[7.875,6.0,8.0,6.125],"texture":"#0","tintindex":0},"west":{"uv":[7.75,7.875,7.875,8.0],"texture":"#0","tintindex":0},"up":{"uv":[8.0,7.875,7.875,7.75],"texture":"#0","tintindex":0},"down":{"uv":[8.0,7.875,7.875,8.0],"texture":"#0","tintindex":0}}},{"from":[8.126801,12.860025,5.138315],"to":[9.376801,14.422525,6.700815],"rotation":{"origin":[8.0,8.49284,9.73181],"axis":"y","angle":-22.5},"faces":{"east":{"uv":[6.875,5.0,7.25,5.375],"texture":"#0","tintindex":0},"south":{"uv":[1.0,7.625,1.25,8.0],"texture":"#0","tintindex":0},"north":{"uv":[6.0,3.75,6.25,4.125],"texture":"#0","tintindex":0},"west":{"uv":[6.875,5.625,7.25,6.0],"texture":"#0","tintindex":0},"up":{"uv":[7.875,2.125,7.625,1.75],"texture":"#0","tintindex":0},"down":{"uv":[7.875,3.75,7.625,4.125],"texture":"#0","tintindex":0}}},{"from":[9.25,1.5907497,6.4393396],"to":[9.25,3.4657497,9.564341],"rotation":{"origin":[8.0,8.49284,9.73181],"axis":"x","angle":45.0},"faces":{"east":{"uv":[4.25,6.25,4.875,6.625],"texture":"#0","tintindex":0},"west":{"uv":[6.25,4.25,6.875,4.625],"texture":"#0","tintindex":0}}},{"from":[6.8125,1.6740551,4.396015],"to":[7.125,4.174055,5.333515],"rotation":{"origin":[8.0,8.49284,9.73181],"axis":"x","angle":22.5},"faces":{"east":{"uv":[3.5,1.5,3.75,2.0],"texture":"#0","tintindex":0},"south":{"uv":[3.125,5.0,3.25,5.5],"texture":"#0","tintindex":0},"north":{"uv":[1.375,4.125,1.5,4.625],"texture":"#0","tintindex":0},"west":{"uv":[7.0,0.25,7.25,0.75],"texture":"#0","tintindex":0},"up":{"uv":[8.0,7.125,7.875,6.875],"texture":"#0","tintindex":0},"down":{"uv":[8.0,7.125,7.875,7.375],"texture":"#0","tintindex":0}}},{"from":[10.03125,15.203775,5.848995],"to":[11.59375,16.453775,6.473995],"faces":{"east":{"uv":[7.875,5.75,8.0,6.0],"texture":"#0","tintindex":0},"south":{"uv":[6.875,7.5,7.25,7.75],"texture":"#0","tintindex":0},"north":{"uv":[7.5,6.375,7.875,6.625],"texture":"#0","tintindex":0},"west":{"uv":[5.875,7.875,6.0,8.125],"texture":"#0","tintindex":0},"up":{"uv":[7.375,2.875,7.0,2.75],"texture":"#0","tintindex":0},"down":{"uv":[7.75,3.0,7.375,3.125],"texture":"#0","tintindex":0}}},{"from":[5.5,3.172525,6.630245],"to":[6.125,3.922525,7.255245],"faces":{"east":{"uv":[0.5,6.25,0.625,6.375],"texture":"#0","tintindex":0},"south":{"uv":[0.625,6.25,0.75,6.375],"texture":"#0","tintindex":0},"north":{"uv":[1.375,4.625,1.5,4.75],"texture":"#0","tintindex":0},"west":{"uv":[4.875,6.5,5.0,6.625],"texture":"#0","tintindex":0},"up":{"uv":[2.75,6.875,2.625,6.75],"texture":"#0","tintindex":0},"down":{"uv":[6.875,3.125,6.75,3.25],"texture":"#0","tintindex":0}}},{"from":[4.40625,15.203775,5.848995],"to":[5.96875,16.453775,6.473995],"faces":{"east":{"uv":[6.0,7.875,6.125,8.125],"texture":"#0","tintindex":0},"south":{"uv":[7.625,1.5,8.0,1.75],"texture":"#0","tintindex":0},"north":{"uv":[7.625,0.75,8.0,1.0],"texture":"#0","tintindex":0},"west":{"uv":[7.875,6.375,8.0,6.625],"texture":"#0","tintindex":0},"up":{"uv":[8.25,4.125,7.875,4.0],"texture":"#0","tintindex":0},"down":{"uv":[8.25,4.875,7.875,5.0],"texture":"#0","tintindex":0}}},{"from":[5.5,5.64498,4.5100946],"to":[10.5,10.6449795,5.7600946],"rotation":{"origin":[8.0,8.49284,9.73181],"axis":"x","angle":22.5},"faces":{"east":{"uv":[0.0,5.75,0.25,6.75],"texture":"#0","tintindex":0},"south":{"uv":[2.0,3.0,3.0,4.0],"texture":"#0","tintindex":0},"north":{"uv":[2.5,1.0,3.5,2.0],"texture":"#0","tintindex":0},"west":{"uv":[0.25,5.75,0.5,6.75],"texture":"#0","tintindex":0},"up":{"uv":[6.75,1.0,5.75,0.75],"texture":"#0","tintindex":0},"down":{"uv":[6.75,1.0,5.75,1.25],"texture":"#0","tintindex":0}}},{"from":[6.63804,2.703775,6.487055],"to":[7.41929,3.922525,8.205805],"rotation":{"origin":[8.0,8.49284,9.73181],"axis":"y","angle":22.5},"faces":{"east":{"uv":[7.5,5.625,7.875,5.875],"texture":"#0","tintindex":0},"south":{"uv":[4.625,7.375,4.75,7.625],"texture":"#0","tintindex":0},"north":{"uv":[5.375,6.375,5.5,6.625],"texture":"#0","tintindex":0},"west":{"uv":[7.5,5.875,7.875,6.125],"texture":"#0","tintindex":0},"up":{"uv":[0.375,7.625,0.25,7.25],"texture":"#0","tintindex":0},"down":{"uv":[4.125,7.5,4.0,7.875],"texture":"#0","tintindex":0}}},{"from":[5.5,4.57767,4.0385103],"to":[10.5,10.171419,5.2885103],"rotation":{"origin":[8.0,8.49284,9.73181],"axis":"x","angle":-22.5},"faces":{"east":{"uv":[2.875,5.0,3.125,6.125],"texture":"#0","tintindex":0},"south":{"uv":[1.0,2.0,2.0,3.125],"texture":"#0","tintindex":0},"north":{"uv":[0.0,2.0,1.0,3.125],"texture":"#0","tintindex":0},"west":{"uv":[0.5,5.125,0.75,6.25],"texture":"#0","tintindex":0},"up":{"uv":[6.25,4.375,5.25,4.125],"texture":"#0","tintindex":0},"down":{"uv":[6.25,4.375,5.25,4.625],"texture":"#0","tintindex":0}}},{"from":[6.75,2.391275,4.692745],"to":[6.75,5.203775,5.942745],"faces":{"east":{"uv":[2.625,6.875,2.875,7.5],"texture":"#0","tintindex":0},"west":{"uv":[2.875,6.875,3.125,7.5],"texture":"#0","tintindex":0}}},{"from":[8.580709,2.703775,6.487055],"to":[9.361959,3.922525,8.205805],"rotation":{"origin":[8.0,8.49284,9.73181],"axis":"y","angle":-22.5},"faces":{"east":{"uv":[7.5,4.5,7.875,4.75],"texture":"#0","tintindex":0},"south":{"uv":[0.75,5.125,0.875,5.375],"texture":"#0","tintindex":0},"north":{"uv":[0.75,4.125,0.875,4.375],"texture":"#0","tintindex":0},"west":{"uv":[7.5,4.75,7.875,5.0],"texture":"#0","tintindex":0},"up":{"uv":[1.375,5.75,1.25,5.375],"texture":"#0","tintindex":0},"down":{"uv":[5.25,6.0,5.125,6.375],"texture":"#0","tintindex":0}}},{"from":[7.21875,12.860025,4.911495],"to":[8.78125,14.422525,5.536495],"faces":{"east":{"uv":[5.25,7.875,5.375,8.25],"texture":"#0","tintindex":0},"south":{"uv":[6.875,4.625,7.25,5.0],"texture":"#0","tintindex":0},"north":{"uv":[6.875,4.25,7.25,4.625],"texture":"#0","tintindex":0},"west":{"uv":[5.375,7.875,5.5,8.25],"texture":"#0","tintindex":0},"up":{"uv":[5.875,8.0,5.5,7.875],"texture":"#0","tintindex":0},"down":{"uv":[8.25,5.625,7.875,5.75],"texture":"#0","tintindex":0}}},{"from":[6.6232,12.860025,5.138315],"to":[7.8732,14.422525,6.700815],"rotation":{"origin":[8.0,8.49284,9.73181],"axis":"y","angle":22.5},"faces":{"east":{"uv":[6.875,6.0,7.25,6.375],"texture":"#0","tintindex":0},"south":{"uv":[6.375,7.625,6.625,8.0],"texture":"#0","tintindex":0},"north":{"uv":[6.125,7.625,6.375,8.0],"texture":"#0","tintindex":0},"west":{"uv":[6.875,6.625,7.25,7.0],"texture":"#0","tintindex":0},"up":{"uv":[6.875,8.0,6.625,7.625],"texture":"#0","tintindex":0},"down":{"uv":[7.5,7.625,7.25,8.0],"texture":"#0","tintindex":0}}},{"from":[9.875,3.172525,6.630245],"to":[10.5,3.922525,7.255245],"faces":{"east":{"uv":[4.125,7.25,4.25,7.375],"texture":"#0","tintindex":0},"south":{"uv":[7.25,6.875,7.375,7.0],"texture":"#0","tintindex":0},"north":{"uv":[2.25,7.25,2.375,7.375],"texture":"#0","tintindex":0},"west":{"uv":[2.5,7.375,2.625,7.5],"texture":"#0","tintindex":0},"up":{"uv":[5.125,7.625,5.0,7.5],"texture":"#0","tintindex":0},"down":{"uv":[7.375,7.5,7.25,7.625],"texture":"#0","tintindex":0}}},{"from":[7.53125,11.922525,5.848995],"to":[8.46875,12.860025,6.786495],"faces":{"east":{"uv":[0.75,7.875,1.0,8.125],"texture":"#0","tintindex":0},"south":{"uv":[7.875,1.75,8.125,2.0],"texture":"#0","tintindex":0},"north":{"uv":[2.0,7.75,2.25,8.0],"texture":"#0","tintindex":0},"west":{"uv":[2.25,7.875,2.5,8.125],"texture":"#0","tintindex":0},"up":{"uv":[8.125,2.875,7.875,2.625],"texture":"#0","tintindex":0},"down":{"uv":[8.125,3.5,7.875,3.75],"texture":"#0","tintindex":0}}},{"from":[6.75,3.4657497,6.4393396],"to":[9.25,3.4657497,9.408091],"rotation":{"origin":[8.0,8.49284,9.73181],"axis":"x","angle":45.0},"faces":{"up":{"uv":[1.875,5.75,1.375,5.125],"texture":"#0","tintindex":0},"down":{"uv":[2.375,5.125,1.875,5.75],"texture":"#0","tintindex":0}}},{"from":[6.75,2.391275,5.942745],"to":[9.25,5.203775,5.942745],"faces":{"south":{"uv":[4.75,1.875,5.25,2.5],"texture":"#0","tintindex":0},"north":{"uv":[1.5,3.125,2.0,3.75],"texture":"#0","tintindex":0}}},{"from":[6.75,7.078775,12.567745],"to":[9.25,7.703775,18.817745],"faces":{"east":{"uv":[6.5,5.375,7.75,5.5],"texture":"#0","tintindex":0},"south":{"uv":[7.75,3.25,8.25,3.375],"texture":"#0","tintindex":0},"north":{"uv":[4.75,4.375,5.25,4.5],"texture":"#0","tintindex":0},"west":{"uv":[6.5,5.5,7.75,5.625],"texture":"#0","tintindex":0},"up":{"uv":[1.375,5.375,0.875,4.125],"texture":"#0","tintindex":0},"down":{"uv":[3.75,4.25,3.25,5.5],"texture":"#0","tintindex":0}}},{"from":[6.75,1.5907497,6.4393396],"to":[6.75,3.4657497,9.564341],"rotation":{"origin":[8.0,8.49284,9.73181],"axis":"x","angle":45.0},"faces":{"east":{"uv":[6.25,4.625,6.875,5.0],"texture":"#0","tintindex":0},"west":{"uv":[6.25,5.0,6.875,5.375],"texture":"#0","tintindex":0}}},{"from":[5.5,2.703775,12.567745],"to":[6.75,7.703775,18.817745],"faces":{"east":{"uv":[0.0,0.0,1.25,1.0],"texture":"#0","tintindex":0},"south":{"uv":[1.0,5.375,1.25,6.375],"texture":"#0","tintindex":0},"north":{"uv":[0.75,5.375,1.0,6.375],"texture":"#0","tintindex":0},"west":{"uv":[0.0,1.0,1.25,2.0],"texture":"#0","tintindex":0},"up":{"uv":[5.0,3.75,4.75,2.5],"texture":"#0","tintindex":0},"down":{"uv":[2.625,5.0,2.375,6.25],"texture":"#0","tintindex":0}}},{"from":[5.5,2.703775,18.817745],"to":[10.5,6.453775,20.067745],"faces":{"east":{"uv":[3.375,6.5,3.625,7.25],"texture":"#0","tintindex":0},"south":{"uv":[3.75,3.75,4.75,4.5],"texture":"#0","tintindex":0},"north":{"uv":[3.75,3.0,4.75,3.75],"texture":"#0","tintindex":0},"west":{"uv":[3.625,6.5,3.875,7.25],"texture":"#0","tintindex":0},"up":{"uv":[6.375,0.5,5.375,0.25],"texture":"#0","tintindex":0},"down":{"uv":[6.375,0.5,5.375,0.75],"texture":"#0","tintindex":0}}},{"from":[4.7482,13.172525,5.450815],"to":[6.6232,14.110025,6.388315],"rotation":{"origin":[8.0,8.49284,9.73181],"axis":"y","angle":22.5},"faces":{"east":{"uv":[4.25,7.875,4.5,8.125],"texture":"#0","tintindex":0},"south":{"uv":[0.0,7.75,0.375,8.0],"texture":"#0","tintindex":0},"north":{"uv":[7.5,7.625,7.875,7.875],"texture":"#0","tintindex":0},"west":{"uv":[7.875,4.375,8.125,4.625],"texture":"#0","tintindex":0},"up":{"uv":[8.125,0.5,7.75,0.25],"texture":"#0","tintindex":0},"down":{"uv":[8.125,0.5,7.75,0.75],"texture":"#0","tintindex":0}}},{"from":[6.75,7.266275,0.5677452],"to":[9.25,7.266275,3.8489952],"faces":{"up":{"uv":[5.25,4.375,4.75,3.75],"texture":"#0","tintindex":0},"down":{"uv":[0.5,5.125,0.0,5.75],"texture":"#0","tintindex":0}}},{"from":[11.21751,14.232555,6.005245],"to":[11.53001,14.857555,6.317745],"rotation":{"origin":[8.0,8.49284,9.73181],"axis":"z","angle":45.0},"faces":{"east":{"uv":[1.0,8.0,1.125,8.125],"texture":"#0","tintindex":0},"south":{"uv":[1.125,8.0,1.25,8.125],"texture":"#0","tintindex":0},"north":{"uv":[8.0,0.875,8.125,1.0],"texture":"#0","tintindex":0},"west":{"uv":[1.25,8.0,1.375,8.125],"texture":"#0","tintindex":0},"up":{"uv":[1.5,8.125,1.375,8.0],"texture":"#0","tintindex":0},"down":{"uv":[1.625,8.0,1.5,8.125],"texture":"#0","tintindex":0}}},{"from":[6.75,6.641275,0.5677452],"to":[9.25,7.266275,0.5677452],"faces":{"south":{"uv":[7.875,2.875,8.375,3.0],"texture":"#0","tintindex":0},"north":{"uv":[7.875,2.0,8.375,2.125],"texture":"#0","tintindex":0}}},{"from":[6.125,12.860025,5.536495],"to":[9.875,14.422525,7.098995],"faces":{"east":{"uv":[6.875,3.125,7.25,3.5],"texture":"#0","tintindex":0},"south":{"uv":[4.5,5.125,5.25,5.5],"texture":"#0","tintindex":0},"north":{"uv":[3.75,5.125,4.5,5.5],"texture":"#0","tintindex":0},"west":{"uv":[3.875,6.875,4.25,7.25],"texture":"#0","tintindex":0},"up":{"uv":[6.0,2.25,5.25,1.875],"texture":"#0","tintindex":0},"down":{"uv":[6.0,2.25,5.25,2.625],"texture":"#0","tintindex":0}}}],"textures":{"particle":"#0","0":"modelengine:4081a3dc-4b2c-44f8-89e9-a751c95ca928"}}