{"display":{"head":{},"firstperson_righthand":{},"thirdperson_lefthand":{},"firstperson_lefthand":{},"fixed":{},"ground":{},"thirdperson_righthand":{},"gui":{"rotation":[-150.0,-45.0,180.0]}},"elements":[{"from":[6.125,1.9539099,5.5],"to":[9.875,4.14141,10.5],"faces":{"east":{"uv":[7.125,2.0,7.625,2.25],"texture":"#0","tintindex":0},"south":{"uv":[3.25,7.75,3.625,8.0],"texture":"#0","tintindex":0},"north":{"uv":[7.75,3.0,8.125,3.25],"texture":"#0","tintindex":0},"west":{"uv":[4.25,7.125,4.75,7.375],"texture":"#0","tintindex":0},"up":{"uv":[5.0,7.125,4.625,6.625],"texture":"#0","tintindex":0},"down":{"uv":[5.75,6.625,5.375,7.125],"texture":"#0","tintindex":0}}},{"from":[6.125,15.02369,2.8530102],"to":[9.875,17.21119,7.85301],"rotation":{"origin":[8.0,17.71954,22.453129],"axis":"x","angle":-45.0},"faces":{"east":{"uv":[5.125,7.125,5.625,7.375],"texture":"#0","tintindex":0},"south":{"uv":[7.75,4.125,8.125,4.375],"texture":"#0","tintindex":0},"north":{"uv":[3.625,7.75,4.0,8.0],"texture":"#0","tintindex":0},"west":{"uv":[5.625,7.125,6.125,7.375],"texture":"#0","tintindex":0},"up":{"uv":[6.125,7.125,5.75,6.625],"texture":"#0","tintindex":0},"down":{"uv":[6.5,6.625,6.125,7.125],"texture":"#0","tintindex":0}}},{"from":[6.125,-5.41611,16.61344],"to":[9.875,-3.22861,21.61344],"rotation":{"origin":[8.0,17.71954,22.453129],"axis":"x","angle":45.0},"faces":{"east":{"uv":[7.125,1.5,7.625,1.75],"texture":"#0","tintindex":0},"south":{"uv":[2.875,7.75,3.25,8.0],"texture":"#0","tintindex":0},"north":{"uv":[2.5,7.75,2.875,8.0],"texture":"#0","tintindex":0},"west":{"uv":[7.125,1.75,7.625,2.0],"texture":"#0","tintindex":0},"up":{"uv":[1.25,7.125,0.875,6.625],"texture":"#0","tintindex":0},"down":{"uv":[4.625,6.625,4.25,7.125],"texture":"#0","tintindex":0}}},{"from":[6.125,5.51641,1.9375],"to":[9.875,10.51641,4.125],"faces":{"east":{"uv":[1.0,7.125,1.25,7.625],"texture":"#0","tintindex":0},"south":{"uv":[0.5,6.625,0.875,7.125],"texture":"#0","tintindex":0},"north":{"uv":[6.5,3.25,6.875,3.75],"texture":"#0","tintindex":0},"west":{"uv":[7.125,1.0,7.375,1.5],"texture":"#0","tintindex":0},"up":{"uv":[8.125,2.375,7.75,2.125],"texture":"#0","tintindex":0},"down":{"uv":[8.125,2.375,7.75,2.625],"texture":"#0","tintindex":0}}},{"from":[6.125,11.82891,5.5],"to":[9.875,14.01641,10.5],"faces":{"east":{"uv":[7.25,0.25,7.75,0.5],"texture":"#0","tintindex":0},"south":{"uv":[7.875,1.25,8.25,1.5],"texture":"#0","tintindex":0},"north":{"uv":[7.875,1.0,8.25,1.25],"texture":"#0","tintindex":0},"west":{"uv":[7.25,0.5,7.75,0.75],"texture":"#0","tintindex":0},"up":{"uv":[7.125,2.25,6.75,1.75],"texture":"#0","tintindex":0},"down":{"uv":[2.375,6.75,2.0,7.25],"texture":"#0","tintindex":0}}},{"from":[6.125,18.55922,9.23918],"to":[9.875,23.55922,11.42668],"rotation":{"origin":[8.0,17.71954,22.453129],"axis":"x","angle":-45.0},"faces":{"east":{"uv":[6.375,7.125,6.625,7.625],"texture":"#0","tintindex":0},"south":{"uv":[1.25,6.75,1.625,7.25],"texture":"#0","tintindex":0},"north":{"uv":[6.75,0.75,7.125,1.25],"texture":"#0","tintindex":0},"west":{"uv":[6.625,7.125,6.875,7.625],"texture":"#0","tintindex":0},"up":{"uv":[8.125,6.375,7.75,6.125],"texture":"#0","tintindex":0},"down":{"uv":[8.125,6.625,7.75,6.875],"texture":"#0","tintindex":0}}},{"from":[6.125,-1.88058,13.03977],"to":[9.875,3.11942,15.22727],"rotation":{"origin":[8.0,17.71954,22.453129],"axis":"x","angle":45.0},"faces":{"east":{"uv":[7.125,7.0,7.375,7.5],"texture":"#0","tintindex":0},"south":{"uv":[1.625,6.75,2.0,7.25],"texture":"#0","tintindex":0},"north":{"uv":[6.75,1.25,7.125,1.75],"texture":"#0","tintindex":0},"west":{"uv":[0.0,7.25,0.25,7.75],"texture":"#0","tintindex":0},"up":{"uv":[7.25,8.0,6.875,7.75],"texture":"#0","tintindex":0},"down":{"uv":[0.75,7.875,0.375,8.125],"texture":"#0","tintindex":0}}},{"from":[8.0,4.14141,3.9375],"to":[8.0,11.82891,12.0625],"faces":{"east":{"uv":[1.5,4.0,2.375,4.75],"texture":"#0","tintindex":0},"west":{"uv":[2.375,4.25,3.25,5.0],"texture":"#0","tintindex":0}}},{"from":[6.125,5.51641,11.875],"to":[9.875,10.51641,14.0625],"faces":{"east":{"uv":[4.75,7.125,5.0,7.625],"texture":"#0","tintindex":0},"south":{"uv":[0.0,6.75,0.375,7.25],"texture":"#0","tintindex":0},"north":{"uv":[6.5,6.625,6.875,7.125],"texture":"#0","tintindex":0},"west":{"uv":[6.125,7.125,6.375,7.625],"texture":"#0","tintindex":0},"up":{"uv":[8.125,5.25,7.75,5.0],"texture":"#0","tintindex":0},"down":{"uv":[8.125,5.375,7.75,5.625],"texture":"#0","tintindex":0}}}],"textures":{"particle":"#0","0":"modelengine:4081a3dc-4b2c-44f8-89e9-a751c95ca928"}}