{"display":{"head":{},"firstperson_righthand":{},"thirdperson_lefthand":{},"firstperson_lefthand":{},"fixed":{},"ground":{},"thirdperson_righthand":{},"gui":{"rotation":[-150.0,-45.0,180.0]}},"elements":[{"from":[7.0,23.0,7.0],"to":[11.0,25.0,7.0],"faces":{"south":{"uv":[0.0,7.5,2.0,8.5],"texture":"#0","tintindex":0},"north":{"uv":[7.0,5.0,9.0,6.0],"texture":"#0","tintindex":0}}},{"from":[8.0,23.0,7.0],"to":[10.0,23.0,8.0],"faces":{"up":{"uv":[10.0,1.5,9.0,1.0],"texture":"#0","tintindex":0},"down":{"uv":[10.0,1.5,9.0,2.0],"texture":"#0","tintindex":0}}},{"from":[8.0,23.0,10.0],"to":[10.0,23.0,11.0],"faces":{"up":{"uv":[10.0,2.5,9.0,2.0],"texture":"#0","tintindex":0},"down":{"uv":[3.5,9.0,2.5,9.5],"texture":"#0","tintindex":0}}},{"from":[7.5,21.0,7.5],"to":[10.5,22.0,10.5],"faces":{"east":{"uv":[2.5,8.5,4.0,9.0],"texture":"#0","tintindex":0},"south":{"uv":[6.0,8.5,7.5,9.0],"texture":"#0","tintindex":0},"north":{"uv":[1.0,8.5,2.5,9.0],"texture":"#0","tintindex":0},"west":{"uv":[8.5,6.0,10.0,6.5],"texture":"#0","tintindex":0},"up":{"uv":[7.0,3.5,5.5,2.0],"texture":"#0","tintindex":0},"down":{"uv":[7.0,3.5,5.5,5.0],"texture":"#0","tintindex":0}}},{"from":[7.0,23.0,7.0],"to":[8.0,23.0,11.0],"faces":{"up":{"uv":[4.5,9.5,4.0,7.5],"texture":"#0","tintindex":0},"down":{"uv":[5.0,7.5,4.5,9.5],"texture":"#0","tintindex":0}}},{"from":[11.0,23.0,7.0],"to":[11.0,25.0,11.0],"faces":{"east":{"uv":[7.0,1.0,9.0,2.0],"texture":"#0","tintindex":0},"west":{"uv":[7.0,2.0,9.0,3.0],"texture":"#0","tintindex":0}}},{"from":[7.5,24.0,9.0],"to":[10.5,28.0,9.0],"faces":{"south":{"uv":[4.0,2.0,5.5,4.0],"texture":"#0","tintindex":0},"north":{"uv":[4.0,0.0,5.5,2.0],"texture":"#0","tintindex":0}}},{"from":[7.0,23.0,11.0],"to":[11.0,25.0,11.0],"faces":{"south":{"uv":[7.0,4.0,9.0,5.0],"texture":"#0","tintindex":0},"north":{"uv":[7.0,3.0,9.0,4.0],"texture":"#0","tintindex":0}}},{"from":[9.0,24.0,7.5],"to":[9.0,28.0,10.5],"faces":{"east":{"uv":[4.0,4.0,5.5,6.0],"texture":"#0","tintindex":0},"west":{"uv":[5.5,0.0,7.0,2.0],"texture":"#0","tintindex":0}}},{"from":[10.0,23.0,7.0],"to":[11.0,23.0,11.0],"faces":{"up":{"uv":[5.5,9.5,5.0,7.5],"texture":"#0","tintindex":0},"down":{"uv":[6.0,7.5,5.5,9.5],"texture":"#0","tintindex":0}}},{"from":[7.5,10.0,7.5],"to":[10.5,11.0,10.5],"faces":{"east":{"uv":[9.0,0.0,10.5,0.5],"texture":"#0","tintindex":0},"south":{"uv":[9.0,0.5,10.5,1.0],"texture":"#0","tintindex":0},"north":{"uv":[8.5,6.5,10.0,7.0],"texture":"#0","tintindex":0},"west":{"uv":[1.0,9.0,2.5,9.5],"texture":"#0","tintindex":0},"up":{"uv":[7.0,6.5,5.5,5.0],"texture":"#0","tintindex":0},"down":{"uv":[5.5,6.0,4.0,7.5],"texture":"#0","tintindex":0}}},{"from":[8.0,23.0,8.0],"to":[10.0,25.0,10.0],"faces":{"east":{"uv":[7.5,6.0,8.5,7.0],"texture":"#0","tintindex":0},"south":{"uv":[7.0,7.5,8.0,8.5],"texture":"#0","tintindex":0},"north":{"uv":[6.0,7.5,7.0,8.5],"texture":"#0","tintindex":0},"west":{"uv":[8.0,7.0,9.0,8.0],"texture":"#0","tintindex":0},"up":{"uv":[9.0,9.0,8.0,8.0],"texture":"#0","tintindex":0},"down":{"uv":[1.0,8.5,0.0,9.5],"texture":"#0","tintindex":0}}},{"from":[8.0,8.0,8.0],"to":[10.0,23.0,10.0],"faces":{"east":{"uv":[1.0,0.0,2.0,7.5],"texture":"#0","tintindex":0},"south":{"uv":[2.0,0.0,3.0,7.5],"texture":"#0","tintindex":0},"north":{"uv":[0.0,0.0,1.0,7.5],"texture":"#0","tintindex":0},"west":{"uv":[3.0,0.0,4.0,7.5],"texture":"#0","tintindex":0},"up":{"uv":[3.0,8.5,2.0,7.5],"texture":"#0","tintindex":0},"down":{"uv":[4.0,7.5,3.0,8.5],"texture":"#0","tintindex":0}}},{"from":[7.0,23.0,7.0],"to":[7.0,25.0,11.0],"faces":{"east":{"uv":[5.5,6.5,7.5,7.5],"texture":"#0","tintindex":0},"west":{"uv":[7.0,0.0,9.0,1.0],"texture":"#0","tintindex":0}}}],"textures":{"particle":"#0","0":"modelengine:73168fe8-393b-40c7-b9f5-b5497592e25d"}}