{"display":{"head":{},"firstperson_righthand":{},"thirdperson_lefthand":{},"firstperson_lefthand":{},"fixed":{},"ground":{},"thirdperson_righthand":{},"gui":{"rotation":[-150.0,-45.0,180.0]}},"elements":[{"from":[6.475,8.0,7.5],"to":[9.525,9.75,8.5],"faces":{"east":{"uv":[0.0,3.375,0.0625,3.5],"texture":"#0","tintindex":0},"south":{"uv":[0.0625,3.4375,0.25,3.5],"texture":"#0","tintindex":0},"north":{"uv":[0.0625,3.375,0.25,3.4375],"texture":"#0","tintindex":0},"west":{"uv":[0.25,3.375,0.3125,3.5],"texture":"#0","tintindex":0},"up":{"uv":[0.1875,3.375,0.0,3.3125],"texture":"#0","tintindex":0},"down":{"uv":[0.375,3.3125,0.1875,3.375],"texture":"#0","tintindex":0}}},{"from":[6.5,7.5,8.0],"to":[9.5,9.5,11.0],"rotation":{"origin":[6.5,7.5,8.0],"axis":"x","angle":-22.5},"faces":{"east":{"uv":[0.0,2.875,0.1875,3.0],"texture":"#0","tintindex":0},"south":{"uv":[0.375,2.8125,0.5625,2.9375],"texture":"#0","tintindex":0},"north":{"uv":[0.1875,2.875,0.375,3.0],"texture":"#0","tintindex":0},"west":{"uv":[0.375,2.6875,0.5625,2.8125],"texture":"#0","tintindex":0},"up":{"uv":[0.1875,2.875,0.0,2.6875],"texture":"#0","tintindex":0},"down":{"uv":[0.375,2.6875,0.1875,2.875],"texture":"#0","tintindex":0}}},{"from":[6.5,7.5,5.0],"to":[9.5,9.5,8.0],"rotation":{"origin":[6.5,7.5,8.0],"axis":"x","angle":22.5},"faces":{"east":{"uv":[0.0,3.1875,0.1875,3.3125],"texture":"#0","tintindex":0},"south":{"uv":[0.375,3.125,0.5625,3.25],"texture":"#0","tintindex":0},"north":{"uv":[0.1875,3.1875,0.375,3.3125],"texture":"#0","tintindex":0},"west":{"uv":[0.375,3.0,0.5625,3.125],"texture":"#0","tintindex":0},"up":{"uv":[0.1875,3.1875,0.0,3.0],"texture":"#0","tintindex":0},"down":{"uv":[0.375,3.0,0.1875,3.1875],"texture":"#0","tintindex":0}}}],"textures":{"particle":"#0","0":"modelengine:8c98f5f1-d8aa-4d27-9c52-39c7597ebd26"}}