{"display":{"head":{},"firstperson_righthand":{},"thirdperson_lefthand":{},"firstperson_lefthand":{},"fixed":{},"ground":{},"thirdperson_righthand":{},"gui":{"rotation":[-150.0,-45.0,180.0]}},"elements":[{"from":[8.25,8.0,3.5],"to":[10.25,10.0,10.5],"rotation":{"origin":[10.0,16.0,7.0],"axis":"y","angle":45.0},"faces":{"east":{"uv":[1.375,8.375,1.125,9.25],"texture":"#0","rotation":90,"tintindex":0},"south":{"uv":[1.125,8.125,1.375,8.375],"texture":"#0","tintindex":0},"north":{"uv":[1.125,8.125,1.375,8.375],"texture":"#0","tintindex":0},"west":{"uv":[1.375,8.375,1.125,9.25],"texture":"#0","rotation":90,"tintindex":0},"up":{"uv":[1.375,8.125,1.625,9.0],"texture":"#0","tintindex":0},"down":{"uv":[1.125,8.375,1.375,9.25],"texture":"#0","tintindex":0}}},{"from":[5.0,8.0,5.0],"to":[7.0,10.0,12.0],"rotation":{"origin":[5.5,16.0,9.0],"axis":"y","angle":22.5},"faces":{"east":{"uv":[1.375,8.375,1.125,9.25],"texture":"#0","rotation":90,"tintindex":0},"south":{"uv":[1.125,8.125,1.375,8.375],"texture":"#0","tintindex":0},"north":{"uv":[1.125,8.125,1.375,8.375],"texture":"#0","tintindex":0},"west":{"uv":[1.375,8.375,1.125,9.25],"texture":"#0","rotation":90,"tintindex":0},"up":{"uv":[1.375,8.125,1.625,9.0],"texture":"#0","tintindex":0},"down":{"uv":[1.125,8.375,1.375,9.25],"texture":"#0","tintindex":0}}}],"textures":{"particle":"#0","0":"modelengine:54f20bea-9e06-42b4-ac4f-051d206cb48b"}}