{"display":{"head":{},"firstperson_righthand":{},"thirdperson_lefthand":{},"firstperson_lefthand":{},"fixed":{},"ground":{},"thirdperson_righthand":{},"gui":{"rotation":[-150.0,-45.0,180.0]}},"elements":[{"from":[9.5,8.0,5.5],"to":[11.5,10.0,9.5],"rotation":{"origin":[10.0,9.0,7.5],"axis":"y","angle":45.0},"faces":{"east":{"uv":[0.5,8.875,1.0,9.125],"texture":"#0","tintindex":0},"south":{"uv":[0.75,8.125,1.0,8.375],"texture":"#0","tintindex":0},"north":{"uv":[0.75,8.125,1.0,8.375],"texture":"#0","tintindex":0},"west":{"uv":[0.5,8.875,1.0,9.125],"texture":"#0","tintindex":0},"up":{"uv":[0.75,8.375,1.0,8.875],"texture":"#0","tintindex":0},"down":{"uv":[0.75,8.375,1.0,8.875],"texture":"#0","tintindex":0}}},{"from":[4.5,8.0,5.5],"to":[8.5,10.0,11.5],"rotation":{"origin":[7.0,9.0,9.0],"axis":"y","angle":22.5},"faces":{"east":{"uv":[0.0,8.125,0.75,8.375],"texture":"#0","tintindex":0},"south":{"uv":[0.5,8.375,0.75,8.875],"texture":"#0","rotation":90,"tintindex":0},"north":{"uv":[0.5,8.375,0.75,8.875],"texture":"#0","rotation":90,"tintindex":0},"west":{"uv":[0.0,8.125,0.75,8.375],"texture":"#0","tintindex":0},"up":{"uv":[0.0,8.375,0.5,9.125],"texture":"#0","tintindex":0},"down":{"uv":[0.0,8.375,0.5,9.125],"texture":"#0","tintindex":0}}}],"textures":{"particle":"#0","0":"modelengine:54f20bea-9e06-42b4-ac4f-051d206cb48b"}}