{"display":{"head":{},"firstperson_righthand":{},"thirdperson_lefthand":{},"firstperson_lefthand":{},"fixed":{},"ground":{},"thirdperson_righthand":{},"gui":{"rotation":[-150.0,-45.0,180.0]}},"elements":[{"from":[-1.0,-2.0,15.0],"to":[1.0,3.0,24.0],"rotation":{"origin":[0.0,-0.5,15.0],"axis":"y","angle":-22.5},"faces":{"east":{"uv":[4.0,3.0,6.25,4.25],"texture":"#0","tintindex":0},"south":{"uv":[8.0,9.0,8.5,10.25],"texture":"#0","tintindex":0},"north":{"uv":[4.0,9.0,4.5,10.25],"texture":"#0","tintindex":0},"west":{"uv":[4.0,4.25,6.25,5.5],"texture":"#0","tintindex":0},"up":{"uv":[4.5,9.0,4.0,6.75],"texture":"#0","tintindex":0},"down":{"uv":[7.0,8.0,6.5,10.25],"texture":"#0","tintindex":0}}},{"from":[6.0,1.0,10.0],"to":[10.0,12.0,14.0],"faces":{"east":{"uv":[5.5,5.5,6.5,8.25],"texture":"#0","tintindex":0},"south":{"uv":[0.0,6.25,1.0,9.0],"texture":"#0","tintindex":0},"north":{"uv":[4.5,5.5,5.5,8.25],"texture":"#0","tintindex":0},"west":{"uv":[1.0,6.25,2.0,9.0],"texture":"#0","tintindex":0},"up":{"uv":[9.5,8.0,8.5,7.0],"texture":"#0","tintindex":0},"down":{"uv":[3.0,8.75,2.0,9.75],"texture":"#0","tintindex":0}}},{"from":[6.0,8.0,7.0],"to":[10.0,12.0,10.0],"faces":{"east":{"uv":[9.0,0.0,9.75,1.0],"texture":"#0","tintindex":0},"south":{"uv":[0.0,9.0,1.0,10.0],"texture":"#0","tintindex":0},"north":{"uv":[3.0,8.75,4.0,9.75],"texture":"#0","tintindex":0},"west":{"uv":[1.0,9.0,1.75,10.0],"texture":"#0","tintindex":0},"up":{"uv":[10.0,1.75,9.0,1.0],"texture":"#0","tintindex":0},"down":{"uv":[10.0,1.75,9.0,2.5],"texture":"#0","tintindex":0}}},{"from":[6.0,6.0,7.0],"to":[10.0,8.0,8.0],"faces":{"east":{"uv":[3.75,5.0,4.0,5.5],"texture":"#0","tintindex":0},"south":{"uv":[9.0,2.5,10.0,3.0],"texture":"#0","tintindex":0},"north":{"uv":[2.25,5.0,3.25,5.5],"texture":"#0","tintindex":0},"west":{"uv":[2.0,6.25,2.25,6.75],"texture":"#0","tintindex":0},"up":{"uv":[10.25,4.5,9.25,4.25],"texture":"#0","tintindex":0},"down":{"uv":[10.25,4.5,9.25,4.75],"texture":"#0","tintindex":0}}},{"from":[0.0,-3.0,10.0],"to":[16.0,1.0,14.0],"faces":{"east":{"uv":[7.5,6.0,8.5,7.0],"texture":"#0","tintindex":0},"south":{"uv":[0.0,1.0,4.0,2.0],"texture":"#0","tintindex":0},"north":{"uv":[0.0,0.0,4.0,1.0],"texture":"#0","tintindex":0},"west":{"uv":[8.0,2.0,9.0,3.0],"texture":"#0","tintindex":0},"up":{"uv":[4.0,3.0,0.0,2.0],"texture":"#0","tintindex":0},"down":{"uv":[4.0,3.0,0.0,4.0],"texture":"#0","tintindex":0}}},{"from":[-1.0,-2.0,24.0],"to":[-1.0,3.0,25.0],"rotation":{"origin":[0.0,-0.5,15.0],"axis":"y","angle":-22.5},"faces":{"east":{"uv":[4.5,9.25,4.75,10.5],"texture":"#0","tintindex":0},"west":{"uv":[4.75,9.25,5.0,10.5],"texture":"#0","tintindex":0}}},{"from":[-1.0,3.0,24.0],"to":[1.0,3.0,25.0],"rotation":{"origin":[0.0,-0.5,15.0],"axis":"y","angle":-22.5},"faces":{"up":{"uv":[9.75,5.0,9.25,4.75],"texture":"#0","tintindex":0},"down":{"uv":[5.5,9.25,5.0,9.5],"texture":"#0","tintindex":0}}},{"from":[0.0,-3.0,14.0],"to":[4.0,1.0,22.0],"faces":{"east":{"uv":[6.25,3.0,8.25,4.0],"texture":"#0","tintindex":0},"south":{"uv":[4.5,8.25,5.5,9.25],"texture":"#0","tintindex":0},"north":{"uv":[8.25,4.0,9.25,5.0],"texture":"#0","tintindex":0},"west":{"uv":[6.25,4.0,8.25,5.0],"texture":"#0","tintindex":0},"up":{"uv":[7.5,7.0,6.5,5.0],"texture":"#0","tintindex":0},"down":{"uv":[3.0,6.75,2.0,8.75],"texture":"#0","tintindex":0}}},{"from":[17.0,-2.0,24.0],"to":[17.0,3.0,25.0],"rotation":{"origin":[16.0,-0.5,15.0],"axis":"y","angle":22.5},"faces":{"east":{"uv":[1.75,9.0,2.0,10.25],"texture":"#0","tintindex":0},"west":{"uv":[9.25,3.0,9.5,4.25],"texture":"#0","tintindex":0}}},{"from":[0.0,-3.0,22.0],"to":[16.0,1.0,26.0],"faces":{"east":{"uv":[8.0,8.0,9.0,9.0],"texture":"#0","tintindex":0},"south":{"uv":[4.0,0.0,8.0,1.0],"texture":"#0","tintindex":0},"north":{"uv":[0.0,4.0,4.0,5.0],"texture":"#0","tintindex":0},"west":{"uv":[8.25,3.0,9.25,4.0],"texture":"#0","tintindex":0},"up":{"uv":[8.0,2.0,4.0,1.0],"texture":"#0","tintindex":0},"down":{"uv":[8.0,2.0,4.0,3.0],"texture":"#0","tintindex":0}}},{"from":[15.0,-2.0,15.0],"to":[17.0,3.0,24.0],"rotation":{"origin":[16.0,-0.5,15.0],"axis":"y","angle":22.5},"faces":{"east":{"uv":[0.0,5.0,2.25,6.25],"texture":"#0","tintindex":0},"south":{"uv":[8.5,9.0,9.0,10.25],"texture":"#0","tintindex":0},"north":{"uv":[9.0,8.0,9.5,9.25],"texture":"#0","tintindex":0},"west":{"uv":[2.25,5.5,4.5,6.75],"texture":"#0","tintindex":0},"up":{"uv":[7.5,10.25,7.0,8.0],"texture":"#0","tintindex":0},"down":{"uv":[8.0,8.0,7.5,10.25],"texture":"#0","tintindex":0}}},{"from":[12.0,-3.0,14.0],"to":[16.0,1.0,22.0],"faces":{"east":{"uv":[6.5,7.0,8.5,8.0],"texture":"#0","tintindex":0},"south":{"uv":[8.5,6.0,9.5,7.0],"texture":"#0","tintindex":0},"north":{"uv":[5.5,8.25,6.5,9.25],"texture":"#0","tintindex":0},"west":{"uv":[7.5,5.0,9.5,6.0],"texture":"#0","tintindex":0},"up":{"uv":[4.0,8.75,3.0,6.75],"texture":"#0","tintindex":0},"down":{"uv":[9.0,0.0,8.0,2.0],"texture":"#0","tintindex":0}}},{"from":[15.0,3.0,24.0],"to":[17.0,3.0,25.0],"rotation":{"origin":[16.0,-0.5,15.0],"axis":"y","angle":22.5},"faces":{"up":{"uv":[3.75,5.25,3.25,5.0],"texture":"#0","tintindex":0},"down":{"uv":[3.75,5.25,3.25,5.5],"texture":"#0","tintindex":0}}}],"textures":{"particle":"#0","0":"modelengine:ea85c9d2-6185-4e59-adc4-75a5c5bc9452"}}