{"display":{"head":{},"firstperson_righthand":{},"thirdperson_lefthand":{},"firstperson_lefthand":{},"fixed":{},"ground":{},"thirdperson_righthand":{},"gui":{"rotation":[-150.0,-45.0,180.0]}},"elements":[{"from":[5.5,1.9532099,5.5],"to":[10.5,4.95321,10.5],"faces":{"east":{"uv":[10.0,11.375,10.625,11.75],"texture":"#0","tintindex":0},"south":{"uv":[10.625,11.375,11.25,11.75],"texture":"#0","tintindex":0},"north":{"uv":[11.375,8.75,12.0,9.125],"texture":"#0","tintindex":0},"west":{"uv":[11.375,11.0,12.0,11.375],"texture":"#0","tintindex":0},"up":{"uv":[10.125,3.125,9.5,2.5],"texture":"#0","tintindex":0},"down":{"uv":[3.25,9.5,2.625,10.125],"texture":"#0","tintindex":0}}},{"from":[5.5,1.9532099,0.5],"to":[10.5,4.95321,5.5],"rotation":{"origin":[8.0,1.9532099,5.5],"axis":"x","angle":45.0},"faces":{"east":{"uv":[1.75,11.5,2.375,11.875],"texture":"#0","tintindex":0},"south":{"uv":[2.375,11.5,3.0,11.875],"texture":"#0","tintindex":0},"north":{"uv":[11.25,11.375,11.875,11.75],"texture":"#0","tintindex":0},"west":{"uv":[3.0,11.5,3.625,11.875],"texture":"#0","tintindex":0},"up":{"uv":[10.125,3.75,9.5,3.125],"texture":"#0","tintindex":0},"down":{"uv":[3.875,9.5,3.25,10.125],"texture":"#0","tintindex":0}}},{"from":[5.5,10.50321,2.0],"to":[10.5,15.50321,5.0],"rotation":{"origin":[8.0,10.50321,2.0],"axis":"x","angle":45.0},"faces":{"east":{"uv":[11.625,1.0,12.0,1.625],"texture":"#0","tintindex":0},"south":{"uv":[7.875,9.75,8.5,10.375],"texture":"#0","tintindex":0},"north":{"uv":[1.25,9.75,1.875,10.375],"texture":"#0","tintindex":0},"west":{"uv":[11.625,2.375,12.0,3.0],"texture":"#0","tintindex":0},"up":{"uv":[12.25,3.375,11.625,3.0],"texture":"#0","tintindex":0},"down":{"uv":[5.5,11.625,4.875,12.0],"texture":"#0","tintindex":0}}},{"from":[5.5,1.9532099,10.5],"to":[10.5,4.95321,15.5],"rotation":{"origin":[8.0,1.9532099,10.5],"axis":"x","angle":-45.0},"faces":{"east":{"uv":[4.25,11.5,4.875,11.875],"texture":"#0","tintindex":0},"south":{"uv":[5.5,11.5,6.125,11.875],"texture":"#0","tintindex":0},"north":{"uv":[3.625,11.5,4.25,11.875],"texture":"#0","tintindex":0},"west":{"uv":[6.125,11.5,6.75,11.875],"texture":"#0","tintindex":0},"up":{"uv":[10.125,4.375,9.5,3.75],"texture":"#0","tintindex":0},"down":{"uv":[4.5,9.5,3.875,10.125],"texture":"#0","tintindex":0}}},{"from":[5.5,11.05321,5.5],"to":[10.5,14.05321,10.5],"faces":{"east":{"uv":[11.75,6.75,12.375,7.125],"texture":"#0","tintindex":0},"south":{"uv":[11.75,7.125,12.375,7.5],"texture":"#0","tintindex":0},"north":{"uv":[11.75,6.375,12.375,6.75],"texture":"#0","tintindex":0},"west":{"uv":[8.375,11.75,9.0,12.125],"texture":"#0","tintindex":0},"up":{"uv":[5.125,10.5,4.5,9.875],"texture":"#0","tintindex":0},"down":{"uv":[10.5,5.625,9.875,6.25],"texture":"#0","tintindex":0}}},{"from":[5.5,5.50321,2.0],"to":[10.5,10.50321,5.0],"faces":{"east":{"uv":[0.625,11.5,1.0,12.125],"texture":"#0","tintindex":0},"south":{"uv":[5.25,9.625,5.875,10.25],"texture":"#0","tintindex":0},"north":{"uv":[9.5,5.0,10.125,5.625],"texture":"#0","tintindex":0},"west":{"uv":[6.75,11.5,7.125,12.125],"texture":"#0","tintindex":0},"up":{"uv":[7.75,11.875,7.125,11.5],"texture":"#0","tintindex":0},"down":{"uv":[8.375,11.5,7.75,11.875],"texture":"#0","tintindex":0}}},{"from":[5.5,5.50321,11.0],"to":[10.5,10.50321,14.0],"faces":{"east":{"uv":[9.375,11.5,9.75,12.125],"texture":"#0","tintindex":0},"south":{"uv":[9.625,9.625,10.25,10.25],"texture":"#0","tintindex":0},"north":{"uv":[9.625,9.0,10.25,9.625],"texture":"#0","tintindex":0},"west":{"uv":[0.0,11.625,0.375,12.25],"texture":"#0","tintindex":0},"up":{"uv":[12.25,0.375,11.625,0.0],"texture":"#0","tintindex":0},"down":{"uv":[12.25,0.375,11.625,0.75],"texture":"#0","tintindex":0}}},{"from":[5.5,10.50321,11.0],"to":[10.5,15.50321,14.0],"rotation":{"origin":[8.0,10.50321,14.0],"axis":"x","angle":-45.0},"faces":{"east":{"uv":[11.625,10.25,12.0,10.875],"texture":"#0","tintindex":0},"south":{"uv":[8.5,9.75,9.125,10.375],"texture":"#0","tintindex":0},"north":{"uv":[9.75,8.375,10.375,9.0],"texture":"#0","tintindex":0},"west":{"uv":[1.0,11.75,1.375,12.375],"texture":"#0","tintindex":0},"up":{"uv":[12.375,6.0,11.75,5.625],"texture":"#0","tintindex":0},"down":{"uv":[12.375,6.0,11.75,6.375],"texture":"#0","tintindex":0}}},{"from":[6.25,4.95321,5.0],"to":[9.75,11.05321,11.0],"faces":{"east":{"uv":[2.375,8.75,3.125,9.5],"texture":"#0","tintindex":0},"south":{"uv":[1.875,10.75,2.375,11.5],"texture":"#0","tintindex":0},"north":{"uv":[10.75,1.625,11.25,2.375],"texture":"#0","tintindex":0},"west":{"uv":[8.75,2.5,9.5,3.25],"texture":"#0","tintindex":0},"up":{"uv":[2.875,11.5,2.375,10.75],"texture":"#0","tintindex":0},"down":{"uv":[11.25,2.375,10.75,3.125],"texture":"#0","tintindex":0}}}],"textures":{"particle":"#0","0":"modelengine:a9699988-21dd-43c2-9aa9-548b3d606ac0"}}