{"display":{"head":{},"firstperson_righthand":{},"thirdperson_lefthand":{},"firstperson_lefthand":{},"fixed":{},"ground":{},"thirdperson_righthand":{},"gui":{"rotation":[-150.0,-45.0,180.0]}},"elements":[{"from":[-1.0,10.0,7.0],"to":[2.0,11.0,20.0],"faces":{"east":{"uv":[7.0,2.5,10.25,2.75],"texture":"#0","tintindex":0},"south":{"uv":[7.75,8.25,8.5,8.5],"texture":"#0","tintindex":0},"north":{"uv":[7.0,8.25,7.75,8.5],"texture":"#0","tintindex":0},"west":{"uv":[7.0,2.75,10.25,3.0],"texture":"#0","tintindex":0},"up":{"uv":[3.75,6.75,3.0,3.5],"texture":"#0","tintindex":0},"down":{"uv":[4.5,3.5,3.75,6.75],"texture":"#0","tintindex":0}}},{"from":[0.0,0.0,9.0],"to":[2.0,1.0,19.0],"faces":{"east":{"uv":[7.0,6.0,9.5,6.25],"texture":"#0","tintindex":0},"south":{"uv":[8.25,8.5,8.75,8.75],"texture":"#0","tintindex":0},"north":{"uv":[8.5,8.0,9.0,8.25],"texture":"#0","tintindex":0},"west":{"uv":[7.0,6.25,9.5,6.5],"texture":"#0","tintindex":0},"up":{"uv":[6.5,5.0,6.0,2.5],"texture":"#0","tintindex":0},"down":{"uv":[6.5,5.0,6.0,7.5],"texture":"#0","tintindex":0}}},{"from":[14.0,0.0,9.0],"to":[16.0,1.0,19.0],"faces":{"east":{"uv":[7.0,6.5,9.5,6.75],"texture":"#0","tintindex":0},"south":{"uv":[8.75,7.0,9.25,7.25],"texture":"#0","tintindex":0},"north":{"uv":[7.0,8.75,7.5,9.0],"texture":"#0","tintindex":0},"west":{"uv":[7.0,6.75,9.5,7.0],"texture":"#0","tintindex":0},"up":{"uv":[1.5,9.0,1.0,6.5],"texture":"#0","tintindex":0},"down":{"uv":[2.0,6.5,1.5,9.0],"texture":"#0","tintindex":0}}},{"from":[2.0,7.0,15.0],"to":[14.0,8.0,17.0],"rotation":{"origin":[8.0,8.0,15.0],"axis":"x","angle":22.5},"faces":{"east":{"uv":[9.0,0.0,9.5,0.25],"texture":"#0","tintindex":0},"south":{"uv":[7.0,4.25,10.0,4.5],"texture":"#0","tintindex":0},"north":{"uv":[7.0,4.0,10.0,4.25],"texture":"#0","tintindex":0},"west":{"uv":[9.0,0.25,9.5,0.5],"texture":"#0","tintindex":0},"up":{"uv":[3.0,6.5,0.0,6.0],"texture":"#0","tintindex":0},"down":{"uv":[9.0,0.0,6.0,0.5],"texture":"#0","tintindex":0}}},{"from":[2.0,7.0,8.0],"to":[14.0,8.0,15.0],"faces":{"east":{"uv":[7.0,7.0,8.75,7.25],"texture":"#0","tintindex":0},"south":{"uv":[7.0,3.75,10.0,4.0],"texture":"#0","tintindex":0},"north":{"uv":[7.0,3.5,10.0,3.75],"texture":"#0","tintindex":0},"west":{"uv":[7.0,7.25,8.75,7.5],"texture":"#0","tintindex":0},"up":{"uv":[6.0,1.75,3.0,0.0],"texture":"#0","tintindex":0},"down":{"uv":[6.0,1.75,3.0,3.5],"texture":"#0","tintindex":0}}},{"from":[14.0,8.0,19.0],"to":[16.0,11.0,20.0],"rotation":{"origin":[15.0,8.0,20.0],"axis":"x","angle":-22.5},"faces":{"east":{"uv":[6.5,8.5,6.75,9.25],"texture":"#0","tintindex":0},"south":{"uv":[8.0,7.5,8.5,8.25],"texture":"#0","tintindex":0},"north":{"uv":[7.5,7.5,8.0,8.25],"texture":"#0","tintindex":0},"west":{"uv":[6.75,8.5,7.0,9.25],"texture":"#0","tintindex":0},"up":{"uv":[9.25,7.5,8.75,7.25],"texture":"#0","tintindex":0},"down":{"uv":[8.0,8.75,7.5,9.0],"texture":"#0","tintindex":0}}},{"from":[14.0,10.0,7.0],"to":[17.0,11.0,20.0],"faces":{"east":{"uv":[7.0,3.0,10.25,3.25],"texture":"#0","tintindex":0},"south":{"uv":[8.5,7.5,9.25,7.75],"texture":"#0","tintindex":0},"north":{"uv":[7.0,8.5,7.75,8.75],"texture":"#0","tintindex":0},"west":{"uv":[7.0,3.25,10.25,3.5],"texture":"#0","tintindex":0},"up":{"uv":[5.25,6.75,4.5,3.5],"texture":"#0","tintindex":0},"down":{"uv":[6.0,3.5,5.25,6.75],"texture":"#0","tintindex":0}}},{"from":[2.0,6.25,16.1],"to":[14.0,7.25,18.1],"rotation":{"origin":[8.0,7.25,16.1],"axis":"x","angle":-22.5},"faces":{"east":{"uv":[0.5,9.0,1.0,9.25],"texture":"#0","tintindex":0},"south":{"uv":[7.0,4.75,10.0,5.0],"texture":"#0","tintindex":0},"north":{"uv":[7.0,4.5,10.0,4.75],"texture":"#0","tintindex":0},"west":{"uv":[9.0,0.5,9.5,0.75],"texture":"#0","tintindex":0},"up":{"uv":[9.0,1.0,6.0,0.5],"texture":"#0","tintindex":0},"down":{"uv":[9.0,1.0,6.0,1.5],"texture":"#0","tintindex":0}}},{"from":[14.0,0.0,8.0],"to":[16.0,10.0,9.0],"faces":{"east":{"uv":[4.0,6.75,4.25,9.25],"texture":"#0","tintindex":0},"south":{"uv":[0.5,6.5,1.0,9.0],"texture":"#0","tintindex":0},"north":{"uv":[0.0,6.5,0.5,9.0],"texture":"#0","tintindex":0},"west":{"uv":[4.25,6.75,4.5,9.25],"texture":"#0","tintindex":0},"up":{"uv":[5.5,9.0,5.0,8.75],"texture":"#0","tintindex":0},"down":{"uv":[6.0,8.75,5.5,9.0],"texture":"#0","tintindex":0}}},{"from":[2.0,8.25,17.6],"to":[14.0,20.25,18.6],"rotation":{"origin":[8.0,8.25,15.6],"axis":"x","angle":22.5},"faces":{"east":{"uv":[3.5,6.75,3.75,9.75],"texture":"#0","tintindex":0},"south":{"uv":[0.0,3.0,3.0,6.0],"texture":"#0","tintindex":0},"north":{"uv":[0.0,0.0,3.0,3.0],"texture":"#0","tintindex":0},"west":{"uv":[3.75,6.75,4.0,9.75],"texture":"#0","tintindex":0},"up":{"uv":[10.0,5.25,7.0,5.0],"texture":"#0","tintindex":0},"down":{"uv":[10.0,5.25,7.0,5.5],"texture":"#0","tintindex":0}}},{"from":[0.0,0.0,19.0],"to":[2.0,8.0,20.0],"faces":{"east":{"uv":[5.0,6.75,5.25,8.75],"texture":"#0","tintindex":0},"south":{"uv":[6.5,4.5,7.0,6.5],"texture":"#0","tintindex":0},"north":{"uv":[6.5,2.5,7.0,4.5],"texture":"#0","tintindex":0},"west":{"uv":[5.25,6.75,5.5,8.75],"texture":"#0","tintindex":0},"up":{"uv":[8.25,8.75,7.75,8.5],"texture":"#0","tintindex":0},"down":{"uv":[9.0,7.75,8.5,8.0],"texture":"#0","tintindex":0}}},{"from":[2.0,7.0,6.0],"to":[14.0,8.0,8.0],"rotation":{"origin":[8.0,8.0,8.0],"axis":"x","angle":-22.5},"faces":{"east":{"uv":[9.0,0.75,9.5,1.0],"texture":"#0","tintindex":0},"south":{"uv":[7.0,5.75,10.0,6.0],"texture":"#0","tintindex":0},"north":{"uv":[7.0,5.5,10.0,5.75],"texture":"#0","tintindex":0},"west":{"uv":[1.0,9.0,1.5,9.25],"texture":"#0","tintindex":0},"up":{"uv":[9.0,2.0,6.0,1.5],"texture":"#0","tintindex":0},"down":{"uv":[9.0,2.0,6.0,2.5],"texture":"#0","tintindex":0}}},{"from":[0.0,8.0,19.0],"to":[2.0,11.0,20.0],"rotation":{"origin":[1.0,8.0,20.0],"axis":"x","angle":-22.5},"faces":{"east":{"uv":[6.0,8.25,6.25,9.0],"texture":"#0","tintindex":0},"south":{"uv":[7.0,7.5,7.5,8.25],"texture":"#0","tintindex":0},"north":{"uv":[6.0,7.5,6.5,8.25],"texture":"#0","tintindex":0},"west":{"uv":[6.25,8.25,6.5,9.0],"texture":"#0","tintindex":0},"up":{"uv":[9.0,8.5,8.5,8.25],"texture":"#0","tintindex":0},"down":{"uv":[3.5,8.75,3.0,9.0],"texture":"#0","tintindex":0}}},{"from":[14.0,0.0,19.0],"to":[16.0,8.0,20.0],"faces":{"east":{"uv":[5.5,6.75,5.75,8.75],"texture":"#0","tintindex":0},"south":{"uv":[3.0,6.75,3.5,8.75],"texture":"#0","tintindex":0},"north":{"uv":[6.5,6.5,7.0,8.5],"texture":"#0","tintindex":0},"west":{"uv":[5.75,6.75,6.0,8.75],"texture":"#0","tintindex":0},"up":{"uv":[8.5,9.0,8.0,8.75],"texture":"#0","tintindex":0},"down":{"uv":[9.0,8.75,8.5,9.0],"texture":"#0","tintindex":0}}},{"from":[0.0,0.0,8.0],"to":[2.0,10.0,9.0],"faces":{"east":{"uv":[4.5,6.75,4.75,9.25],"texture":"#0","tintindex":0},"south":{"uv":[2.5,6.5,3.0,9.0],"texture":"#0","tintindex":0},"north":{"uv":[2.0,6.5,2.5,9.0],"texture":"#0","tintindex":0},"west":{"uv":[4.75,6.75,5.0,9.25],"texture":"#0","tintindex":0},"up":{"uv":[9.25,8.75,8.75,8.5],"texture":"#0","tintindex":0},"down":{"uv":[0.5,9.0,0.0,9.25],"texture":"#0","tintindex":0}}}],"textures":{"particle":"#0","0":"modelengine:f06816c8-ef77-470d-b55a-2b2aca8dcbe1"}}