{"display":{"head":{},"firstperson_righthand":{},"thirdperson_lefthand":{},"firstperson_lefthand":{},"fixed":{},"ground":{},"thirdperson_righthand":{},"gui":{"rotation":[-150.0,-45.0,180.0]}},"elements":[{"from":[13.161975,6.5477653,-1.3964252],"to":[13.161975,7.9227653,5.1348248],"rotation":{"origin":[17.974476,8.50714,-2.4276752],"axis":"x","angle":-22.5},"faces":{"east":{"uv":[8.75,7.0,10.0,7.25],"texture":"#0","tintindex":0},"west":{"uv":[8.75,7.25,10.0,7.5],"texture":"#0","tintindex":0}}},{"from":[5.599475,8.50714,8.0567],"to":[6.8026,9.19464,8.0567],"rotation":{"origin":[5.255725,8.85089,6.5098248],"axis":"x","angle":-22.5},"faces":{"south":{"uv":[12.125,12.0,12.375,12.125],"texture":"#0","tintindex":0},"north":{"uv":[11.625,2.875,11.875,3.0],"texture":"#0","tintindex":0}}},{"from":[0.09947491,5.06964,4.7910748],"to":[3.536975,8.50714,5.4785748],"faces":{"east":{"uv":[9.125,12.125,9.25,12.75],"texture":"#0","tintindex":0},"south":{"uv":[4.125,8.625,4.75,9.25],"texture":"#0","tintindex":0},"north":{"uv":[3.5,8.625,4.125,9.25],"texture":"#0","tintindex":0},"west":{"uv":[9.25,12.125,9.375,12.75],"texture":"#0","tintindex":0},"up":{"uv":[12.75,7.5,12.125,7.375],"texture":"#0","tintindex":0},"down":{"uv":[12.75,7.75,12.125,7.875],"texture":"#0","tintindex":0}}},{"from":[2.849475,15.72589,5.0317],"to":[13.849475,16.413391,5.7192],"rotation":{"origin":[2.849475,11.25714,5.0317],"axis":"x","angle":22.5},"faces":{"east":{"uv":[12.375,2.25,12.5,2.375],"texture":"#0","tintindex":0},"south":{"uv":[10.125,5.875,12.125,6.0],"texture":"#0","tintindex":0},"north":{"uv":[10.0,3.0,12.0,3.125],"texture":"#0","tintindex":0},"west":{"uv":[12.375,2.375,12.5,2.5],"texture":"#0","tintindex":0},"up":{"uv":[12.25,7.625,10.25,7.5],"texture":"#0","tintindex":0},"down":{"uv":[12.25,7.625,10.25,7.75],"texture":"#0","tintindex":0}}},{"from":[13.161975,5.06964,4.7910748],"to":[16.599476,8.50714,5.4785748],"faces":{"east":{"uv":[12.125,9.75,12.25,10.375],"texture":"#0","tintindex":0},"south":{"uv":[4.75,8.625,5.375,9.25],"texture":"#0","tintindex":0},"north":{"uv":[8.625,4.625,9.25,5.25],"texture":"#0","tintindex":0},"west":{"uv":[10.625,12.125,10.75,12.75],"texture":"#0","tintindex":0},"up":{"uv":[12.75,8.0,12.125,7.875],"texture":"#0","tintindex":0},"down":{"uv":[12.75,8.125,12.125,8.25],"texture":"#0","tintindex":0}}},{"from":[13.161975,9.19464,-2.0839252],"to":[14.880725,10.91339,-0.70892525],"faces":{"east":{"uv":[7.5,12.0,7.75,12.375],"texture":"#0","tintindex":0},"south":{"uv":[11.25,10.125,11.625,10.5],"texture":"#0","tintindex":0},"north":{"uv":[11.25,9.75,11.625,10.125],"texture":"#0","tintindex":0},"west":{"uv":[7.75,12.0,8.0,12.375],"texture":"#0","tintindex":0},"up":{"uv":[8.375,12.25,8.0,12.0],"texture":"#0","tintindex":0},"down":{"uv":[10.25,12.0,9.875,12.25],"texture":"#0","tintindex":0}}},{"from":[3.536975,9.88214,18.3692],"to":[13.161975,10.56964,23.353575],"faces":{"east":{"uv":[0.0,7.375,0.875,7.5],"texture":"#0","tintindex":0},"south":{"uv":[10.5,9.125,12.25,9.25],"texture":"#0","tintindex":0},"north":{"uv":[10.5,9.0,12.25,9.125],"texture":"#0","tintindex":0},"west":{"uv":[9.25,5.125,10.125,5.25],"texture":"#0","tintindex":0},"up":{"uv":[1.75,6.125,0.0,5.25],"texture":"#0","tintindex":0},"down":{"uv":[7.0,0.75,5.25,1.625],"texture":"#0","tintindex":0}}},{"from":[13.161975,5.6883903,2.0410748],"to":[13.161975,6.5477653,4.6191998],"rotation":{"origin":[17.974476,8.50714,-2.4276752],"axis":"x","angle":-22.5},"faces":{"east":{"uv":[12.125,10.625,12.625,10.75],"texture":"#0","tintindex":0},"west":{"uv":[12.125,10.875,12.625,11.0],"texture":"#0","tintindex":0}}},{"from":[3.536975,6.5477653,-1.3964252],"to":[3.536975,7.9227653,5.1348248],"rotation":{"origin":[8.349475,8.50714,-2.4276752],"axis":"x","angle":-22.5},"faces":{"east":{"uv":[8.875,8.75,10.125,9.0],"texture":"#0","tintindex":0},"west":{"uv":[8.875,9.0,10.125,9.25],"texture":"#0","tintindex":0}}},{"from":[3.880725,4.72589,5.4785748],"to":[5.255725,6.10089,6.1660748],"rotation":{"origin":[4.568225,5.41339,5.4785748],"axis":"x","angle":-45.0},"faces":{"east":{"uv":[4.125,11.5,4.25,11.75],"texture":"#0","tintindex":0},"south":{"uv":[7.125,12.25,7.375,12.5],"texture":"#0","tintindex":0},"north":{"uv":[6.25,12.25,6.5,12.5],"texture":"#0","tintindex":0},"west":{"uv":[12.25,12.125,12.375,12.375],"texture":"#0","tintindex":0},"up":{"uv":[12.625,0.125,12.375,0.0],"texture":"#0","tintindex":0},"down":{"uv":[12.625,0.125,12.375,0.25],"texture":"#0","tintindex":0}}},{"from":[3.536975,9.88214,5.4785748],"to":[13.161975,11.60089,6.1660748],"faces":{"east":{"uv":[1.625,6.125,1.75,6.5],"texture":"#0","tintindex":0},"south":{"uv":[7.5,6.375,9.25,6.75],"texture":"#0","tintindex":0},"north":{"uv":[7.5,6.0,9.25,6.375],"texture":"#0","tintindex":0},"west":{"uv":[2.375,10.625,2.5,11.0],"texture":"#0","tintindex":0},"up":{"uv":[12.25,8.375,10.5,8.25],"texture":"#0","tintindex":0},"down":{"uv":[12.25,8.375,10.5,8.5],"texture":"#0","tintindex":0}}},{"from":[10.298435,5.06964,22.62028],"to":[12.360935,7.13214,24.68278],"rotation":{"origin":[11.329685,6.10089,23.737469],"axis":"x","angle":-22.5},"faces":{"east":{"uv":[6.75,11.375,7.125,11.75],"texture":"#0","tintindex":0},"south":{"uv":[7.125,11.375,7.5,11.75],"texture":"#0","tintindex":0},"north":{"uv":[6.375,11.375,6.75,11.75],"texture":"#0","tintindex":0},"west":{"uv":[7.5,11.375,7.875,11.75],"texture":"#0","tintindex":0},"up":{"uv":[8.25,11.75,7.875,11.375],"texture":"#0","tintindex":0},"down":{"uv":[8.625,11.375,8.25,11.75],"texture":"#0","tintindex":0}}},{"from":[3.536975,4.03839,4.7910748],"to":[13.161975,5.41339,15.791075],"faces":{"east":{"uv":[8.25,0.0,10.25,0.25],"texture":"#0","tintindex":0},"south":{"uv":[8.5,3.875,10.25,4.125],"texture":"#0","tintindex":0},"north":{"uv":[8.5,3.625,10.25,3.875],"texture":"#0","tintindex":0},"west":{"uv":[8.25,0.25,10.25,0.5],"texture":"#0","tintindex":0},"up":{"uv":[1.75,2.0,0.0,0.0],"texture":"#0","tintindex":0},"down":{"uv":[3.5,0.0,1.75,2.0],"texture":"#0","tintindex":0}}},{"from":[3.536975,5.41339,4.7910748],"to":[13.161975,11.60089,5.4785748],"faces":{"east":{"uv":[0.625,11.0,0.75,12.125],"texture":"#0","tintindex":0},"south":{"uv":[3.5,1.875,5.25,3.0],"texture":"#0","tintindex":0},"north":{"uv":[3.5,0.75,5.25,1.875],"texture":"#0","tintindex":0},"west":{"uv":[0.75,11.0,0.875,12.125],"texture":"#0","tintindex":0},"up":{"uv":[12.25,5.75,10.5,5.625],"texture":"#0","tintindex":0},"down":{"uv":[12.25,5.75,10.5,5.875],"texture":"#0","tintindex":0}}},{"from":[0.09947491,5.06964,15.103575],"to":[16.599476,9.19464,15.791075],"faces":{"east":{"uv":[2.875,9.5,3.0,10.25],"texture":"#0","tintindex":0},"south":{"uv":[3.5,0.0,6.5,0.75],"texture":"#0","tintindex":0},"north":{"uv":[0.0,3.5,3.0,4.25],"texture":"#0","tintindex":0},"west":{"uv":[0.875,11.0,1.0,11.75],"texture":"#0","tintindex":0},"up":{"uv":[11.625,2.625,8.625,2.5],"texture":"#0","tintindex":0},"down":{"uv":[11.625,2.625,8.625,2.75],"texture":"#0","tintindex":0}}},{"from":[4.911975,4.72589,-3.8026752],"to":[6.286975,6.10089,4.7910748],"faces":{"east":{"uv":[8.5,4.125,10.125,4.375],"texture":"#0","tintindex":0},"south":{"uv":[12.125,10.375,12.375,10.625],"texture":"#0","tintindex":0},"north":{"uv":[12.125,8.75,12.375,9.0],"texture":"#0","tintindex":0},"west":{"uv":[8.5,4.375,10.125,4.625],"texture":"#0","tintindex":0},"up":{"uv":[8.125,10.125,7.875,8.5],"texture":"#0","tintindex":0},"down":{"uv":[8.375,8.5,8.125,10.125],"texture":"#0","tintindex":0}}},{"from":[6.8026,7.304015,7.8848248],"to":[6.8026,10.22589,8.572325],"rotation":{"origin":[5.255725,8.50714,6.5098248],"axis":"x","angle":-22.5},"faces":{"east":{"uv":[2.625,7.5,2.75,8.0],"texture":"#0","tintindex":0},"west":{"uv":[10.125,4.125,10.25,4.625],"texture":"#0","tintindex":0}}},{"from":[10.411975,6.10089,-3.8026752],"to":[11.786975,7.47589,-2.4276752],"faces":{"east":{"uv":[1.0,12.25,1.25,12.5],"texture":"#0","tintindex":0},"south":{"uv":[1.5,12.25,1.75,12.5],"texture":"#0","tintindex":0},"north":{"uv":[0.25,12.25,0.5,12.5],"texture":"#0","tintindex":0},"west":{"uv":[1.75,12.25,2.0,12.5],"texture":"#0","tintindex":0},"up":{"uv":[2.25,12.5,2.0,12.25],"texture":"#0","tintindex":0},"down":{"uv":[3.125,12.25,2.875,12.5],"texture":"#0","tintindex":0}}},{"from":[11.099475,7.81964,20.603575],"to":[13.161975,9.88214,21.291075],"faces":{"east":{"uv":[10.125,12.25,10.25,12.625],"texture":"#0","tintindex":0},"south":{"uv":[5.25,11.25,5.625,11.625],"texture":"#0","tintindex":0},"north":{"uv":[4.875,11.25,5.25,11.625],"texture":"#0","tintindex":0},"west":{"uv":[10.25,12.25,10.375,12.625],"texture":"#0","tintindex":0},"up":{"uv":[11.625,7.0,11.25,6.875],"texture":"#0","tintindex":0},"down":{"uv":[10.25,11.375,9.875,11.5],"texture":"#0","tintindex":0}}},{"from":[0.09947491,5.06964,5.4785748],"to":[0.7869749,8.50714,15.103575],"faces":{"east":{"uv":[6.25,5.375,8.0,6.0],"texture":"#0","tintindex":0},"south":{"uv":[10.875,12.125,11.0,12.75],"texture":"#0","tintindex":0},"north":{"uv":[10.75,12.125,10.875,12.75],"texture":"#0","tintindex":0},"west":{"uv":[6.5,0.0,8.25,0.625],"texture":"#0","tintindex":0},"up":{"uv":[1.375,12.375,1.25,10.625],"texture":"#0","tintindex":0},"down":{"uv":[1.5,10.625,1.375,12.375],"texture":"#0","tintindex":0}}},{"from":[14.536975,5.06964,5.4785748],"to":[15.911975,5.41339,15.103575],"faces":{"east":{"uv":[10.5,9.25,12.25,9.375],"texture":"#0","tintindex":0},"south":{"uv":[12.375,1.375,12.625,1.5],"texture":"#0","tintindex":0},"north":{"uv":[1.25,12.375,1.5,12.5],"texture":"#0","tintindex":0},"west":{"uv":[10.5,9.375,12.25,9.5],"texture":"#0","tintindex":0},"up":{"uv":[7.125,10.25,6.875,8.5],"texture":"#0","tintindex":0},"down":{"uv":[7.375,8.5,7.125,10.25],"texture":"#0","tintindex":0}}},{"from":[0.09947491,8.954016,15.172325],"to":[16.599476,9.641515,18.71295],"rotation":{"origin":[1.8182249,9.297766,16.203575],"axis":"x","angle":-22.5},"faces":{"east":{"uv":[12.125,6.125,12.75,6.25],"texture":"#0","tintindex":0},"south":{"uv":[8.625,2.375,11.625,2.5],"texture":"#0","tintindex":0},"north":{"uv":[8.25,0.5,11.25,0.625],"texture":"#0","tintindex":0},"west":{"uv":[12.125,6.25,12.75,6.375],"texture":"#0","tintindex":0},"up":{"uv":[6.0,4.125,3.0,3.5],"texture":"#0","tintindex":0},"down":{"uv":[6.0,4.125,3.0,4.75],"texture":"#0","tintindex":0}}},{"from":[3.536975,7.9227653,-2.7714252],"to":[13.161975,8.610266,5.4785748],"rotation":{"origin":[8.349475,8.50714,-2.4276752],"axis":"x","angle":-22.5},"faces":{"east":{"uv":[10.625,7.25,12.125,7.375],"texture":"#0","tintindex":0},"south":{"uv":[10.625,2.0,12.375,2.125],"texture":"#0","tintindex":0},"north":{"uv":[10.625,1.875,12.375,2.0],"texture":"#0","tintindex":0},"west":{"uv":[10.625,7.375,12.125,7.5],"texture":"#0","tintindex":0},"up":{"uv":[1.75,3.5,0.0,2.0],"texture":"#0","tintindex":0},"down":{"uv":[3.5,2.0,1.75,3.5],"texture":"#0","tintindex":0}}},{"from":[10.411975,4.72589,-3.8026752],"to":[11.786975,6.10089,4.7910748],"faces":{"east":{"uv":[8.375,8.5,10.0,8.75],"texture":"#0","tintindex":0},"south":{"uv":[4.125,12.25,4.375,12.5],"texture":"#0","tintindex":0},"north":{"uv":[3.125,12.25,3.375,12.5],"texture":"#0","tintindex":0},"west":{"uv":[8.625,2.125,10.25,2.375],"texture":"#0","tintindex":0},"up":{"uv":[3.25,10.25,3.0,8.625],"texture":"#0","tintindex":0},"down":{"uv":[3.5,8.625,3.25,10.25],"texture":"#0","tintindex":0}}},{"from":[2.161975,7.81964,5.0317],"to":[2.849475,16.413391,5.7192],"rotation":{"origin":[2.849475,11.25714,5.0317],"axis":"x","angle":22.5},"faces":{"east":{"uv":[1.5,10.625,1.625,12.25],"texture":"#0","tintindex":0},"south":{"uv":[1.625,10.625,1.75,12.25],"texture":"#0","tintindex":0},"north":{"uv":[6.0,8.875,6.125,10.5],"texture":"#0","tintindex":0},"west":{"uv":[1.75,10.625,1.875,12.25],"texture":"#0","tintindex":0},"up":{"uv":[12.5,2.125,12.375,2.0],"texture":"#0","tintindex":0},"down":{"uv":[12.5,2.125,12.375,2.25],"texture":"#0","tintindex":0}}},{"from":[3.536975,4.03839,15.791075],"to":[13.161975,9.19464,20.603575],"faces":{"east":{"uv":[7.0,2.125,7.875,3.125],"texture":"#0","tintindex":0},"south":{"uv":[1.75,4.75,3.5,5.75],"texture":"#0","tintindex":0},"north":{"uv":[0.0,4.25,1.75,5.25],"texture":"#0","tintindex":0},"west":{"uv":[6.5,7.0,7.375,8.0],"texture":"#0","tintindex":0},"up":{"uv":[7.0,2.5,5.25,1.625],"texture":"#0","tintindex":0},"down":{"uv":[7.0,2.5,5.25,3.375],"texture":"#0","tintindex":0}}},{"from":[12.474475,8.50714,5.4785748],"to":[13.161975,9.19464,6.8535748],"faces":{"east":{"uv":[7.75,4.625,8.0,4.75],"texture":"#0","tintindex":0},"south":{"uv":[8.25,10.125,8.375,10.25],"texture":"#0","tintindex":0},"north":{"uv":[0.875,7.375,1.0,7.5],"texture":"#0","tintindex":0},"west":{"uv":[2.5,9.375,2.75,9.5],"texture":"#0","tintindex":0},"up":{"uv":[7.75,3.375,7.625,3.125],"texture":"#0","tintindex":0},"down":{"uv":[5.5,8.625,5.375,8.875],"texture":"#0","tintindex":0}}},{"from":[3.70885,7.304015,7.8848248],"to":[3.70885,10.22589,8.572325],"rotation":{"origin":[5.255725,8.50714,6.5098248],"axis":"x","angle":-22.5},"faces":{"east":{"uv":[2.25,12.25,2.375,12.75],"texture":"#0","tintindex":0},"west":{"uv":[6.125,12.25,6.25,12.75],"texture":"#0","tintindex":0}}},{"from":[4.6817646,5.41339,20.042154],"to":[6.056765,6.78839,22.792154],"rotation":{"origin":[5.3692646,6.10089,23.737469],"axis":"x","angle":-22.5},"faces":{"east":{"uv":[8.375,9.5,8.875,9.75],"texture":"#0","tintindex":0},"south":{"uv":[12.25,9.5,12.5,9.75],"texture":"#0","tintindex":0},"north":{"uv":[12.25,9.25,12.5,9.5],"texture":"#0","tintindex":0},"west":{"uv":[11.375,8.5,11.875,8.75],"texture":"#0","tintindex":0},"up":{"uv":[6.5,7.75,6.25,7.25],"texture":"#0","tintindex":0},"down":{"uv":[2.75,8.875,2.5,9.375],"texture":"#0","tintindex":0}}},{"from":[4.911975,6.10089,-3.8026752],"to":[6.286975,7.47589,-2.4276752],"faces":{"east":{"uv":[11.25,12.125,11.5,12.375],"texture":"#0","tintindex":0},"south":{"uv":[11.5,12.125,11.75,12.375],"texture":"#0","tintindex":0},"north":{"uv":[11.0,12.125,11.25,12.375],"texture":"#0","tintindex":0},"west":{"uv":[11.75,12.125,12.0,12.375],"texture":"#0","tintindex":0},"up":{"uv":[12.25,12.375,12.0,12.125],"texture":"#0","tintindex":0},"down":{"uv":[0.25,12.25,0.0,12.5],"texture":"#0","tintindex":0}}},{"from":[5.943225,4.72589,5.4785748],"to":[7.318225,6.10089,6.1660748],"rotation":{"origin":[6.630725,5.41339,5.4785748],"axis":"x","angle":-45.0},"faces":{"east":{"uv":[12.375,0.25,12.5,0.5],"texture":"#0","tintindex":0},"south":{"uv":[8.0,12.25,8.25,12.5],"texture":"#0","tintindex":0},"north":{"uv":[12.25,7.5,12.5,7.75],"texture":"#0","tintindex":0},"west":{"uv":[0.5,12.375,0.625,12.625],"texture":"#0","tintindex":0},"up":{"uv":[0.875,12.5,0.625,12.375],"texture":"#0","tintindex":0},"down":{"uv":[12.625,1.0,12.375,1.125],"texture":"#0","tintindex":0}}},{"from":[3.536975,9.19464,16.822325],"to":[13.161975,9.88214,20.603575],"faces":{"east":{"uv":[11.625,10.75,12.375,10.875],"texture":"#0","tintindex":0},"south":{"uv":[10.625,7.125,12.375,7.25],"texture":"#0","tintindex":0},"north":{"uv":[10.625,7.0,12.375,7.125],"texture":"#0","tintindex":0},"west":{"uv":[11.375,12.0,12.125,12.125],"texture":"#0","tintindex":0},"up":{"uv":[3.5,6.5,1.75,5.75],"texture":"#0","tintindex":0},"down":{"uv":[7.75,3.375,6.0,4.125],"texture":"#0","tintindex":0}}},{"from":[10.642185,5.41339,20.042154],"to":[12.017185,6.78839,22.792154],"rotation":{"origin":[11.329685,6.10089,23.737469],"axis":"x","angle":-22.5},"faces":{"east":{"uv":[8.625,11.375,9.125,11.625],"texture":"#0","tintindex":0},"south":{"uv":[9.875,12.25,10.125,12.5],"texture":"#0","tintindex":0},"north":{"uv":[12.25,9.75,12.5,10.0],"texture":"#0","tintindex":0},"west":{"uv":[11.375,8.75,11.875,9.0],"texture":"#0","tintindex":0},"up":{"uv":[4.875,11.875,4.625,11.375],"texture":"#0","tintindex":0},"down":{"uv":[9.375,11.375,9.125,11.875],"texture":"#0","tintindex":0}}},{"from":[13.161975,9.88214,18.403576],"to":[16.599476,11.25714,23.353575],"faces":{"east":{"uv":[9.25,1.125,10.125,1.375],"texture":"#0","tintindex":0},"south":{"uv":[6.375,10.875,7.0,11.125],"texture":"#0","tintindex":0},"north":{"uv":[7.0,3.125,7.625,3.375],"texture":"#0","tintindex":0},"west":{"uv":[7.0,10.5,7.875,10.75],"texture":"#0","tintindex":0},"up":{"uv":[2.125,8.875,1.5,8.0],"texture":"#0","tintindex":0},"down":{"uv":[2.75,8.0,2.125,8.875],"texture":"#0","tintindex":0}}},{"from":[0.09947491,6.754015,-3.0120506],"to":[3.536975,8.472765,-2.3245506],"rotation":{"origin":[1.8182249,8.16339,-2.8401756],"axis":"x","angle":22.5},"faces":{"east":{"uv":[0.875,12.375,1.0,12.625],"texture":"#0","tintindex":0},"south":{"uv":[11.0,0.875,11.625,1.125],"texture":"#0","tintindex":0},"north":{"uv":[11.0,0.625,11.625,0.875],"texture":"#0","tintindex":0},"west":{"uv":[12.375,1.125,12.5,1.375],"texture":"#0","tintindex":0},"up":{"uv":[12.75,6.75,12.125,6.625],"texture":"#0","tintindex":0},"down":{"uv":[12.75,6.75,12.125,6.875],"texture":"#0","tintindex":0}}},{"from":[13.161975,8.50714,-1.3964252],"to":[13.849475,9.19464,-0.70892525],"faces":{"east":{"uv":[12.375,3.125,12.5,3.25],"texture":"#0","tintindex":0},"south":{"uv":[12.375,3.25,12.5,3.375],"texture":"#0","tintindex":0},"north":{"uv":[12.375,2.75,12.5,2.875],"texture":"#0","tintindex":0},"west":{"uv":[12.375,3.375,12.5,3.5],"texture":"#0","tintindex":0},"up":{"uv":[12.5,3.625,12.375,3.5],"texture":"#0","tintindex":0},"down":{"uv":[12.5,3.625,12.375,3.75],"texture":"#0","tintindex":0}}},{"from":[3.70885,8.50714,8.0567],"to":[4.911975,9.19464,8.0567],"rotation":{"origin":[5.255725,8.85089,6.5098248],"axis":"x","angle":-22.5},"faces":{"south":{"uv":[11.625,1.0,11.875,1.125],"texture":"#0","tintindex":0},"north":{"uv":[5.625,11.25,5.875,11.375],"texture":"#0","tintindex":0}}},{"from":[4.338015,5.06964,22.62028],"to":[6.400515,7.13214,24.68278],"rotation":{"origin":[5.3692646,6.10089,23.737469],"axis":"x","angle":-22.5},"faces":{"east":{"uv":[10.625,11.25,11.0,11.625],"texture":"#0","tintindex":0},"south":{"uv":[11.0,11.25,11.375,11.625],"texture":"#0","tintindex":0},"north":{"uv":[11.25,10.5,11.625,10.875],"texture":"#0","tintindex":0},"west":{"uv":[4.25,11.375,4.625,11.75],"texture":"#0","tintindex":0},"up":{"uv":[6.0,11.75,5.625,11.375],"texture":"#0","tintindex":0},"down":{"uv":[6.375,11.375,6.0,11.75],"texture":"#0","tintindex":0}}},{"from":[13.161975,4.03839,4.7910748],"to":[14.536975,5.41339,15.791075],"faces":{"east":{"uv":[8.5,3.125,10.5,3.375],"texture":"#0","tintindex":0},"south":{"uv":[5.875,12.25,6.125,12.5],"texture":"#0","tintindex":0},"north":{"uv":[12.25,5.625,12.5,5.875],"texture":"#0","tintindex":0},"west":{"uv":[8.5,3.375,10.5,3.625],"texture":"#0","tintindex":0},"up":{"uv":[6.625,10.5,6.375,8.5],"texture":"#0","tintindex":0},"down":{"uv":[6.875,8.5,6.625,10.5],"texture":"#0","tintindex":0}}},{"from":[0.7869749,5.06964,5.4785748],"to":[2.161975,5.41339,15.103575],"faces":{"east":{"uv":[10.5,9.5,12.25,9.625],"texture":"#0","tintindex":0},"south":{"uv":[12.375,1.75,12.625,1.875],"texture":"#0","tintindex":0},"north":{"uv":[12.375,1.625,12.625,1.75],"texture":"#0","tintindex":0},"west":{"uv":[10.5,9.625,12.25,9.75],"texture":"#0","tintindex":0},"up":{"uv":[7.625,10.25,7.375,8.5],"texture":"#0","tintindex":0},"down":{"uv":[7.875,8.5,7.625,10.25],"texture":"#0","tintindex":0}}},{"from":[2.505725,4.210265,18.884825],"to":[14.193225,5.585265,20.259825],"faces":{"east":{"uv":[12.25,8.25,12.5,8.5],"texture":"#0","tintindex":0},"south":{"uv":[8.125,7.5,10.25,7.75],"texture":"#0","tintindex":0},"north":{"uv":[8.0,5.75,10.125,6.0],"texture":"#0","tintindex":0},"west":{"uv":[12.25,9.0,12.5,9.25],"texture":"#0","tintindex":0},"up":{"uv":[10.25,8.0,8.125,7.75],"texture":"#0","tintindex":0},"down":{"uv":[10.25,8.0,8.125,8.25],"texture":"#0","tintindex":0}}},{"from":[2.849475,8.50714,-1.3964252],"to":[3.536975,9.19464,-0.70892525],"faces":{"east":{"uv":[12.375,3.875,12.5,4.0],"texture":"#0","tintindex":0},"south":{"uv":[4.625,12.375,4.75,12.5],"texture":"#0","tintindex":0},"north":{"uv":[12.375,3.75,12.5,3.875],"texture":"#0","tintindex":0},"west":{"uv":[4.75,12.375,4.875,12.5],"texture":"#0","tintindex":0},"up":{"uv":[5.0,12.5,4.875,12.375],"texture":"#0","tintindex":0},"down":{"uv":[5.125,12.375,5.0,12.5],"texture":"#0","tintindex":0}}},{"from":[0.09947491,9.88214,18.3692],"to":[3.536975,11.25714,23.353575],"faces":{"east":{"uv":[10.5,8.5,11.375,8.75],"texture":"#0","tintindex":0},"south":{"uv":[0.0,11.0,0.625,11.25],"texture":"#0","tintindex":0},"north":{"uv":[7.5,10.875,8.125,11.125],"texture":"#0","tintindex":0},"west":{"uv":[10.5,8.75,11.375,9.0],"texture":"#0","tintindex":0},"up":{"uv":[8.625,5.5,8.0,4.625],"texture":"#0","tintindex":0},"down":{"uv":[6.125,8.0,5.5,8.875],"texture":"#0","tintindex":0}}},{"from":[4.911975,8.50714,5.1348248],"to":[5.599475,9.19464,8.40045],"rotation":{"origin":[5.255725,8.85089,6.5098248],"axis":"x","angle":-22.5},"faces":{"east":{"uv":[11.25,1.375,11.875,1.5],"texture":"#0","tintindex":0},"south":{"uv":[12.375,1.875,12.5,2.0],"texture":"#0","tintindex":0},"north":{"uv":[11.875,2.875,12.0,3.0],"texture":"#0","tintindex":0},"west":{"uv":[12.125,1.5,12.75,1.625],"texture":"#0","tintindex":0},"up":{"uv":[0.625,12.125,0.5,11.5],"texture":"#0","tintindex":0},"down":{"uv":[1.0,11.75,0.875,12.375],"texture":"#0","tintindex":0}}},{"from":[1.8182249,9.19464,-2.0839252],"to":[3.536975,10.91339,-0.70892525],"faces":{"east":{"uv":[6.625,12.0,6.875,12.375],"texture":"#0","tintindex":0},"south":{"uv":[11.25,7.75,11.625,8.125],"texture":"#0","tintindex":0},"north":{"uv":[11.25,6.5,11.625,6.875],"texture":"#0","tintindex":0},"west":{"uv":[6.875,12.0,7.125,12.375],"texture":"#0","tintindex":0},"up":{"uv":[9.625,6.75,9.25,6.5],"texture":"#0","tintindex":0},"down":{"uv":[7.5,12.0,7.125,12.25],"texture":"#0","tintindex":0}}},{"from":[13.849475,7.81964,5.0317],"to":[14.536975,16.413391,5.7192],"rotation":{"origin":[2.849475,11.25714,5.0317],"axis":"x","angle":22.5},"faces":{"east":{"uv":[2.0,10.625,2.125,12.25],"texture":"#0","tintindex":0},"south":{"uv":[2.125,10.625,2.25,12.25],"texture":"#0","tintindex":0},"north":{"uv":[1.875,10.625,2.0,12.25],"texture":"#0","tintindex":0},"west":{"uv":[2.25,10.625,2.375,12.25],"texture":"#0","tintindex":0},"up":{"uv":[12.5,2.625,12.375,2.5],"texture":"#0","tintindex":0},"down":{"uv":[12.5,2.625,12.375,2.75],"texture":"#0","tintindex":0}}},{"from":[3.536975,5.41339,-2.7714252],"to":[13.161975,8.438391,-2.0839252],"faces":{"east":{"uv":[6.5,12.25,6.625,12.75],"texture":"#0","tintindex":0},"south":{"uv":[7.0,1.625,8.75,2.125],"texture":"#0","tintindex":0},"north":{"uv":[3.5,3.0,5.25,3.5],"texture":"#0","tintindex":0},"west":{"uv":[7.375,12.25,7.5,12.75],"texture":"#0","tintindex":0},"up":{"uv":[12.375,1.75,10.625,1.625],"texture":"#0","tintindex":0},"down":{"uv":[12.375,1.75,10.625,1.875],"texture":"#0","tintindex":0}}},{"from":[0.09947491,7.81964,-2.8401756],"to":[3.536975,8.50714,4.7910748],"faces":{"east":{"uv":[8.625,2.75,10.0,2.875],"texture":"#0","tintindex":0},"south":{"uv":[12.125,6.5,12.75,6.625],"texture":"#0","tintindex":0},"north":{"uv":[12.125,6.375,12.75,6.5],"texture":"#0","tintindex":0},"west":{"uv":[10.75,1.5,12.125,1.625],"texture":"#0","tintindex":0},"up":{"uv":[3.625,8.625,3.0,7.25],"texture":"#0","tintindex":0},"down":{"uv":[4.25,7.25,3.625,8.625],"texture":"#0","tintindex":0}}},{"from":[4.568225,5.41339,-2.0839252],"to":[12.130725,8.16339,4.7910748],"faces":{"east":{"uv":[1.75,4.25,3.0,4.75],"texture":"#0","tintindex":0},"south":{"uv":[0.0,7.5,1.375,8.0],"texture":"#0","tintindex":0},"north":{"uv":[7.375,7.0,8.75,7.5],"texture":"#0","tintindex":0},"west":{"uv":[1.375,7.5,2.625,8.0],"texture":"#0","tintindex":0},"up":{"uv":[4.875,6.0,3.5,4.75],"texture":"#0","tintindex":0},"down":{"uv":[6.25,4.75,4.875,6.0],"texture":"#0","tintindex":0}}},{"from":[15.911975,5.06964,5.4785748],"to":[16.599476,8.50714,15.103575],"faces":{"east":{"uv":[6.0,4.125,7.75,4.75],"texture":"#0","tintindex":0},"south":{"uv":[9.5,12.125,9.625,12.75],"texture":"#0","tintindex":0},"north":{"uv":[9.375,12.125,9.5,12.75],"texture":"#0","tintindex":0},"west":{"uv":[6.25,4.75,8.0,5.375],"texture":"#0","tintindex":0},"up":{"uv":[1.125,12.25,1.0,10.5],"texture":"#0","tintindex":0},"down":{"uv":[1.25,10.5,1.125,12.25],"texture":"#0","tintindex":0}}},{"from":[3.70885,7.304015,7.8848248],"to":[6.8026,7.304015,8.572325],"rotation":{"origin":[5.255725,8.50714,6.5098248],"axis":"x","angle":-22.5},"faces":{"up":{"uv":[12.75,6.0,12.125,5.875],"texture":"#0","tintindex":0},"down":{"uv":[12.75,6.0,12.125,6.125],"texture":"#0","tintindex":0}}},{"from":[2.505725,4.03839,0.66607475],"to":[14.193225,5.41339,2.0410748],"faces":{"east":{"uv":[6.25,7.75,6.5,8.0],"texture":"#0","tintindex":0},"south":{"uv":[7.875,2.875,10.0,3.125],"texture":"#0","tintindex":0},"north":{"uv":[7.5,6.75,9.625,7.0],"texture":"#0","tintindex":0},"west":{"uv":[9.875,5.25,10.125,5.5],"texture":"#0","tintindex":0},"up":{"uv":[10.125,1.625,8.0,1.375],"texture":"#0","tintindex":0},"down":{"uv":[10.125,5.5,8.0,5.75],"texture":"#0","tintindex":0}}},{"from":[3.536975,7.81964,20.603575],"to":[5.599475,9.88214,21.291075],"faces":{"east":{"uv":[8.25,12.25,8.375,12.625],"texture":"#0","tintindex":0},"south":{"uv":[10.25,11.125,10.625,11.5],"texture":"#0","tintindex":0},"north":{"uv":[4.5,11.0,4.875,11.375],"texture":"#0","tintindex":0},"west":{"uv":[12.25,10.0,12.375,10.375],"texture":"#0","tintindex":0},"up":{"uv":[7.875,10.875,7.5,10.75],"texture":"#0","tintindex":0},"down":{"uv":[11.625,0.5,11.25,0.625],"texture":"#0","tintindex":0}}},{"from":[3.70885,10.22589,7.8848248],"to":[6.8026,10.22589,8.572325],"rotation":{"origin":[5.255725,8.50714,6.5098248],"axis":"x","angle":-22.5},"faces":{"up":{"uv":[12.75,5.5,12.125,5.375],"texture":"#0","tintindex":0},"down":{"uv":[12.75,5.5,12.125,5.625],"texture":"#0","tintindex":0}}},{"from":[13.161975,7.81964,-2.8401756],"to":[16.599476,8.50714,4.7910748],"faces":{"east":{"uv":[10.75,8.125,12.125,8.25],"texture":"#0","tintindex":0},"south":{"uv":[12.125,8.625,12.75,8.75],"texture":"#0","tintindex":0},"north":{"uv":[12.125,8.5,12.75,8.625],"texture":"#0","tintindex":0},"west":{"uv":[10.75,10.875,12.125,11.0],"texture":"#0","tintindex":0},"up":{"uv":[4.875,8.625,4.25,7.25],"texture":"#0","tintindex":0},"down":{"uv":[5.5,7.25,4.875,8.625],"texture":"#0","tintindex":0}}},{"from":[8.349475,8.50714,6.8535748],"to":[12.474475,9.19464,6.8535748],"faces":{"south":{"uv":[11.625,8.0,12.375,8.125],"texture":"#0","tintindex":0},"north":{"uv":[5.25,3.375,6.0,3.5],"texture":"#0","tintindex":0}}},{"from":[7.661975,8.50714,5.4785748],"to":[8.349475,9.19464,6.8535748],"faces":{"east":{"uv":[1.25,9.5,1.5,9.625],"texture":"#0","tintindex":0},"south":{"uv":[10.625,11.125,10.75,11.25],"texture":"#0","tintindex":0},"north":{"uv":[5.875,10.375,6.0,10.5],"texture":"#0","tintindex":0},"west":{"uv":[4.25,11.25,4.5,11.375],"texture":"#0","tintindex":0},"up":{"uv":[10.125,8.75,10.0,8.5],"texture":"#0","tintindex":0},"down":{"uv":[8.25,10.875,8.125,11.125],"texture":"#0","tintindex":0}}},{"from":[13.161975,6.685265,-3.0120506],"to":[16.599476,8.472765,-2.3245506],"rotation":{"origin":[14.880725,8.16339,-2.8401756],"axis":"x","angle":22.5},"faces":{"east":{"uv":[10.375,12.25,10.5,12.625],"texture":"#0","tintindex":0},"south":{"uv":[6.375,10.5,7.0,10.875],"texture":"#0","tintindex":0},"north":{"uv":[1.0,6.125,1.625,6.5],"texture":"#0","tintindex":0},"west":{"uv":[10.5,12.25,10.625,12.625],"texture":"#0","tintindex":0},"up":{"uv":[12.75,7.0,12.125,6.875],"texture":"#0","tintindex":0},"down":{"uv":[12.75,7.25,12.125,7.375],"texture":"#0","tintindex":0}}},{"from":[3.536975,5.6883903,2.0410748],"to":[3.536975,6.5477653,4.6191998],"rotation":{"origin":[8.349475,8.50714,-2.4276752],"axis":"x","angle":-22.5},"faces":{"east":{"uv":[6.5,0.625,7.0,0.75],"texture":"#0","tintindex":0},"west":{"uv":[5.875,11.0,6.375,11.125],"texture":"#0","tintindex":0}}},{"from":[2.161975,4.03839,4.7910748],"to":[3.536975,5.41339,15.791075],"faces":{"east":{"uv":[6.125,8.25,8.125,8.5],"texture":"#0","tintindex":0},"south":{"uv":[5.625,12.25,5.875,12.5],"texture":"#0","tintindex":0},"north":{"uv":[4.375,12.25,4.625,12.5],"texture":"#0","tintindex":0},"west":{"uv":[8.125,8.25,10.125,8.5],"texture":"#0","tintindex":0},"up":{"uv":[3.0,9.5,2.75,7.5],"texture":"#0","tintindex":0},"down":{"uv":[6.375,8.5,6.125,10.5],"texture":"#0","tintindex":0}}}],"textures":{"particle":"#0","0":"modelengine:c272504e-b6ef-417e-9ebe-630a7cccb9d1"}}