{"display":{"head":{},"firstperson_righthand":{},"thirdperson_lefthand":{},"firstperson_lefthand":{},"fixed":{},"ground":{},"thirdperson_righthand":{},"gui":{"rotation":[-150.0,-45.0,180.0]}},"elements":[{"from":[3.875,5.8578997,9.18793],"to":[14.875,16.8579,11.93793],"faces":{"east":{"uv":[4.875,10.25,5.125,11.25],"texture":"#0","tintindex":0},"south":{"uv":[7.0,0.625,8.0,1.625],"texture":"#0","tintindex":0},"north":{"uv":[6.5,6.0,7.5,7.0],"texture":"#0","tintindex":0},"west":{"uv":[5.125,10.25,5.375,11.25],"texture":"#0","tintindex":0},"up":{"uv":[11.25,7.0,10.25,6.75],"texture":"#0","tintindex":0},"down":{"uv":[7.875,10.25,6.875,10.5],"texture":"#0","tintindex":0}}},{"from":[3.875,3.17665,-1.1245699],"to":[14.875,5.92665,11.93793],"faces":{"east":{"uv":[8.75,1.625,10.0,1.875],"texture":"#0","tintindex":0},"south":{"uv":[10.25,6.5,11.25,6.75],"texture":"#0","tintindex":0},"north":{"uv":[3.875,10.25,4.875,10.5],"texture":"#0","tintindex":0},"west":{"uv":[8.75,1.875,10.0,2.125],"texture":"#0","tintindex":0},"up":{"uv":[6.5,7.25,5.5,6.0],"texture":"#0","tintindex":0},"down":{"uv":[1.0,6.125,0.0,7.375],"texture":"#0","tintindex":0}}}],"textures":{"particle":"#0","0":"modelengine:c272504e-b6ef-417e-9ebe-630a7cccb9d1"}}