{"display":{"head":{},"firstperson_righthand":{},"thirdperson_lefthand":{},"firstperson_lefthand":{},"fixed":{},"ground":{},"thirdperson_righthand":{},"gui":{"rotation":[-150.0,-45.0,180.0]}},"elements":[{"from":[5.25,11.22426,5.16597],"to":[10.75,13.97426,10.66597],"faces":{"east":{"uv":[11.375,11.75,11.875,12.0],"texture":"#0","tintindex":0},"south":{"uv":[11.875,0.0,12.375,0.25],"texture":"#0","tintindex":0},"north":{"uv":[9.875,11.75,10.375,12.0],"texture":"#0","tintindex":0},"west":{"uv":[11.875,0.25,12.375,0.5],"texture":"#0","tintindex":0},"up":{"uv":[6.375,11.0,5.875,10.5],"texture":"#0","tintindex":0},"down":{"uv":[11.0,6.0,10.5,6.5],"texture":"#0","tintindex":0}}},{"from":[5.25,3.59301,2.278471],"to":[10.75,6.3430104,7.0222206],"rotation":{"origin":[9.375,4.96801,4.2722206],"axis":"x","angle":45.0},"faces":{"east":{"uv":[12.125,4.0,12.5,4.25],"texture":"#0","tintindex":0},"south":{"uv":[11.625,10.25,12.125,10.5],"texture":"#0","tintindex":0},"north":{"uv":[11.625,10.0,12.125,10.25],"texture":"#0","tintindex":0},"west":{"uv":[12.125,4.25,12.5,4.5],"texture":"#0","tintindex":0},"up":{"uv":[10.25,11.125,9.75,10.75],"texture":"#0","tintindex":0},"down":{"uv":[11.25,9.75,10.75,10.125],"texture":"#0","tintindex":0}}},{"from":[5.25,5.3805103,1.934721],"to":[10.75,10.74301,4.684721],"faces":{"east":{"uv":[5.375,11.625,5.625,12.125],"texture":"#0","tintindex":0},"south":{"uv":[3.875,10.5,4.375,11.0],"texture":"#0","tintindex":0},"north":{"uv":[10.5,3.625,11.0,4.125],"texture":"#0","tintindex":0},"west":{"uv":[11.125,11.625,11.375,12.125],"texture":"#0","tintindex":0},"up":{"uv":[0.5,12.0,0.0,11.75],"texture":"#0","tintindex":0},"down":{"uv":[2.875,11.75,2.375,12.0],"texture":"#0","tintindex":0}}},{"from":[5.25,2.0117602,5.23472],"to":[10.75,4.76176,10.73472],"faces":{"east":{"uv":[8.625,11.625,9.125,11.875],"texture":"#0","tintindex":0},"south":{"uv":[9.375,11.625,9.875,11.875],"texture":"#0","tintindex":0},"north":{"uv":[11.625,7.75,12.125,8.0],"texture":"#0","tintindex":0},"west":{"uv":[11.625,9.75,12.125,10.0],"texture":"#0","tintindex":0},"up":{"uv":[11.0,1.125,10.5,0.625],"texture":"#0","tintindex":0},"down":{"uv":[11.0,3.125,10.5,3.625],"texture":"#0","tintindex":0}}},{"from":[5.25,3.5242605,9.01597],"to":[10.75,6.27426,13.75972],"rotation":{"origin":[9.375,4.8992605,11.76597],"axis":"x","angle":-45.0},"faces":{"east":{"uv":[12.125,4.5,12.5,4.75],"texture":"#0","tintindex":0},"south":{"uv":[10.625,11.625,11.125,11.875],"texture":"#0","tintindex":0},"north":{"uv":[11.625,10.5,12.125,10.75],"texture":"#0","tintindex":0},"west":{"uv":[12.125,4.75,12.5,5.0],"texture":"#0","tintindex":0},"up":{"uv":[11.25,10.5,10.75,10.125],"texture":"#0","tintindex":0},"down":{"uv":[10.75,10.75,10.25,11.125],"texture":"#0","tintindex":0}}},{"from":[5.9375,4.07426,3.8597202],"to":[10.0625,11.980511,12.10972],"faces":{"east":{"uv":[7.75,3.125,8.5,3.875],"texture":"#0","tintindex":0},"south":{"uv":[2.5,10.25,2.875,11.0],"texture":"#0","tintindex":0},"north":{"uv":[10.125,9.0,10.5,9.75],"texture":"#0","tintindex":0},"west":{"uv":[7.75,3.875,8.5,4.625],"texture":"#0","tintindex":0},"up":{"uv":[3.25,11.0,2.875,10.25],"texture":"#0","tintindex":0},"down":{"uv":[3.625,10.25,3.25,11.0],"texture":"#0","tintindex":0}}},{"from":[5.25,5.31176,11.42222],"to":[10.75,10.53676,14.17222],"faces":{"east":{"uv":[2.875,11.75,3.125,12.25],"texture":"#0","tintindex":0},"south":{"uv":[4.375,10.5,4.875,11.0],"texture":"#0","tintindex":0},"north":{"uv":[10.5,4.125,11.0,4.625],"texture":"#0","tintindex":0},"west":{"uv":[3.125,11.75,3.375,12.25],"texture":"#0","tintindex":0},"up":{"uv":[3.875,12.0,3.375,11.75],"texture":"#0","tintindex":0},"down":{"uv":[4.625,11.75,4.125,12.0],"texture":"#0","tintindex":0}}},{"from":[5.25,9.574261,8.878469],"to":[10.75,12.324261,13.75972],"rotation":{"origin":[9.375,10.949261,11.76597],"axis":"x","angle":45.0},"faces":{"east":{"uv":[6.125,11.75,6.625,12.0],"texture":"#0","tintindex":0},"south":{"uv":[6.625,11.75,7.125,12.0],"texture":"#0","tintindex":0},"north":{"uv":[5.625,11.75,6.125,12.0],"texture":"#0","tintindex":0},"west":{"uv":[7.125,11.75,7.625,12.0],"texture":"#0","tintindex":0},"up":{"uv":[11.0,5.125,10.5,4.625],"texture":"#0","tintindex":0},"down":{"uv":[11.0,5.125,10.5,5.625],"texture":"#0","tintindex":0}}},{"from":[5.25,9.230511,2.8284702],"to":[10.75,13.83676,5.57847],"rotation":{"origin":[9.375,11.08676,4.20347],"axis":"x","angle":45.0},"faces":{"east":{"uv":[12.125,5.0,12.375,5.375],"texture":"#0","tintindex":0},"south":{"uv":[5.375,10.875,5.875,11.25],"texture":"#0","tintindex":0},"north":{"uv":[10.75,10.5,11.25,10.875],"texture":"#0","tintindex":0},"west":{"uv":[5.375,12.125,5.625,12.5],"texture":"#0","tintindex":0},"up":{"uv":[8.125,12.0,7.625,11.75],"texture":"#0","tintindex":0},"down":{"uv":[8.625,11.75,8.125,12.0],"texture":"#0","tintindex":0}}}],"textures":{"particle":"#0","0":"modelengine:c272504e-b6ef-417e-9ebe-630a7cccb9d1"}}