{"display":{"head":{},"firstperson_righthand":{},"thirdperson_lefthand":{},"firstperson_lefthand":{},"fixed":{},"ground":{},"thirdperson_righthand":{},"gui":{"rotation":[-150.0,-45.0,180.0]}},"elements":[{"from":[-4.0,18.0,8.0],"to":[-4.0,19.0,12.0],"faces":{"east":{"uv":[12.5,6.0,13.5,6.25],"texture":"#0","tintindex":0},"west":{"uv":[12.5,6.25,13.5,6.5],"texture":"#0","tintindex":0}}},{"from":[0.0,18.0,8.0],"to":[0.0,19.0,12.0],"faces":{"east":{"uv":[12.5,5.0,13.5,5.25],"texture":"#0","tintindex":0},"west":{"uv":[12.5,5.25,13.5,5.5],"texture":"#0","tintindex":0}}},{"from":[0.0,18.0,20.0],"to":[0.0,19.0,24.0],"faces":{"east":{"uv":[12.5,9.0,13.5,9.25],"texture":"#0","tintindex":0},"west":{"uv":[12.5,9.25,13.5,9.5],"texture":"#0","tintindex":0}}},{"from":[0.0,16.0,12.0],"to":[8.0,19.0,20.0],"faces":{"east":{"uv":[10.5,9.75,12.5,10.5],"texture":"#0","tintindex":0},"south":{"uv":[10.5,10.5,12.5,11.25],"texture":"#0","tintindex":0},"north":{"uv":[10.5,9.0,12.5,9.75],"texture":"#0","tintindex":0},"west":{"uv":[9.5,11.25,11.5,12.0],"texture":"#0","tintindex":0},"up":{"uv":[9.5,8.0,7.5,6.0],"texture":"#0","tintindex":0},"down":{"uv":[6.5,8.0,4.5,10.0],"texture":"#0","tintindex":0}}},{"from":[8.0,18.0,12.0],"to":[12.0,19.0,12.0],"faces":{"south":{"uv":[3.0,12.75,4.0,13.0],"texture":"#0","tintindex":0},"north":{"uv":[2.0,12.75,3.0,13.0],"texture":"#0","tintindex":0}}},{"from":[8.0,8.0,8.0],"to":[12.0,18.0,12.0],"faces":{"east":{"uv":[2.0,9.0,3.0,11.5],"texture":"#0","tintindex":0},"south":{"uv":[3.0,9.0,4.0,11.5],"texture":"#0","tintindex":0},"north":{"uv":[1.0,9.0,2.0,11.5],"texture":"#0","tintindex":0},"west":{"uv":[9.5,6.0,10.5,8.5],"texture":"#0","tintindex":0},"up":{"uv":[12.5,5.0,11.5,4.0],"texture":"#0","tintindex":0},"down":{"uv":[12.5,5.0,11.5,6.0],"texture":"#0","tintindex":0}}},{"from":[12.0,18.0,20.0],"to":[12.0,19.0,24.0],"faces":{"east":{"uv":[12.5,11.5,13.5,11.75],"texture":"#0","tintindex":0},"west":{"uv":[11.75,12.5,12.75,12.75],"texture":"#0","tintindex":0}}},{"from":[-4.0,18.0,8.0],"to":[0.0,19.0,8.0],"faces":{"south":{"uv":[4.75,12.5,5.75,12.75],"texture":"#0","tintindex":0},"north":{"uv":[9.5,11.0,10.5,11.25],"texture":"#0","tintindex":0}}},{"from":[3.5,23.0,16.0],"to":[4.5,29.0,16.0],"faces":{"south":{"uv":[4.5,12.5,4.75,14.0],"texture":"#0","tintindex":0},"north":{"uv":[12.5,3.5,12.75,5.0],"texture":"#0","tintindex":0}}},{"from":[8.0,18.0,24.0],"to":[12.0,19.0,24.0],"faces":{"south":{"uv":[12.5,11.25,13.5,11.5],"texture":"#0","tintindex":0},"north":{"uv":[12.5,11.0,13.5,11.25],"texture":"#0","tintindex":0}}},{"from":[1.0,23.0,19.0],"to":[7.0,24.0,19.0],"faces":{"south":{"uv":[9.75,12.25,11.25,12.5],"texture":"#0","tintindex":0},"north":{"uv":[9.75,12.0,11.25,12.25],"texture":"#0","tintindex":0}}},{"from":[-2.0,8.0,10.0],"to":[10.0,16.0,22.0],"faces":{"east":{"uv":[7.5,0.0,10.5,2.0],"texture":"#0","tintindex":0},"south":{"uv":[7.5,2.0,10.5,4.0],"texture":"#0","tintindex":0},"north":{"uv":[4.5,6.0,7.5,8.0],"texture":"#0","tintindex":0},"west":{"uv":[7.5,4.0,10.5,6.0],"texture":"#0","tintindex":0},"up":{"uv":[7.5,3.0,4.5,0.0],"texture":"#0","tintindex":0},"down":{"uv":[7.5,3.0,4.5,6.0],"texture":"#0","tintindex":0}}},{"from":[1.0,19.0,13.0],"to":[7.0,23.0,19.0],"faces":{"east":{"uv":[11.5,0.0,13.0,1.0],"texture":"#0","tintindex":0},"south":{"uv":[11.5,1.0,13.0,2.0],"texture":"#0","tintindex":0},"north":{"uv":[0.0,11.5,1.5,12.5],"texture":"#0","tintindex":0},"west":{"uv":[1.5,11.5,3.0,12.5],"texture":"#0","tintindex":0},"up":{"uv":[12.0,9.0,10.5,7.5],"texture":"#0","tintindex":0},"down":{"uv":[9.5,10.5,8.0,12.0],"texture":"#0","tintindex":0}}},{"from":[-4.0,18.0,20.0],"to":[-4.0,19.0,24.0],"faces":{"east":{"uv":[12.5,9.75,13.5,10.0],"texture":"#0","tintindex":0},"west":{"uv":[12.5,10.0,13.5,10.25],"texture":"#0","tintindex":0}}},{"from":[12.0,18.0,8.0],"to":[12.0,19.0,12.0],"faces":{"east":{"uv":[0.0,12.75,1.0,13.0],"texture":"#0","tintindex":0},"west":{"uv":[1.0,12.75,2.0,13.0],"texture":"#0","tintindex":0}}},{"from":[8.0,18.0,20.0],"to":[12.0,19.0,20.0],"faces":{"south":{"uv":[12.5,12.0,13.5,12.25],"texture":"#0","tintindex":0},"north":{"uv":[12.5,11.75,13.5,12.0],"texture":"#0","tintindex":0}}},{"from":[1.0,23.0,13.0],"to":[7.0,24.0,13.0],"faces":{"south":{"uv":[0.0,12.5,1.5,12.75],"texture":"#0","tintindex":0},"north":{"uv":[11.25,12.25,12.75,12.5],"texture":"#0","tintindex":0}}},{"from":[-5.0,7.0,7.0],"to":[13.0,8.0,25.0],"faces":{"east":{"uv":[11.5,2.25,16.0,2.5],"texture":"#0","tintindex":0},"south":{"uv":[11.5,2.5,16.0,2.75],"texture":"#0","tintindex":0},"north":{"uv":[11.5,2.0,16.0,2.25],"texture":"#0","tintindex":0},"west":{"uv":[11.5,2.75,16.0,3.0],"texture":"#0","tintindex":0},"up":{"uv":[4.5,4.5,0.0,0.0],"texture":"#0","tintindex":0},"down":{"uv":[4.5,4.5,0.0,9.0],"texture":"#0","tintindex":0}}},{"from":[0.5,25.0,16.0],"to":[3.5,29.0,16.0],"faces":{"south":{"uv":[9.0,12.0,9.75,13.0],"texture":"#0","tintindex":0},"north":{"uv":[12.0,8.0,12.75,9.0],"texture":"#0","tintindex":0}}},{"from":[-4.0,8.0,8.0],"to":[0.0,18.0,12.0],"faces":{"east":{"uv":[7.5,8.0,8.5,10.5],"texture":"#0","tintindex":0},"south":{"uv":[8.5,8.0,9.5,10.5],"texture":"#0","tintindex":0},"north":{"uv":[6.5,8.0,7.5,10.5],"texture":"#0","tintindex":0},"west":{"uv":[0.0,9.0,1.0,11.5],"texture":"#0","tintindex":0},"up":{"uv":[4.0,12.5,3.0,11.5],"texture":"#0","tintindex":0},"down":{"uv":[12.5,3.0,11.5,4.0],"texture":"#0","tintindex":0}}},{"from":[7.0,23.0,13.0],"to":[7.0,24.0,19.0],"faces":{"east":{"uv":[12.5,3.0,14.0,3.25],"texture":"#0","tintindex":0},"west":{"uv":[12.5,3.25,14.0,3.5],"texture":"#0","tintindex":0}}},{"from":[8.0,8.0,20.0],"to":[12.0,18.0,24.0],"faces":{"east":{"uv":[10.5,5.0,11.5,7.5],"texture":"#0","tintindex":0},"south":{"uv":[6.0,10.5,7.0,13.0],"texture":"#0","tintindex":0},"north":{"uv":[10.5,2.5,11.5,5.0],"texture":"#0","tintindex":0},"west":{"uv":[7.0,10.5,8.0,13.0],"texture":"#0","tintindex":0},"up":{"uv":[13.0,8.0,12.0,7.0],"texture":"#0","tintindex":0},"down":{"uv":[9.0,12.0,8.0,13.0],"texture":"#0","tintindex":0}}},{"from":[8.0,18.0,8.0],"to":[12.0,19.0,8.0],"faces":{"south":{"uv":[12.5,10.5,13.5,10.75],"texture":"#0","tintindex":0},"north":{"uv":[12.5,10.25,13.5,10.5],"texture":"#0","tintindex":0}}},{"from":[1.0,23.0,13.0],"to":[1.0,24.0,19.0],"faces":{"east":{"uv":[1.5,12.5,3.0,12.75],"texture":"#0","tintindex":0},"west":{"uv":[3.0,12.5,4.5,12.75],"texture":"#0","tintindex":0}}},{"from":[8.0,18.0,8.0],"to":[8.0,19.0,12.0],"faces":{"east":{"uv":[12.75,3.5,13.75,3.75],"texture":"#0","tintindex":0},"west":{"uv":[12.75,3.75,13.75,4.0],"texture":"#0","tintindex":0}}},{"from":[-4.0,8.0,20.0],"to":[0.0,18.0,24.0],"faces":{"east":{"uv":[4.0,10.0,5.0,12.5],"texture":"#0","tintindex":0},"south":{"uv":[5.0,10.0,6.0,12.5],"texture":"#0","tintindex":0},"north":{"uv":[9.5,8.5,10.5,11.0],"texture":"#0","tintindex":0},"west":{"uv":[10.5,0.0,11.5,2.5],"texture":"#0","tintindex":0},"up":{"uv":[12.5,7.0,11.5,6.0],"texture":"#0","tintindex":0},"down":{"uv":[12.5,11.25,11.5,12.25],"texture":"#0","tintindex":0}}},{"from":[8.0,18.0,20.0],"to":[8.0,19.0,24.0],"faces":{"east":{"uv":[10.75,12.5,11.75,12.75],"texture":"#0","tintindex":0},"west":{"uv":[12.5,10.75,13.5,11.0],"texture":"#0","tintindex":0}}},{"from":[-4.0,18.0,20.0],"to":[0.0,19.0,20.0],"faces":{"south":{"uv":[12.5,6.75,13.5,7.0],"texture":"#0","tintindex":0},"north":{"uv":[12.5,6.5,13.5,6.75],"texture":"#0","tintindex":0}}},{"from":[-4.0,18.0,12.0],"to":[0.0,19.0,12.0],"faces":{"south":{"uv":[12.5,5.75,13.5,6.0],"texture":"#0","tintindex":0},"north":{"uv":[12.5,5.5,13.5,5.75],"texture":"#0","tintindex":0}}},{"from":[-4.0,18.0,24.0],"to":[0.0,19.0,24.0],"faces":{"south":{"uv":[9.75,12.5,10.75,12.75],"texture":"#0","tintindex":0},"north":{"uv":[12.5,9.5,13.5,9.75],"texture":"#0","tintindex":0}}}],"textures":{"particle":"#0","0":"modelengine:fdb47a26-a0fe-4654-a6fd-60c9128aa0bd"}}