{"display":{"head":{},"firstperson_righthand":{},"thirdperson_lefthand":{},"firstperson_lefthand":{},"fixed":{},"ground":{},"thirdperson_righthand":{},"gui":{"rotation":[-150.0,-45.0,180.0]}},"elements":[{"from":[8.0,8.0,8.0],"to":[12.0,12.0,12.0],"rotation":{"origin":[10.0,11.0,10.0],"axis":"y","angle":-45.0},"faces":{"east":{"uv":[0.5,2.625,1.0,3.125],"texture":"#0","tintindex":0},"south":{"uv":[0.5,2.625,1.0,3.125],"texture":"#0","tintindex":0},"north":{"uv":[0.5,3.125,0.0,3.625],"texture":"#0","tintindex":0},"west":{"uv":[0.0,3.125,0.5,3.625],"texture":"#0","tintindex":0},"up":{"uv":[0.0,2.625,0.5,3.125],"texture":"#0","tintindex":0},"down":{"uv":[0.0,2.625,0.5,3.125],"texture":"#0","tintindex":0}}},{"from":[4.0,8.0,5.0],"to":[7.0,11.0,8.0],"rotation":{"origin":[5.5,10.5,6.5],"axis":"y","angle":22.5},"faces":{"east":{"uv":[1.0,2.75,1.375,3.125],"texture":"#0","tintindex":0},"south":{"uv":[0.875,3.125,1.25,3.5],"texture":"#0","tintindex":0},"north":{"uv":[1.375,2.75,1.0,3.125],"texture":"#0","tintindex":0},"west":{"uv":[0.875,3.125,1.25,3.5],"texture":"#0","tintindex":0},"up":{"uv":[0.5,3.125,0.875,3.5],"texture":"#0","tintindex":0},"down":{"uv":[0.5,3.125,0.875,3.5],"texture":"#0","tintindex":0}}}],"textures":{"particle":"#0","0":"modelengine:54f20bea-9e06-42b4-ac4f-051d206cb48b"}}