{"display":{"head":{},"firstperson_righthand":{},"thirdperson_lefthand":{},"firstperson_lefthand":{},"fixed":{},"ground":{},"thirdperson_righthand":{},"gui":{"rotation":[-150.0,-45.0,180.0]}},"elements":[{"from":[7.0,9.5,7.75],"to":[10.0,9.5,9.75],"rotation":{"origin":[8.5,8.0,9.75],"axis":"y","angle":-45.0},"faces":{"up":{"uv":[8.125,2.25,8.5,2.0],"texture":"#0","tintindex":0},"down":{"uv":[8.125,2.0,8.5,2.25],"texture":"#0","tintindex":0}}},{"from":[4.0,8.0,7.0],"to":[7.0,11.0,10.0],"rotation":{"origin":[6.0,8.0,9.0],"axis":"y","angle":22.5},"faces":{"east":{"uv":[7.125,2.0,7.5,2.375],"texture":"#0","rotation":90,"tintindex":0},"south":{"uv":[7.75,2.375,8.125,2.75],"texture":"#0","tintindex":0},"north":{"uv":[7.375,2.375,7.75,2.75],"texture":"#0","tintindex":0},"west":{"uv":[7.125,2.0,7.5,2.375],"texture":"#0","rotation":270,"tintindex":0},"up":{"uv":[7.5,2.0,7.125,2.375],"texture":"#0","tintindex":0},"down":{"uv":[7.125,2.375,7.5,2.0],"texture":"#0","tintindex":0}}},{"from":[9.0,8.0,6.0],"to":[12.0,11.0,9.0],"rotation":{"origin":[11.0,8.0,8.0],"axis":"y","angle":-45.0},"faces":{"east":{"uv":[7.5,2.0,7.125,2.375],"texture":"#0","rotation":90,"tintindex":0},"south":{"uv":[7.75,2.375,8.125,2.75],"texture":"#0","tintindex":0},"north":{"uv":[7.375,2.375,7.75,2.75],"texture":"#0","tintindex":0},"west":{"uv":[7.5,2.0,7.125,2.375],"texture":"#0","rotation":270,"tintindex":0},"up":{"uv":[7.125,2.0,7.5,2.375],"texture":"#0","tintindex":0},"down":{"uv":[7.5,2.375,7.125,2.0],"texture":"#0","tintindex":0}}},{"from":[5.15,9.5,10.0],"to":[8.15,9.5,12.0],"rotation":{"origin":[6.65,8.0,12.0],"axis":"y","angle":22.5},"faces":{"up":{"uv":[8.125,2.25,8.5,2.0],"texture":"#0","tintindex":0},"down":{"uv":[8.125,2.0,8.5,2.25],"texture":"#0","tintindex":0}}},{"from":[4.25,8.25,6.0],"to":[6.75,10.75,7.0],"rotation":{"origin":[6.0,8.0,9.0],"axis":"y","angle":22.5},"faces":{"east":{"uv":[7.875,2.0,8.0,2.375],"texture":"#0","tintindex":0},"south":{"uv":[7.5,2.0,7.875,2.375],"texture":"#0","tintindex":0},"north":{"uv":[7.5,2.0,7.875,2.375],"texture":"#0","tintindex":0},"west":{"uv":[7.875,2.0,8.0,2.375],"texture":"#0","tintindex":0},"up":{"uv":[8.0,2.0,8.125,2.375],"texture":"#0","rotation":90,"tintindex":0},"down":{"uv":[8.0,2.0,8.125,2.375],"texture":"#0","rotation":90,"tintindex":0}}},{"from":[9.25,8.25,5.0],"to":[11.75,10.75,6.0],"rotation":{"origin":[11.0,8.0,8.0],"axis":"y","angle":-45.0},"faces":{"east":{"uv":[7.875,2.0,8.0,2.375],"texture":"#0","tintindex":0},"south":{"uv":[7.5,2.0,7.875,2.375],"texture":"#0","tintindex":0},"north":{"uv":[7.5,2.0,7.875,2.375],"texture":"#0","tintindex":0},"west":{"uv":[7.875,2.0,8.0,2.375],"texture":"#0","tintindex":0},"up":{"uv":[8.0,2.0,8.125,2.375],"texture":"#0","rotation":90,"tintindex":0},"down":{"uv":[8.0,2.0,8.125,2.375],"texture":"#0","rotation":90,"tintindex":0}}}],"textures":{"particle":"#0","0":"modelengine:54f20bea-9e06-42b4-ac4f-051d206cb48b"}}