{"display":{"head":{},"firstperson_righthand":{},"thirdperson_lefthand":{},"firstperson_lefthand":{},"fixed":{},"ground":{},"thirdperson_righthand":{},"gui":{"rotation":[-150.0,-45.0,180.0]}},"elements":[{"from":[5.0,8.0,5.0],"to":[11.0,10.5,11.0],"faces":{"east":{"uv":[6.75,4.5,6.0,4.875],"texture":"#0","tintindex":0},"south":{"uv":[6.75,4.5,7.5,4.875],"texture":"#0","tintindex":0},"north":{"uv":[6.75,4.5,7.5,4.875],"texture":"#0","tintindex":0},"west":{"uv":[6.0,4.5,6.75,4.875],"texture":"#0","tintindex":0},"up":{"uv":[6.0,3.75,6.75,4.5],"texture":"#0","tintindex":0},"down":{"uv":[6.75,3.75,7.5,4.5],"texture":"#0","tintindex":0}}},{"from":[6.0,8.0,3.0],"to":[10.0,10.0,5.0],"faces":{"east":{"uv":[7.75,4.5,7.5,4.75],"texture":"#0","tintindex":0},"south":{"uv":[7.5,4.25,8.0,4.5],"texture":"#0","tintindex":0},"north":{"uv":[7.5,4.0,8.0,4.25],"texture":"#0","tintindex":0},"west":{"uv":[7.75,4.5,7.5,4.75],"texture":"#0","tintindex":0},"up":{"uv":[7.5,3.75,8.0,4.0],"texture":"#0","tintindex":0},"down":{"uv":[7.5,4.0,8.0,4.25],"texture":"#0","tintindex":0}}},{"from":[6.0,8.0,11.0],"to":[10.0,10.0,13.0],"faces":{"east":{"uv":[7.5,4.5,7.75,4.75],"texture":"#0","tintindex":0},"south":{"uv":[7.5,4.25,8.0,4.5],"texture":"#0","tintindex":0},"north":{"uv":[7.5,4.25,8.0,4.5],"texture":"#0","tintindex":0},"west":{"uv":[7.75,4.5,7.5,4.75],"texture":"#0","tintindex":0},"up":{"uv":[7.5,3.75,8.0,4.0],"texture":"#0","tintindex":0},"down":{"uv":[7.5,4.0,8.0,4.25],"texture":"#0","tintindex":0}}}],"textures":{"particle":"#0","0":"modelengine:54f20bea-9e06-42b4-ac4f-051d206cb48b"}}