{"display":{"head":{},"firstperson_righthand":{},"thirdperson_lefthand":{},"firstperson_lefthand":{},"fixed":{},"ground":{},"thirdperson_righthand":{},"gui":{"rotation":[-150.0,-45.0,180.0]}},"elements":[{"from":[5.0,10.0,5.0],"to":[11.0,13.5,13.0],"faces":{"east":{"uv":[7.375,6.0,6.375,6.5],"texture":"#0","tintindex":0},"south":{"uv":[7.375,6.0,8.125,6.5],"texture":"#0","tintindex":0},"north":{"uv":[7.375,6.0,8.125,6.5],"texture":"#0","tintindex":0},"west":{"uv":[6.375,6.0,7.375,6.5],"texture":"#0","tintindex":0},"up":{"uv":[6.375,5.0,7.125,6.0],"texture":"#0","tintindex":0},"down":{"uv":[7.125,5.0,7.875,6.0],"texture":"#0","tintindex":0}}},{"from":[6.0,8.0,5.25],"to":[10.0,11.5,12.75],"faces":{"east":{"uv":[7.375,6.5,6.375,6.9375],"texture":"#0","tintindex":0},"south":{"uv":[7.375,6.5,7.875,6.9375],"texture":"#0","tintindex":0},"north":{"uv":[7.375,6.5,7.875,6.9375],"texture":"#0","tintindex":0},"west":{"uv":[6.375,6.5,7.375,6.9375],"texture":"#0","tintindex":0},"down":{"uv":[7.875,5.0,8.375,6.0],"texture":"#0","tintindex":0}}}],"textures":{"particle":"#0","0":"modelengine:54f20bea-9e06-42b4-ac4f-051d206cb48b"}}