{"display":{"head":{},"firstperson_righthand":{},"thirdperson_lefthand":{},"firstperson_lefthand":{},"fixed":{},"ground":{},"thirdperson_righthand":{},"gui":{"rotation":[-150.0,-45.0,180.0]}},"elements":[{"from":[4.0,8.0,4.5],"to":[8.0,11.0,11.5],"rotation":{"origin":[7.0,10.5,7.5],"axis":"y","angle":22.5},"faces":{"east":{"uv":[4.0,6.75,4.375,7.625],"texture":"#0","rotation":90,"tintindex":0},"south":{"uv":[3.5,7.625,4.0,8.0],"texture":"#0","tintindex":0},"north":{"uv":[3.5,7.625,4.0,8.0],"texture":"#0","tintindex":0},"west":{"uv":[4.0,6.75,4.375,7.625],"texture":"#0","rotation":90,"tintindex":0},"up":{"uv":[3.5,6.75,4.0,7.625],"texture":"#0","tintindex":0},"down":{"uv":[3.5,6.75,4.0,7.625],"texture":"#0","tintindex":0}}},{"from":[9.0,8.0,5.0],"to":[12.0,9.0,8.0],"rotation":{"origin":[10.5,9.5,6.5],"axis":"y","angle":45.0},"faces":{"east":{"uv":[4.375,7.875,4.75,8.0],"texture":"#0","tintindex":0},"south":{"uv":[4.375,7.875,4.75,8.0],"texture":"#0","tintindex":0},"north":{"uv":[4.375,7.875,4.75,8.0],"texture":"#0","tintindex":0},"west":{"uv":[4.375,7.875,4.75,8.0],"texture":"#0","tintindex":0},"up":{"uv":[4.0,7.625,4.375,8.0],"texture":"#0","tintindex":0},"down":{"uv":[4.0,7.625,4.375,8.0],"texture":"#0","tintindex":0}}}],"textures":{"particle":"#0","0":"modelengine:54f20bea-9e06-42b4-ac4f-051d206cb48b"}}