{"display":{"head":{},"firstperson_righthand":{},"thirdperson_lefthand":{},"firstperson_lefthand":{},"fixed":{},"ground":{},"thirdperson_righthand":{},"gui":{"rotation":[-150.0,-45.0,180.0]}},"elements":[{"from":[5.5,9.5,11.0],"to":[9.5,9.5,14.0],"rotation":{"origin":[7.5,8.0,8.0],"axis":"y","angle":-22.5},"faces":{"up":{"uv":[3.625,0.375,4.125,0.0],"texture":"#0","tintindex":0},"down":{"uv":[3.625,0.0,4.125,0.375],"texture":"#0","tintindex":0}}},{"from":[7.5,8.0,11.0],"to":[7.5,11.0,14.0],"rotation":{"origin":[7.5,8.0,8.0],"axis":"y","angle":-22.5},"faces":{"east":{"uv":[4.5,0.75,4.875,1.125],"texture":"#0","rotation":90,"tintindex":0},"west":{"uv":[4.5,1.125,4.875,0.75],"texture":"#0","rotation":90,"tintindex":0}}},{"from":[5.75,8.25,3.0],"to":[9.25,10.75,5.0],"rotation":{"origin":[7.5,8.0,8.0],"axis":"y","angle":-22.5},"faces":{"east":{"uv":[4.125,0.75,4.5,1.0],"texture":"#0","rotation":90,"tintindex":0},"south":{"uv":[4.125,0.375,3.625,0.75],"texture":"#0","tintindex":0},"north":{"uv":[4.125,0.375,3.625,0.75],"texture":"#0","tintindex":0},"west":{"uv":[4.125,1.0,4.5,0.75],"texture":"#0","rotation":90,"tintindex":0},"up":{"uv":[3.625,0.75,4.125,1.0],"texture":"#0","tintindex":0},"down":{"uv":[3.625,1.0,4.125,0.75],"texture":"#0","tintindex":0}}},{"from":[5.5,8.0,5.0],"to":[9.5,11.0,11.0],"rotation":{"origin":[7.5,8.0,8.0],"axis":"y","angle":-22.5},"faces":{"east":{"uv":[4.625,0.75,5.0,0.0],"texture":"#0","rotation":90,"tintindex":0},"south":{"uv":[5.0,1.0,5.375,0.5],"texture":"#0","rotation":90,"tintindex":0},"north":{"uv":[5.0,0.5,5.375,0.0],"texture":"#0","rotation":90,"tintindex":0},"west":{"uv":[4.625,0.0,5.0,0.75],"texture":"#0","rotation":90,"tintindex":0},"up":{"uv":[4.125,0.0,4.625,0.75],"texture":"#0","tintindex":0},"down":{"uv":[4.125,0.75,4.625,0.0],"texture":"#0","tintindex":0}}}],"textures":{"particle":"#0","0":"modelengine:54f20bea-9e06-42b4-ac4f-051d206cb48b"}}