{"display":{"head":{},"firstperson_righthand":{},"thirdperson_lefthand":{},"firstperson_lefthand":{},"fixed":{},"ground":{},"thirdperson_righthand":{},"gui":{"rotation":[-150.0,-45.0,180.0]}},"elements":[{"from":[4.0,8.0,5.0],"to":[6.0,12.0,12.0],"rotation":{"origin":[5.0,11.0,4.0],"axis":"y","angle":22.5},"faces":{"east":{"uv":[0.0,6.75,0.875,7.25],"texture":"#0","tintindex":0},"south":{"uv":[0.875,6.75,1.125,7.25],"texture":"#0","tintindex":0},"north":{"uv":[1.125,6.75,1.375,7.25],"texture":"#0","tintindex":0},"west":{"uv":[0.0,6.75,0.875,7.25],"texture":"#0","tintindex":0},"up":{"uv":[0.0,7.25,0.875,7.5],"texture":"#0","rotation":90,"tintindex":0},"down":{"uv":[0.0,7.25,0.875,7.5],"texture":"#0","rotation":90,"tintindex":0}}},{"from":[5.0,8.0,4.0],"to":[11.0,12.0,6.0],"faces":{"east":{"uv":[1.375,7.5,1.625,8.0],"texture":"#0","tintindex":0},"south":{"uv":[0.0,7.5,0.75,8.0],"texture":"#0","tintindex":0},"north":{"uv":[0.0,7.5,0.75,8.0],"texture":"#0","tintindex":0},"west":{"uv":[1.375,7.5,1.625,8.0],"texture":"#0","tintindex":0},"up":{"uv":[1.375,6.75,1.625,7.5],"texture":"#0","rotation":90,"tintindex":0},"down":{"uv":[1.375,6.75,1.625,7.5],"texture":"#0","rotation":90,"tintindex":0}}},{"from":[10.0,8.0,5.0],"to":[12.0,12.0,12.0],"rotation":{"origin":[11.0,11.0,4.0],"axis":"y","angle":-22.5},"faces":{"east":{"uv":[0.0,6.75,0.875,7.25],"texture":"#0","tintindex":0},"south":{"uv":[1.125,6.75,1.375,7.25],"texture":"#0","tintindex":0},"north":{"uv":[0.875,6.75,1.125,7.25],"texture":"#0","tintindex":0},"west":{"uv":[0.0,6.75,0.875,7.25],"texture":"#0","tintindex":0},"up":{"uv":[0.875,7.5,0.0,7.25],"texture":"#0","rotation":90,"tintindex":0},"down":{"uv":[0.0,7.25,0.875,7.5],"texture":"#0","rotation":90,"tintindex":0}}},{"from":[6.0,8.01,4.0],"to":[10.0,8.01,9.0],"faces":{"up":{"uv":[0.875,7.25,1.375,7.875],"texture":"#0","tintindex":0},"down":{"uv":[0.875,7.25,1.375,7.875],"texture":"#0","tintindex":0}}},{"from":[6.0,11.99,4.0],"to":[10.0,11.99,9.0],"faces":{"up":{"uv":[0.875,7.25,1.375,7.875],"texture":"#0","tintindex":0},"down":{"uv":[0.875,7.25,1.375,7.875],"texture":"#0","tintindex":0}}}],"textures":{"particle":"#0","0":"modelengine:54f20bea-9e06-42b4-ac4f-051d206cb48b"}}