{"display":{"head":{},"firstperson_righthand":{},"thirdperson_lefthand":{},"firstperson_lefthand":{},"fixed":{},"ground":{},"thirdperson_righthand":{},"gui":{"rotation":[-150.0,-45.0,180.0]}},"elements":[{"from":[2.5,8.0,4.0],"to":[12.5,8.0,12.0],"rotation":{"origin":[8.0,8.0,8.0],"axis":"y","angle":22.5},"faces":{"up":{"uv":[1.625,5.0,2.875,4.0],"texture":"#0","tintindex":0},"down":{"uv":[1.625,4.0,2.875,5.0],"texture":"#0","tintindex":0}}},{"from":[5.5,8.0,5.0],"to":[12.5,10.0,11.0],"rotation":{"origin":[8.0,8.0,8.0],"axis":"y","angle":22.5},"faces":{"east":{"uv":[0.0,4.5,0.75,4.75],"texture":"#0","tintindex":0},"south":{"uv":[0.75,4.75,1.625,5.0],"texture":"#0","tintindex":0},"north":{"uv":[0.75,4.5,1.625,4.75],"texture":"#0","tintindex":0},"west":{"uv":[0.0,4.75,0.75,5.0],"texture":"#0","tintindex":0},"up":{"uv":[0.0,3.75,0.875,4.5],"texture":"#0","tintindex":0},"down":{"uv":[0.0,3.75,0.875,4.5],"texture":"#0","tintindex":0}}}],"textures":{"particle":"#0","0":"modelengine:54f20bea-9e06-42b4-ac4f-051d206cb48b"}}