{"display":{"head":{},"firstperson_righthand":{},"thirdperson_lefthand":{},"firstperson_lefthand":{},"fixed":{},"ground":{},"thirdperson_righthand":{},"gui":{"rotation":[-150.0,-45.0,180.0]}},"elements":[{"from":[3.0,8.0,6.0],"to":[10.0,10.0,10.0],"rotation":{"origin":[8.0,8.0,8.0],"axis":"y","angle":45.0},"faces":{"east":{"uv":[4.25,4.5,4.75,4.75],"texture":"#0","tintindex":0},"south":{"uv":[2.875,4.25,3.75,4.5],"texture":"#0","tintindex":0},"north":{"uv":[2.875,4.5,3.75,4.75],"texture":"#0","tintindex":0},"west":{"uv":[3.75,4.5,4.25,4.75],"texture":"#0","tintindex":0},"up":{"uv":[2.875,3.75,3.75,4.25],"texture":"#0","tintindex":0},"down":{"uv":[2.875,3.75,3.75,4.25],"texture":"#0","tintindex":0}}},{"from":[4.0,8.0,5.0],"to":[12.0,8.0,11.0],"rotation":{"origin":[8.0,8.0,8.0],"axis":"y","angle":45.0},"faces":{"up":{"uv":[3.75,3.75,4.75,4.5],"texture":"#0","tintindex":0},"down":{"uv":[3.75,3.75,4.75,4.5],"texture":"#0","tintindex":0}}}],"textures":{"particle":"#0","0":"modelengine:54f20bea-9e06-42b4-ac4f-051d206cb48b"}}