{"display":{"head":{},"firstperson_righthand":{},"thirdperson_lefthand":{},"firstperson_lefthand":{},"fixed":{},"ground":{},"thirdperson_righthand":{},"gui":{"rotation":[-150.0,-45.0,180.0]}},"elements":[{"from":[5.0,8.0,4.0],"to":[11.0,10.0,12.0],"rotation":{"origin":[8.0,7.0,8.0],"axis":"y","angle":22.5},"faces":{"east":{"uv":[0.0,1.0,1.0,1.25],"texture":"#0","tintindex":0},"south":{"uv":[0.0,1.0,0.75,1.25],"texture":"#0","tintindex":0},"north":{"uv":[0.0,1.0,0.75,1.25],"texture":"#0","tintindex":0},"west":{"uv":[1.125,1.0,2.125,1.25],"texture":"#0","tintindex":0},"up":{"uv":[1.125,0.0,1.875,1.0],"texture":"#0","tintindex":0},"down":{"uv":[1.125,1.0,1.875,0.0],"texture":"#0","tintindex":0}}},{"from":[7.0,8.0,7.0],"to":[5.0,10.0,10.0],"rotation":{"origin":[8.0,7.0,8.0],"axis":"y","angle":22.5},"faces":{"south":{"uv":[1.875,0.25,2.125,0.5],"texture":"#0","tintindex":0},"north":{"uv":[2.125,0.25,1.875,0.5],"texture":"#0","tintindex":0},"west":{"uv":[1.875,0.0,2.25,0.25],"texture":"#0","tintindex":0}}}],"textures":{"particle":"#0","0":"modelengine:54f20bea-9e06-42b4-ac4f-051d206cb48b"}}