{"display":{"head":{},"firstperson_righthand":{},"thirdperson_lefthand":{},"firstperson_lefthand":{},"fixed":{},"ground":{},"thirdperson_righthand":{},"gui":{"rotation":[-150.0,-45.0,180.0]}},"elements":[{"from":[11.0,8.0,11.0],"to":[12.0,9.0,12.0],"faces":{"east":{"uv":[5.375,3.75,5.5,3.875],"texture":"#0","tintindex":0},"south":{"uv":[5.375,3.75,5.5,3.875],"texture":"#0","tintindex":0},"north":{"uv":[5.375,3.75,5.5,3.875],"texture":"#0","tintindex":0},"west":{"uv":[5.375,3.75,5.5,3.875],"texture":"#0","tintindex":0},"up":{"uv":[5.375,3.75,5.5,3.875],"texture":"#0","tintindex":0},"down":{"uv":[5.375,3.75,5.5,3.875],"texture":"#0","tintindex":0}}},{"from":[7.0,8.0,4.0],"to":[8.0,9.0,6.0],"faces":{"east":{"uv":[5.375,3.75,5.625,3.875],"texture":"#0","tintindex":0},"south":{"uv":[5.375,3.75,5.5,3.875],"texture":"#0","tintindex":0},"north":{"uv":[5.375,3.75,5.5,3.875],"texture":"#0","tintindex":0},"west":{"uv":[5.375,3.75,5.625,3.875],"texture":"#0","tintindex":0},"up":{"uv":[5.375,3.75,5.5,4.0],"texture":"#0","tintindex":0},"down":{"uv":[5.375,3.75,5.5,4.0],"texture":"#0","tintindex":0}}},{"from":[12.0,8.0,5.0],"to":[13.0,9.0,8.0],"faces":{"east":{"uv":[5.375,3.75,5.75,3.875],"texture":"#0","tintindex":0},"south":{"uv":[5.375,3.75,5.5,3.875],"texture":"#0","tintindex":0},"north":{"uv":[5.375,3.75,5.5,3.875],"texture":"#0","tintindex":0},"west":{"uv":[5.375,3.75,5.75,3.875],"texture":"#0","tintindex":0},"up":{"uv":[5.375,3.75,5.5,4.125],"texture":"#0","tintindex":0},"down":{"uv":[5.375,3.75,5.5,4.125],"texture":"#0","tintindex":0}}},{"from":[8.0,8.0,12.0],"to":[12.0,9.0,13.0],"faces":{"east":{"uv":[5.375,3.75,5.5,3.875],"texture":"#0","tintindex":0},"south":{"uv":[5.375,3.75,5.875,3.875],"texture":"#0","tintindex":0},"north":{"uv":[5.375,3.75,5.875,3.875],"texture":"#0","tintindex":0},"west":{"uv":[5.375,3.75,5.5,3.875],"texture":"#0","tintindex":0},"up":{"uv":[5.375,3.75,5.875,3.875],"texture":"#0","tintindex":0},"down":{"uv":[5.375,3.75,5.875,3.875],"texture":"#0","tintindex":0}}},{"from":[3.0,8.0,8.0],"to":[6.0,9.0,9.0],"faces":{"east":{"uv":[5.375,3.75,5.5,3.875],"texture":"#0","tintindex":0},"south":{"uv":[5.375,3.75,5.75,3.875],"texture":"#0","tintindex":0},"north":{"uv":[5.375,3.75,5.75,3.875],"texture":"#0","tintindex":0},"west":{"uv":[5.375,3.75,5.5,3.875],"texture":"#0","tintindex":0},"up":{"uv":[5.375,3.75,5.75,3.875],"texture":"#0","tintindex":0},"down":{"uv":[5.375,3.75,5.75,3.875],"texture":"#0","tintindex":0}}},{"from":[3.0,8.0,9.0],"to":[4.0,9.0,12.0],"faces":{"east":{"uv":[5.375,3.75,5.75,3.875],"texture":"#0","tintindex":0},"south":{"uv":[5.375,3.75,5.5,3.875],"texture":"#0","tintindex":0},"north":{"uv":[5.375,3.75,5.5,3.875],"texture":"#0","tintindex":0},"west":{"uv":[5.375,3.75,5.75,3.875],"texture":"#0","tintindex":0},"up":{"uv":[5.375,3.75,5.5,4.125],"texture":"#0","tintindex":0},"down":{"uv":[5.375,3.75,5.5,4.125],"texture":"#0","tintindex":0}}},{"from":[8.0,8.0,10.0],"to":[9.0,9.0,12.0],"faces":{"east":{"uv":[5.375,3.75,5.625,3.875],"texture":"#0","tintindex":0},"south":{"uv":[5.375,3.75,5.5,3.875],"texture":"#0","tintindex":0},"north":{"uv":[5.375,3.75,5.5,3.875],"texture":"#0","tintindex":0},"west":{"uv":[5.375,3.75,5.625,3.875],"texture":"#0","tintindex":0},"up":{"uv":[5.375,3.75,5.5,4.0],"texture":"#0","tintindex":0},"down":{"uv":[5.375,3.75,5.5,4.0],"texture":"#0","tintindex":0}}},{"from":[10.0,8.0,8.0],"to":[13.0,9.0,9.0],"faces":{"east":{"uv":[5.375,3.75,5.5,3.875],"texture":"#0","tintindex":0},"south":{"uv":[5.375,3.75,5.75,3.875],"texture":"#0","tintindex":0},"north":{"uv":[5.375,3.75,5.75,3.875],"texture":"#0","tintindex":0},"west":{"uv":[5.375,3.75,5.5,3.875],"texture":"#0","tintindex":0},"up":{"uv":[5.375,3.75,5.75,3.875],"texture":"#0","tintindex":0},"down":{"uv":[5.375,3.75,5.75,3.875],"texture":"#0","tintindex":0}}},{"from":[4.0,8.0,4.0],"to":[7.0,9.0,5.0],"faces":{"east":{"uv":[5.375,3.75,5.5,3.875],"texture":"#0","tintindex":0},"south":{"uv":[5.375,3.75,5.75,3.875],"texture":"#0","tintindex":0},"north":{"uv":[5.375,3.75,5.75,3.875],"texture":"#0","tintindex":0},"west":{"uv":[5.375,3.75,5.5,3.875],"texture":"#0","tintindex":0},"up":{"uv":[5.375,3.75,5.75,3.875],"texture":"#0","tintindex":0},"down":{"uv":[5.375,3.75,5.75,3.875],"texture":"#0","tintindex":0}}},{"from":[4.0,8.0,3.0],"to":[5.0,9.0,4.0],"faces":{"east":{"uv":[5.375,3.75,5.5,3.875],"texture":"#0","tintindex":0},"south":{"uv":[5.375,3.75,5.5,3.875],"texture":"#0","tintindex":0},"north":{"uv":[5.375,3.75,5.5,3.875],"texture":"#0","tintindex":0},"west":{"uv":[5.375,3.75,5.5,3.875],"texture":"#0","tintindex":0},"up":{"uv":[5.375,3.75,5.5,3.875],"texture":"#0","tintindex":0},"down":{"uv":[5.375,3.75,5.5,3.875],"texture":"#0","tintindex":0}}},{"from":[6.0,8.0,6.0],"to":[10.0,12.0,10.0],"faces":{"east":{"uv":[4.875,4.25,5.375,4.75],"texture":"#0","tintindex":0},"south":{"uv":[5.375,4.25,5.875,4.75],"texture":"#0","tintindex":0},"north":{"uv":[4.875,4.25,5.375,4.75],"texture":"#0","tintindex":0},"west":{"uv":[4.875,4.25,5.375,4.75],"texture":"#0","tintindex":0},"up":{"uv":[4.875,3.75,5.375,4.25],"texture":"#0","tintindex":0},"down":{"uv":[4.875,3.75,5.375,4.25],"texture":"#0","tintindex":0}}}],"textures":{"particle":"#0","0":"modelengine:54f20bea-9e06-42b4-ac4f-051d206cb48b"}}