{"display":{"head":{},"firstperson_righthand":{},"thirdperson_lefthand":{},"firstperson_lefthand":{},"fixed":{},"ground":{},"thirdperson_righthand":{},"gui":{"rotation":[-150.0,-45.0,180.0]}},"elements":[{"from":[5.0,8.0,3.0],"to":[8.0,10.0,7.0],"rotation":{"origin":[6.5,9.0,5.0],"axis":"y","angle":22.5},"faces":{"east":{"uv":[7.0,1.25,7.5,1.5],"texture":"#0","tintindex":0},"south":{"uv":[7.0,1.0,7.375,1.25],"texture":"#0","tintindex":0},"north":{"uv":[7.0,1.0,7.375,1.25],"texture":"#0","tintindex":0},"west":{"uv":[7.0,1.25,7.5,1.5],"texture":"#0","tintindex":0},"up":{"uv":[7.0,1.5,7.5,1.875],"texture":"#0","rotation":90,"tintindex":0},"down":{"uv":[8.0,1.5,8.5,1.875],"texture":"#0","rotation":270,"tintindex":0}}},{"from":[9.5,8.0,6.5],"to":[13.5,10.0,9.5],"rotation":{"origin":[11.5,9.0,8.0],"axis":"y","angle":-45.0},"faces":{"east":{"uv":[7.5,1.0,7.875,1.25],"texture":"#0","tintindex":0},"south":{"uv":[7.5,1.25,8.0,1.5],"texture":"#0","tintindex":0},"north":{"uv":[7.5,1.25,8.0,1.5],"texture":"#0","tintindex":0},"west":{"uv":[7.5,1.0,7.875,1.25],"texture":"#0","tintindex":0},"up":{"uv":[7.5,1.5,8.0,1.875],"texture":"#0","tintindex":0},"down":{"uv":[8.0,1.5,8.5,1.875],"texture":"#0","tintindex":0}}},{"from":[4.5,8.0,8.5],"to":[7.5,10.0,12.5],"rotation":{"origin":[6.0,9.0,10.5],"axis":"y","angle":-45.0},"faces":{"east":{"uv":[8.0,1.25,8.5,1.5],"texture":"#0","tintindex":0},"south":{"uv":[8.0,1.0,8.375,1.25],"texture":"#0","tintindex":0},"north":{"uv":[8.0,1.0,8.375,1.25],"texture":"#0","tintindex":0},"west":{"uv":[8.0,1.25,8.5,1.5],"texture":"#0","tintindex":0},"up":{"uv":[7.5,1.5,8.0,1.875],"texture":"#0","rotation":90,"tintindex":0},"down":{"uv":[8.0,1.5,8.5,1.875],"texture":"#0","rotation":270,"tintindex":0}}}],"textures":{"particle":"#0","0":"modelengine:54f20bea-9e06-42b4-ac4f-051d206cb48b"}}