{"display":{"head":{},"firstperson_righthand":{},"thirdperson_lefthand":{},"firstperson_lefthand":{},"fixed":{},"ground":{},"thirdperson_righthand":{},"gui":{"rotation":[-150.0,-45.0,180.0]}},"elements":[{"from":[3.75,8.0,3.75],"to":[6.75,11.0,6.75],"rotation":{"origin":[5.75,8.0,4.75],"axis":"y","angle":22.5},"faces":{"east":{"uv":[6.25,5.875,5.875,5.5],"texture":"#0","tintindex":0},"south":{"uv":[5.875,5.875,6.25,5.5],"texture":"#0","tintindex":0},"north":{"uv":[6.25,5.5,5.875,5.875],"texture":"#0","tintindex":0},"west":{"uv":[5.875,5.5,6.25,5.875],"texture":"#0","tintindex":0},"up":{"uv":[5.875,5.5,6.25,5.875],"texture":"#0","tintindex":0},"down":{"uv":[5.875,5.5,6.25,5.875],"texture":"#0","tintindex":0}}},{"from":[9.0,8.0,5.75],"to":[11.0,10.0,7.75],"rotation":{"origin":[11.0,8.0,6.75],"axis":"y","angle":-45.0},"faces":{"east":{"uv":[4.625,6.375,4.875,6.625],"texture":"#0","tintindex":0},"south":{"uv":[4.625,6.375,4.875,6.625],"texture":"#0","tintindex":0},"north":{"uv":[4.625,6.375,4.875,6.625],"texture":"#0","tintindex":0},"west":{"uv":[4.625,6.375,4.875,6.625],"texture":"#0","tintindex":0},"up":{"uv":[4.625,6.375,4.875,6.625],"texture":"#0","tintindex":0},"down":{"uv":[4.625,6.375,4.875,6.625],"texture":"#0","tintindex":0}}},{"from":[4.5,8.0,8.75],"to":[6.5,10.0,10.75],"faces":{"east":{"uv":[4.625,6.375,4.875,6.625],"texture":"#0","tintindex":0},"south":{"uv":[4.625,6.375,4.875,6.625],"texture":"#0","tintindex":0},"north":{"uv":[4.625,6.375,4.875,6.625],"texture":"#0","tintindex":0},"west":{"uv":[4.625,6.375,4.875,6.625],"texture":"#0","tintindex":0},"up":{"uv":[4.625,6.375,4.875,6.625],"texture":"#0","tintindex":0},"down":{"uv":[4.625,6.375,4.875,6.625],"texture":"#0","tintindex":0}}},{"from":[8.25,8.0,10.0],"to":[11.25,11.0,13.0],"rotation":{"origin":[10.25,8.0,11.0],"axis":"y","angle":-22.5},"faces":{"east":{"uv":[5.875,5.125,6.25,5.5],"texture":"#0","tintindex":0},"south":{"uv":[6.25,5.125,5.875,5.5],"texture":"#0","tintindex":0},"north":{"uv":[6.25,5.125,5.875,5.5],"texture":"#0","tintindex":0},"west":{"uv":[5.875,5.125,6.25,5.5],"texture":"#0","tintindex":0},"up":{"uv":[5.875,5.125,6.25,5.5],"texture":"#0","tintindex":0},"down":{"uv":[6.25,5.125,5.875,5.5],"texture":"#0","tintindex":0}}}],"textures":{"particle":"#0","0":"modelengine:54f20bea-9e06-42b4-ac4f-051d206cb48b"}}