{"parent":"item/generated","display":{"thirdperson_righthand":{"rotation":[-80.0,260.0,-40.0],"translation":[-1.0,-2.0,2.5],"scale":[0.9,0.9,0.9]},"thirdperson_lefthand":{"rotation":[-80.0,-280.0,40.0],"translation":[-1.0,-2.0,2.5],"scale":[0.9,0.9,0.9]},"firstperson_righthand":{"rotation":[0.0,-90.0,25.0],"translation":[1.13,3.2,1.13],"scale":[0.68,0.68,0.68]},"firstperson_lefthand":{"rotation":[0.0,90.0,-25.0],"translation":[1.13,3.2,1.13],"scale":[0.68,0.68,0.68]}},"textures":{"layer0":"item/bow"},"overrides":[{"predicate":{"custom_model_data":1000},"model":"plny_little_seagull_set:0580e0d0-5e66-4602-96b8-e9aa7e90d472"},{"predicate":{"pulling":1.0,"pull":0.0,"custom_model_data":1000},"model":"plny_little_seagull_set:2e2dcabe-64ea-465b-b102-175460330b0a"},{"predicate":{"pulling":1.0,"pull":0.65,"custom_model_data":1000},"model":"plny_little_seagull_set:e1d9e300-5f98-4f72-a437-49df305c659a"},{"predicate":{"pulling":1.0,"pull":0.9,"custom_model_data":1000},"model":"plny_little_seagull_set:2586ff26-4fbb-4cb1-ad22-735520d94cc8"}]}