{"parent":"item/generated","display":{"thirdperson_righthand":{"rotation":[-90.0,0.0,-60.0],"translation":[2.0,0.1,-3.0],"scale":[0.9,0.9,0.9]},"thirdperson_lefthand":{"rotation":[-90.0,0.0,30.0],"translation":[2.0,0.1,-3.0],"scale":[0.9,0.9,0.9]},"firstperson_righthand":{"rotation":[-90.0,0.0,-55.0],"translation":[1.13,3.2,1.13],"scale":[0.68,0.68,0.68]},"firstperson_lefthand":{"rotation":[-90.0,0.0,35.0],"translation":[1.13,3.2,1.13],"scale":[0.68,0.68,0.68]}},"textures":{"layer0":"item/crossbow_standby"},"overrides":[{"predicate":{"custom_model_data":1000},"model":"plny_little_seagull_set:08280f4d-14d1-4146-aec7-c9d0fe50cc9d"},{"predicate":{"charged":1.0,"custom_model_data":1000},"model":"plny_little_seagull_set:6d8eb5a7-419d-44b6-b350-c34fcd7fbf2a"},{"predicate":{"firework":1.0,"custom_model_data":1000},"model":"plny_little_seagull_set:b7f530a5-ac17-42d7-822a-ceaccdc3f003"},{"predicate":{"pulling":1.0,"pull":0.0,"custom_model_data":1000},"model":"plny_little_seagull_set:32b909c2-cccc-4bad-bc74-b802c0716075"},{"predicate":{"pulling":1.0,"pull":0.65,"custom_model_data":1000},"model":"plny_little_seagull_set:d7b02860-50b4-4a9f-b7c3-4188b2dadfa5"},{"predicate":{"pulling":1.0,"pull":0.9,"custom_model_data":1000},"model":"plny_little_seagull_set:84d2fd15-7d53-43d8-82c8-2cab7a63abf0"}]}