{"parent":"item/handheld_rod","textures":{"layer0":"item/fishing_rod"},"overrides":[{"predicate":{"custom_model_data":1000},"model":"plny_little_seagull_set:418a0ab3-8de7-402f-a3e1-55b28cf702ca"},{"predicate":{"cast":1.0,"custom_model_data":1000},"model":"plny_little_seagull_set:7c3c3817-70e2-4c7d-8d17-5d9b9ef61743"},{"predicate":{"custom_model_data":50001},"model":"customfishing:af25bb01-253a-4b93-9c30-79f994c10b6d"},{"predicate":{"cast":1.0,"custom_model_data":50001},"model":"customfishing:c1b78ae9-6003-48b7-9a6e-e1dd9cfec08f"},{"predicate":{"custom_model_data":50002},"model":"customfishing:ba7c2d1e-a217-4d07-bb6e-ff59da8ffc35"},{"predicate":{"cast":1.0,"custom_model_data":50002},"model":"customfishing:07809051-11a9-4fd0-bc05-4e7a38058ac3"},{"predicate":{"custom_model_data":50003},"model":"customfishing:2f3f377f-fe53-4cab-bffe-4cbe5cc6bda4"},{"predicate":{"cast":1.0,"custom_model_data":50003},"model":"customfishing:1add2167-7a86-4a5b-9e8e-7a58fddcf332"},{"predicate":{"custom_model_data":50004},"model":"customfishing:314207a6-56df-4a65-87ca-b4cdde80a44d"},{"predicate":{"cast":1.0,"custom_model_data":50004},"model":"customfishing:1529687d-c780-46b7-a866-5189c7d23d22"},{"predicate":{"custom_model_data":50005},"model":"customfishing:c064dd58-d1a6-4241-b4de-1ce7ffb3fb2d"},{"predicate":{"cast":1.0,"custom_model_data":50005},"model":"customfishing:ef47b1fc-6c0c-43ab-bedf-5d53dcb2fe6c"},{"predicate":{"custom_model_data":50007},"model":"customfishing:27011426-6910-4f15-9468-2db922c5c4b8"},{"predicate":{"cast":1.0,"custom_model_data":50007},"model":"customfishing:6b4ed6ae-cfb8-4d6f-84df-0bd98e760a18"}]}