{"parent":"item/handheld","textures":{"layer0":"item/iron_sword"},"overrides":[{"predicate":{"custom_model_data":1000},"model":"plny_little_seagull_set:746fcfb0-9d18-419c-a2bf-7fc1f2f322f8"},{"predicate":{"custom_model_data":1001},"model":"plny_little_seagull_set:f3d1e276-7275-4af8-b0b3-5dd85812f550"},{"predicate":{"custom_model_data":1002},"model":"plny_little_seagull_set:a99eb8c1-94df-4df8-8ab1-927ee18b6b11"},{"predicate":{"custom_model_data":1003},"model":"plny_little_seagull_set:6852d82f-a28e-4559-8644-ab3b4359979e"},{"predicate":{"custom_model_data":1004},"model":"plny_little_seagull_set:aac9d2cf-1555-48a8-ac8b-1cb581d56e26"},{"predicate":{"custom_model_data":1005},"model":"plny_little_seagull_set:cb643667-8ed6-40c7-9b50-0a006606d9d9"},{"predicate":{"custom_model_data":1006},"model":"plny_little_seagull_set:4d582e7e-6d08-4ee9-9f5b-8c4477f717e0"}]}