{"parent":"item/generated","textures":{"layer0":"item/paper"},"overrides":[{"predicate":{"custom_model_data":1000},"model":"a2346a61-2e87-4fe5-90de-a7db821fc0ba"},{"predicate":{"custom_model_data":1002},"model":"b2affc5d-a22b-4fcd-b170-ea97e026db7e"},{"predicate":{"custom_model_data":1003},"model":"0e059e2c-dde7-4567-a9e2-72210e5415a8"},{"predicate":{"custom_model_data":1004},"model":"eaba2059-bdae-420a-ad7d-97de5e56e6a8"},{"predicate":{"custom_model_data":1005},"model":"6658157c-e3ed-434b-be0d-c34b2f61161c"},{"predicate":{"custom_model_data":1006},"model":"db8c050d-0b78-440b-a6ec-e92ad0bdd7b3"},{"predicate":{"custom_model_data":1007},"model":"85ea5cee-d3df-4091-8e94-5d04d3ec3ec3"},{"predicate":{"custom_model_data":1008},"model":"ce00686b-ad32-4bd3-a10d-1949bfa2fa44"},{"predicate":{"custom_model_data":1009},"model":"cb45f5ea-ef70-495e-91da-dfc6b019fdf8"},{"predicate":{"custom_model_data":1010},"model":"26f9f45c-b57a-461d-abab-294cbdb82681"},{"predicate":{"custom_model_data":1011},"model":"ea8f18f8-783a-432a-85ba-03e3ed184b8c"},{"predicate":{"custom_model_data":1012},"model":"6006a4d2-5736-409f-8b64-b90f0d0ee524"},{"predicate":{"custom_model_data":1013},"model":"1dd7bec9-e184-4051-be99-77b2a84f5158"},{"predicate":{"custom_model_data":1014},"model":"ef42d807-f76a-4d84-af17-4e7e2ac18035"},{"predicate":{"custom_model_data":1015},"model":"32f10415-e928-44ea-b2f1-a23c851ba703"},{"predicate":{"custom_model_data":1016},"model":"783c8f88-03c3-4884-8c31-0acc18517d6a"},{"predicate":{"custom_model_data":1017},"model":"22445f98-c9ce-4c39-8ecd-295d647015e3"},{"predicate":{"custom_model_data":1018},"model":"0d1ef37f-8402-4189-878a-ea214e0f7ef0"},{"predicate":{"custom_model_data":1019},"model":"63502660-3357-4df0-a1a3-075252f699a8"},{"predicate":{"custom_model_data":1020},"model":"bde3ac70-e674-4dfe-b489-1b8cf778c598"},{"predicate":{"custom_model_data":1021},"model":"4286e058-bbb6-4cf5-bc9b-d8ea38672cef"},{"predicate":{"custom_model_data":1022},"model":"23dd4b83-1d5b-4b37-b92d-debf0c0a6bc8"},{"predicate":{"custom_model_data":1023},"model":"97098261-a44e-4e74-af1a-533723a2cf10"},{"predicate":{"custom_model_data":1024},"model":"4b30a176-f479-4f15-a237-19e7c387f8dd"},{"predicate":{"custom_model_data":1025},"model":"66f2758d-10b2-4b6b-8b81-6cac99be91e2"},{"predicate":{"custom_model_data":1026},"model":"1e247eee-2db8-4587-885e-fd1db8fb3114"},{"predicate":{"custom_model_data":1027},"model":"b29fb1a2-f289-465f-b3af-4a032a545849"},{"predicate":{"custom_model_data":1028},"model":"4ad85c9e-ddc3-4eb2-983a-59c878e54638"},{"predicate":{"custom_model_data":1029},"model":"7d12ccd5-f08b-4eb0-a376-f1dc6b0c3a80"},{"predicate":{"custom_model_data":1030},"model":"e8d4b8ec-dc9e-44df-b20e-81bd54e643dd"},{"predicate":{"custom_model_data":1031},"model":"18e68219-0e4c-42f3-863e-469ad60a74f5"},{"predicate":{"custom_model_data":1032},"model":"2d4590b9-a31d-4814-977a-808f1ce8c5a1"},{"predicate":{"custom_model_data":1033},"model":"517edf40-4654-4ae0-82e1-655d695d18d9"},{"predicate":{"custom_model_data":1034},"model":"b625114d-2824-4000-9649-aef77ec36d1e"},{"predicate":{"custom_model_data":1035},"model":"57434b21-e9d9-4a6f-a961-6eb06025bd1b"},{"predicate":{"custom_model_data":1036},"model":"6a98f67e-d43d-45b9-afd4-d3eeff31754a"},{"predicate":{"custom_model_data":1037},"model":"515c253c-9492-4667-a6e0-14749b6d344d"},{"predicate":{"custom_model_data":1038},"model":"c35c2999-d31e-4eb3-8b82-07508c9966e6"},{"predicate":{"custom_model_data":1039},"model":"145ee101-8d86-4c3d-83c9-10040c67fb0e"},{"predicate":{"custom_model_data":1040},"model":"5c218e97-a14d-45ab-b887-928e53035fda"},{"predicate":{"custom_model_data":1041},"model":"8393dc93-59c7-4811-9209-d9f6f7ccf9ec"},{"predicate":{"custom_model_data":1042},"model":"84a56314-5bd4-40c6-bfaa-68d565f8af38"},{"predicate":{"custom_model_data":1043},"model":"78626004-2ab9-4c3b-9432-59cf13ed9eee"},{"predicate":{"custom_model_data":1044},"model":"44de3529-4cdb-4862-ba0d-3dcbcd620555"},{"predicate":{"custom_model_data":1045},"model":"2cf7ba68-d2b8-4c4d-aed8-d2dd22d46cb3"},{"predicate":{"custom_model_data":1046},"model":"4966f4b9-f8a4-4fed-9c08-0330e7785db1"},{"predicate":{"custom_model_data":1047},"model":"9e0716e3-8ee1-4764-826b-1dc2b6dd535c"},{"predicate":{"custom_model_data":1048},"model":"f1446778-182b-43bd-9909-327d5140805e"},{"predicate":{"custom_model_data":1049},"model":"c07a6124-ebf1-43f5-a78c-a8f934a37b45"},{"predicate":{"custom_model_data":1050},"model":"d9628bed-9967-4d3a-a22a-47832e2baa9f"},{"predicate":{"custom_model_data":1051},"model":"346c2830-8e70-4e37-a35a-bb866f943f18"},{"predicate":{"custom_model_data":1052},"model":"70d8a1f0-7da7-4e45-93fe-6de1f8a77d63"},{"predicate":{"custom_model_data":1053},"model":"1ed50a5f-c5de-4785-8872-682cbffffa97"},{"predicate":{"custom_model_data":1054},"model":"b3f9c871-689a-4e49-b0da-81b2eaf4e7f5"},{"predicate":{"custom_model_data":1055},"model":"3dee175f-7b94-4915-8e2a-cac7ae442478"},{"predicate":{"custom_model_data":1056},"model":"88cab5c6-2057-4ecf-8a5c-cb9e91f0af64"},{"predicate":{"custom_model_data":1057},"model":"781126b1-6698-4c57-907e-6c456a64befd"},{"predicate":{"custom_model_data":1058},"model":"fc96822a-ead5-4966-baec-d69a2dc0fff6"},{"predicate":{"custom_model_data":1059},"model":"44487d3d-1b40-4828-a98e-e99ab240eda4"},{"predicate":{"custom_model_data":1060},"model":"7f339178-47ab-4a44-9d7a-3b792b5f9e8c"},{"predicate":{"custom_model_data":1061},"model":"3054a218-6377-4041-a071-bfbca99273da"},{"predicate":{"custom_model_data":1062},"model":"3bcb9472-d922-4b4e-96e1-1d179f04314c"},{"predicate":{"custom_model_data":1063},"model":"fe937112-ea34-4226-a619-79be0f04ca67"},{"predicate":{"custom_model_data":1064},"model":"d2b7addd-2149-418f-b390-15283fcdb3d5"},{"predicate":{"custom_model_data":1065},"model":"0217120f-0576-4848-8593-4d3c6c678d6b"},{"predicate":{"custom_model_data":1066},"model":"71f886df-1173-4a93-910e-7593aa8b4ec3"},{"predicate":{"custom_model_data":1067},"model":"07caf2ff-9850-43eb-9e1e-8c735179f4aa"},{"predicate":{"custom_model_data":1068},"model":"ab4b0175-8c60-4952-8c50-e0b7179b865c"},{"predicate":{"custom_model_data":1069},"model":"0cc3472d-6a84-4f04-8d16-2ae0d566a6d3"},{"predicate":{"custom_model_data":1070},"model":"56d98ce5-b77c-4fb3-a33e-f468dd9057cb"},{"predicate":{"custom_model_data":1071},"model":"9a658966-6514-47aa-a604-70566776a493"},{"predicate":{"custom_model_data":1072},"model":"c7fe71c3-29bb-476c-bda6-8bedd0ff1902"},{"predicate":{"custom_model_data":1073},"model":"cc585251-425c-4070-9223-5c386cd130ea"},{"predicate":{"custom_model_data":1074},"model":"cecd6f81-c251-4c87-a72e-cfdd1a88c0f1"},{"predicate":{"custom_model_data":1075},"model":"7f93dba3-1ea4-4975-bc19-e9645f4ba1d4"},{"predicate":{"custom_model_data":1076},"model":"29a16535-d890-4d55-8b35-cfe8438177a7"},{"predicate":{"custom_model_data":1077},"model":"94eb2ca0-275e-4d2d-a1ae-130e20b66d2d"},{"predicate":{"custom_model_data":1078},"model":"e031273c-0f83-4830-a6eb-d1e09d91a4a0"},{"predicate":{"custom_model_data":1079},"model":"c816ff84-0529-4e3b-932f-b60226eeba5d"},{"predicate":{"custom_model_data":1080},"model":"d17ab90f-2383-45c2-9b9e-003f4043a94f"},{"predicate":{"custom_model_data":1081},"model":"5b480785-c2a9-4e1c-af2e-3720f7389127"},{"predicate":{"custom_model_data":1082},"model":"d49bc21a-2ffa-42f8-9c13-691b464b8c62"},{"predicate":{"custom_model_data":1083},"model":"a925b6e7-3487-46f0-b648-c15702f14c8e"},{"predicate":{"custom_model_data":1084},"model":"3d97ea4f-5713-4862-87c1-e852c25d088e"},{"predicate":{"custom_model_data":1085},"model":"6627428f-1544-45c4-9ea5-ed68b128ec24"},{"predicate":{"custom_model_data":1086},"model":"cba6699b-b73b-4849-9b75-1a1de0375e55"},{"predicate":{"custom_model_data":1087},"model":"fc61827c-12d4-4ad4-94af-ce91e4b48ca6"},{"predicate":{"custom_model_data":1088},"model":"plny_little_seagull_set:d13ce3a8-2df4-43cf-8ca7-5ea01e255b1e"},{"predicate":{"custom_model_data":1089},"model":"plny_little_seagull_set:5a841cd8-6f71-4aa5-b52c-30ebb5b7627f"},{"predicate":{"custom_model_data":1090},"model":"plny_little_seagull_set:9deb83ee-f808-457c-b9cd-18138938283c"},{"predicate":{"custom_model_data":1091},"model":"plny_little_seagull_set:c9543d12-1d85-4473-9e71-fe0ddcde8256"},{"predicate":{"custom_model_data":1092},"model":"0d7903b3-458a-4938-bebf-3a456ff78785"},{"predicate":{"custom_model_data":1093},"model":"6b291421-0753-43dc-8c7a-1dad02bd1750"},{"predicate":{"custom_model_data":1094},"model":"cf86e1f8-592f-4333-a57b-2ea20a2878da"},{"predicate":{"custom_model_data":1095},"model":"831f187a-a781-49af-8874-e442373ac5c2"},{"predicate":{"custom_model_data":1096},"model":"b3cde086-c6f1-4a25-b9b8-bbc62bf36366"},{"predicate":{"custom_model_data":1097},"model":"d4145784-d0ed-4612-9fa0-2313eb7f6d7f"},{"predicate":{"custom_model_data":1098},"model":"1d0b49f3-796e-42dd-925f-76055d3e39c1"},{"predicate":{"custom_model_data":1099},"model":"6f1d7457-c00a-4125-a396-59f53273001e"},{"predicate":{"custom_model_data":1100},"model":"b3daae91-eafa-473d-ae41-e6b281e7aa6d"},{"predicate":{"custom_model_data":1101},"model":"cb94745a-81d4-4d6f-945d-6cea0fd3043f"},{"predicate":{"custom_model_data":1102},"model":"80dc2ecb-1de6-49d3-b7c9-7f3642354b11"},{"predicate":{"custom_model_data":1103},"model":"0cc0573b-c50f-492a-ae6c-1bc0cbb2a0f3"},{"predicate":{"custom_model_data":1104},"model":"f1a250e1-8ed3-4ab1-8b14-5e8dc0eb0cb6"},{"predicate":{"custom_model_data":1105},"model":"04fd4adb-fda0-4023-b0b5-3b24d548117c"},{"predicate":{"custom_model_data":1106},"model":"4daa2125-e421-41ed-a3b0-1a8dfc7b2e6b"},{"predicate":{"custom_model_data":1107},"model":"8260e641-869c-46f9-9a96-1ec23a8804f3"},{"predicate":{"custom_model_data":1108},"model":"4d11ad73-665a-4983-becc-5174511b8078"},{"predicate":{"custom_model_data":1109},"model":"40cb8377-568c-4898-9868-dc9d0494547a"},{"predicate":{"custom_model_data":2011},"model":"hmccosmetics:e9bba93d-fc03-4026-a278-fd26101f3d9e"},{"predicate":{"custom_model_data":2012},"model":"hmccosmetics:18042cde-83b9-4381-897c-1581a34c3dea"},{"predicate":{"custom_model_data":2013},"model":"hmccosmetics:afac46ff-70ca-4edc-904c-7044d3cc6d5f"},{"predicate":{"custom_model_data":2014},"model":"hmccosmetics:97755a4a-6e38-46b1-ab46-672d2b3b27b0"},{"predicate":{"custom_model_data":2015},"model":"hmccosmetics:d4edefd9-d68f-42c9-a7a4-d232d32ac2eb"},{"predicate":{"custom_model_data":2016},"model":"hmccosmetics:d75098d3-0a6d-4cdd-945f-efebcf624c4d"},{"predicate":{"custom_model_data":2017},"model":"hmccosmetics:d0faa9fe-7569-409c-92ac-2ae16a485cc9"},{"predicate":{"custom_model_data":2018},"model":"hmccosmetics:21ec1e82-819a-47d8-9726-62ad21aeaf44"},{"predicate":{"custom_model_data":2019},"model":"hmccosmetics:8a4d10dd-8f7e-475b-b2a1-528185701a14"},{"predicate":{"custom_model_data":2020},"model":"hmccosmetics:2f13105a-5974-490d-923d-3637b023788f"},{"predicate":{"custom_model_data":2021},"model":"hmccosmetics:28e3baed-c1c0-4bd6-9c17-27d588ba8474"},{"predicate":{"custom_model_data":2022},"model":"hmccosmetics:80ecee41-c4c3-4af8-8aa5-bb5dabffa074"},{"predicate":{"custom_model_data":2023},"model":"hmccosmetics:7e620269-e3cc-49f3-983a-6c215b6bfba1"},{"predicate":{"custom_model_data":2024},"model":"hmccosmetics:a3970899-4580-4a08-b62e-1234776c43c3"},{"predicate":{"custom_model_data":2025},"model":"hmccosmetics:db30905c-b042-4127-adb1-c75e8b9fb804"},{"predicate":{"custom_model_data":2026},"model":"hmccosmetics:32b9bbb8-4c3d-40b3-9258-a8093dc3016c"},{"predicate":{"custom_model_data":2027},"model":"hmccosmetics:403cab51-ec61-42b8-bf88-f5dd7ef7cc58"},{"predicate":{"custom_model_data":2028},"model":"hmccosmetics:de8e4101-b9e2-47ac-a4bc-bc3e5f64ac64"},{"predicate":{"custom_model_data":2029},"model":"hmccosmetics:fa752ccd-0825-4abb-8167-581c043adc45"},{"predicate":{"custom_model_data":2030},"model":"hmccosmetics:fe282e82-4b13-4922-ba3c-b9aacd7c10d8"},{"predicate":{"custom_model_data":7000},"model":"summervehicles:48284c2a-ad7d-40ef-abe4-9db929231dbb"},{"predicate":{"custom_model_data":7001},"model":"summervehicles:9ab3a72d-68ba-42bf-937a-b3965cbf1ee7"},{"predicate":{"custom_model_data":7002},"model":"summervehicles:9ed31051-8df8-4255-87d6-8448dac7fb20"},{"predicate":{"custom_model_data":7003},"model":"summervehicles:601eb18e-7f31-425e-975f-9b83a3844700"},{"predicate":{"custom_model_data":7004},"model":"summervehicles:e0a3eae7-3e8c-480a-9aea-711be2d442af"},{"predicate":{"custom_model_data":7005},"model":"summervehicles:1fa2e938-7f91-488d-8401-fd254bc8883d"},{"predicate":{"custom_model_data":7006},"model":"summervehicles:06b92d16-e916-402b-b909-1338667b044a"},{"predicate":{"custom_model_data":7007},"model":"summervehicles:773500ee-b5ee-471e-9981-297991463eab"},{"predicate":{"custom_model_data":7008},"model":"summervehicles:52349d11-d35a-4129-ac1a-f648cb39ae0e"},{"predicate":{"custom_model_data":7009},"model":"summervehicles:3514d3e5-e129-443d-9d0a-9a3b04fd135f"},{"predicate":{"custom_model_data":7010},"model":"summervehicles:2b53c9c0-7586-44e4-b2b9-c79f2ba27e1f"},{"predicate":{"custom_model_data":7011},"model":"summervehicles:9e172484-f3d1-4f1c-b914-a5e34d0e66e8"},{"predicate":{"custom_model_data":7012},"model":"summervehicles:e214d20a-a538-4490-a754-c1405b583c42"},{"predicate":{"custom_model_data":7013},"model":"summervehicles:3262dbac-56b1-4c88-9e16-b5793cf78a13"},{"predicate":{"custom_model_data":7014},"model":"summervehicles:e481627c-6245-41ea-bbff-32f0ae6c1eb9"},{"predicate":{"custom_model_data":7015},"model":"summervehicles:d78d1895-2050-41a3-b21a-2b3ce3dfdd08"},{"predicate":{"custom_model_data":7016},"model":"summervehicles:fc6022b2-2ac3-4d7b-b41e-909e4f7bd39e"},{"predicate":{"custom_model_data":7017},"model":"summervehicles:2512d626-57fb-4726-b214-36d73836a87a"},{"predicate":{"custom_model_data":7018},"model":"summervehicles:6e829297-a64a-46ec-853c-15bac34ead82"},{"predicate":{"custom_model_data":7019},"model":"summervehicles:d730d48f-0c33-4b94-8beb-b0df4984b25c"},{"predicate":{"custom_model_data":10001},"model":"5338f7fd-b553-4098-a3a5-3e818b186497"},{"predicate":{"custom_model_data":10003},"model":"f9a62594-dfab-46fb-91b6-662cd99acb3d"},{"predicate":{"custom_model_data":10005},"model":"9aed1a88-b31d-424d-8ada-e364f723668a"},{"predicate":{"custom_model_data":10006},"model":"9aed1a88-b31d-424d-8ada-e364f723668a"},{"predicate":{"custom_model_data":10007},"model":"9aed1a88-b31d-424d-8ada-e364f723668a"},{"predicate":{"custom_model_data":10010},"model":"75265161-1f2e-46ef-a2ed-8834da26f05d"},{"predicate":{"custom_model_data":10011},"model":"b75cf0c4-0c8a-4f44-a2fb-2bbcff592f6c"},{"predicate":{"custom_model_data":10012},"model":"f21f4477-b6fa-4616-a7de-ecb981a4fd88"},{"predicate":{"custom_model_data":10013},"model":"1f5357c3-e4e9-4344-9c6d-72c9768eafbc"},{"predicate":{"custom_model_data":20000},"model":"ee239519-6cd7-4a15-a82e-57aabbb8bd9b"},{"predicate":{"custom_model_data":49998},"model":"customfishing:60cb6128-ea51-49c6-9ef0-eefc82e14f83"},{"predicate":{"custom_model_data":49999},"model":"customfishing:1b0cfe09-f602-482d-a61e-e6a11cbdbd7b"},{"predicate":{"custom_model_data":50000},"model":"customfishing:26405263-e431-42eb-a7c9-477e90943552"},{"predicate":{"custom_model_data":50001},"model":"customfishing:cb89a5c5-ac48-47f1-9491-bd73169c55b9"},{"predicate":{"custom_model_data":50002},"model":"customfishing:b3006f45-21ed-44c2-aead-68d8200dfdc2"},{"predicate":{"custom_model_data":50003},"model":"customfishing:96c40b60-5fe1-4355-8ac7-2af44bf0db86"},{"predicate":{"custom_model_data":100700},"model":"addcook:3d5ec254-0660-4aa7-8930-a090c9254bda"},{"predicate":{"custom_model_data":100701},"model":"addcook:d321636b-2cce-4f00-b172-306f8e17bdd2"},{"predicate":{"custom_model_data":100702},"model":"addcook:9efae0cc-1984-4aca-96eb-e2615b6da1e9"},{"predicate":{"custom_model_data":100703},"model":"addcook:778e24fe-5ffa-40c1-bb32-f41991b44e5d"},{"predicate":{"custom_model_data":100704},"model":"addcook:3410f361-de91-45a0-9fc5-1dd9e0601a38"},{"predicate":{"custom_model_data":100705},"model":"addcook:8ec03962-a789-4ce1-8a2b-0bbeb9152096"},{"predicate":{"custom_model_data":100706},"model":"4a622164-9ae4-49a7-806d-3be05756776a"},{"predicate":{"custom_model_data":100707},"model":"0cb58eb7-d047-4bae-96ef-f3da0f3c5348"},{"predicate":{"custom_model_data":100708},"model":"4b7d593c-e0af-4243-b579-2b8c2dbca320"},{"predicate":{"custom_model_data":101000},"model":"2a4245db-bfd8-4526-bb6a-3b91454f9ee2"},{"predicate":{"custom_model_data":101001},"model":"96e2e246-539e-46de-8f07-958d3875d87e"},{"predicate":{"custom_model_data":101002},"model":"c1d2e491-d3a9-4680-9f47-59c6dc40ead2"},{"predicate":{"custom_model_data":101003},"model":"aaecd51f-37dc-4d2e-ad1d-b1a77e07cbc9"},{"predicate":{"custom_model_data":101004},"model":"addcrop:1e828df7-089c-41b1-8e47-18deb4a494bc"},{"predicate":{"custom_model_data":101005},"model":"addcrop:5915a96e-dc71-4879-86c3-076e33209e49"},{"predicate":{"custom_model_data":101006},"model":"addcrop:433c4434-205a-4c42-87c2-19bda61c4ec8"},{"predicate":{"custom_model_data":101007},"model":"addcrop:6e33f212-634d-43f1-913f-91c7368481d3"},{"predicate":{"custom_model_data":101008},"model":"addcrop:477e4f3a-a5de-4667-87c3-f43839764f5f"},{"predicate":{"custom_model_data":101009},"model":"addcrop:02bcd8e5-9c05-4669-87d8-81a32b44aa03"},{"predicate":{"custom_model_data":101010},"model":"8dc1f211-df8f-498f-8fe1-d2c2ac6e9f6a"},{"predicate":{"custom_model_data":101011},"model":"180274bd-37dd-451b-859f-10c4996ee684"},{"predicate":{"custom_model_data":101012},"model":"786985ef-a7e4-4955-b048-ed28206fbac8"},{"predicate":{"custom_model_data":101013},"model":"8d266d93-b734-467d-ab95-e301de40140a"},{"predicate":{"custom_model_data":101014},"model":"addcrop:6c27308c-1d45-4d36-9564-bf3dc1707705"},{"predicate":{"custom_model_data":101015},"model":"addcrop:ed98f9cc-3ecb-4692-8fc3-742929876b21"},{"predicate":{"custom_model_data":101016},"model":"addcrop:b93b263e-b386-4de5-be81-104f4358d5ab"},{"predicate":{"custom_model_data":101017},"model":"addcrop:8777341c-25fd-4295-8896-1280c8fab5e6"},{"predicate":{"custom_model_data":101020},"model":"cb0e3ccf-710a-4bed-9993-85496ca126c5"},{"predicate":{"custom_model_data":101021},"model":"87a3e122-1184-4c94-b5e2-848c80f201f2"},{"predicate":{"custom_model_data":101022},"model":"3b26c845-caf2-493a-bd8a-9165d9724ded"},{"predicate":{"custom_model_data":101023},"model":"1132ff52-08ca-4e3e-b5b6-f45a3152886b"},{"predicate":{"custom_model_data":101024},"model":"addcrop:ff16914d-3f20-46ea-bdf7-eb64504966ef"},{"predicate":{"custom_model_data":101025},"model":"addcrop:787a7bac-f6dd-47b6-bf9c-dc34cd0d206a"},{"predicate":{"custom_model_data":101026},"model":"addcrop:0e1bd843-382d-4f6d-a8d2-6a196f4c62d6"},{"predicate":{"custom_model_data":101027},"model":"addcrop:6884ddf5-7182-49aa-a36d-1a9e4a79a41b"},{"predicate":{"custom_model_data":101028},"model":"addcrop:7905679d-f62e-48ce-b721-d29c6cb5b385"},{"predicate":{"custom_model_data":101029},"model":"addcrop:30657067-741c-4ea9-b8dd-a9a9fb3885b9"},{"predicate":{"custom_model_data":101030},"model":"dc8e3728-3abe-4602-b2c6-1e03a2546c40"},{"predicate":{"custom_model_data":101031},"model":"a5e84f89-a6af-47fa-ac4c-768ce8566898"},{"predicate":{"custom_model_data":101032},"model":"a4e2f5ab-f367-4163-83fb-790d5f4ef3d6"},{"predicate":{"custom_model_data":101033},"model":"26881dd1-da02-494b-ad08-3017419199eb"},{"predicate":{"custom_model_data":101034},"model":"addcrop:f31cd92e-6204-4fc1-bfed-705b8f438d78"},{"predicate":{"custom_model_data":101035},"model":"addcrop:4d8ea0b8-afc1-43cc-a994-bd66493cfff9"},{"predicate":{"custom_model_data":101036},"model":"addcrop:174db5d3-e255-4623-a6b5-1d1be6664f8c"},{"predicate":{"custom_model_data":101037},"model":"addcrop:aedd8c44-f0c2-4578-9b4e-f44506809ac7"},{"predicate":{"custom_model_data":101038},"model":"addcrop:dc45e9dc-2f13-4e52-b0fb-f7b30f8e50ac"},{"predicate":{"custom_model_data":101039},"model":"addcrop:68de149f-fdbb-4740-9dc8-ab0294e693ee"},{"predicate":{"custom_model_data":101040},"model":"1edf13b4-1e5c-4f52-9a33-4c3606ba4267"},{"predicate":{"custom_model_data":101041},"model":"78d3e920-f1e3-4c1d-b48b-665ac2dad92f"},{"predicate":{"custom_model_data":101042},"model":"47ac6d23-b0b0-421a-b132-253931234895"},{"predicate":{"custom_model_data":101043},"model":"ad075e34-d4ca-4484-a267-f8a6007f7341"},{"predicate":{"custom_model_data":101044},"model":"addcrop:ee289aaf-260d-4f7c-8c68-733a266d5ca7"},{"predicate":{"custom_model_data":101045},"model":"addcrop:90e789ef-0bf8-483d-b451-240fcffa5720"},{"predicate":{"custom_model_data":101046},"model":"addcrop:7d13544c-a291-4df1-8cc8-1d6447ecb598"},{"predicate":{"custom_model_data":101047},"model":"addcrop:88283d43-3a7c-4aec-9922-749162b03239"},{"predicate":{"custom_model_data":101048},"model":"addcrop:ab0ed37e-b217-48c5-b430-fa634e654133"},{"predicate":{"custom_model_data":101050},"model":"3af8a291-975a-440b-8e57-02e05cad4adf"},{"predicate":{"custom_model_data":101051},"model":"3190d892-75f1-4085-b80a-17e888ecac83"},{"predicate":{"custom_model_data":101052},"model":"23d4781b-c0af-413e-a76d-f8f2d7f9510b"},{"predicate":{"custom_model_data":101053},"model":"84995eae-2d49-417b-86b6-d778aed3b627"},{"predicate":{"custom_model_data":101054},"model":"addcrop:b65bc904-fad6-4851-b604-343d6ba291c1"},{"predicate":{"custom_model_data":101055},"model":"addcrop:9b4727f3-3f5c-453f-98a1-48d612278d0f"},{"predicate":{"custom_model_data":101056},"model":"addcrop:0d2db88e-27f3-4e22-a883-cc6d4644ea85"},{"predicate":{"custom_model_data":101057},"model":"addcrop:92130da7-324f-4c6f-8724-fefd3c2629c6"},{"predicate":{"custom_model_data":101060},"model":"418dce3e-6a19-4ca6-82b6-f19a68ce6b72"},{"predicate":{"custom_model_data":101061},"model":"8965759a-c0a1-47ce-8341-ba7922d8c679"},{"predicate":{"custom_model_data":101062},"model":"52125a9f-912e-4d2b-b39c-368edcb27666"},{"predicate":{"custom_model_data":101063},"model":"d5ba6627-81e5-45c9-ac79-86ef60e6ee50"},{"predicate":{"custom_model_data":101064},"model":"addcrop:c4b6518c-538b-4a44-afe2-a0703ca8f767"},{"predicate":{"custom_model_data":101065},"model":"addcrop:ef611918-7db7-4eed-8a88-3e8e6f133e95"},{"predicate":{"custom_model_data":101066},"model":"addcrop:f4c3ee3b-827d-4ed9-9f47-92ba94bd10bd"},{"predicate":{"custom_model_data":101067},"model":"addcrop:c7b1a206-5d38-4adb-b6c3-8792f0d532e4"},{"predicate":{"custom_model_data":101068},"model":"addcrop:58e79eb0-7ece-4f24-b308-fec7601e1495"},{"predicate":{"custom_model_data":101069},"model":"addcrop:9b61fd69-2c48-42ff-b4da-6c5c9d3175b3"},{"predicate":{"custom_model_data":101070},"model":"cc279a18-e7b2-46c3-89ad-920df37ee3c1"},{"predicate":{"custom_model_data":101071},"model":"c96054a4-900b-4622-970c-5c8fe0ea4517"},{"predicate":{"custom_model_data":101072},"model":"3195552d-dc96-4f8e-9939-86dedbeb634f"},{"predicate":{"custom_model_data":101073},"model":"cff33837-4b98-4633-b409-e2a63c7d6cb6"},{"predicate":{"custom_model_data":101074},"model":"addcrop:ad284be6-d2d9-44ca-ada3-089881e2e827"},{"predicate":{"custom_model_data":101075},"model":"addcrop:35399a46-37a2-41f6-ac3e-f38559682c55"},{"predicate":{"custom_model_data":101076},"model":"addcrop:3701cfbc-94d3-40d7-9a65-0abd5955b663"},{"predicate":{"custom_model_data":101077},"model":"addcrop:e7af1ec3-2de1-4f1f-be57-1c01ac4ee6fd"},{"predicate":{"custom_model_data":101080},"model":"c27c25f4-7f10-4d8d-bc75-80de9d225fdd"},{"predicate":{"custom_model_data":101081},"model":"ec37415e-04ae-49ed-8e24-3baab34868a4"},{"predicate":{"custom_model_data":101082},"model":"06c5a7f7-481c-40fb-9345-c8d9f37d5d04"},{"predicate":{"custom_model_data":101083},"model":"c0c2d03e-6062-4b96-999f-a465afedcc37"},{"predicate":{"custom_model_data":101084},"model":"addcrop:b604656e-b437-4d0d-b021-c55bfb25f6d8"},{"predicate":{"custom_model_data":101085},"model":"addcrop:63089c7c-405b-47a0-8c0d-bf8667544ffa"},{"predicate":{"custom_model_data":101086},"model":"addcrop:50a2e51a-dd15-4cf1-8e3f-ddc6840160e4"},{"predicate":{"custom_model_data":101087},"model":"addcrop:6ba47daa-556f-4e96-bc73-3a25b86667c3"},{"predicate":{"custom_model_data":101088},"model":"addcrop:8241fa74-98fd-46bc-ba49-89fdf0dfed4e"},{"predicate":{"custom_model_data":101090},"model":"d3a6611e-5199-4196-9056-7b00acfbaf4a"},{"predicate":{"custom_model_data":101091},"model":"6de34326-169f-42fa-8298-64eb34b5a59c"},{"predicate":{"custom_model_data":101092},"model":"ce01d451-4593-4e25-83ef-06f0f3e17b34"},{"predicate":{"custom_model_data":101093},"model":"5fa5a218-a0f2-44b1-9cc2-8ed7dfe30705"},{"predicate":{"custom_model_data":101094},"model":"addcrop:52a8779f-42db-4e16-8c90-b92eb469dcd5"},{"predicate":{"custom_model_data":101095},"model":"addcrop:04f44741-217f-44a8-bb6e-e4f5bc6eca54"},{"predicate":{"custom_model_data":101096},"model":"addcrop:7bc0f6f7-26d1-462b-bd28-914cee4c82b6"},{"predicate":{"custom_model_data":101097},"model":"addcrop:8cbad98b-364f-443b-9576-4d9750228d84"},{"predicate":{"custom_model_data":101098},"model":"addcrop:8d33a58f-117b-4221-bfca-35a1847b5be8"},{"predicate":{"custom_model_data":101099},"model":"addcrop:ad7539ad-eedf-4926-af86-59edd89e9c2c"},{"predicate":{"custom_model_data":101100},"model":"717f6105-cc1a-407d-b5ee-4a444b80b427"},{"predicate":{"custom_model_data":101101},"model":"cd3fd232-678c-4985-bbf6-aede49fe978f"},{"predicate":{"custom_model_data":101102},"model":"b3b6548b-9812-4968-a086-f769d53144ba"},{"predicate":{"custom_model_data":101103},"model":"834f141c-b0de-4e76-b6f4-ef0061fc223d"},{"predicate":{"custom_model_data":101104},"model":"addcrop:b7d3a633-9be8-4615-b012-666b88ae9406"},{"predicate":{"custom_model_data":101105},"model":"addcrop:984a8112-a16c-4352-bec6-38d22860778f"},{"predicate":{"custom_model_data":101106},"model":"addcrop:5082dee0-f2e9-4cc9-9c3f-5c990075121b"},{"predicate":{"custom_model_data":101107},"model":"addcrop:31dfa196-bd57-46ed-ad50-32db33c098b8"},{"predicate":{"custom_model_data":101108},"model":"addcrop:05685849-2a88-4a3e-918a-3c94ace5e999"},{"predicate":{"custom_model_data":101110},"model":"62a5a172-3c69-4fec-b73e-cab865c94fc6"},{"predicate":{"custom_model_data":101111},"model":"14b1f553-8a81-4727-bcf4-1ad7e83e3852"},{"predicate":{"custom_model_data":101112},"model":"789c12eb-cabb-4199-8aa7-3b81a38364f4"},{"predicate":{"custom_model_data":101113},"model":"d9dbd93e-26aa-41b8-a531-9d6892d151c0"},{"predicate":{"custom_model_data":101114},"model":"addcrop:444ead3d-cc4e-4bd5-87f7-20d590fcd673"},{"predicate":{"custom_model_data":101115},"model":"addcrop:214f1079-4325-424d-8618-1cbf149edac3"},{"predicate":{"custom_model_data":101116},"model":"addcrop:e4c3a3ae-7705-4ed6-b2fd-930a62bbeeb2"},{"predicate":{"custom_model_data":101117},"model":"addcrop:b93c030b-4d71-4d66-87f9-a6c363278c15"},{"predicate":{"custom_model_data":101120},"model":"83f03866-c25d-40fa-8756-ef71b8d14615"},{"predicate":{"custom_model_data":101121},"model":"947b21a4-463e-4069-ab1e-3f94495e699f"},{"predicate":{"custom_model_data":101122},"model":"f4c6baed-5966-4d20-ad57-c49b88781e0f"},{"predicate":{"custom_model_data":101123},"model":"819fdd41-05a6-4f4e-9962-b977f5411711"},{"predicate":{"custom_model_data":101124},"model":"addcrop:7f6bd9e7-6cd5-4db7-bd3d-43d719d7150c"},{"predicate":{"custom_model_data":101125},"model":"addcrop:527e8b12-cedb-4684-bf8e-33ee68d93c53"},{"predicate":{"custom_model_data":101126},"model":"addcrop:ce84549d-2a02-4e40-9abd-78e7d488dc1f"},{"predicate":{"custom_model_data":101127},"model":"addcrop:05904dc3-e479-43fe-90d9-9ee20541d869"},{"predicate":{"custom_model_data":101130},"model":"734596f5-ca7c-4495-bfdd-c37afc0177ea"},{"predicate":{"custom_model_data":101131},"model":"d003fea4-afd8-4673-bac8-832226349762"},{"predicate":{"custom_model_data":101132},"model":"37751bb5-b9df-442b-a600-82a5383f8a34"},{"predicate":{"custom_model_data":101133},"model":"49fc0ca7-7454-48fa-995a-394669d95307"},{"predicate":{"custom_model_data":101134},"model":"addcrop:20203a00-cfcf-4334-b46e-a6e2213cd62e"},{"predicate":{"custom_model_data":101135},"model":"addcrop:27a38ea9-eb58-4d7e-bece-3cfdd911b926"},{"predicate":{"custom_model_data":101136},"model":"addcrop:cf53ab38-75f5-4acb-a4a8-551c2c4ede58"},{"predicate":{"custom_model_data":101137},"model":"addcrop:aced8d4a-c4da-4fbb-9aa4-a70d45d27b16"},{"predicate":{"custom_model_data":101138},"model":"addcrop:65b88e61-e6dc-4c8a-b074-150809251f6c"},{"predicate":{"custom_model_data":101139},"model":"addcrop:e0e9900b-742e-4b33-9308-15f5671c2ad3"},{"predicate":{"custom_model_data":101140},"model":"d9eaecc8-1524-41f4-acda-2b4777b7513a"},{"predicate":{"custom_model_data":101141},"model":"f4ea46b4-ae6d-48cb-a7ee-d55fcca27056"},{"predicate":{"custom_model_data":101142},"model":"856268f5-fe0e-490f-84b0-975e8ef912a0"},{"predicate":{"custom_model_data":101143},"model":"4dbd82cb-1b73-44b8-9366-fafef21035fb"},{"predicate":{"custom_model_data":101144},"model":"addcrop:4a21c4ef-8d29-476d-9c0f-96193bb03845"},{"predicate":{"custom_model_data":101145},"model":"addcrop:0c5e017c-11e7-4867-b4e6-94f208bccd71"},{"predicate":{"custom_model_data":101146},"model":"addcrop:43aad342-b2c8-474c-8eb5-a0440d486f8e"},{"predicate":{"custom_model_data":101147},"model":"addcrop:f8689d23-7f7a-4f0d-a9d6-688753012e48"},{"predicate":{"custom_model_data":101148},"model":"addcrop:b5d1be74-075b-4096-9e52-dee68d44de53"},{"predicate":{"custom_model_data":101150},"model":"6b08e224-e579-4b6c-ac62-32f802d21866"},{"predicate":{"custom_model_data":101151},"model":"280449c7-6281-4149-9881-7dc18460f0f9"},{"predicate":{"custom_model_data":101152},"model":"caa5b7c4-ce31-4549-b856-a2f3a24d5a07"},{"predicate":{"custom_model_data":101153},"model":"98601b96-fdfe-4bef-84cf-be8a1ecc5a53"},{"predicate":{"custom_model_data":101154},"model":"addcrop:6cc5a461-56f6-4bdd-a594-dd789cadc24e"},{"predicate":{"custom_model_data":101155},"model":"addcrop:e4b9a93a-3f6d-46f4-809a-388dfea89fc5"},{"predicate":{"custom_model_data":101156},"model":"addcrop:cede8108-51fb-46bb-af5a-a2768d4cb21d"},{"predicate":{"custom_model_data":101157},"model":"addcrop:1c3309ca-fc91-4e93-8891-f69e0a2c7468"},{"predicate":{"custom_model_data":101158},"model":"addcrop:ac4c5400-9261-4458-9d11-9f4039e031ce"},{"predicate":{"custom_model_data":101160},"model":"0df41000-2b57-4438-aac7-9bdfb0b3ee89"},{"predicate":{"custom_model_data":101161},"model":"78fbb730-6412-4dac-b889-6d830cca8d21"},{"predicate":{"custom_model_data":101162},"model":"0b98d0ff-482a-44b0-a5b9-d6d12990d1a4"},{"predicate":{"custom_model_data":101163},"model":"8e9958d4-a3c7-4953-929d-282c985c0396"},{"predicate":{"custom_model_data":101164},"model":"addcrop:7cacf0a4-fc87-4cfd-b687-c7b162df30ac"},{"predicate":{"custom_model_data":101165},"model":"addcrop:5c809819-751c-4cae-a361-5cebb57e2ed3"},{"predicate":{"custom_model_data":101166},"model":"addcrop:2ee8c789-30b8-4fdf-8033-330ec4a13802"},{"predicate":{"custom_model_data":101167},"model":"addcrop:63e7f5ea-bc30-49a5-ab6b-a7667c941d33"},{"predicate":{"custom_model_data":101170},"model":"12e54811-220e-49fe-801b-49bf88a6dd5c"},{"predicate":{"custom_model_data":101171},"model":"15b6498b-8f76-4692-91b2-e6afe3bcf832"},{"predicate":{"custom_model_data":101172},"model":"7537d838-0d17-4464-8112-063519fa0a82"},{"predicate":{"custom_model_data":101173},"model":"0423e60d-f308-4d07-b4c1-a3994a4ee9e1"},{"predicate":{"custom_model_data":101174},"model":"addcrop:8680fd74-48d3-46ac-a51a-1a6562299e8f"},{"predicate":{"custom_model_data":101175},"model":"addcrop:4868aa86-f8b4-4b21-b349-04e5f3555899"},{"predicate":{"custom_model_data":101176},"model":"addcrop:6e581489-ea16-4641-8264-7a1b58f19d38"},{"predicate":{"custom_model_data":101177},"model":"addcrop:daca7367-b89b-4d32-b948-098cb0784e12"},{"predicate":{"custom_model_data":101180},"model":"5353d895-8120-4bc5-9f9f-4a9de662586f"},{"predicate":{"custom_model_data":101181},"model":"f5cd0a78-b4d3-4439-8e73-2a105af0993f"},{"predicate":{"custom_model_data":101182},"model":"f6b80025-77a8-42e5-b51b-47dda8e0d982"},{"predicate":{"custom_model_data":101183},"model":"ab88affc-01b8-44e4-a0ca-50cb89738864"},{"predicate":{"custom_model_data":101184},"model":"addcrop:8abb29a9-b2ce-4145-9d60-cc5a08976bd5"},{"predicate":{"custom_model_data":101185},"model":"addcrop:91d19cfa-1439-4a89-9220-fa279ee7c564"},{"predicate":{"custom_model_data":101186},"model":"addcrop:cee08e4f-3cf5-4fff-bb80-518f7c17847c"},{"predicate":{"custom_model_data":101187},"model":"addcrop:446b81da-bf26-4a14-b3f2-0800f16ba189"},{"predicate":{"custom_model_data":101190},"model":"bbd81165-6402-48b9-9595-5325ee4b31ed"},{"predicate":{"custom_model_data":101191},"model":"eb1f2849-b1ee-4afe-97d7-c7106d73cff6"},{"predicate":{"custom_model_data":101192},"model":"0fdf1a83-c543-4758-b76f-d7709505d6ab"},{"predicate":{"custom_model_data":101193},"model":"e9a0d73d-8ddf-4c13-b8e0-04e711984ac2"},{"predicate":{"custom_model_data":101194},"model":"addcrop:381d3a4d-4ec1-4032-a75e-1bbece539d6c"},{"predicate":{"custom_model_data":101195},"model":"addcrop:1568bde5-7f71-41c7-b8ae-c5a3b9ff20ec"},{"predicate":{"custom_model_data":101196},"model":"addcrop:9a5f12c2-2006-4b91-b37e-a9f157d8aaa2"},{"predicate":{"custom_model_data":101197},"model":"addcrop:6b013dc2-6e3b-4452-8086-3101854158f9"},{"predicate":{"custom_model_data":101220},"model":"addcrop:887c5109-6700-4467-b916-54251caded0f"},{"predicate":{"custom_model_data":101221},"model":"addcrop:cae9ae97-284a-4ac3-96f8-f0201d829e01"},{"predicate":{"custom_model_data":101222},"model":"addcrop:63d19f5e-19a2-4903-a590-de0a0e69d3a4"},{"predicate":{"custom_model_data":101223},"model":"addcrop:8b9ae591-ca5e-4364-98fd-0867e9aa741b"},{"predicate":{"custom_model_data":101224},"model":"3ede3e77-8087-4a78-9616-76457945d6d4"},{"predicate":{"custom_model_data":101230},"model":"addcrop:e38d6401-6d32-4db2-bac6-a8c41acc3de1"},{"predicate":{"custom_model_data":101231},"model":"addcrop:42332064-808b-4abf-9aac-3820a05234be"},{"predicate":{"custom_model_data":101232},"model":"addcrop:06f4b5bf-0f5a-4523-a29c-df443de47036"},{"predicate":{"custom_model_data":101233},"model":"addcrop:9319104d-8289-4220-b28b-539a754ae8cd"},{"predicate":{"custom_model_data":101234},"model":"613feecf-d216-48f1-a6ef-207a926cce2d"},{"predicate":{"custom_model_data":101240},"model":"addcrop:a2474019-3a5d-46e3-9b5e-63aa87f7e702"},{"predicate":{"custom_model_data":101241},"model":"addcrop:dfc4478c-3aa6-436f-9984-dfcb0a954066"},{"predicate":{"custom_model_data":101242},"model":"addcrop:ca595e33-92a5-4f25-870e-938416959386"},{"predicate":{"custom_model_data":101243},"model":"addcrop:b6c83e3b-9b8f-4f6c-9f36-8ce179457892"},{"predicate":{"custom_model_data":101244},"model":"f494ce48-6d8c-46d8-b6ff-268857e29f8e"},{"predicate":{"custom_model_data":101250},"model":"addcrop:d5295a60-2121-414e-b417-90f14f6057ec"},{"predicate":{"custom_model_data":101251},"model":"addcrop:ae099f46-34e2-44bd-9d99-0c50e0d8ab25"},{"predicate":{"custom_model_data":101252},"model":"addcrop:a41c247a-9482-49a2-9b89-2e197e0aec23"},{"predicate":{"custom_model_data":101253},"model":"addcrop:ee9001bd-99d4-4ad9-ba88-2d7664fc6784"},{"predicate":{"custom_model_data":101254},"model":"f0f167af-220a-4e12-b925-41adb57bef63"},{"predicate":{"custom_model_data":101260},"model":"addcrop:08923d4a-5e61-4749-9c72-f078cc1fd528"},{"predicate":{"custom_model_data":101261},"model":"addcrop:7a0a77d1-1d84-4926-8401-b13120d3920a"},{"predicate":{"custom_model_data":101262},"model":"addcrop:e4d79176-fe9c-41dd-8f48-d81d6a31c621"},{"predicate":{"custom_model_data":101263},"model":"addcrop:12f1c040-30bb-4a53-a46a-9d150f7d789a"},{"predicate":{"custom_model_data":101264},"model":"addcrop:c7003c88-e2b3-47c7-bae1-9dd32fc819ad"},{"predicate":{"custom_model_data":101270},"model":"addcrop:06328386-eb47-4535-b1c0-5bf9d7a54c80"},{"predicate":{"custom_model_data":101271},"model":"addcrop:c0832408-0233-46df-b7ac-58f2a077a311"},{"predicate":{"custom_model_data":101272},"model":"addcrop:b9993f26-d555-4602-8e9b-fe75dd1afdac"},{"predicate":{"custom_model_data":101273},"model":"addcrop:7352e8ad-5d2c-463b-a73d-f930c2b84c9a"},{"predicate":{"custom_model_data":101274},"model":"580b35a5-5d2d-4c25-860b-aff3c0ece41a"},{"predicate":{"custom_model_data":101280},"model":"addcrop:60b179f5-6ccc-4efe-9fc4-a7c330da04ae"},{"predicate":{"custom_model_data":101281},"model":"addcrop:07ad9504-bd8c-4d84-bed4-cba38d33c0af"},{"predicate":{"custom_model_data":101282},"model":"addcrop:33801932-9792-4599-91d2-4f441efd543e"},{"predicate":{"custom_model_data":101283},"model":"addcrop:4e7f973f-489a-4a70-a4b9-7c1fd246b33d"},{"predicate":{"custom_model_data":101284},"model":"a2e621ea-1cf0-44bd-854f-b35529fd370d"},{"predicate":{"custom_model_data":101290},"model":"addcrop:f78d321b-bdfe-4eb8-92a5-22df6b6e322b"},{"predicate":{"custom_model_data":101291},"model":"addcrop:39fa2fd4-c4fe-4379-8902-644b148c24d5"},{"predicate":{"custom_model_data":101292},"model":"addcrop:7c426bea-5f51-4213-9fad-4deb3c04e5b8"},{"predicate":{"custom_model_data":101293},"model":"addcrop:1a0d6830-9ad2-43e6-ab28-57db90725e58"},{"predicate":{"custom_model_data":101294},"model":"addcrop:0d7b8dee-00c1-4877-bce3-be085be03496"},{"predicate":{"custom_model_data":101300},"model":"addcrop:9b041ac7-766f-40cc-9111-b0aac6d397f9"},{"predicate":{"custom_model_data":101301},"model":"addcrop:ae4fafff-4b63-4a78-89f7-7616a6cbf9e5"},{"predicate":{"custom_model_data":101302},"model":"addcrop:f7966530-823a-4bfd-9337-94a0eb095de6"},{"predicate":{"custom_model_data":101303},"model":"addcrop:bed2fcdf-9aa0-47c6-aae5-2cc9e0ec5351"},{"predicate":{"custom_model_data":101304},"model":"b5d55a32-7f55-4392-ae71-8f92b294edaf"},{"predicate":{"custom_model_data":101310},"model":"addcrop:0f706309-8ff9-468f-9617-cbc2e7b74607"},{"predicate":{"custom_model_data":101311},"model":"addcrop:e7f5b3a0-4bc3-4542-b7e1-9639a9ba6a69"},{"predicate":{"custom_model_data":101312},"model":"addcrop:405c5e63-ead8-4c5d-bc81-7340d2d80f9d"},{"predicate":{"custom_model_data":101313},"model":"addcrop:93c37ef6-bd13-4713-9ba0-c486e24ccc88"},{"predicate":{"custom_model_data":101314},"model":"b7e385ca-7dc9-4c59-9911-dcd62082c377"},{"predicate":{"custom_model_data":101320},"model":"addcrop:aa74cf57-42a6-4920-8b10-f591269f0948"},{"predicate":{"custom_model_data":101321},"model":"addcrop:4ded3d19-41fc-4856-82b9-c9789cef6204"},{"predicate":{"custom_model_data":101322},"model":"addcrop:b297b9bc-1cf6-4769-adf8-8ef2af8e63a2"},{"predicate":{"custom_model_data":101323},"model":"addcrop:0c108802-a5e6-4f0a-a155-b5e2f56b95b0"},{"predicate":{"custom_model_data":101324},"model":"addcrop:c33b4b54-e949-4dbc-8029-b7675502bb11"},{"predicate":{"custom_model_data":101330},"model":"addcrop:3c25feb3-1ef4-4965-a9a6-b19929e4e8dd"},{"predicate":{"custom_model_data":101331},"model":"addcrop:9c3820d8-276a-4a75-958b-dd6a15f6bd49"},{"predicate":{"custom_model_data":101332},"model":"addcrop:323a2871-f472-49a7-9522-42ca517ec908"},{"predicate":{"custom_model_data":101333},"model":"addcrop:13a51c53-9bcd-479d-984e-b46b9f1d5232"},{"predicate":{"custom_model_data":101334},"model":"ff7a4bf2-c320-41b6-9330-48b1ad6c12c6"},{"predicate":{"custom_model_data":101340},"model":"addcrop:1df97b54-5638-4f52-9ed7-4da5315d157a"},{"predicate":{"custom_model_data":101341},"model":"addcrop:9be3135c-dc79-465c-b63a-6b97522225cd"},{"predicate":{"custom_model_data":101342},"model":"addcrop:a6a9a9eb-e88d-4672-a6c3-b8dbd621e360"},{"predicate":{"custom_model_data":101343},"model":"addcrop:78f5c7d9-53d9-43bb-9b6e-f44163925469"},{"predicate":{"custom_model_data":101344},"model":"80c3d3e1-8eb9-4f9c-b266-516fa350877b"},{"predicate":{"custom_model_data":101350},"model":"addcrop:4d873c16-1f24-462f-a1a6-a0892edd37c4"},{"predicate":{"custom_model_data":101351},"model":"addcrop:8a67c508-7798-4ae3-b919-980768f534ca"},{"predicate":{"custom_model_data":101352},"model":"addcrop:35a0c357-8cda-451a-a4cd-6f93a9c93f5e"},{"predicate":{"custom_model_data":101353},"model":"addcrop:b1613f82-1828-4961-8669-2af1b69a3526"},{"predicate":{"custom_model_data":101354},"model":"e9e1b986-388b-458b-ba57-a73f09ac7603"},{"predicate":{"custom_model_data":101360},"model":"addcrop:0a429c00-54d7-4e29-8650-28fc8b4ca8d2"},{"predicate":{"custom_model_data":101361},"model":"addcrop:2f9c2989-ab7c-40d6-8b6b-bf99efc35984"},{"predicate":{"custom_model_data":101362},"model":"addcrop:0c909a5f-06df-4f16-88a1-c56dfda69a02"},{"predicate":{"custom_model_data":101363},"model":"addcrop:57d0d5f9-d48e-4903-b766-ec55c80f80b0"},{"predicate":{"custom_model_data":101364},"model":"63fabffc-2bf3-4619-a13c-9dd8bc2fd3ad"},{"predicate":{"custom_model_data":101370},"model":"addcrop:47167724-2310-4000-bf24-99d87f834c91"},{"predicate":{"custom_model_data":101371},"model":"addcrop:08acb19b-a114-418d-a4ce-ffc2961e120f"},{"predicate":{"custom_model_data":101372},"model":"addcrop:b6f8b04f-8445-4f73-813b-ab0a1d98421d"},{"predicate":{"custom_model_data":101373},"model":"addcrop:13dfd84c-9544-4b55-b6c8-5d764162d90f"},{"predicate":{"custom_model_data":101374},"model":"addcrop:c23fbdb3-0d87-4e75-aa30-c4c52ca367c3"},{"predicate":{"custom_model_data":101380},"model":"addcrop:346c86d6-35c8-4cb6-8779-3806da42f87e"},{"predicate":{"custom_model_data":101381},"model":"addcrop:956c0eac-8efb-44af-a548-fb923ae07e23"},{"predicate":{"custom_model_data":101382},"model":"addcrop:8c5bd790-3262-44aa-87b2-f5617ecdbd1a"},{"predicate":{"custom_model_data":101383},"model":"addcrop:d9a750ef-c41c-4e21-8f8d-158a4a4e1f6a"},{"predicate":{"custom_model_data":101384},"model":"addcrop:bdcf9582-dc9f-4c3b-b3c4-62aa9938d712"},{"predicate":{"custom_model_data":101390},"model":"addcrop:cb206ec6-7e7a-43e0-8e64-f2a876ca6704"},{"predicate":{"custom_model_data":101391},"model":"addcrop:d784cd29-cabb-46da-9413-71d825ce8a24"},{"predicate":{"custom_model_data":101392},"model":"addcrop:f261444a-afdc-4719-87e6-ac4c6e9fd1f6"},{"predicate":{"custom_model_data":101393},"model":"addcrop:27bdcddd-c178-4015-be8f-2eeadc992bb8"},{"predicate":{"custom_model_data":101394},"model":"addcrop:c76b1558-e596-4064-a292-97e3aac3197b"},{"predicate":{"custom_model_data":101400},"model":"addcrop:10450945-811b-4338-8a98-ae0a0ed2c3da"},{"predicate":{"custom_model_data":101401},"model":"addcrop:530f1727-4602-4729-8807-21a70f3730f5"},{"predicate":{"custom_model_data":101402},"model":"addcrop:71ee265c-9dc1-44e4-9e70-4d5b753895d9"},{"predicate":{"custom_model_data":101403},"model":"addcrop:73ab7b1c-e348-4e6f-a4ea-f4911fe2211d"},{"predicate":{"custom_model_data":101404},"model":"a07465ca-8ba9-44ea-a785-ca5aaef6dfc2"},{"predicate":{"custom_model_data":101410},"model":"addcrop:bef9b021-e425-4edb-91e0-a16bafa56e89"},{"predicate":{"custom_model_data":101411},"model":"addcrop:c027f820-29f3-470e-ba5e-c2aced801c76"},{"predicate":{"custom_model_data":101412},"model":"addcrop:bec72eec-a976-403d-950a-61c7cf8bd186"},{"predicate":{"custom_model_data":101413},"model":"addcrop:69e0d694-6232-4182-ac3d-2292c70c16eb"},{"predicate":{"custom_model_data":101414},"model":"addcrop:94f2511e-1a4f-41d4-b864-f3e3ba56bab3"},{"predicate":{"custom_model_data":101500},"model":"ca64ed45-86ea-47b0-901a-c8fa46fe43df"},{"predicate":{"custom_model_data":101501},"model":"ca4c9d58-eb19-4a77-8210-9b171f5ab070"},{"predicate":{"custom_model_data":101502},"model":"063e6f56-504d-4405-8541-8fe34be28747"},{"predicate":{"custom_model_data":101503},"model":"bb032aa1-528c-4e13-8f30-c75be7d64501"},{"predicate":{"custom_model_data":101504},"model":"ad06d580-bfe1-461f-bea5-a48ea7c68270"},{"predicate":{"custom_model_data":101506},"model":"bcfa6366-94f8-4b67-b58d-8bbefdee06c6"},{"predicate":{"custom_model_data":101507},"model":"addcrop:cc4e66e8-d9e3-461d-a096-e7e6be36bf28"},{"predicate":{"custom_model_data":101508},"model":"addcrop:f34ec2aa-3023-4ddc-a572-b3b28ef903d4"},{"predicate":{"custom_model_data":101509},"model":"addcrop:4bcfd7d2-950f-4ee7-b9f3-98b2024a8726"},{"predicate":{"custom_model_data":101510},"model":"addcrop:e4ebbad1-c633-45b7-8143-d14e014531af"},{"predicate":{"custom_model_data":101511},"model":"addcrop:09a9cc0c-93ee-4ad8-accb-1e5b379cb77f"},{"predicate":{"custom_model_data":101512},"model":"addcrop:835a6f5c-b2fc-4a2c-a35e-b64402a7a6fb"},{"predicate":{"custom_model_data":101513},"model":"addcrop:e9a300ba-feb9-4102-a539-d5ae173b33f1"},{"predicate":{"custom_model_data":101514},"model":"addcrop:148bcdd6-02ed-4357-b983-37c5645ae34b"},{"predicate":{"custom_model_data":101515},"model":"addcrop:6f8cd240-3207-4662-9ad9-506394e64a02"},{"predicate":{"custom_model_data":101516},"model":"addcrop:dae82210-2dc8-4452-a917-cb6b0efbc261"},{"predicate":{"custom_model_data":101517},"model":"addcrop:744ef498-109a-4265-903d-8467ad87dd17"},{"predicate":{"custom_model_data":101518},"model":"addcrop:0438621a-cde3-48cc-b45a-21253c55cded"},{"predicate":{"custom_model_data":101519},"model":"addcrop:ce3a8b24-a8b7-4a44-b727-8e6ea02338fa"},{"predicate":{"custom_model_data":101520},"model":"addcrop:afe63880-d4c5-41be-bdc1-f0fda2b4e40e"},{"predicate":{"custom_model_data":101521},"model":"addcrop:a64fb378-2e93-4b18-980b-7fb3ebbd710b"},{"predicate":{"custom_model_data":101522},"model":"addcrop:7387297c-8e29-4c80-b9c2-4fff7841d267"},{"predicate":{"custom_model_data":101523},"model":"addcrop:7ac35f86-e96f-4b5e-8bec-515c98c2e7b4"},{"predicate":{"custom_model_data":101550},"model":"addcrop:8bc0d52f-1e7e-4ba8-934f-cf3a7d678b64"},{"predicate":{"custom_model_data":101551},"model":"addcrop:a8463abf-2b7d-4c25-a94d-881701e64047"},{"predicate":{"custom_model_data":101552},"model":"addcrop:e89a0ed5-f5de-4253-8964-e46c218992c3"},{"predicate":{"custom_model_data":101553},"model":"addcrop:553876b3-36d9-4869-b267-368042a3c10e"},{"predicate":{"custom_model_data":101554},"model":"addcrop:95e0c91e-b4e0-48c0-85cf-fbaae1054883"},{"predicate":{"custom_model_data":101555},"model":"addcrop:e69c0e12-7a38-4c01-a7be-e04d5839e7fb"},{"predicate":{"custom_model_data":101556},"model":"addcrop:f610b265-b673-4bbf-a6b3-5c995450ebd8"},{"predicate":{"custom_model_data":101557},"model":"addcrop:b77da99d-d9f8-4abd-a97e-d9a5cdcadf6e"},{"predicate":{"custom_model_data":101558},"model":"addcrop:97436093-b98a-48ab-8d9b-f058cadc5603"},{"predicate":{"custom_model_data":101559},"model":"addcrop:76ab86fe-fc16-422a-badd-0639fc6e2f62"},{"predicate":{"custom_model_data":101560},"model":"4f07fa31-9bf0-4680-a9a5-09b8fd801c7d"},{"predicate":{"custom_model_data":101561},"model":"4618a629-d871-4956-8986-730aaabcc832"},{"predicate":{"custom_model_data":200350},"model":"8e99abfb-9dae-4830-8065-cecd0da60463"},{"predicate":{"custom_model_data":200351},"model":"bf141e1a-d428-4f95-94f7-c7f3e7420388"},{"predicate":{"custom_model_data":200352},"model":"81d79fe8-05f7-4799-a30f-f99e6c5b3fb4"},{"predicate":{"custom_model_data":200353},"model":"9b55f6f7-6b1e-44b5-8dab-d06b32275747"},{"predicate":{"custom_model_data":200354},"model":"0ed0ef16-07dd-4a0e-acaf-1f5b4ab13022"},{"predicate":{"custom_model_data":200355},"model":"b29823d8-b4b8-4be5-97e8-e43b316a6a19"},{"predicate":{"custom_model_data":200356},"model":"5771ad70-2bcd-4786-b7a7-04fc90a5eed7"},{"predicate":{"custom_model_data":200357},"model":"1978e759-5ae3-4395-9fc4-702a65e74579"},{"predicate":{"custom_model_data":200358},"model":"744097ed-03c7-4ca7-890f-f0676430d112"},{"predicate":{"custom_model_data":200359},"model":"9387ca85-250d-4e1c-8352-102a1b602e84"},{"predicate":{"custom_model_data":200360},"model":"13c0ab39-4149-4708-9475-1cb505ef5bbb"},{"predicate":{"custom_model_data":200361},"model":"f9ce4d7f-e998-41e1-a1f9-520526513865"},{"predicate":{"custom_model_data":200362},"model":"df14d634-5b1b-461d-be37-f366e3c6996d"},{"predicate":{"custom_model_data":200363},"model":"b8cec6a4-6bec-431a-b172-bf76c490493d"},{"predicate":{"custom_model_data":200364},"model":"5dda1d58-7937-4e8c-9d80-0217e85e5dcf"},{"predicate":{"custom_model_data":200365},"model":"df06ecf0-e760-4033-9424-c1c88dfed981"},{"predicate":{"custom_model_data":200366},"model":"96edf688-3c2c-4889-b74d-333fdfa95aeb"}]}