{"parent":"item/generated","textures":{"layer0":"item/potion_overlay","layer1":"item/potion"},"overrides":[{"predicate":{"custom_model_data":1000},"model":"hmccosmetics:f9a3be1d-14a1-4f90-9eba-8aa398c79e25"},{"predicate":{"custom_model_data":1001},"model":"hmccosmetics:23d5c992-57e1-414c-ac9a-6b4d5d7c3acc"},{"predicate":{"custom_model_data":7740903},"model":"plny_little_seagull_set:9deb83ee-f808-457c-b9cd-18138938283c"},{"predicate":{"custom_model_data":7740904},"model":"plny_little_seagull_set:af568079-c981-47ca-8d2c-b1efd292c5da"},{"predicate":{"custom_model_data":7740905},"model":"plny_little_seagull_set:33de5c32-617a-4fb8-967b-cdd7362cad28"},{"predicate":{"custom_model_data":7740906},"model":"plny_little_seagull_set:d573715b-e2b8-4de9-9645-1ce567224c1d"},{"predicate":{"custom_model_data":7740907},"model":"plny_little_seagull_set:a300623f-c7ca-4b02-ae84-b844e8e74438"}]}