{"display":{"head":{},"firstperson_righthand":{},"thirdperson_lefthand":{},"firstperson_lefthand":{},"fixed":{},"ground":{},"thirdperson_righthand":{},"gui":{"rotation":[-150.0,-45.0,180.0]}},"elements":[{"from":[8.15625,8.46875,11.28125],"to":[8.15625,9.09375,13.78125],"rotation":{"origin":[8.9375,9.09375,11.28125],"axis":"x","angle":45.0},"faces":{"east":{"uv":[9.5,5.5,10.5,5.75],"texture":"#0","tintindex":0},"west":{"uv":[9.5,5.75,10.5,6.0],"texture":"#0","tintindex":0}}},{"from":[8.3125,10.5,10.5],"to":[9.25,11.4375,11.125],"faces":{"east":{"uv":[4.0,11.0,4.25,11.375],"texture":"#0","tintindex":0},"south":{"uv":[8.5,10.25,8.875,10.625],"texture":"#0","tintindex":0},"north":{"uv":[10.25,8.0,10.625,8.375],"texture":"#0","tintindex":0},"west":{"uv":[11.0,6.5,11.25,6.875],"texture":"#0","tintindex":0},"up":{"uv":[7.375,11.25,7.0,11.0],"texture":"#0","tintindex":0},"down":{"uv":[11.375,7.0,11.0,7.25],"texture":"#0","tintindex":0}}},{"from":[7.84375,10.1875,21.28125],"to":[9.71875,10.8125,25.03125],"faces":{"east":{"uv":[7.0,0.0,8.5,0.25],"texture":"#0","tintindex":0},"south":{"uv":[10.0,0.25,10.75,0.5],"texture":"#0","tintindex":0},"north":{"uv":[10.0,0.0,10.75,0.25],"texture":"#0","tintindex":0},"west":{"uv":[7.0,0.25,8.5,0.5],"texture":"#0","tintindex":0},"up":{"uv":[1.25,5.0,0.5,3.5],"texture":"#0","tintindex":0},"down":{"uv":[2.0,3.5,1.25,5.0],"texture":"#0","tintindex":0}}},{"from":[10.8125,5.03125,15.25],"to":[12.0625,5.8125,16.5],"faces":{"east":{"uv":[10.0,10.0,10.5,10.375],"texture":"#0","tintindex":0},"south":{"uv":[0.0,10.25,0.5,10.625],"texture":"#0","tintindex":0},"north":{"uv":[10.0,9.5,10.5,9.875],"texture":"#0","tintindex":0},"west":{"uv":[0.5,10.25,1.0,10.625],"texture":"#0","tintindex":0},"up":{"uv":[10.0,0.5,9.5,0.0],"texture":"#0","tintindex":0},"down":{"uv":[10.0,0.5,9.5,1.0],"texture":"#0","tintindex":0}}},{"from":[9.40625,8.46875,24.5625],"to":[9.40625,9.09375,27.0625],"rotation":{"origin":[8.78125,9.09375,24.5625],"axis":"x","angle":45.0},"faces":{"east":{"uv":[2.0,9.5,3.0,9.75],"texture":"#0","tintindex":0},"west":{"uv":[9.5,2.0,10.5,2.25],"texture":"#0","tintindex":0}}},{"from":[8.3125,10.8125,12.21875],"to":[9.25,11.4375,20.09375],"faces":{"east":{"uv":[4.5,2.5,7.625,2.75],"texture":"#0","tintindex":0},"south":{"uv":[11.0,9.5,11.375,9.75],"texture":"#0","tintindex":0},"north":{"uv":[11.0,9.25,11.375,9.5],"texture":"#0","tintindex":0},"west":{"uv":[4.5,2.75,7.625,3.0],"texture":"#0","tintindex":0},"up":{"uv":[0.375,6.625,0.0,3.5],"texture":"#0","tintindex":0},"down":{"uv":[3.875,0.0,3.5,3.125],"texture":"#0","tintindex":0}}},{"from":[8.15625,9.09375,11.28125],"to":[9.40625,9.09375,13.78125],"rotation":{"origin":[8.78125,9.09375,11.28125],"axis":"x","angle":45.0},"faces":{"up":{"uv":[7.0,2.5,6.5,1.5],"texture":"#0","tintindex":0},"down":{"uv":[7.0,3.0,6.5,4.0],"texture":"#0","tintindex":0}}},{"from":[8.15625,9.09375,21.4375],"to":[9.40625,9.09375,24.5625],"faces":{"up":{"uv":[5.0,7.25,4.5,6.0],"texture":"#0","tintindex":0},"down":{"uv":[5.5,6.0,5.0,7.25],"texture":"#0","tintindex":0}}},{"from":[7.53125,5.5,10.34375],"to":[8.15625,10.5,11.59375],"rotation":{"origin":[7.84375,8.625,10.8125],"axis":"x","angle":22.5},"faces":{"east":{"uv":[4.5,0.5,5.0,2.5],"texture":"#0","tintindex":0},"south":{"uv":[6.0,5.5,6.25,7.5],"texture":"#0","tintindex":0},"north":{"uv":[5.5,6.0,5.75,8.0],"texture":"#0","tintindex":0},"west":{"uv":[4.5,4.0,5.0,6.0],"texture":"#0","tintindex":0},"up":{"uv":[2.5,7.5,2.25,7.0],"texture":"#0","tintindex":0},"down":{"uv":[8.0,5.5,7.75,6.0],"texture":"#0","tintindex":0}}},{"from":[8.375,11.75,18.75],"to":[9.1875,12.375,19.46875],"faces":{"east":{"uv":[8.75,11.25,9.0,11.5],"texture":"#0","tintindex":0},"south":{"uv":[10.5,11.0,10.875,11.25],"texture":"#0","tintindex":0},"north":{"uv":[11.0,10.25,11.375,10.5],"texture":"#0","tintindex":0},"west":{"uv":[9.0,11.25,9.25,11.5],"texture":"#0","tintindex":0},"up":{"uv":[11.375,11.25,11.0,11.0],"texture":"#0","tintindex":0},"down":{"uv":[0.375,11.25,0.0,11.5],"texture":"#0","tintindex":0}}},{"from":[8.0,6.4375,22.21875],"to":[8.0,10.1875,22.53125],"faces":{"east":{"uv":[3.5,10.0,3.625,11.5],"texture":"#0","tintindex":0},"west":{"uv":[3.75,10.0,3.875,11.5],"texture":"#0","tintindex":0}}},{"from":[5.34375,12.625,11.75],"to":[6.90625,12.9375,12.0625],"rotation":{"origin":[6.28125,12.78125,11.90625],"axis":"y","angle":22.5},"faces":{"east":{"uv":[11.0,11.25,11.125,11.375],"texture":"#0","tintindex":0},"south":{"uv":[5.0,11.25,5.625,11.375],"texture":"#0","tintindex":0},"north":{"uv":[4.25,11.25,4.875,11.375],"texture":"#0","tintindex":0},"west":{"uv":[11.25,11.25,11.375,11.375],"texture":"#0","tintindex":0},"up":{"uv":[6.375,11.375,5.75,11.25],"texture":"#0","tintindex":0},"down":{"uv":[11.875,5.75,11.25,5.875],"texture":"#0","tintindex":0}}},{"from":[8.3125,10.1875,12.21875],"to":[9.25,11.125,19.71875],"rotation":{"origin":[8.78125,11.125,12.21875],"axis":"x","angle":45.0},"faces":{"east":{"uv":[2.0,3.5,5.0,3.875],"texture":"#0","tintindex":0},"south":{"uv":[10.5,1.0,10.875,1.375],"texture":"#0","tintindex":0},"north":{"uv":[1.0,10.5,1.375,10.875],"texture":"#0","tintindex":0},"west":{"uv":[4.0,0.0,7.0,0.375],"texture":"#0","tintindex":0},"up":{"uv":[4.375,3.5,4.0,0.5],"texture":"#0","tintindex":0},"down":{"uv":[2.375,4.0,2.0,7.0],"texture":"#0","tintindex":0}}},{"from":[8.15625,9.09375,8.15625],"to":[9.40625,9.09375,11.28125],"faces":{"up":{"uv":[6.5,4.25,6.0,3.0],"texture":"#0","tintindex":0},"down":{"uv":[6.5,4.25,6.0,5.5],"texture":"#0","tintindex":0}}},{"from":[8.0,4.5625,16.8125],"to":[9.5625,6.125,18.375],"faces":{"east":{"uv":[3.25,6.75,3.875,7.375],"texture":"#0","tintindex":0},"south":{"uv":[1.5,7.0,2.125,7.625],"texture":"#0","tintindex":0},"north":{"uv":[2.5,6.75,3.125,7.375],"texture":"#0","tintindex":0},"west":{"uv":[7.0,1.5,7.625,2.125],"texture":"#0","tintindex":0},"up":{"uv":[7.625,3.625,7.0,3.0],"texture":"#0","tintindex":0},"down":{"uv":[7.625,3.75,7.0,4.375],"texture":"#0","tintindex":0}}},{"from":[7.6875,12.21875,11.4375],"to":[8.46875,12.84375,12.0625],"rotation":{"origin":[8.46875,12.21875,11.75],"axis":"z","angle":-22.5},"faces":{"east":{"uv":[11.25,8.0,11.5,8.25],"texture":"#0","tintindex":0},"south":{"uv":[11.0,8.5,11.375,8.75],"texture":"#0","tintindex":0},"north":{"uv":[8.0,11.0,8.375,11.25],"texture":"#0","tintindex":0},"west":{"uv":[8.25,11.25,8.5,11.5],"texture":"#0","tintindex":0},"up":{"uv":[11.375,9.0,11.0,8.75],"texture":"#0","tintindex":0},"down":{"uv":[11.375,9.0,11.0,9.25],"texture":"#0","tintindex":0}}},{"from":[7.375,4.25,16.5],"to":[8.0,6.4375,18.6875],"faces":{"east":{"uv":[1.0,5.0,1.875,5.875],"texture":"#0","tintindex":0},"south":{"uv":[8.25,9.5,8.5,10.375],"texture":"#0","tintindex":0},"north":{"uv":[8.0,9.5,8.25,10.375],"texture":"#0","tintindex":0},"west":{"uv":[5.0,3.0,5.875,3.875],"texture":"#0","tintindex":0},"up":{"uv":[2.5,10.625,2.25,9.75],"texture":"#0","tintindex":0},"down":{"uv":[2.75,9.75,2.5,10.625],"texture":"#0","tintindex":0}}},{"from":[7.375,5.5,18.6875],"to":[8.0,6.4375,23.46875],"faces":{"east":{"uv":[5.5,0.5,7.375,0.875],"texture":"#0","tintindex":0},"south":{"uv":[11.25,3.5,11.5,3.875],"texture":"#0","tintindex":0},"north":{"uv":[11.25,3.0,11.5,3.375],"texture":"#0","tintindex":0},"west":{"uv":[5.5,1.0,7.375,1.375],"texture":"#0","tintindex":0},"up":{"uv":[1.25,8.625,1.0,6.75],"texture":"#0","tintindex":0},"down":{"uv":[1.5,6.75,1.25,8.625],"texture":"#0","tintindex":0}}},{"from":[8.15625,8.46875,18.9375],"to":[8.15625,9.09375,21.4375],"rotation":{"origin":[8.78125,9.09375,21.4375],"axis":"x","angle":-45.0},"faces":{"east":{"uv":[5.5,2.25,6.5,2.5],"texture":"#0","tintindex":0},"west":{"uv":[9.25,5.25,10.25,5.5],"texture":"#0","tintindex":0}}},{"from":[5.5,5.03125,18.53125],"to":[6.75,5.8125,19.78125],"faces":{"east":{"uv":[7.5,10.0,8.0,10.375],"texture":"#0","tintindex":0},"south":{"uv":[10.0,7.5,10.5,7.875],"texture":"#0","tintindex":0},"north":{"uv":[10.0,7.0,10.5,7.375],"texture":"#0","tintindex":0},"west":{"uv":[10.0,9.0,10.5,9.375],"texture":"#0","tintindex":0},"up":{"uv":[9.75,9.25,9.25,8.75],"texture":"#0","tintindex":0},"down":{"uv":[9.75,9.25,9.25,9.75],"texture":"#0","tintindex":0}}},{"from":[8.0,6.4375,23.15625],"to":[8.0,10.1875,23.46875],"faces":{"east":{"uv":[5.0,9.75,5.125,11.25],"texture":"#0","tintindex":0},"west":{"uv":[9.75,9.0,9.875,10.5],"texture":"#0","tintindex":0}}},{"from":[8.9375,11.75,19.3125],"to":[9.9375,12.375,19.9375],"rotation":{"origin":[9.71875,12.0625,19.3125],"axis":"y","angle":-45.0},"faces":{"east":{"uv":[9.25,11.25,9.5,11.5],"texture":"#0","tintindex":0},"south":{"uv":[11.25,0.25,11.625,0.5],"texture":"#0","tintindex":0},"north":{"uv":[11.25,0.0,11.625,0.25],"texture":"#0","tintindex":0},"west":{"uv":[9.5,11.25,9.75,11.5],"texture":"#0","tintindex":0},"up":{"uv":[0.875,11.5,0.5,11.25],"texture":"#0","tintindex":0},"down":{"uv":[11.625,0.5,11.25,0.75],"texture":"#0","tintindex":0}}},{"from":[9.5625,6.4375,23.15625],"to":[9.5625,10.1875,23.46875],"faces":{"east":{"uv":[3.0,10.0,3.125,11.5],"texture":"#0","tintindex":0},"west":{"uv":[3.25,10.0,3.375,11.5],"texture":"#0","tintindex":0}}},{"from":[8.3125,4.82273,18.264355],"to":[9.25,11.82273,19.201855],"rotation":{"origin":[8.78125,7.01023,18.733105],"axis":"x","angle":22.5},"faces":{"east":{"uv":[3.0,4.0,3.375,6.75],"texture":"#0","tintindex":0},"south":{"uv":[3.5,4.0,3.875,6.75],"texture":"#0","tintindex":0},"north":{"uv":[2.5,4.0,2.875,6.75],"texture":"#0","tintindex":0},"west":{"uv":[4.0,4.0,4.375,6.75],"texture":"#0","tintindex":0},"up":{"uv":[10.875,1.875,10.5,1.5],"texture":"#0","tintindex":0},"down":{"uv":[10.875,2.0,10.5,2.375],"texture":"#0","tintindex":0}}},{"from":[9.40625,8.46875,8.15625],"to":[9.40625,9.09375,11.28125],"faces":{"east":{"uv":[9.25,4.25,10.5,4.5],"texture":"#0","tintindex":0},"west":{"uv":[9.25,4.5,10.5,4.75],"texture":"#0","tintindex":0}}},{"from":[8.15625,9.09375,6.28125],"to":[9.40625,9.09375,8.15625],"rotation":{"origin":[8.78125,9.09375,8.15625],"axis":"x","angle":-45.0},"faces":{"up":{"uv":[4.5,7.5,4.0,6.75],"texture":"#0","tintindex":0},"down":{"uv":[1.0,7.0,0.5,7.75],"texture":"#0","tintindex":0}}},{"from":[8.15625,8.46875,8.15625],"to":[8.15625,9.09375,11.28125],"faces":{"east":{"uv":[9.25,3.75,10.5,4.0],"texture":"#0","tintindex":0},"west":{"uv":[9.25,4.0,10.5,4.25],"texture":"#0","tintindex":0}}},{"from":[8.15625,9.09375,18.9375],"to":[9.40625,9.09375,21.4375],"rotation":{"origin":[8.78125,9.09375,21.4375],"axis":"x","angle":-45.0},"faces":{"up":{"uv":[7.0,5.0,6.5,4.0],"texture":"#0","tintindex":0},"down":{"uv":[7.0,5.0,6.5,6.0],"texture":"#0","tintindex":0}}},{"from":[7.6875,11.75,19.46875],"to":[9.875,12.375,21.34375],"faces":{"east":{"uv":[7.0,2.25,7.75,2.5],"texture":"#0","tintindex":0},"south":{"uv":[9.5,8.5,10.375,8.75],"texture":"#0","tintindex":0},"north":{"uv":[9.5,6.75,10.375,7.0],"texture":"#0","tintindex":0},"west":{"uv":[9.75,8.75,10.5,9.0],"texture":"#0","tintindex":0},"up":{"uv":[6.375,2.25,5.5,1.5],"texture":"#0","tintindex":0},"down":{"uv":[1.875,6.0,1.0,6.75],"texture":"#0","tintindex":0}}},{"from":[9.40625,8.46875,21.4375],"to":[9.40625,9.09375,24.5625],"faces":{"east":{"uv":[9.25,2.75,10.5,3.0],"texture":"#0","tintindex":0},"west":{"uv":[9.25,3.0,10.5,3.25],"texture":"#0","tintindex":0}}},{"from":[9.5625,6.4375,18.6875],"to":[10.1875,6.4375,21.90625],"faces":{"up":{"uv":[4.25,10.25,4.0,9.0],"texture":"#0","tintindex":0},"down":{"uv":[7.0,9.0,6.75,10.25],"texture":"#0","tintindex":0}}},{"from":[9.40625,8.46875,6.28125],"to":[9.40625,9.09375,8.15625],"rotation":{"origin":[8.625,9.09375,8.15625],"axis":"x","angle":-45.0},"faces":{"east":{"uv":[1.0,10.25,1.75,10.5],"texture":"#0","tintindex":0},"west":{"uv":[10.25,4.75,11.0,5.0],"texture":"#0","tintindex":0}}},{"from":[6.75,5.03125,17.28125],"to":[7.375,5.65625,19.15625],"faces":{"east":{"uv":[10.0,0.5,10.75,0.75],"texture":"#0","tintindex":0},"south":{"uv":[11.25,10.5,11.5,10.75],"texture":"#0","tintindex":0},"north":{"uv":[10.5,11.25,10.75,11.5],"texture":"#0","tintindex":0},"west":{"uv":[10.0,0.75,10.75,1.0],"texture":"#0","tintindex":0},"up":{"uv":[4.5,8.25,4.25,7.5],"texture":"#0","tintindex":0},"down":{"uv":[2.25,7.75,2.0,8.5],"texture":"#0","tintindex":0}}},{"from":[8.15625,10.03125,11.28125],"to":[9.40625,11.59375,12.21875],"faces":{"east":{"uv":[9.5,6.0,9.875,6.625],"texture":"#0","tintindex":0},"south":{"uv":[8.5,9.0,9.0,9.625],"texture":"#0","tintindex":0},"north":{"uv":[9.0,8.0,9.5,8.625],"texture":"#0","tintindex":0},"west":{"uv":[7.0,9.5,7.375,10.125],"texture":"#0","tintindex":0},"up":{"uv":[10.25,5.125,9.75,4.75],"texture":"#0","tintindex":0},"down":{"uv":[9.0,9.75,8.5,10.125],"texture":"#0","tintindex":0}}},{"from":[8.46875,11.59375,11.4375],"to":[9.09375,12.84375,12.0625],"faces":{"east":{"uv":[9.0,10.75,9.25,11.25],"texture":"#0","tintindex":0},"south":{"uv":[11.0,3.0,11.25,3.5],"texture":"#0","tintindex":0},"north":{"uv":[6.75,10.75,7.0,11.25],"texture":"#0","tintindex":0},"west":{"uv":[11.0,3.5,11.25,4.0],"texture":"#0","tintindex":0},"up":{"uv":[1.75,10.75,1.5,10.5],"texture":"#0","tintindex":0},"down":{"uv":[6.0,10.5,5.75,10.75],"texture":"#0","tintindex":0}}},{"from":[7.625,11.75,19.3125],"to":[8.625,12.375,19.9375],"rotation":{"origin":[7.84375,12.0625,19.3125],"axis":"y","angle":45.0},"faces":{"east":{"uv":[11.25,9.75,11.5,10.0],"texture":"#0","tintindex":0},"south":{"uv":[1.5,11.25,1.875,11.5],"texture":"#0","tintindex":0},"north":{"uv":[11.25,0.75,11.625,1.0],"texture":"#0","tintindex":0},"west":{"uv":[11.25,10.0,11.5,10.25],"texture":"#0","tintindex":0},"up":{"uv":[2.375,11.5,2.0,11.25],"texture":"#0","tintindex":0},"down":{"uv":[2.875,11.25,2.5,11.5],"texture":"#0","tintindex":0}}},{"from":[9.40625,8.46875,11.28125],"to":[9.40625,9.09375,13.78125],"rotation":{"origin":[8.625,9.09375,11.28125],"axis":"x","angle":45.0},"faces":{"east":{"uv":[9.5,2.25,10.5,2.5],"texture":"#0","tintindex":0},"west":{"uv":[9.5,2.5,10.5,2.75],"texture":"#0","tintindex":0}}},{"from":[6.75,12.46875,11.4375],"to":[8.0,13.09375,12.0625],"faces":{"east":{"uv":[10.5,5.75,10.75,6.0],"texture":"#0","tintindex":0},"south":{"uv":[11.0,4.25,11.5,4.5],"texture":"#0","tintindex":0},"north":{"uv":[11.0,4.0,11.5,4.25],"texture":"#0","tintindex":0},"west":{"uv":[11.25,6.75,11.5,7.0],"texture":"#0","tintindex":0},"up":{"uv":[11.5,4.75,11.0,4.5],"texture":"#0","tintindex":0},"down":{"uv":[11.5,4.75,11.0,5.0],"texture":"#0","tintindex":0}}},{"from":[9.40625,8.46875,18.9375],"to":[9.40625,9.09375,21.4375],"rotation":{"origin":[8.78125,9.09375,21.4375],"axis":"x","angle":-45.0},"faces":{"east":{"uv":[9.5,1.0,10.5,1.25],"texture":"#0","tintindex":0},"west":{"uv":[9.5,1.25,10.5,1.5],"texture":"#0","tintindex":0}}},{"from":[8.15625,9.875,10.34375],"to":[9.40625,10.5,11.59375],"rotation":{"origin":[7.84375,8.625,10.8125],"axis":"x","angle":22.5},"faces":{"east":{"uv":[1.5,6.75,2.0,7.0],"texture":"#0","tintindex":0},"south":{"uv":[10.5,4.5,11.0,4.75],"texture":"#0","tintindex":0},"north":{"uv":[3.5,3.25,4.0,3.5],"texture":"#0","tintindex":0},"west":{"uv":[10.75,6.25,11.25,6.5],"texture":"#0","tintindex":0},"up":{"uv":[5.0,3.5,4.5,3.0],"texture":"#0","tintindex":0},"down":{"uv":[9.75,4.75,9.25,5.25],"texture":"#0","tintindex":0}}},{"from":[9.5625,4.875,18.6875],"to":[10.1875,4.875,21.90625],"faces":{"up":{"uv":[9.25,10.0,9.0,8.75],"texture":"#0","tintindex":0},"down":{"uv":[9.5,1.5,9.25,2.75],"texture":"#0","tintindex":0}}},{"from":[8.15625,9.09375,24.5625],"to":[9.40625,9.09375,27.0625],"rotation":{"origin":[8.78125,9.09375,24.5625],"axis":"x","angle":45.0},"faces":{"up":{"uv":[7.0,7.0,6.5,6.0],"texture":"#0","tintindex":0},"down":{"uv":[0.5,6.75,0.0,7.75],"texture":"#0","tintindex":0}}},{"from":[10.1875,5.03125,15.875],"to":[10.8125,5.65625,17.75],"faces":{"east":{"uv":[5.25,10.0,6.0,10.25],"texture":"#0","tintindex":0},"south":{"uv":[11.25,10.75,11.5,11.0],"texture":"#0","tintindex":0},"north":{"uv":[10.75,11.25,11.0,11.5],"texture":"#0","tintindex":0},"west":{"uv":[6.0,10.0,6.75,10.25],"texture":"#0","tintindex":0},"up":{"uv":[5.5,9.0,5.25,8.25],"texture":"#0","tintindex":0},"down":{"uv":[10.25,6.0,10.0,6.75],"texture":"#0","tintindex":0}}},{"from":[10.65625,12.625,11.75],"to":[12.21875,12.9375,12.0625],"rotation":{"origin":[11.28125,12.78125,11.90625],"axis":"y","angle":-22.5},"faces":{"east":{"uv":[0.0,11.5,0.125,11.625],"texture":"#0","tintindex":0},"south":{"uv":[11.25,6.25,11.875,6.375],"texture":"#0","tintindex":0},"north":{"uv":[11.25,6.0,11.875,6.125],"texture":"#0","tintindex":0},"west":{"uv":[0.25,11.5,0.375,11.625],"texture":"#0","tintindex":0},"up":{"uv":[7.125,11.375,6.5,11.25],"texture":"#0","tintindex":0},"down":{"uv":[11.875,6.5,11.25,6.625],"texture":"#0","tintindex":0}}},{"from":[9.40625,5.5,10.34375],"to":[10.03125,10.5,11.59375],"rotation":{"origin":[9.71875,8.625,10.8125],"axis":"x","angle":22.5},"faces":{"east":{"uv":[0.5,5.0,1.0,7.0],"texture":"#0","tintindex":0},"south":{"uv":[6.25,5.5,6.5,7.5],"texture":"#0","tintindex":0},"north":{"uv":[5.75,6.0,6.0,8.0],"texture":"#0","tintindex":0},"west":{"uv":[5.0,0.5,5.5,2.5],"texture":"#0","tintindex":0},"up":{"uv":[3.25,9.0,3.0,8.5],"texture":"#0","tintindex":0},"down":{"uv":[5.0,10.75,4.75,11.25],"texture":"#0","tintindex":0}}},{"from":[9.5625,6.4375,22.21875],"to":[9.5625,10.1875,22.53125],"faces":{"east":{"uv":[9.25,9.75,9.375,11.25],"texture":"#0","tintindex":0},"west":{"uv":[9.5,9.75,9.625,11.25],"texture":"#0","tintindex":0}}},{"from":[9.5625,4.875,21.90625],"to":[10.1875,6.4375,23.46875],"faces":{"east":{"uv":[7.0,4.5,7.625,5.125],"texture":"#0","tintindex":0},"south":{"uv":[4.0,10.25,4.25,10.875],"texture":"#0","tintindex":0},"north":{"uv":[9.0,10.0,9.25,10.625],"texture":"#0","tintindex":0},"west":{"uv":[7.0,5.25,7.625,5.875],"texture":"#0","tintindex":0},"up":{"uv":[7.25,10.875,7.0,10.25],"texture":"#0","tintindex":0},"down":{"uv":[7.5,10.25,7.25,10.875],"texture":"#0","tintindex":0}}},{"from":[8.15625,8.46875,21.4375],"to":[8.15625,9.09375,24.5625],"faces":{"east":{"uv":[9.25,3.25,10.5,3.5],"texture":"#0","tintindex":0},"west":{"uv":[9.25,3.5,10.5,3.75],"texture":"#0","tintindex":0}}},{"from":[9.5625,12.46875,11.4375],"to":[10.8125,13.09375,12.0625],"faces":{"east":{"uv":[7.25,11.25,7.5,11.5],"texture":"#0","tintindex":0},"south":{"uv":[5.25,11.0,5.75,11.25],"texture":"#0","tintindex":0},"north":{"uv":[11.0,5.0,11.5,5.25],"texture":"#0","tintindex":0},"west":{"uv":[7.5,11.25,7.75,11.5],"texture":"#0","tintindex":0},"up":{"uv":[11.5,5.5,11.0,5.25],"texture":"#0","tintindex":0},"down":{"uv":[11.5,5.5,11.0,5.75],"texture":"#0","tintindex":0}}},{"from":[9.09375,12.21875,11.4375],"to":[9.875,12.84375,12.0625],"rotation":{"origin":[9.09375,12.21875,11.75],"axis":"z","angle":22.5},"faces":{"east":{"uv":[7.75,11.25,8.0,11.5],"texture":"#0","tintindex":0},"south":{"uv":[7.5,11.0,7.875,11.25],"texture":"#0","tintindex":0},"north":{"uv":[11.0,7.25,11.375,7.5],"texture":"#0","tintindex":0},"west":{"uv":[8.0,11.25,8.25,11.5],"texture":"#0","tintindex":0},"up":{"uv":[11.375,7.75,11.0,7.5],"texture":"#0","tintindex":0},"down":{"uv":[11.375,7.75,11.0,8.0],"texture":"#0","tintindex":0}}},{"from":[9.5625,4.25,16.5],"to":[10.1875,6.4375,18.6875],"faces":{"east":{"uv":[5.0,4.0,5.875,4.875],"texture":"#0","tintindex":0},"south":{"uv":[4.25,9.75,4.5,10.625],"texture":"#0","tintindex":0},"north":{"uv":[2.75,9.75,3.0,10.625],"texture":"#0","tintindex":0},"west":{"uv":[5.0,5.0,5.875,5.875],"texture":"#0","tintindex":0},"up":{"uv":[4.75,10.625,4.5,9.75],"texture":"#0","tintindex":0},"down":{"uv":[5.0,9.75,4.75,10.625],"texture":"#0","tintindex":0}}},{"from":[8.78125,10.65625,11.125],"to":[8.78125,11.28125,11.75],"faces":{"east":{"uv":[10.25,5.25,10.5,5.5],"texture":"#0","tintindex":0},"west":{"uv":[10.25,6.5,10.5,6.75],"texture":"#0","tintindex":0}}},{"from":[8.15625,8.46875,6.28125],"to":[8.15625,9.09375,8.15625],"rotation":{"origin":[8.9375,9.09375,8.15625],"axis":"x","angle":-45.0},"faces":{"east":{"uv":[10.25,5.0,11.0,5.25],"texture":"#0","tintindex":0},"west":{"uv":[5.25,10.25,6.0,10.5],"texture":"#0","tintindex":0}}},{"from":[8.15625,8.46875,24.5625],"to":[8.15625,9.09375,27.0625],"rotation":{"origin":[8.78125,9.09375,24.5625],"axis":"x","angle":45.0},"faces":{"east":{"uv":[9.5,1.5,10.5,1.75],"texture":"#0","tintindex":0},"west":{"uv":[9.5,1.75,10.5,2.0],"texture":"#0","tintindex":0}}},{"from":[8.46875,11.28125,20.25],"to":[9.09375,12.0625,20.875],"faces":{"east":{"uv":[11.0,9.75,11.25,10.125],"texture":"#0","tintindex":0},"south":{"uv":[10.0,11.0,10.25,11.375],"texture":"#0","tintindex":0},"north":{"uv":[9.75,11.0,10.0,11.375],"texture":"#0","tintindex":0},"west":{"uv":[10.25,11.0,10.5,11.375],"texture":"#0","tintindex":0},"up":{"uv":[11.5,8.5,11.25,8.25],"texture":"#0","tintindex":0},"down":{"uv":[8.75,11.25,8.5,11.5],"texture":"#0","tintindex":0}}}],"textures":{"particle":"#0","0":"modelengine:224e785a-e3eb-4eec-a8e9-07f06193ca5a"}}