{"display":{"head":{},"firstperson_righthand":{},"thirdperson_lefthand":{},"firstperson_lefthand":{},"fixed":{},"ground":{},"thirdperson_righthand":{},"gui":{"rotation":[-150.0,-45.0,180.0]}},"elements":[{"from":[-1.9499998,15.3,-13.5],"to":[5.05,18.3,-13.5],"rotation":{"origin":[1.5500002,18.3,-13.5],"axis":"x","angle":-45.0},"faces":{"south":{"uv":[7.0,5.5,10.5,7.0],"texture":"#0","tintindex":0},"north":{"uv":[7.0,4.0,10.5,5.5],"texture":"#0","tintindex":0}}},{"from":[-1.9499998,13.0,-8.924999],"to":[5.05,13.5,3.9250002],"faces":{"east":{"uv":[7.5,9.5,14.0,9.75],"texture":"#0","tintindex":0},"south":{"uv":[10.5,0.0,14.0,0.25],"texture":"#0","tintindex":0},"north":{"uv":[0.0,10.5,3.5,10.75],"texture":"#0","tintindex":0},"west":{"uv":[7.5,9.75,14.0,10.0],"texture":"#0","tintindex":0},"up":{"uv":[3.5,6.5,0.0,0.0],"texture":"#0","tintindex":0},"down":{"uv":[7.0,0.0,3.5,6.5],"texture":"#0","tintindex":0}}},{"from":[-1.9499998,11.3,-14.0],"to":[5.05,15.3,-13.5],"rotation":{"origin":[1.5500002,18.3,-13.5],"axis":"x","angle":-45.0},"faces":{"east":{"uv":[10.5,0.25,10.75,2.25],"texture":"#0","tintindex":0},"south":{"uv":[3.5,6.5,7.0,8.5],"texture":"#0","tintindex":0},"north":{"uv":[0.0,6.5,3.5,8.5],"texture":"#0","tintindex":0},"west":{"uv":[10.5,2.25,10.75,4.25],"texture":"#0","tintindex":0},"up":{"uv":[3.5,10.25,0.0,10.0],"texture":"#0","tintindex":0},"down":{"uv":[11.0,10.0,7.5,10.25],"texture":"#0","tintindex":0}}},{"from":[-1.8999996,14.0,-9.674999],"to":[-1.8999996,14.5,4.675],"faces":{"east":{"uv":[7.5,8.5,14.75,8.75],"texture":"#0","tintindex":0},"west":{"uv":[7.5,8.75,14.75,9.0],"texture":"#0","tintindex":0}}},{"from":[1.0500002,7.8,-14.0],"to":[2.0500002,19.8,-13.0],"faces":{"east":{"uv":[6.0,8.5,6.5,14.5],"texture":"#0","tintindex":0},"south":{"uv":[6.5,8.5,7.0,14.5],"texture":"#0","tintindex":0},"north":{"uv":[5.5,8.5,6.0,14.5],"texture":"#0","tintindex":0},"west":{"uv":[7.0,8.5,7.5,14.5],"texture":"#0","tintindex":0},"up":{"uv":[9.0,11.0,8.5,10.5],"texture":"#0","tintindex":0},"down":{"uv":[9.5,10.5,9.0,11.0],"texture":"#0","tintindex":0}}},{"from":[-1.9499998,11.3,8.5],"to":[5.05,15.3,9.0],"rotation":{"origin":[1.5500002,18.3,8.5],"axis":"x","angle":45.0},"faces":{"east":{"uv":[10.5,4.25,10.75,6.25],"texture":"#0","tintindex":0},"south":{"uv":[7.0,2.0,10.5,4.0],"texture":"#0","tintindex":0},"north":{"uv":[7.0,0.0,10.5,2.0],"texture":"#0","tintindex":0},"west":{"uv":[10.5,6.25,10.75,8.25],"texture":"#0","tintindex":0},"up":{"uv":[3.5,10.5,0.0,10.25],"texture":"#0","tintindex":0},"down":{"uv":[11.0,10.25,7.5,10.5],"texture":"#0","tintindex":0}}},{"from":[5.0,14.0,-9.674999],"to":[5.0,14.5,4.675],"faces":{"east":{"uv":[7.5,9.0,14.75,9.25],"texture":"#0","tintindex":0},"west":{"uv":[7.5,9.25,14.75,9.5],"texture":"#0","tintindex":0}}},{"from":[1.0500002,7.8,8.0],"to":[2.0500002,19.8,9.0],"faces":{"east":{"uv":[4.0,8.5,4.5,14.5],"texture":"#0","tintindex":0},"south":{"uv":[4.5,8.5,5.0,14.5],"texture":"#0","tintindex":0},"north":{"uv":[3.5,8.5,4.0,14.5],"texture":"#0","tintindex":0},"west":{"uv":[5.0,8.5,5.5,14.5],"texture":"#0","tintindex":0},"up":{"uv":[8.0,11.0,7.5,10.5],"texture":"#0","tintindex":0},"down":{"uv":[8.5,10.5,8.0,11.0],"texture":"#0","tintindex":0}}},{"from":[-1.9499998,15.3,8.5],"to":[5.05,18.3,8.5],"rotation":{"origin":[1.5500002,18.3,8.5],"axis":"x","angle":45.0},"faces":{"south":{"uv":[0.0,8.5,3.5,10.0],"texture":"#0","tintindex":0},"north":{"uv":[7.0,7.0,10.5,8.5],"texture":"#0","tintindex":0}}}],"textures":{"particle":"#0","0":"modelengine:76f0606c-b849-49a6-a415-4f3240ce619b"}}