{"display":{"thirdperson_righthand":{"rotation":[80.0,0.0,0.0],"translation":[-6.0,3.0,3.0],"scale":[0.6,0.6,0.6]},"thirdperson_lefthand":{"rotation":[80.0,0.0,0.0],"translation":[-6.0,3.0,3.0],"scale":[0.6,0.6,0.6]},"firstperson_righthand":{"translation":[-9.0,0.0,-4.0],"scale":[0.8,0.8,0.8]},"firstperson_lefthand":{"translation":[-9.0,0.0,-4.0],"scale":[0.8,0.8,0.8]},"ground":{"translation":[0.0,2.0,0.0],"scale":[0.4,0.4,0.4]},"gui":{"rotation":[40.0,30.0,0.0],"translation":[0.0,2.5,0.0],"scale":[0.6,0.6,0.6]},"fixed":{"rotation":[-90.0,0.0,0.0],"translation":[0.0,0.0,-8.0]}},"elements":[{"from":[0.0,4.0,0.0],"to":[16.0,5.0,16.0],"shade":false,"faces":{"north":{"uv":[0.0,2.0,8.0,2.5],"texture":"#1"},"east":{"uv":[0.0,0.0,8.0,0.5],"texture":"#1"},"south":{"uv":[0.0,0.0,8.0,0.5],"texture":"#1"},"west":{"uv":[0.0,0.0,8.0,0.5],"texture":"#1"},"up":{"uv":[16.0,8.0,8.0,0.0],"texture":"#1"},"down":{"uv":[16.0,8.0,8.0,16.0],"texture":"#1"}}},{"from":[8.0,5.0,0.0],"to":[8.0,7.0,16.0],"rotation":{"origin":[8.0,5.0,8.0],"axis":"y","angle":-45.0},"shade":false,"faces":{"east":{"uv":[0.0,6.5,8.0,7.5],"texture":"#1"},"west":{"uv":[0.0,6.5,8.0,7.5],"texture":"#1"}}},{"from":[0.0,5.0,8.0],"to":[16.0,7.0,8.0],"rotation":{"origin":[8.0,5.0,8.0],"axis":"y","angle":-45.0},"shade":false,"faces":{"north":{"uv":[0.0,6.5,8.0,7.5],"texture":"#1"},"south":{"uv":[0.0,6.5,8.0,7.5],"texture":"#1"}}},{"from":[2.0,5.0,14.0],"to":[14.0,7.0,2.0],"shade":false,"faces":{"north":{"uv":[0.0,5.5,6.0,6.5],"texture":"#1"},"east":{"uv":[0.0,5.5,6.0,6.5],"texture":"#1"},"south":{"uv":[0.0,5.5,6.0,6.5],"texture":"#1"},"west":{"uv":[0.0,5.5,6.0,6.5],"texture":"#1"}}},{"from":[2.0,5.0,2.0],"to":[14.0,7.0,14.0],"shade":false,"faces":{"north":{"uv":[0.0,5.5,6.0,6.5],"texture":"#1"},"east":{"uv":[0.0,5.5,6.0,6.5],"texture":"#1"},"south":{"uv":[0.0,5.5,6.0,6.5],"texture":"#1"},"west":{"uv":[0.0,5.5,6.0,6.5],"texture":"#1"}}},{"from":[0.0,1.0,0.0],"to":[16.0,4.0,16.0],"shade":false,"faces":{"north":{"uv":[0.0,2.5,8.0,4.0],"texture":"#1"},"east":{"uv":[0.0,0.5,8.0,2.0],"texture":"#1"},"south":{"uv":[0.0,0.5,8.0,2.0],"texture":"#1"},"west":{"uv":[0.0,0.5,8.0,2.0],"texture":"#1"},"up":{"uv":[16.0,8.0,8.0,0.0],"texture":"#1"},"down":{"uv":[16.0,8.0,8.0,16.0],"texture":"#1"}}},{"from":[12.0,0.0,1.0],"to":[15.0,1.0,4.0],"shade":false,"faces":{"north":{"uv":[0.0,4.0,1.5,4.5],"texture":"#1"},"east":{"uv":[0.0,4.0,1.5,4.5],"texture":"#1"},"south":{"uv":[0.0,4.0,1.5,4.5],"texture":"#1"},"west":{"uv":[0.0,4.0,1.5,4.5],"texture":"#1"},"up":{"uv":[3.0,5.5,1.5,4.0],"texture":"#1"},"down":{"uv":[3.0,4.0,1.5,5.5],"texture":"#1"}}},{"from":[1.0,0.0,1.0],"to":[4.0,1.0,4.0],"shade":false,"faces":{"north":{"uv":[0.0,4.0,1.5,4.5],"texture":"#1"},"east":{"uv":[0.0,4.0,1.5,4.5],"texture":"#1"},"south":{"uv":[0.0,4.0,1.5,4.5],"texture":"#1"},"west":{"uv":[0.0,4.0,1.5,4.5],"texture":"#1"},"up":{"uv":[3.0,5.5,1.5,4.0],"texture":"#1"},"down":{"uv":[3.0,4.0,1.5,5.5],"texture":"#1"}}},{"from":[1.0,0.0,12.0],"to":[4.0,1.0,15.0],"shade":false,"faces":{"north":{"uv":[0.0,4.0,1.5,4.5],"texture":"#1"},"east":{"uv":[0.0,4.0,1.5,4.5],"texture":"#1"},"south":{"uv":[0.0,4.0,1.5,4.5],"texture":"#1"},"west":{"uv":[0.0,4.0,1.5,4.5],"texture":"#1"},"up":{"uv":[3.0,5.5,1.5,4.0],"texture":"#1"},"down":{"uv":[3.0,4.0,1.5,5.5],"texture":"#1"}}},{"from":[12.0,0.0,12.0],"to":[15.0,1.0,15.0],"shade":false,"faces":{"north":{"uv":[0.0,4.0,1.5,4.5],"texture":"#1"},"east":{"uv":[0.0,4.0,1.5,4.5],"texture":"#1"},"south":{"uv":[0.0,4.0,1.5,4.5],"texture":"#1"},"west":{"uv":[0.0,4.0,1.5,4.5],"texture":"#1"},"up":{"uv":[3.0,5.5,1.5,4.0],"texture":"#1"},"down":{"uv":[3.0,4.0,1.5,5.5],"texture":"#1"}}}],"textures":{"1":"addcook:29c08451-190d-4b01-b4c5-63103201e819"}}