{"display":{"thirdperson_righthand":{"rotation":[-90.0,0.0,180.0],"translation":[0.0,8.0,5.0],"scale":[0.7,0.7,0.7]},"thirdperson_lefthand":{"rotation":[-90.0,0.0,180.0],"translation":[0.0,8.0,5.0],"scale":[0.7,0.7,0.7]},"firstperson_righthand":{"rotation":[60.0,180.0,-40.0],"translation":[8.0,3.0,-12.5]},"firstperson_lefthand":{"rotation":[60.0,180.0,-40.0],"translation":[8.0,3.0,-12.5]},"ground":{"translation":[0.0,2.0,0.0],"scale":[0.4,0.4,0.4]},"gui":{"rotation":[40.0,30.0,0.0],"translation":[0.5,2.0,0.0],"scale":[0.6,0.6,0.6]},"fixed":{"rotation":[-90.0,0.0,0.0],"translation":[0.0,0.0,-8.0]}},"elements":[{"from":[1.0,0.0,1.0],"to":[15.0,3.0,15.0],"rotation":{"origin":[0.0,-1.0,0.0],"axis":"y","angle":0.0},"shade":false,"faces":{"north":{"uv":[0.0,1.5,7.0,3.0],"texture":"#0"},"east":{"uv":[0.0,0.0,7.0,1.5],"texture":"#0"},"south":{"uv":[0.0,0.0,7.0,1.5],"texture":"#0"},"west":{"uv":[0.0,0.0,7.0,1.5],"texture":"#0"},"up":{"uv":[15.0,7.0,8.0,0.0],"texture":"#0"},"down":{"uv":[15.0,7.0,8.0,14.0],"texture":"#0"}}},{"from":[14.0,1.0,2.0],"to":[2.0,3.0,14.0],"rotation":{"origin":[0.0,-1.0,0.0],"axis":"y","angle":0.0},"shade":false,"faces":{"north":{"uv":[0.0,13.0,6.0,14.0],"texture":"#0"},"east":{"uv":[0.0,13.0,6.0,14.0],"texture":"#0"},"south":{"uv":[0.0,13.0,6.0,14.0],"texture":"#0"},"west":{"uv":[0.0,13.0,6.0,14.0],"texture":"#0"},"down":{"uv":[0.0,7.0,6.0,13.0],"texture":"#0"}}},{"from":[7.0,2.0,-2.0],"to":[9.0,2.0,1.0],"rotation":{"origin":[8.0,2.0,8.0],"axis":"y","angle":0.0},"shade":false,"faces":{"up":{"uv":[7.0,0.0,8.0,1.5],"texture":"#0"},"down":{"uv":[7.0,1.5,8.0,0.0],"texture":"#0"}}},{"from":[6.5,1.0,-10.0],"to":[9.5,3.0,-2.0],"rotation":{"origin":[8.0,2.0,8.0],"axis":"y","angle":0.0},"shade":false,"faces":{"north":{"uv":[4.5,3.0,6.0,4.0],"texture":"#0"},"east":{"uv":[7.0,4.0,3.0,5.0],"texture":"#0"},"south":{"uv":[3.0,3.0,4.5,4.0],"texture":"#0"},"west":{"uv":[3.0,4.0,7.0,5.0],"texture":"#0"},"up":{"uv":[0.0,7.0,1.5,3.0],"texture":"#0"},"down":{"uv":[1.5,3.0,3.0,7.0],"texture":"#0"}}}],"textures":{"0":"addcook:4fb40ac5-2819-40d4-8a4c-2fc88de1f099"}}