{"display":{"head":{},"firstperson_righthand":{},"thirdperson_lefthand":{},"firstperson_lefthand":{},"fixed":{},"ground":{},"thirdperson_righthand":{},"gui":{"rotation":[-150.0,-45.0,180.0]}},"elements":[{"from":[5.5,7.5,5.5],"to":[10.5,8.5,10.5],"faces":{"east":{"uv":[4.25,12.75,5.5,13.0],"texture":"#0","tintindex":0},"south":{"uv":[4.25,12.75,5.5,13.0],"texture":"#0","tintindex":0},"north":{"uv":[4.25,12.75,5.5,13.0],"texture":"#0","tintindex":0},"west":{"uv":[4.25,12.75,5.5,13.0],"texture":"#0","tintindex":0},"up":{"uv":[4.25,11.5,5.5,12.75],"texture":"#0","tintindex":0},"down":{"uv":[5.5,11.5,6.75,12.75],"texture":"#0","tintindex":0}}}],"textures":{"particle":"#0","0":"modelengine:fda99e4a-da63-4652-8ec0-388c7e7d5543"}}