{"display":{"head":{},"firstperson_righthand":{},"thirdperson_lefthand":{},"firstperson_lefthand":{},"fixed":{},"ground":{},"thirdperson_righthand":{},"gui":{"rotation":[-150.0,-45.0,180.0]}},"elements":[{"from":[8.0,3.5,3.5],"to":[10.0,10.5,10.5],"faces":{"east":{"uv":[1.75,12.75,3.5,14.5],"texture":"#0","tintindex":0},"south":{"uv":[3.5,12.75,4.0,14.5],"texture":"#0","tintindex":0},"north":{"uv":[3.5,12.75,4.0,14.5],"texture":"#0","tintindex":0},"west":{"uv":[1.75,12.75,3.5,14.5],"texture":"#0","tintindex":0},"up":{"uv":[3.5,12.75,4.0,14.5],"texture":"#0","tintindex":0},"down":{"uv":[3.5,12.75,4.0,14.5],"texture":"#0","tintindex":0}}},{"from":[-6.0,3.5,3.5],"to":[-4.0,10.5,10.5],"faces":{"east":{"uv":[3.5,12.75,1.75,14.5],"texture":"#0","tintindex":0},"south":{"uv":[3.5,12.75,4.0,14.5],"texture":"#0","tintindex":0},"north":{"uv":[3.5,12.75,4.0,14.5],"texture":"#0","tintindex":0},"west":{"uv":[3.5,12.75,1.75,14.5],"texture":"#0","tintindex":0},"up":{"uv":[3.5,12.75,4.0,14.5],"texture":"#0","tintindex":0},"down":{"uv":[3.5,12.75,4.0,14.5],"texture":"#0","tintindex":0}}}],"textures":{"particle":"#0","0":"modelengine:fda99e4a-da63-4652-8ec0-388c7e7d5543"}}