{"display":{"thirdperson_righthand":{"rotation":[0.0,-180.0,0.0],"translation":[0.0,0.5,-2.0],"scale":[0.5,0.5,0.53]},"thirdperson_lefthand":{"rotation":[0.0,-180.0,0.0],"translation":[0.0,0.5,-2.0],"scale":[0.5,0.5,0.5]},"firstperson_righthand":{"translation":[0.0,1.0,0.0],"scale":[0.4,0.4,0.4]},"firstperson_lefthand":{"translation":[0.0,1.0,0.0],"scale":[0.4,0.4,0.4]},"ground":{"translation":[0.0,3.0,0.5],"scale":[0.4,0.4,0.4]},"gui":{"translation":[0.0,1.0,0.0],"scale":[0.4,0.4,0.4]},"head":{"translation":[-1.25,-67.0,9.5],"scale":[3.0,3.0,3.0]}},"elements":[{"from":[7.875,-15.375,6.5],"to":[9.375,-13.875,7.0],"rotation":{"origin":[4.0,-11.0,4.0],"axis":"z","angle":45.0},"faces":{"north":{"uv":[8.75,5.5,9.5,6.25],"texture":"#0"},"east":{"uv":[8.25,8.5,8.5,9.25],"texture":"#0"},"south":{"uv":[8.75,6.25,9.5,7.0],"texture":"#0"},"west":{"uv":[0.0,9.0,0.25,9.75],"texture":"#0"},"up":{"uv":[1.0,9.25,0.25,9.0],"texture":"#0"},"down":{"uv":[1.75,9.0,1.0,9.25],"texture":"#0"}}},{"from":[6.0,-13.5,6.5],"to":[7.5,-12.0,7.0],"rotation":{"origin":[4.0,-11.0,4.0],"axis":"z","angle":45.0},"faces":{"north":{"uv":[8.75,7.0,9.5,7.75],"texture":"#0"},"east":{"uv":[1.75,9.0,2.0,9.75],"texture":"#0"},"south":{"uv":[8.75,7.75,9.5,8.5],"texture":"#0"},"west":{"uv":[2.0,9.0,2.25,9.75],"texture":"#0"},"up":{"uv":[3.0,9.25,2.25,9.0],"texture":"#0"},"down":{"uv":[3.75,9.0,3.0,9.25],"texture":"#0"}}},{"from":[6.5,-11.0,6.0],"to":[10.5,-9.5,6.5],"rotation":{"origin":[4.0,-11.0,4.0],"axis":"y","angle":0.0},"faces":{"north":{"uv":[0.0,8.25,2.0,9.0],"texture":"#0"},"east":{"uv":[3.75,9.0,4.0,9.75],"texture":"#0"},"south":{"uv":[2.0,8.25,4.0,9.0],"texture":"#0"},"west":{"uv":[4.5,9.0,4.75,9.75],"texture":"#0"},"up":{"uv":[10.75,8.75,8.75,8.5],"texture":"#0"},"down":{"uv":[10.75,8.75,8.75,9.0],"texture":"#0"}}},{"from":[-0.875,-8.75,7.0],"to":[6.125,-7.75,7.5],"rotation":{"origin":[4.0,-11.0,4.0],"axis":"z","angle":-45.0},"faces":{"north":{"uv":[8.0,4.0,11.5,4.5],"texture":"#0"},"east":{"uv":[4.75,9.0,5.0,9.5],"texture":"#0"},"south":{"uv":[8.0,4.5,11.5,5.0],"texture":"#0"},"west":{"uv":[5.0,9.0,5.25,9.5],"texture":"#0"},"up":{"uv":[12.0,5.25,8.5,5.0],"texture":"#0"},"down":{"uv":[12.0,5.25,8.5,5.5],"texture":"#0"}}},{"from":[7.125,-7.125,7.0],"to":[8.125,-0.125,7.5],"rotation":{"origin":[4.0,-11.0,4.0],"axis":"z","angle":-45.0},"faces":{"north":{"uv":[4.0,7.0,4.5,10.5],"texture":"#0"},"east":{"uv":[8.5,5.5,8.75,9.0],"texture":"#0"},"south":{"uv":[8.0,5.0,8.5,8.5],"texture":"#0"},"west":{"uv":[8.0,8.5,8.25,12.0],"texture":"#0"},"up":{"uv":[5.75,9.25,5.25,9.0],"texture":"#0"},"down":{"uv":[6.25,9.0,5.75,9.25],"texture":"#0"}}},{"from":[-3.375,-8.75,7.25],"to":[0.625,-6.5,7.25],"rotation":{"origin":[4.0,-11.0,4.0],"axis":"z","angle":-45.0},"faces":{"north":{"uv":[0.0,7.0,2.0,8.25],"texture":"#0"},"east":{"uv":[0.0,0.0,0.0,1.25],"texture":"#0"},"south":{"uv":[2.0,7.0,4.0,8.25],"texture":"#0"},"west":{"uv":[0.0,0.0,0.0,1.25],"texture":"#0"},"up":{"uv":[2.0,0.0,0.0,0.0],"texture":"#0"},"down":{"uv":[2.0,0.0,0.0,0.0],"texture":"#0"}}},{"from":[5.875,-1.625,7.25],"to":[8.125,2.375,7.25],"rotation":{"origin":[4.0,-11.0,4.0],"axis":"z","angle":-45.0},"faces":{"north":{"uv":[8.0,0.0,9.25,2.0],"texture":"#0"},"east":{"uv":[0.0,0.0,0.0,2.0],"texture":"#0"},"south":{"uv":[8.0,2.0,9.25,4.0],"texture":"#0"},"west":{"uv":[0.0,0.0,0.0,2.0],"texture":"#0"},"up":{"uv":[1.25,0.0,0.0,0.0],"texture":"#0"},"down":{"uv":[1.25,0.0,0.0,0.0],"texture":"#0"}}},{"from":[-2.0,-15.75,7.25],"to":[7.0,-8.75,7.25],"rotation":{"origin":[4.0,-11.0,4.0],"axis":"z","angle":-45.0},"faces":{"north":{"uv":[0.0,0.0,4.5,3.5],"texture":"#0"},"east":{"uv":[0.0,0.0,0.0,3.5],"texture":"#0"},"south":{"uv":[0.0,3.5,4.5,7.0],"texture":"#0"},"west":{"uv":[0.0,0.0,0.0,3.5],"texture":"#0"},"up":{"uv":[4.5,0.0,0.0,0.0],"texture":"#0"},"down":{"uv":[4.5,0.0,0.0,0.0],"texture":"#0"}}},{"from":[8.125,-8.0,7.25],"to":[15.125,1.0,7.25],"rotation":{"origin":[4.0,-11.0,4.0],"axis":"z","angle":-45.0},"faces":{"north":{"uv":[4.5,0.0,8.0,4.5],"texture":"#0"},"east":{"uv":[0.0,0.0,0.0,4.5],"texture":"#0"},"south":{"uv":[4.5,4.5,8.0,9.0],"texture":"#0"},"west":{"uv":[0.0,0.0,0.0,4.5],"texture":"#0"},"up":{"uv":[3.5,0.0,0.0,0.0],"texture":"#0"},"down":{"uv":[3.5,0.0,0.0,0.0],"texture":"#0"}}}],"textures":{"particle":"hmccosmetics:5f0b4591-bb3c-4c0f-8dbb-0835ce835dd9","0":"hmccosmetics:5f0b4591-bb3c-4c0f-8dbb-0835ce835dd9"}}