{"display":{"thirdperson_righthand":{"translation":[0.0,3.25,1.25],"scale":[0.5,0.5,0.5]},"thirdperson_lefthand":{"translation":[0.0,3.25,1.25],"scale":[0.5,0.5,0.5]},"firstperson_righthand":{"translation":[0.0,3.75,0.0],"scale":[0.5,0.5,0.5]},"firstperson_lefthand":{"translation":[0.0,3.75,0.0],"scale":[0.5,0.5,0.5]},"ground":{"translation":[0.0,3.0,0.0],"scale":[0.75,0.75,0.75]},"gui":{"rotation":[168.75,0.0,-33.0]}},"elements":[{"from":[7.0,0.0,7.0],"to":[9.0,5.0,9.0],"faces":{"north":{"uv":[5.0,4.0,6.0,6.5],"texture":"#2"},"east":{"uv":[6.0,0.0,7.0,2.5],"texture":"#2"},"south":{"uv":[2.0,6.0,3.0,8.5],"texture":"#2"},"west":{"uv":[6.0,2.5,7.0,5.0],"texture":"#2"},"up":{"uv":[4.0,7.0,3.0,6.0],"texture":"#2"},"down":{"uv":[5.0,6.0,4.0,7.0],"texture":"#2"}}},{"from":[5.0,5.0,7.0],"to":[11.0,13.0,9.0],"faces":{"north":{"uv":[0.0,0.0,3.0,4.0],"texture":"#2"},"east":{"uv":[0.0,4.0,1.0,8.0],"texture":"#2"},"south":{"uv":[3.0,0.0,6.0,4.0],"texture":"#2"},"west":{"uv":[1.0,4.0,2.0,8.0],"texture":"#2"},"up":{"uv":[5.0,5.0,2.0,4.0],"texture":"#2"},"down":{"uv":[5.0,5.0,2.0,6.0],"texture":"#2"}}},{"from":[4.5,8.5,6.5],"to":[11.5,13.5,9.5],"faces":{"north":{"uv":[0.0,1.0,7.0,6.0],"texture":"#1","tintindex":0},"east":{"uv":[7.0,7.0,10.0,12.0],"texture":"#1","tintindex":0},"south":{"uv":[0.0,7.0,7.0,12.0],"texture":"#1","tintindex":0},"west":{"uv":[10.0,7.0,13.0,12.0],"texture":"#1","tintindex":0},"up":{"uv":[14.0,3.0,7.0,0.0],"texture":"#1","tintindex":0},"down":{"uv":[14.0,3.0,7.0,6.0],"texture":"#1","tintindex":0}}}],"textures":{"1":"hmccosmetics:b9dca3f3-3fc7-4a0c-8ef0-ffb9607a2aec","2":"hmccosmetics:b038594e-1136-4c04-823d-ff48e15ef614"}}