{"display":{"head":{},"firstperson_righthand":{},"thirdperson_lefthand":{},"firstperson_lefthand":{},"fixed":{},"ground":{},"thirdperson_righthand":{},"gui":{"rotation":[-150.0,-45.0,180.0]}},"elements":[{"from":[7.5,1.0,7.5],"to":[8.5,4.0,8.5],"faces":{"east":{"uv":[7.5,1.0,8.0,2.5],"texture":"#0","tintindex":0},"south":{"uv":[2.5,7.5,3.0,9.0],"texture":"#0","tintindex":0},"north":{"uv":[5.5,7.0,6.0,8.5],"texture":"#0","tintindex":0},"west":{"uv":[7.5,2.5,8.0,4.0],"texture":"#0","tintindex":0},"up":{"uv":[3.5,8.0,3.0,7.5],"texture":"#0","tintindex":0},"down":{"uv":[4.0,7.5,3.5,8.0],"texture":"#0","tintindex":0}}},{"from":[6.75,4.0,6.75],"to":[9.25,8.0,9.25],"faces":{"east":{"uv":[1.5,5.0,3.0,7.0],"texture":"#0","tintindex":0},"south":{"uv":[3.0,5.0,4.5,7.0],"texture":"#0","tintindex":0},"north":{"uv":[0.0,5.0,1.5,7.0],"texture":"#0","tintindex":0},"west":{"uv":[4.5,5.0,6.0,7.0],"texture":"#0","tintindex":0},"up":{"uv":[7.5,7.5,6.0,6.0],"texture":"#0","tintindex":0},"down":{"uv":[1.5,7.0,0.0,8.5],"texture":"#0","tintindex":0}}},{"from":[9.5,4.0,6.5],"to":[9.5,9.0,9.5],"faces":{"east":{"uv":[0.0,0.0,1.5,2.5],"texture":"#0","tintindex":0},"west":{"uv":[1.5,0.0,3.0,2.5],"texture":"#0","tintindex":0}}},{"from":[8.0,8.0,7.5],"to":[8.0,12.0,8.5],"rotation":{"origin":[8.0,8.0,8.0],"axis":"z","angle":22.5},"faces":{"east":{"uv":[1.5,7.0,2.0,9.0],"texture":"#0","tintindex":0},"west":{"uv":[2.0,7.0,2.5,9.0],"texture":"#0","tintindex":0}}},{"from":[6.5,4.0,6.5],"to":[6.5,9.0,9.5],"faces":{"east":{"uv":[0.0,2.5,1.5,5.0],"texture":"#0","tintindex":0},"west":{"uv":[1.5,2.5,3.0,5.0],"texture":"#0","tintindex":0}}},{"from":[6.5,4.0,6.5],"to":[9.5,4.0,9.5],"faces":{"up":{"uv":[7.5,4.5,6.0,3.0],"texture":"#0","tintindex":0},"down":{"uv":[7.5,4.5,6.0,6.0],"texture":"#0","tintindex":0}}},{"from":[6.5,4.0,6.5],"to":[9.5,9.0,6.5],"faces":{"south":{"uv":[3.0,2.5,4.5,5.0],"texture":"#0","tintindex":0},"north":{"uv":[3.0,0.0,4.5,2.5],"texture":"#0","tintindex":0}}},{"from":[6.5,0.0,6.5],"to":[9.5,1.0,9.5],"faces":{"east":{"uv":[4.0,7.0,5.5,7.5],"texture":"#0","tintindex":0},"south":{"uv":[7.5,0.0,9.0,0.5],"texture":"#0","tintindex":0},"north":{"uv":[2.5,7.0,4.0,7.5],"texture":"#0","tintindex":0},"west":{"uv":[7.5,0.5,9.0,1.0],"texture":"#0","tintindex":0},"up":{"uv":[7.5,1.5,6.0,0.0],"texture":"#0","tintindex":0},"down":{"uv":[7.5,1.5,6.0,3.0],"texture":"#0","tintindex":0}}},{"from":[6.5,4.0,9.5],"to":[9.5,9.0,9.5],"faces":{"south":{"uv":[4.5,2.5,6.0,5.0],"texture":"#0","tintindex":0},"north":{"uv":[4.5,0.0,6.0,2.5],"texture":"#0","tintindex":0}}}],"textures":{"particle":"#0","0":"modelengine:e63fc9a4-97d7-4c15-a04b-377164e10305"}}