{"display":{"head":{},"firstperson_righthand":{},"thirdperson_lefthand":{},"firstperson_lefthand":{},"fixed":{},"ground":{},"thirdperson_righthand":{},"gui":{"rotation":[-150.0,-45.0,180.0]}},"elements":[{"from":[8.0,8.0,7.0],"to":[20.0,9.0,25.0],"faces":{"east":{"uv":[0.0,4.5,4.5,4.75],"texture":"#0","tintindex":0},"south":{"uv":[3.0,4.75,6.0,5.0],"texture":"#0","tintindex":0},"north":{"uv":[0.0,4.75,3.0,5.0],"texture":"#0","tintindex":0},"west":{"uv":[4.5,4.5,9.0,4.75],"texture":"#0","tintindex":0},"up":{"uv":[3.0,4.5,0.0,0.0],"texture":"#0","tintindex":0},"down":{"uv":[6.0,0.0,3.0,4.5],"texture":"#0","tintindex":0}}},{"from":[8.0,8.0,6.0],"to":[20.0,8.0,7.0],"faces":{"up":{"uv":[3.0,5.25,0.0,5.0],"texture":"#0","tintindex":0},"down":{"uv":[6.0,5.0,3.0,5.25],"texture":"#0","tintindex":0}}},{"from":[8.0,8.0,25.0],"to":[20.0,8.0,26.0],"faces":{"up":{"uv":[3.0,5.5,0.0,5.25],"texture":"#0","tintindex":0},"down":{"uv":[6.0,5.25,3.0,5.5],"texture":"#0","tintindex":0}}}],"textures":{"particle":"#0","0":"modelengine:0a57e4dc-edec-4f75-9b58-d33e56f85c78"}}