{"display":{"thirdperson_righthand":{"rotation":[70.0,0.0,0.0],"translation":[0.0,1.0,0.0],"scale":[0.3,0.3,0.3]},"thirdperson_lefthand":{"rotation":[70.0,0.0,0.0],"translation":[0.0,1.0,0.0],"scale":[0.3,0.3,0.3]},"firstperson_righthand":{"scale":[0.3,0.3,0.3]},"firstperson_lefthand":{"scale":[0.3,0.3,0.3]},"ground":{"translation":[0.0,6.0,0.0],"scale":[0.5,0.5,0.5]},"gui":{"rotation":[-160.0,35.0,-180.0],"translation":[0.0,0.5,0.0],"scale":[0.7,0.7,0.7]},"head":{"translation":[3.0,-8.0,-12.5],"scale":[2.9,2.9,2.9]}},"elements":[{"from":[5.0,4.25,-2.25],"to":[6.0,12.25,-0.25],"rotation":{"origin":[5.5,9.25,-1.5],"axis":"x","angle":22.5},"faces":{"north":{"uv":[5.5,6.0,5.75,8.0],"texture":"#1"},"east":{"uv":[4.5,0.5,5.0,2.5],"texture":"#1"},"south":{"uv":[6.0,5.5,6.25,7.5],"texture":"#1"},"west":{"uv":[4.5,4.0,5.0,6.0],"texture":"#1"},"up":{"uv":[2.5,7.5,2.25,7.0],"texture":"#1"},"down":{"uv":[8.0,5.5,7.75,6.0],"texture":"#1"}}},{"from":[6.0,11.25,-2.25],"to":[8.0,12.25,-0.25],"rotation":{"origin":[5.5,9.25,-1.5],"axis":"x","angle":22.5},"faces":{"north":{"uv":[3.5,3.25,4.0,3.5],"texture":"#1"},"east":{"uv":[1.5,6.75,2.0,7.0],"texture":"#1"},"south":{"uv":[10.5,4.5,11.0,4.75],"texture":"#1"},"west":{"uv":[10.75,6.25,11.25,6.5],"texture":"#1"},"up":{"uv":[5.0,3.5,4.5,3.0],"texture":"#1"},"down":{"uv":[9.75,4.75,9.25,5.25],"texture":"#1"}}},{"from":[8.0,4.25,-2.25],"to":[9.0,12.25,-0.25],"rotation":{"origin":[8.5,9.25,-1.5],"axis":"x","angle":22.5},"faces":{"north":{"uv":[5.75,6.0,6.0,8.0],"texture":"#1"},"east":{"uv":[0.5,5.0,1.0,7.0],"texture":"#1"},"south":{"uv":[6.25,5.5,6.5,7.5],"texture":"#1"},"west":{"uv":[5.0,0.5,5.5,2.5],"texture":"#1"},"up":{"uv":[3.25,9.0,3.0,8.5],"texture":"#1"},"down":{"uv":[5.0,10.75,4.75,11.25],"texture":"#1"}}},{"from":[6.0,10.0,-5.75],"to":[8.0,10.0,-0.75],"rotation":{"origin":[6.0,8.25,-4.0],"axis":"y","angle":0.0},"faces":{"north":{"uv":[0.0,0.0,0.5,0.0],"texture":"#1"},"east":{"uv":[0.0,0.0,1.25,0.0],"texture":"#1"},"south":{"uv":[0.0,0.0,0.5,0.0],"texture":"#1"},"west":{"uv":[0.0,0.0,1.25,0.0],"texture":"#1"},"up":{"uv":[6.5,4.25,6.0,3.0],"texture":"#1"},"down":{"uv":[6.5,4.25,6.0,5.5],"texture":"#1"}}},{"from":[6.0,11.5,-0.75],"to":[8.0,14.0,0.75],"rotation":{"origin":[6.0,8.5,-3.75],"axis":"y","angle":0.0},"faces":{"north":{"uv":[9.0,8.0,9.5,8.625],"texture":"#1"},"east":{"uv":[9.5,6.0,9.875,6.625],"texture":"#1"},"south":{"uv":[8.5,9.0,9.0,9.625],"texture":"#1"},"west":{"uv":[7.0,9.5,7.375,10.125],"texture":"#1"},"up":{"uv":[10.25,5.125,9.75,4.75],"texture":"#1"},"down":{"uv":[9.0,9.75,8.5,10.125],"texture":"#1"}}},{"from":[7.0,12.5,-1.0],"to":[7.0,13.5,0.0],"rotation":{"origin":[6.0,8.75,-3.0],"axis":"y","angle":0.0},"faces":{"north":{"uv":[0.0,0.0,0.0,0.25],"texture":"#1"},"east":{"uv":[10.25,5.25,10.5,5.5],"texture":"#1"},"south":{"uv":[0.0,0.0,0.0,0.25],"texture":"#1"},"west":{"uv":[10.25,6.5,10.5,6.75],"texture":"#1"},"up":{"uv":[0.0,0.0,0.0,0.25],"texture":"#1"},"down":{"uv":[0.0,0.0,0.0,0.25],"texture":"#1"}}},{"from":[6.25,12.25,-2.0],"to":[7.75,13.75,-1.0],"rotation":{"origin":[6.0,8.75,-3.0],"axis":"y","angle":0.0},"faces":{"north":{"uv":[10.25,8.0,10.625,8.375],"texture":"#1"},"east":{"uv":[4.0,11.0,4.25,11.375],"texture":"#1"},"south":{"uv":[8.5,10.25,8.875,10.625],"texture":"#1"},"west":{"uv":[11.0,6.5,11.25,6.875],"texture":"#1"},"up":{"uv":[7.375,11.25,7.0,11.0],"texture":"#1"},"down":{"uv":[11.375,7.0,11.0,7.25],"texture":"#1"}}},{"from":[6.5,14.0,-0.5],"to":[7.5,16.0,0.5],"rotation":{"origin":[6.0,8.5,-3.75],"axis":"y","angle":0.0},"faces":{"north":{"uv":[6.75,10.75,7.0,11.25],"texture":"#1"},"east":{"uv":[9.0,10.75,9.25,11.25],"texture":"#1"},"south":{"uv":[11.0,3.0,11.25,3.5],"texture":"#1"},"west":{"uv":[11.0,3.5,11.25,4.0],"texture":"#1"},"up":{"uv":[1.75,10.75,1.5,10.5],"texture":"#1"},"down":{"uv":[6.0,10.5,5.75,10.75],"texture":"#1"}}},{"from":[3.75,15.4,-0.5],"to":[5.75,16.4,0.5],"rotation":{"origin":[5.75,15.9,-0.5],"axis":"y","angle":0.0},"faces":{"north":{"uv":[11.0,4.0,11.5,4.25],"texture":"#1"},"east":{"uv":[10.5,5.75,10.75,6.0],"texture":"#1"},"south":{"uv":[11.0,4.25,11.5,4.5],"texture":"#1"},"west":{"uv":[11.25,6.75,11.5,7.0],"texture":"#1"},"up":{"uv":[11.5,4.75,11.0,4.5],"texture":"#1"},"down":{"uv":[11.5,4.75,11.0,5.0],"texture":"#1"}}},{"from":[1.5,15.65,0.0],"to":[4.0,16.15,0.5],"rotation":{"origin":[3.0,15.9,0.25],"axis":"y","angle":22.5},"faces":{"north":{"uv":[4.25,11.25,4.875,11.375],"texture":"#1"},"east":{"uv":[11.0,11.25,11.125,11.375],"texture":"#1"},"south":{"uv":[5.0,11.25,5.625,11.375],"texture":"#1"},"west":{"uv":[11.25,11.25,11.375,11.375],"texture":"#1"},"up":{"uv":[6.375,11.375,5.75,11.25],"texture":"#1"},"down":{"uv":[11.875,5.75,11.25,5.875],"texture":"#1"}}},{"from":[8.25,15.4,-0.5],"to":[10.25,16.4,0.5],"rotation":{"origin":[8.75,8.9,-3.75],"axis":"y","angle":0.0},"faces":{"north":{"uv":[11.0,5.0,11.5,5.25],"texture":"#1"},"east":{"uv":[7.25,11.25,7.5,11.5],"texture":"#1"},"south":{"uv":[5.25,11.0,5.75,11.25],"texture":"#1"},"west":{"uv":[7.5,11.25,7.75,11.5],"texture":"#1"},"up":{"uv":[11.5,5.5,11.0,5.25],"texture":"#1"},"down":{"uv":[11.5,5.5,11.0,5.75],"texture":"#1"}}},{"from":[10.0,15.65,0.0],"to":[12.5,16.15,0.5],"rotation":{"origin":[11.0,15.9,0.25],"axis":"y","angle":-22.5},"faces":{"north":{"uv":[11.25,6.0,11.875,6.125],"texture":"#1"},"east":{"uv":[0.0,11.5,0.125,11.625],"texture":"#1"},"south":{"uv":[11.25,6.25,11.875,6.375],"texture":"#1"},"west":{"uv":[0.25,11.5,0.375,11.625],"texture":"#1"},"up":{"uv":[7.125,11.375,6.5,11.25],"texture":"#1"},"down":{"uv":[11.875,6.5,11.25,6.625],"texture":"#1"}}},{"from":[7.5,15.0,-0.5],"to":[8.75,16.0,0.5],"rotation":{"origin":[7.5,15.0,0.0],"axis":"z","angle":22.5},"faces":{"north":{"uv":[11.0,7.25,11.375,7.5],"texture":"#1"},"east":{"uv":[7.75,11.25,8.0,11.5],"texture":"#1"},"south":{"uv":[7.5,11.0,7.875,11.25],"texture":"#1"},"west":{"uv":[8.0,11.25,8.25,11.5],"texture":"#1"},"up":{"uv":[11.375,7.75,11.0,7.5],"texture":"#1"},"down":{"uv":[11.375,7.75,11.0,8.0],"texture":"#1"}}},{"from":[5.25,15.0,-0.5],"to":[6.5,16.0,0.5],"rotation":{"origin":[6.5,15.0,0.0],"axis":"z","angle":-22.5},"faces":{"north":{"uv":[8.0,11.0,8.375,11.25],"texture":"#1"},"east":{"uv":[11.25,8.0,11.5,8.25],"texture":"#1"},"south":{"uv":[11.0,8.5,11.375,8.75],"texture":"#1"},"west":{"uv":[8.25,11.25,8.5,11.5],"texture":"#1"},"up":{"uv":[11.375,9.0,11.0,8.75],"texture":"#1"},"down":{"uv":[11.375,9.0,11.0,9.25],"texture":"#1"}}},{"from":[6.25,12.75,0.75],"to":[7.75,13.75,13.35],"rotation":{"origin":[6.0,8.75,-3.75],"axis":"y","angle":0.0},"faces":{"north":{"uv":[11.0,9.25,11.375,9.5],"texture":"#1"},"east":{"uv":[4.5,2.5,7.625,2.75],"texture":"#1"},"south":{"uv":[11.0,9.5,11.375,9.75],"texture":"#1"},"west":{"uv":[4.5,2.75,7.625,3.0],"texture":"#1"},"up":{"uv":[0.375,6.625,0.0,3.5],"texture":"#1"},"down":{"uv":[3.875,0.0,3.5,3.125],"texture":"#1"}}},{"from":[6.5,13.5,13.6],"to":[7.5,14.75,14.6],"rotation":{"origin":[6.0,8.75,-3.75],"axis":"y","angle":0.0},"faces":{"north":{"uv":[9.75,11.0,10.0,11.375],"texture":"#1"},"east":{"uv":[11.0,9.75,11.25,10.125],"texture":"#1"},"south":{"uv":[10.0,11.0,10.25,11.375],"texture":"#1"},"west":{"uv":[10.25,11.0,10.5,11.375],"texture":"#1"},"up":{"uv":[11.5,8.5,11.25,8.25],"texture":"#1"},"down":{"uv":[8.75,11.25,8.5,11.5],"texture":"#1"}}},{"from":[6.35,14.25,11.2],"to":[7.65,15.25,12.35],"rotation":{"origin":[6.0,8.5,-4.25],"axis":"y","angle":0.0},"faces":{"north":{"uv":[11.0,10.25,11.375,10.5],"texture":"#1"},"east":{"uv":[8.75,11.25,9.0,11.5],"texture":"#1"},"south":{"uv":[10.5,11.0,10.875,11.25],"texture":"#1"},"west":{"uv":[9.0,11.25,9.25,11.5],"texture":"#1"},"up":{"uv":[11.375,11.25,11.0,11.0],"texture":"#1"},"down":{"uv":[0.375,11.25,0.0,11.5],"texture":"#1"}}},{"from":[5.25,14.25,12.35],"to":[8.75,15.25,15.35],"rotation":{"origin":[6.0,8.5,-4.0],"axis":"y","angle":0.0},"faces":{"north":{"uv":[9.5,6.75,10.375,7.0],"texture":"#1"},"east":{"uv":[7.0,2.25,7.75,2.5],"texture":"#1"},"south":{"uv":[9.5,8.5,10.375,8.75],"texture":"#1"},"west":{"uv":[9.75,8.75,10.5,9.0],"texture":"#1"},"up":{"uv":[6.375,2.25,5.5,1.5],"texture":"#1"},"down":{"uv":[1.875,6.0,1.0,6.75],"texture":"#1"}}},{"from":[7.25,14.25,12.1],"to":[8.85,15.25,13.1],"rotation":{"origin":[8.5,14.75,12.1],"axis":"y","angle":-45.0},"faces":{"north":{"uv":[11.25,0.0,11.625,0.25],"texture":"#1"},"east":{"uv":[9.25,11.25,9.5,11.5],"texture":"#1"},"south":{"uv":[11.25,0.25,11.625,0.5],"texture":"#1"},"west":{"uv":[9.5,11.25,9.75,11.5],"texture":"#1"},"up":{"uv":[0.875,11.5,0.5,11.25],"texture":"#1"},"down":{"uv":[11.625,0.5,11.25,0.75],"texture":"#1"}}},{"from":[5.15,14.25,12.1],"to":[6.75,15.25,13.1],"rotation":{"origin":[5.5,14.75,12.1],"axis":"y","angle":45.0},"faces":{"north":{"uv":[11.25,0.75,11.625,1.0],"texture":"#1"},"east":{"uv":[11.25,9.75,11.5,10.0],"texture":"#1"},"south":{"uv":[1.5,11.25,1.875,11.5],"texture":"#1"},"west":{"uv":[11.25,10.0,11.5,10.25],"texture":"#1"},"up":{"uv":[2.375,11.5,2.0,11.25],"texture":"#1"},"down":{"uv":[2.875,11.25,2.5,11.5],"texture":"#1"}}},{"from":[5.75,2.75,8.1],"to":[8.25,5.25,10.6],"rotation":{"origin":[6.0,9.0,-4.0],"axis":"y","angle":0.0},"faces":{"north":{"uv":[2.5,6.75,3.125,7.375],"texture":"#1"},"east":{"uv":[3.25,6.75,3.875,7.375],"texture":"#1"},"south":{"uv":[1.5,7.0,2.125,7.625],"texture":"#1"},"west":{"uv":[7.0,1.5,7.625,2.125],"texture":"#1"},"up":{"uv":[7.625,3.625,7.0,3.0],"texture":"#1"},"down":{"uv":[7.625,3.75,7.0,4.375],"texture":"#1"}}},{"from":[4.75,2.25,7.6],"to":[5.75,5.75,11.1],"rotation":{"origin":[6.0,9.0,-4.0],"axis":"y","angle":0.0},"faces":{"north":{"uv":[8.0,9.5,8.25,10.375],"texture":"#1"},"east":{"uv":[1.0,5.0,1.875,5.875],"texture":"#1"},"south":{"uv":[8.25,9.5,8.5,10.375],"texture":"#1"},"west":{"uv":[5.0,3.0,5.875,3.875],"texture":"#1"},"up":{"uv":[2.5,10.625,2.25,9.75],"texture":"#1"},"down":{"uv":[2.75,9.75,2.5,10.625],"texture":"#1"}}},{"from":[5.75,5.75,18.25],"to":[5.75,11.75,18.75],"rotation":{"origin":[6.0,9.25,-4.0],"axis":"y","angle":0.0},"faces":{"north":{"uv":[0.0,0.0,0.0,1.5],"texture":"#1"},"east":{"uv":[5.0,9.75,5.125,11.25],"texture":"#1"},"south":{"uv":[0.0,0.0,0.0,1.5],"texture":"#1"},"west":{"uv":[9.75,9.0,9.875,10.5],"texture":"#1"},"up":{"uv":[0.0,0.125,0.0,0.0],"texture":"#1"},"down":{"uv":[0.0,0.0,0.0,0.125],"texture":"#1"}}},{"from":[5.5,11.75,15.25],"to":[8.5,12.75,21.25],"rotation":{"origin":[6.0,9.25,-4.0],"axis":"y","angle":0.0},"faces":{"north":{"uv":[10.0,0.0,10.75,0.25],"texture":"#1"},"east":{"uv":[7.0,0.0,8.5,0.25],"texture":"#1"},"south":{"uv":[10.0,0.25,10.75,0.5],"texture":"#1"},"west":{"uv":[7.0,0.25,8.5,0.5],"texture":"#1"},"up":{"uv":[1.25,5.0,0.5,3.5],"texture":"#1"},"down":{"uv":[2.0,3.5,1.25,5.0],"texture":"#1"}}},{"from":[8.25,5.75,16.75],"to":[8.25,11.75,17.25],"rotation":{"origin":[10.5,9.25,-5.5],"axis":"y","angle":0.0},"faces":{"north":{"uv":[0.0,0.0,0.0,1.5],"texture":"#1"},"east":{"uv":[9.25,9.75,9.375,11.25],"texture":"#1"},"south":{"uv":[0.0,0.0,0.0,1.5],"texture":"#1"},"west":{"uv":[9.5,9.75,9.625,11.25],"texture":"#1"},"up":{"uv":[0.0,0.0,0.0,0.125],"texture":"#1"},"down":{"uv":[0.0,0.0,0.0,0.125],"texture":"#1"}}},{"from":[8.25,5.75,18.25],"to":[8.25,11.75,18.75],"rotation":{"origin":[10.5,9.25,-4.0],"axis":"y","angle":0.0},"faces":{"north":{"uv":[0.0,0.0,0.0,1.5],"texture":"#1"},"east":{"uv":[3.0,10.0,3.125,11.5],"texture":"#1"},"south":{"uv":[0.0,0.0,0.0,1.5],"texture":"#1"},"west":{"uv":[3.25,10.0,3.375,11.5],"texture":"#1"},"up":{"uv":[0.0,0.0,0.0,0.125],"texture":"#1"},"down":{"uv":[0.0,0.0,0.0,0.125],"texture":"#1"}}},{"from":[5.75,5.75,16.75],"to":[5.75,11.75,17.25],"rotation":{"origin":[6.0,9.25,-5.5],"axis":"y","angle":0.0},"faces":{"north":{"uv":[0.0,0.0,0.0,1.5],"texture":"#1"},"east":{"uv":[3.5,10.0,3.625,11.5],"texture":"#1"},"south":{"uv":[0.0,0.0,0.0,1.5],"texture":"#1"},"west":{"uv":[3.75,10.0,3.875,11.5],"texture":"#1"},"up":{"uv":[0.0,0.0,0.0,0.125],"texture":"#1"},"down":{"uv":[0.0,0.0,0.0,0.125],"texture":"#1"}}},{"from":[4.75,4.25,11.1],"to":[5.75,5.75,18.75],"rotation":{"origin":[6.0,9.25,-4.0],"axis":"y","angle":0.0},"faces":{"north":{"uv":[11.25,3.0,11.5,3.375],"texture":"#1"},"east":{"uv":[5.5,0.5,7.375,0.875],"texture":"#1"},"south":{"uv":[11.25,3.5,11.5,3.875],"texture":"#1"},"west":{"uv":[5.5,1.0,7.375,1.375],"texture":"#1"},"up":{"uv":[1.25,8.625,1.0,6.75],"texture":"#1"},"down":{"uv":[1.5,6.75,1.25,8.625],"texture":"#1"}}},{"from":[8.25,5.75,11.1],"to":[9.25,5.75,16.25],"rotation":{"origin":[9.5,8.75,-4.0],"axis":"y","angle":0.0},"faces":{"north":{"uv":[0.0,0.0,0.25,0.0],"texture":"#1"},"east":{"uv":[0.0,0.0,1.25,0.0],"texture":"#1"},"south":{"uv":[0.0,0.0,0.25,0.0],"texture":"#1"},"west":{"uv":[0.0,0.0,1.25,0.0],"texture":"#1"},"up":{"uv":[4.25,10.25,4.0,9.0],"texture":"#1"},"down":{"uv":[7.0,9.0,6.75,10.25],"texture":"#1"}}},{"from":[8.25,3.25,16.25],"to":[9.25,5.75,18.75],"rotation":{"origin":[9.5,9.0,-4.5],"axis":"y","angle":0.0},"faces":{"north":{"uv":[9.0,10.0,9.25,10.625],"texture":"#1"},"east":{"uv":[7.0,4.5,7.625,5.125],"texture":"#1"},"south":{"uv":[4.0,10.25,4.25,10.875],"texture":"#1"},"west":{"uv":[7.0,5.25,7.625,5.875],"texture":"#1"},"up":{"uv":[7.25,10.875,7.0,10.25],"texture":"#1"},"down":{"uv":[7.5,10.25,7.25,10.875],"texture":"#1"}}},{"from":[8.25,3.25,11.1],"to":[9.25,3.25,16.25],"rotation":{"origin":[9.5,8.75,-4.0],"axis":"y","angle":0.0},"faces":{"north":{"uv":[0.0,0.0,0.25,0.0],"texture":"#1"},"east":{"uv":[0.0,0.0,1.25,0.0],"texture":"#1"},"south":{"uv":[0.0,0.0,0.25,0.0],"texture":"#1"},"west":{"uv":[0.0,0.0,1.25,0.0],"texture":"#1"},"up":{"uv":[9.25,10.0,9.0,8.75],"texture":"#1"},"down":{"uv":[9.5,1.5,9.25,2.75],"texture":"#1"}}},{"from":[3.75,3.5,8.85],"to":[4.75,4.5,11.85],"rotation":{"origin":[6.0,9.0,-4.0],"axis":"y","angle":0.0},"faces":{"north":{"uv":[10.5,11.25,10.75,11.5],"texture":"#1"},"east":{"uv":[10.0,0.5,10.75,0.75],"texture":"#1"},"south":{"uv":[11.25,10.5,11.5,10.75],"texture":"#1"},"west":{"uv":[10.0,0.75,10.75,1.0],"texture":"#1"},"up":{"uv":[4.5,8.25,4.25,7.5],"texture":"#1"},"down":{"uv":[2.25,7.75,2.0,8.5],"texture":"#1"}}},{"from":[9.25,3.5,6.6],"to":[10.25,4.5,9.6],"rotation":{"origin":[11.5,9.0,-6.25],"axis":"y","angle":0.0},"faces":{"north":{"uv":[10.75,11.25,11.0,11.5],"texture":"#1"},"east":{"uv":[5.25,10.0,6.0,10.25],"texture":"#1"},"south":{"uv":[11.25,10.75,11.5,11.0],"texture":"#1"},"west":{"uv":[6.0,10.0,6.75,10.25],"texture":"#1"},"up":{"uv":[5.5,9.0,5.25,8.25],"texture":"#1"},"down":{"uv":[10.25,6.0,10.0,6.75],"texture":"#1"}}},{"from":[1.75,3.5,10.85],"to":[3.75,4.75,12.85],"rotation":{"origin":[6.0,9.0,-3.75],"axis":"y","angle":0.0},"faces":{"north":{"uv":[10.0,7.0,10.5,7.375],"texture":"#1"},"east":{"uv":[7.5,10.0,8.0,10.375],"texture":"#1"},"south":{"uv":[10.0,7.5,10.5,7.875],"texture":"#1"},"west":{"uv":[10.0,9.0,10.5,9.375],"texture":"#1"},"up":{"uv":[9.75,9.25,9.25,8.75],"texture":"#1"},"down":{"uv":[9.75,9.25,9.25,9.75],"texture":"#1"}}},{"from":[10.25,3.5,5.6],"to":[12.25,4.75,7.6],"rotation":{"origin":[14.5,9.0,-9.0],"axis":"y","angle":0.0},"faces":{"north":{"uv":[10.0,9.5,10.5,9.875],"texture":"#1"},"east":{"uv":[10.0,10.0,10.5,10.375],"texture":"#1"},"south":{"uv":[0.0,10.25,0.5,10.625],"texture":"#1"},"west":{"uv":[0.5,10.25,1.0,10.625],"texture":"#1"},"up":{"uv":[10.0,0.5,9.5,0.0],"texture":"#1"},"down":{"uv":[10.0,0.5,9.5,1.0],"texture":"#1"}}},{"from":[8.25,2.25,7.6],"to":[9.25,5.75,11.1],"rotation":{"origin":[9.5,9.0,-4.0],"axis":"y","angle":0.0},"faces":{"north":{"uv":[2.75,9.75,3.0,10.625],"texture":"#1"},"east":{"uv":[5.0,4.0,5.875,4.875],"texture":"#1"},"south":{"uv":[4.25,9.75,4.5,10.625],"texture":"#1"},"west":{"uv":[5.0,5.0,5.875,5.875],"texture":"#1"},"up":{"uv":[4.75,10.625,4.5,9.75],"texture":"#1"},"down":{"uv":[5.0,9.75,4.75,10.625],"texture":"#1"}}},{"from":[6.25,11.75,0.75],"to":[7.75,13.25,12.75],"rotation":{"origin":[7.0,13.25,0.75],"axis":"x","angle":45.0},"faces":{"north":{"uv":[1.0,10.5,1.375,10.875],"texture":"#1"},"east":{"uv":[2.0,3.5,5.0,3.875],"texture":"#1"},"south":{"uv":[10.5,1.0,10.875,1.375],"texture":"#1"},"west":{"uv":[4.0,0.0,7.0,0.375],"texture":"#1"},"up":{"uv":[4.375,3.5,4.0,0.5],"texture":"#1"},"down":{"uv":[2.375,4.0,2.0,7.0],"texture":"#1"}}},{"from":[6.25,3.16637,10.42297],"to":[7.75,14.36637,11.92297],"rotation":{"origin":[7.0,6.66637,11.17297],"axis":"x","angle":22.5},"faces":{"north":{"uv":[2.5,4.0,2.875,6.75],"texture":"#1"},"east":{"uv":[3.0,4.0,3.375,6.75],"texture":"#1"},"south":{"uv":[3.5,4.0,3.875,6.75],"texture":"#1"},"west":{"uv":[4.0,4.0,4.375,6.75],"texture":"#1"},"up":{"uv":[10.875,1.875,10.5,1.5],"texture":"#1"},"down":{"uv":[10.875,2.0,10.5,2.375],"texture":"#1"}}},{"from":[6.0,10.0,-0.75],"to":[8.0,10.0,3.25],"rotation":{"origin":[7.0,10.0,-0.75],"axis":"x","angle":45.0},"faces":{"north":{"uv":[0.0,0.0,0.5,0.0],"texture":"#1"},"east":{"uv":[0.0,0.0,1.0,0.0],"texture":"#1"},"south":{"uv":[0.0,0.0,0.5,0.0],"texture":"#1"},"west":{"uv":[0.0,0.0,1.0,0.0],"texture":"#1"},"up":{"uv":[7.0,2.5,6.5,1.5],"texture":"#1"},"down":{"uv":[7.0,3.0,6.5,4.0],"texture":"#1"}}},{"from":[8.0,9.0,15.5],"to":[8.0,10.0,20.5],"rotation":{"origin":[6.0,8.25,17.25],"axis":"y","angle":0.0},"faces":{"north":{"uv":[0.0,0.0,0.0,0.25],"texture":"#1"},"east":{"uv":[9.25,2.75,10.5,3.0],"texture":"#1"},"south":{"uv":[0.0,0.0,0.0,0.25],"texture":"#1"},"west":{"uv":[9.25,3.0,10.5,3.25],"texture":"#1"},"up":{"uv":[0.0,1.25,0.0,0.0],"texture":"#1"},"down":{"uv":[0.0,0.0,0.0,1.25],"texture":"#1"}}},{"from":[6.0,10.0,15.5],"to":[8.0,10.0,20.5],"rotation":{"origin":[6.0,8.25,17.25],"axis":"y","angle":0.0},"faces":{"north":{"uv":[0.0,0.0,0.5,0.0],"texture":"#1"},"east":{"uv":[0.0,0.0,1.25,0.0],"texture":"#1"},"south":{"uv":[0.0,0.0,0.5,0.0],"texture":"#1"},"west":{"uv":[0.0,0.0,1.25,0.0],"texture":"#1"},"up":{"uv":[5.0,7.25,4.5,6.0],"texture":"#1"},"down":{"uv":[5.5,6.0,5.0,7.25],"texture":"#1"}}},{"from":[6.0,9.0,15.5],"to":[6.0,10.0,20.5],"rotation":{"origin":[6.0,8.25,17.25],"axis":"y","angle":0.0},"faces":{"north":{"uv":[0.0,0.0,0.0,0.25],"texture":"#1"},"east":{"uv":[9.25,3.25,10.5,3.5],"texture":"#1"},"south":{"uv":[0.0,0.0,0.0,0.25],"texture":"#1"},"west":{"uv":[9.25,3.5,10.5,3.75],"texture":"#1"},"up":{"uv":[0.0,0.0,0.0,1.25],"texture":"#1"},"down":{"uv":[0.0,0.0,0.0,1.25],"texture":"#1"}}},{"from":[6.0,9.0,11.5],"to":[6.0,10.0,15.5],"rotation":{"origin":[7.0,10.0,15.5],"axis":"x","angle":-45.0},"faces":{"north":{"uv":[0.0,0.0,0.0,0.25],"texture":"#1"},"east":{"uv":[5.5,2.25,6.5,2.5],"texture":"#1"},"south":{"uv":[0.0,0.0,0.0,0.25],"texture":"#1"},"west":{"uv":[9.25,5.25,10.25,5.5],"texture":"#1"},"up":{"uv":[0.0,1.0,0.0,0.0],"texture":"#1"},"down":{"uv":[0.0,0.0,0.0,1.0],"texture":"#1"}}},{"from":[8.0,9.0,11.5],"to":[8.0,10.0,15.5],"rotation":{"origin":[7.0,10.0,15.5],"axis":"x","angle":-45.0},"faces":{"north":{"uv":[0.0,0.0,0.0,0.25],"texture":"#1"},"east":{"uv":[9.5,1.0,10.5,1.25],"texture":"#1"},"south":{"uv":[0.0,0.0,0.0,0.25],"texture":"#1"},"west":{"uv":[9.5,1.25,10.5,1.5],"texture":"#1"},"up":{"uv":[0.0,0.0,0.0,1.0],"texture":"#1"},"down":{"uv":[0.0,0.0,0.0,1.0],"texture":"#1"}}},{"from":[6.0,10.0,11.5],"to":[8.0,10.0,15.5],"rotation":{"origin":[7.0,10.0,15.5],"axis":"x","angle":-45.0},"faces":{"north":{"uv":[0.0,0.0,0.5,0.0],"texture":"#1"},"east":{"uv":[0.0,0.0,1.0,0.0],"texture":"#1"},"south":{"uv":[0.0,0.0,0.5,0.0],"texture":"#1"},"west":{"uv":[0.0,0.0,1.0,0.0],"texture":"#1"},"up":{"uv":[7.0,5.0,6.5,4.0],"texture":"#1"},"down":{"uv":[7.0,5.0,6.5,6.0],"texture":"#1"}}},{"from":[6.0,9.0,20.5],"to":[6.0,10.0,24.5],"rotation":{"origin":[7.0,10.0,20.5],"axis":"x","angle":45.0},"faces":{"north":{"uv":[0.0,0.0,0.0,0.25],"texture":"#1"},"east":{"uv":[9.5,1.5,10.5,1.75],"texture":"#1"},"south":{"uv":[0.0,0.0,0.0,0.25],"texture":"#1"},"west":{"uv":[9.5,1.75,10.5,2.0],"texture":"#1"},"up":{"uv":[0.0,0.0,0.0,1.0],"texture":"#1"},"down":{"uv":[0.0,0.0,0.0,1.0],"texture":"#1"}}},{"from":[8.0,9.0,20.5],"to":[8.0,10.0,24.5],"rotation":{"origin":[7.0,10.0,20.5],"axis":"x","angle":45.0},"faces":{"north":{"uv":[0.0,0.0,0.0,0.25],"texture":"#1"},"east":{"uv":[2.0,9.5,3.0,9.75],"texture":"#1"},"south":{"uv":[0.0,0.0,0.0,0.25],"texture":"#1"},"west":{"uv":[9.5,2.0,10.5,2.25],"texture":"#1"},"up":{"uv":[0.0,0.0,0.0,1.0],"texture":"#1"},"down":{"uv":[0.0,0.0,0.0,1.0],"texture":"#1"}}},{"from":[6.0,10.0,20.5],"to":[8.0,10.0,24.5],"rotation":{"origin":[7.0,10.0,20.5],"axis":"x","angle":45.0},"faces":{"north":{"uv":[0.0,0.0,0.5,0.0],"texture":"#1"},"east":{"uv":[0.0,0.0,1.0,0.0],"texture":"#1"},"south":{"uv":[0.0,0.0,0.5,0.0],"texture":"#1"},"west":{"uv":[0.0,0.0,1.0,0.0],"texture":"#1"},"up":{"uv":[7.0,7.0,6.5,6.0],"texture":"#1"},"down":{"uv":[0.5,6.75,0.0,7.75],"texture":"#1"}}},{"from":[8.0,9.0,-0.75],"to":[8.0,10.0,3.25],"rotation":{"origin":[6.75,10.0,-0.75],"axis":"x","angle":45.0},"faces":{"north":{"uv":[0.0,0.0,0.0,0.25],"texture":"#1"},"east":{"uv":[9.5,2.25,10.5,2.5],"texture":"#1"},"south":{"uv":[0.0,0.0,0.0,0.25],"texture":"#1"},"west":{"uv":[9.5,2.5,10.5,2.75],"texture":"#1"},"up":{"uv":[0.0,0.0,0.0,1.0],"texture":"#1"},"down":{"uv":[0.0,0.0,0.0,1.0],"texture":"#1"}}},{"from":[6.0,9.0,-0.75],"to":[6.0,10.0,3.25],"rotation":{"origin":[7.25,10.0,-0.75],"axis":"x","angle":45.0},"faces":{"north":{"uv":[0.0,0.0,0.0,0.25],"texture":"#1"},"east":{"uv":[9.5,5.5,10.5,5.75],"texture":"#1"},"south":{"uv":[0.0,0.0,0.0,0.25],"texture":"#1"},"west":{"uv":[9.5,5.75,10.5,6.0],"texture":"#1"},"up":{"uv":[0.0,0.0,0.0,1.0],"texture":"#1"},"down":{"uv":[0.0,0.0,0.0,1.0],"texture":"#1"}}},{"from":[6.0,10.0,-8.75],"to":[8.0,10.0,-5.75],"rotation":{"origin":[7.0,10.0,-5.75],"axis":"x","angle":-45.0},"faces":{"north":{"uv":[0.0,0.0,0.5,0.0],"texture":"#1"},"east":{"uv":[0.0,0.0,0.75,0.0],"texture":"#1"},"south":{"uv":[0.0,0.0,0.5,0.0],"texture":"#1"},"west":{"uv":[0.0,0.0,0.75,0.0],"texture":"#1"},"up":{"uv":[4.5,7.5,4.0,6.75],"texture":"#1"},"down":{"uv":[1.0,7.0,0.5,7.75],"texture":"#1"}}},{"from":[8.0,9.0,-8.75],"to":[8.0,10.0,-5.75],"rotation":{"origin":[6.75,10.0,-5.75],"axis":"x","angle":-45.0},"faces":{"north":{"uv":[0.0,0.0,0.0,0.25],"texture":"#1"},"east":{"uv":[1.0,10.25,1.75,10.5],"texture":"#1"},"south":{"uv":[0.0,0.0,0.0,0.25],"texture":"#1"},"west":{"uv":[10.25,4.75,11.0,5.0],"texture":"#1"},"up":{"uv":[0.0,0.75,0.0,0.0],"texture":"#1"},"down":{"uv":[0.0,0.0,0.0,0.75],"texture":"#1"}}},{"from":[6.0,9.0,-8.75],"to":[6.0,10.0,-5.75],"rotation":{"origin":[7.25,10.0,-5.75],"axis":"x","angle":-45.0},"faces":{"north":{"uv":[0.0,0.0,0.0,0.25],"texture":"#1"},"east":{"uv":[10.25,5.0,11.0,5.25],"texture":"#1"},"south":{"uv":[0.0,0.0,0.0,0.25],"texture":"#1"},"west":{"uv":[5.25,10.25,6.0,10.5],"texture":"#1"},"up":{"uv":[0.0,0.0,0.0,0.75],"texture":"#1"},"down":{"uv":[0.0,0.0,0.0,0.75],"texture":"#1"}}},{"from":[6.0,9.0,-5.75],"to":[6.0,10.0,-0.75],"rotation":{"origin":[6.25,8.25,-4.0],"axis":"y","angle":0.0},"faces":{"north":{"uv":[0.0,0.0,0.0,0.25],"texture":"#1"},"east":{"uv":[9.25,3.75,10.5,4.0],"texture":"#1"},"south":{"uv":[0.0,0.0,0.0,0.25],"texture":"#1"},"west":{"uv":[9.25,4.0,10.5,4.25],"texture":"#1"},"up":{"uv":[0.0,0.0,0.0,1.25],"texture":"#1"},"down":{"uv":[0.0,0.0,0.0,1.25],"texture":"#1"}}},{"from":[8.0,9.0,-5.75],"to":[8.0,10.0,-0.75],"rotation":{"origin":[5.75,8.25,-4.0],"axis":"y","angle":0.0},"faces":{"north":{"uv":[0.0,0.0,0.0,0.25],"texture":"#1"},"east":{"uv":[9.25,4.25,10.5,4.5],"texture":"#1"},"south":{"uv":[0.0,0.0,0.0,0.25],"texture":"#1"},"west":{"uv":[9.25,4.5,10.5,4.75],"texture":"#1"},"up":{"uv":[0.0,0.0,0.0,1.25],"texture":"#1"},"down":{"uv":[0.0,0.0,0.0,1.25],"texture":"#1"}}},{"from":[6.25,0.0,-9.0],"to":[7.75,1.5,-5.0],"rotation":{"origin":[6.0,0.0,-5.0],"axis":"x","angle":45.0},"faces":{"north":{"uv":[10.75,0.0,11.125,0.375],"texture":"#1"},"east":{"uv":[4.25,8.25,5.25,8.625],"texture":"#1"},"south":{"uv":[0.5,10.75,0.875,11.125],"texture":"#1"},"west":{"uv":[8.25,4.5,9.25,4.875],"texture":"#1"},"up":{"uv":[8.875,1.0,8.5,0.0],"texture":"#1"},"down":{"uv":[2.375,8.5,2.0,9.5],"texture":"#1"}}},{"from":[6.25,0.0,-5.0],"to":[7.75,1.5,-1.0],"rotation":{"origin":[6.0,0.0,-4.0],"axis":"y","angle":0.0},"faces":{"north":{"uv":[10.75,0.5,11.125,0.875],"texture":"#1"},"east":{"uv":[8.25,5.0,9.25,5.375],"texture":"#1"},"south":{"uv":[1.5,10.75,1.875,11.125],"texture":"#1"},"west":{"uv":[8.5,1.0,9.5,1.375],"texture":"#1"},"up":{"uv":[2.875,9.5,2.5,8.5],"texture":"#1"},"down":{"uv":[8.875,5.5,8.5,6.5],"texture":"#1"}}},{"from":[7.0,1.5,-6.35],"to":[7.0,8.15,0.35],"rotation":{"origin":[6.0,0.0,-4.0],"axis":"y","angle":0.0},"faces":{"north":{"uv":[0.0,0.0,0.0,1.625],"texture":"#1"},"east":{"uv":[1.75,0.0,3.375,1.625],"texture":"#1"},"south":{"uv":[0.0,0.0,0.0,1.625],"texture":"#1"},"west":{"uv":[1.75,1.75,3.375,3.375],"texture":"#1"},"up":{"uv":[0.0,0.0,0.0,1.625],"texture":"#1"},"down":{"uv":[0.0,0.0,0.0,1.625],"texture":"#1"}}},{"from":[6.25,8.2,-5.0],"to":[7.75,9.7,-1.0],"rotation":{"origin":[6.0,8.2,-4.0],"axis":"y","angle":0.0},"faces":{"north":{"uv":[2.0,10.75,2.375,11.125],"texture":"#1"},"east":{"uv":[6.0,8.5,7.0,8.875],"texture":"#1"},"south":{"uv":[2.5,10.75,2.875,11.125],"texture":"#1"},"west":{"uv":[8.5,6.5,9.5,6.875],"texture":"#1"},"up":{"uv":[7.375,9.5,7.0,8.5],"texture":"#1"},"down":{"uv":[8.875,7.0,8.5,8.0],"texture":"#1"}}},{"from":[6.25,2.85,-7.85],"to":[7.75,6.85,-6.35],"rotation":{"origin":[6.0,2.85,-4.85],"axis":"y","angle":0.0},"faces":{"north":{"uv":[8.0,8.5,8.375,9.5],"texture":"#1"},"east":{"uv":[8.5,8.0,8.875,9.0],"texture":"#1"},"south":{"uv":[0.0,8.75,0.375,9.75],"texture":"#1"},"west":{"uv":[0.5,8.75,0.875,9.75],"texture":"#1"},"up":{"uv":[4.625,11.125,4.25,10.75],"texture":"#1"},"down":{"uv":[6.125,10.75,5.75,11.125],"texture":"#1"}}},{"from":[6.25,6.85,-7.85],"to":[7.75,10.85,-6.35],"rotation":{"origin":[7.0,6.85,-7.85],"axis":"x","angle":45.0},"faces":{"north":{"uv":[1.0,8.75,1.375,9.75],"texture":"#1"},"east":{"uv":[1.5,8.75,1.875,9.75],"texture":"#1"},"south":{"uv":[8.75,2.5,9.125,3.5],"texture":"#1"},"west":{"uv":[8.75,3.5,9.125,4.5],"texture":"#1"},"up":{"uv":[11.125,6.125,10.75,5.75],"texture":"#1"},"down":{"uv":[6.625,10.75,6.25,11.125],"texture":"#1"}}},{"from":[6.25,2.85,0.3],"to":[7.75,6.85,1.8],"rotation":{"origin":[6.0,2.85,3.3],"axis":"y","angle":0.0},"faces":{"north":{"uv":[4.25,8.75,4.625,9.75],"texture":"#1"},"east":{"uv":[4.75,8.75,5.125,9.75],"texture":"#1"},"south":{"uv":[9.0,0.0,9.375,1.0],"texture":"#1"},"west":{"uv":[3.0,9.0,3.375,10.0],"texture":"#1"},"up":{"uv":[11.125,8.375,10.75,8.0],"texture":"#1"},"down":{"uv":[8.875,10.75,8.5,11.125],"texture":"#1"}}},{"from":[6.25,6.85,0.3],"to":[7.75,10.85,1.8],"rotation":{"origin":[7.0,6.85,1.8],"axis":"x","angle":-45.0},"faces":{"north":{"uv":[3.5,9.0,3.875,10.0],"texture":"#1"},"east":{"uv":[5.25,9.0,5.625,10.0],"texture":"#1"},"south":{"uv":[9.0,5.5,9.375,6.5],"texture":"#1"},"west":{"uv":[5.75,9.0,6.125,10.0],"texture":"#1"},"up":{"uv":[11.125,10.875,10.75,10.5],"texture":"#1"},"down":{"uv":[1.375,11.0,1.0,11.375],"texture":"#1"}}},{"from":[6.25,0.0,-1.0],"to":[7.75,1.5,3.0],"rotation":{"origin":[6.0,0.0,-1.0],"axis":"x","angle":-45.0},"faces":{"north":{"uv":[11.0,1.0,11.375,1.375],"texture":"#1"},"east":{"uv":[9.0,7.0,10.0,7.375],"texture":"#1"},"south":{"uv":[11.0,1.5,11.375,1.875],"texture":"#1"},"west":{"uv":[9.0,7.5,10.0,7.875],"texture":"#1"},"up":{"uv":[6.625,10.0,6.25,9.0],"texture":"#1"},"down":{"uv":[7.875,9.0,7.5,10.0],"texture":"#1"}}},{"from":[6.0,4.1,-3.75],"to":[8.0,5.6,-2.25],"rotation":{"origin":[6.0,-1.15,-3.5],"axis":"y","angle":0.0},"faces":{"north":{"uv":[1.75,10.25,2.25,10.625],"texture":"#1"},"east":{"uv":[11.0,2.0,11.375,2.375],"texture":"#1"},"south":{"uv":[6.0,10.25,6.5,10.625],"texture":"#1"},"west":{"uv":[11.0,2.5,11.375,2.875],"texture":"#1"},"up":{"uv":[10.75,6.375,10.25,6.0],"texture":"#1"},"down":{"uv":[7.0,10.25,6.5,10.625],"texture":"#1"}}},{"from":[6.25,0.0,12.0],"to":[7.75,1.5,16.0],"rotation":{"origin":[6.0,0.0,16.0],"axis":"x","angle":45.0},"faces":{"north":{"uv":[10.5,2.5,10.875,2.875],"texture":"#1"},"east":{"uv":[7.0,6.0,8.0,6.375],"texture":"#1"},"south":{"uv":[10.5,3.0,10.875,3.375],"texture":"#1"},"west":{"uv":[6.5,7.0,7.5,7.375],"texture":"#1"},"up":{"uv":[4.875,8.25,4.5,7.25],"texture":"#1"},"down":{"uv":[5.375,7.25,5.0,8.25],"texture":"#1"}}},{"from":[6.25,0.0,16.0],"to":[7.75,1.5,20.0],"rotation":{"origin":[6.0,0.0,17.0],"axis":"y","angle":0.0},"faces":{"north":{"uv":[10.5,3.5,10.875,3.875],"texture":"#1"},"east":{"uv":[7.0,6.5,8.0,6.875],"texture":"#1"},"south":{"uv":[10.5,4.0,10.875,4.375],"texture":"#1"},"west":{"uv":[7.5,0.5,8.5,0.875],"texture":"#1"},"up":{"uv":[2.625,8.5,2.25,7.5],"texture":"#1"},"down":{"uv":[3.125,7.5,2.75,8.5],"texture":"#1"}}},{"from":[7.0,1.5,14.65],"to":[7.0,8.25,21.35],"rotation":{"origin":[6.0,0.0,17.0],"axis":"y","angle":0.0},"faces":{"north":{"uv":[0.0,0.0,0.0,1.75],"texture":"#1"},"east":{"uv":[0.0,0.0,1.625,1.75],"texture":"#1"},"south":{"uv":[0.0,0.0,0.0,1.75],"texture":"#1"},"west":{"uv":[0.0,1.75,1.625,3.5],"texture":"#1"},"up":{"uv":[0.0,1.625,0.0,0.0],"texture":"#1"},"down":{"uv":[0.0,0.0,0.0,1.625],"texture":"#1"}}},{"from":[6.25,8.2,16.0],"to":[7.75,9.7,20.0],"rotation":{"origin":[6.0,8.2,17.0],"axis":"y","angle":0.0},"faces":{"north":{"uv":[5.25,10.5,5.625,10.875],"texture":"#1"},"east":{"uv":[7.5,1.0,8.5,1.375],"texture":"#1"},"south":{"uv":[10.5,5.25,10.875,5.625],"texture":"#1"},"west":{"uv":[3.25,7.5,4.25,7.875],"texture":"#1"},"up":{"uv":[6.375,8.5,6.0,7.5],"texture":"#1"},"down":{"uv":[6.875,7.5,6.5,8.5],"texture":"#1"}}},{"from":[6.25,2.85,13.15],"to":[7.75,6.85,14.65],"rotation":{"origin":[6.0,2.85,16.15],"axis":"y","angle":0.0},"faces":{"north":{"uv":[7.0,7.5,7.375,8.5],"texture":"#1"},"east":{"uv":[7.5,7.0,7.875,8.0],"texture":"#1"},"south":{"uv":[0.0,7.75,0.375,8.75],"texture":"#1"},"west":{"uv":[0.5,7.75,0.875,8.75],"texture":"#1"},"up":{"uv":[10.875,6.875,10.5,6.5],"texture":"#1"},"down":{"uv":[10.875,7.0,10.5,7.375],"texture":"#1"}}},{"from":[6.25,6.85,13.15],"to":[7.75,10.85,14.65],"rotation":{"origin":[7.0,6.85,13.15],"axis":"x","angle":45.0},"faces":{"north":{"uv":[1.5,7.75,1.875,8.75],"texture":"#1"},"east":{"uv":[7.75,1.5,8.125,2.5],"texture":"#1"},"south":{"uv":[7.75,2.5,8.125,3.5],"texture":"#1"},"west":{"uv":[7.75,3.5,8.125,4.5],"texture":"#1"},"up":{"uv":[7.875,10.875,7.5,10.5],"texture":"#1"},"down":{"uv":[10.875,7.5,10.5,7.875],"texture":"#1"}}},{"from":[6.25,2.85,21.3],"to":[7.75,6.85,22.8],"rotation":{"origin":[6.0,2.85,24.3],"axis":"y","angle":0.0},"faces":{"north":{"uv":[7.75,4.5,8.125,5.5],"texture":"#1"},"east":{"uv":[3.25,8.0,3.625,9.0],"texture":"#1"},"south":{"uv":[3.75,8.0,4.125,9.0],"texture":"#1"},"west":{"uv":[5.5,8.0,5.875,9.0],"texture":"#1"},"up":{"uv":[8.375,10.875,8.0,10.5],"texture":"#1"},"down":{"uv":[10.875,8.5,10.5,8.875],"texture":"#1"}}},{"from":[6.25,6.85,21.3],"to":[7.75,10.85,22.8],"rotation":{"origin":[7.0,6.85,22.8],"axis":"x","angle":-45.0},"faces":{"north":{"uv":[8.0,5.5,8.375,6.5],"texture":"#1"},"east":{"uv":[8.0,6.5,8.375,7.5],"texture":"#1"},"south":{"uv":[7.5,8.0,7.875,9.0],"texture":"#1"},"west":{"uv":[8.0,7.5,8.375,8.5],"texture":"#1"},"up":{"uv":[10.875,9.375,10.5,9.0],"texture":"#1"},"down":{"uv":[10.875,9.5,10.5,9.875],"texture":"#1"}}},{"from":[6.25,0.0,20.0],"to":[7.75,1.5,24.0],"rotation":{"origin":[6.0,0.0,20.0],"axis":"x","angle":-45.0},"faces":{"north":{"uv":[9.75,10.5,10.125,10.875],"texture":"#1"},"east":{"uv":[8.25,1.5,9.25,1.875],"texture":"#1"},"south":{"uv":[10.5,10.0,10.875,10.375],"texture":"#1"},"west":{"uv":[8.25,2.0,9.25,2.375],"texture":"#1"},"up":{"uv":[8.625,3.5,8.25,2.5],"texture":"#1"},"down":{"uv":[8.625,3.5,8.25,4.5],"texture":"#1"}}},{"from":[5.75,4.35,17.25],"to":[8.25,5.85,18.75],"rotation":{"origin":[6.0,-0.9,17.5],"axis":"y","angle":0.0},"faces":{"north":{"uv":[9.5,8.0,10.125,8.375],"texture":"#1"},"east":{"uv":[10.25,10.5,10.625,10.875],"texture":"#1"},"south":{"uv":[0.0,9.75,0.625,10.125],"texture":"#1"},"west":{"uv":[0.0,10.75,0.375,11.125],"texture":"#1"},"up":{"uv":[1.375,10.125,0.75,9.75],"texture":"#1"},"down":{"uv":[2.125,9.75,1.5,10.125],"texture":"#1"}}}],"textures":{"particle":"summervehicles:2e26dd7c-0157-4447-bb43-5ab73aed264b","1":"summervehicles:2e26dd7c-0157-4447-bb43-5ab73aed264b"}}