{"display":{"thirdperson_righthand":{"rotation":[70.0,0.0,0.0],"translation":[0.0,1.0,0.0],"scale":[0.2,0.2,0.2]},"thirdperson_lefthand":{"rotation":[70.0,0.0,0.0],"translation":[0.0,1.0,0.0],"scale":[0.2,0.2,0.2]},"firstperson_righthand":{"scale":[0.2,0.2,0.2]},"firstperson_lefthand":{"scale":[0.2,0.2,0.2]},"ground":{"translation":[0.0,6.0,0.0],"scale":[0.3,0.3,0.3]},"gui":{"rotation":[-165.0,35.0,-180.0],"translation":[0.0,-0.5,0.0],"scale":[0.3,0.3,0.3]},"head":{"translation":[0.0,-9.5,0.0],"scale":[2.7,2.7,2.7]},"fixed":{"translation":[0.0,-1.5,0.0],"scale":[0.3,0.3,0.3]}},"elements":[{"from":[0.25,5.0,-5.5],"to":[15.5,7.1,-3.5],"rotation":{"origin":[-1.0,0.0,-4.0],"axis":"y","angle":0.0},"faces":{"north":{"uv":[8.375,6.5,10.25,6.75],"texture":"#1"},"east":{"uv":[8.375,11.5,8.625,11.75],"texture":"#1"},"south":{"uv":[8.75,4.75,10.625,5.0],"texture":"#1"},"west":{"uv":[9.75,11.5,10.0,11.75],"texture":"#1"},"up":{"uv":[10.625,7.0,8.75,6.75],"texture":"#1"},"down":{"uv":[10.625,7.0,8.75,7.25],"texture":"#1"}}},{"from":[3.75,4.0,-6.25],"to":[12.25,8.1,-2.25],"rotation":{"origin":[-1.0,0.0,-3.75],"axis":"y","angle":0.0},"faces":{"north":{"uv":[2.375,8.25,3.5,8.75],"texture":"#1"},"east":{"uv":[7.875,9.25,8.375,9.75],"texture":"#1"},"south":{"uv":[3.5,8.25,4.625,8.75],"texture":"#1"},"west":{"uv":[9.125,9.75,9.625,10.25],"texture":"#1"},"up":{"uv":[9.5,5.625,8.375,5.125],"texture":"#1"},"down":{"uv":[9.5,5.625,8.375,6.125],"texture":"#1"}}},{"from":[3.0,4.0,-2.25],"to":[13.0,11.0,20.5],"rotation":{"origin":[-1.0,0.0,-3.75],"axis":"y","angle":0.0},"faces":{"north":{"uv":[6.75,3.75,8.0,4.625],"texture":"#1"},"east":{"uv":[2.5,3.25,5.375,4.125],"texture":"#1"},"south":{"uv":[6.75,4.625,8.0,5.5],"texture":"#1"},"west":{"uv":[2.5,4.125,5.375,5.0],"texture":"#1"},"up":{"uv":[1.25,6.125,0.0,3.25],"texture":"#1"},"down":{"uv":[2.5,3.25,1.25,6.125],"texture":"#1"}}},{"from":[-3.0,4.0,4.9],"to":[3.0,5.0,12.1],"rotation":{"origin":[-1.0,0.0,-3.75],"axis":"y","angle":0.0},"faces":{"north":{"uv":[8.75,5.0,9.5,5.125],"texture":"#1"},"east":{"uv":[12.5,2.25,13.375,2.375],"texture":"#1"},"south":{"uv":[12.5,12.25,13.25,12.375],"texture":"#1"},"west":{"uv":[12.5,3.625,13.375,3.75],"texture":"#1"},"up":{"uv":[1.625,8.875,0.875,8.0],"texture":"#1"},"down":{"uv":[8.75,2.5,8.0,3.375],"texture":"#1"}}},{"from":[13.0,4.0,4.9],"to":[19.0,5.0,12.1],"rotation":{"origin":[15.0,0.0,-3.75],"axis":"y","angle":0.0},"faces":{"north":{"uv":[12.5,12.375,13.25,12.5],"texture":"#1"},"east":{"uv":[12.5,4.625,13.375,4.75],"texture":"#1"},"south":{"uv":[12.625,1.0,13.375,1.125],"texture":"#1"},"west":{"uv":[12.5,11.625,13.375,11.75],"texture":"#1"},"up":{"uv":[8.75,4.25,8.0,3.375],"texture":"#1"},"down":{"uv":[8.75,4.25,8.0,5.125],"texture":"#1"}}},{"from":[3.5,11.0,-2.25],"to":[12.5,14.0,13.75],"rotation":{"origin":[-1.0,0.0,-3.75],"axis":"y","angle":0.0},"faces":{"north":{"uv":[6.125,8.875,7.25,9.25],"texture":"#1"},"east":{"uv":[8.0,1.25,10.0,1.625],"texture":"#1"},"south":{"uv":[7.25,8.875,8.375,9.25],"texture":"#1"},"west":{"uv":[8.0,1.625,10.0,2.0],"texture":"#1"},"up":{"uv":[3.625,7.0,2.5,5.0],"texture":"#1"},"down":{"uv":[4.75,5.0,3.625,7.0],"texture":"#1"}}},{"from":[7.0,14.75,0.5],"to":[9.0,18.75,2.5],"rotation":{"origin":[8.0,16.75,1.5],"axis":"x","angle":22.5},"faces":{"north":{"uv":[9.5,5.625,9.75,6.125],"texture":"#1"},"east":{"uv":[0.375,11.625,0.625,12.125],"texture":"#1"},"south":{"uv":[0.75,12.5,1.0,13.0],"texture":"#1"},"west":{"uv":[4.5,12.5,4.75,13.0],"texture":"#1"},"up":{"uv":[11.875,3.625,11.625,3.375],"texture":"#1"},"down":{"uv":[6.5,12.625,6.25,12.875],"texture":"#1"}}},{"from":[6.0,17.25,1.2],"to":[10.0,20.25,3.2],"rotation":{"origin":[8.0,19.25,2.2],"axis":"y","angle":0.0},"faces":{"north":{"uv":[9.875,8.0,10.375,8.375],"texture":"#1"},"east":{"uv":[2.0,9.125,2.25,9.5],"texture":"#1"},"south":{"uv":[10.375,8.5,10.875,8.875],"texture":"#1"},"west":{"uv":[10.375,4.375,10.625,4.75],"texture":"#1"},"up":{"uv":[2.125,8.25,1.625,8.0],"texture":"#1"},"down":{"uv":[8.875,12.5,8.375,12.75],"texture":"#1"}}},{"from":[6.0,20.25,1.2],"to":[10.0,21.25,1.2],"rotation":{"origin":[8.0,19.25,2.2],"axis":"y","angle":0.0},"faces":{"north":{"uv":[9.125,9.0,9.625,9.125],"texture":"#1"},"east":{"uv":[0.0,0.0,0.0,0.125],"texture":"#1"},"south":{"uv":[10.375,8.875,10.875,9.0],"texture":"#1"},"west":{"uv":[0.0,0.0,0.0,0.125],"texture":"#1"},"up":{"uv":[0.5,0.0,0.0,0.0],"texture":"#1"},"down":{"uv":[0.0,0.0,0.5,0.0],"texture":"#1"}}},{"from":[3.0,18.25,1.2],"to":[6.0,20.25,3.2],"rotation":{"origin":[8.0,19.25,2.2],"axis":"y","angle":0.0},"faces":{"north":{"uv":[9.625,1.0,10.0,1.25],"texture":"#1"},"east":{"uv":[8.625,12.75,8.875,13.0],"texture":"#1"},"south":{"uv":[10.25,6.5,10.625,6.75],"texture":"#1"},"west":{"uv":[0.0,12.875,0.25,13.125],"texture":"#1"},"up":{"uv":[13.0,1.375,12.625,1.125],"texture":"#1"},"down":{"uv":[1.75,12.625,1.375,12.875],"texture":"#1"}}},{"from":[0.0,18.75,1.2],"to":[3.0,19.75,1.2],"rotation":{"origin":[8.0,19.25,2.2],"axis":"y","angle":0.0},"faces":{"north":{"uv":[8.0,5.375,8.375,5.5],"texture":"#1"},"east":{"uv":[0.0,0.0,0.0,0.125],"texture":"#1"},"south":{"uv":[10.0,7.875,10.375,8.0],"texture":"#1"},"west":{"uv":[0.0,0.0,0.0,0.125],"texture":"#1"},"up":{"uv":[0.375,0.0,0.0,0.0],"texture":"#1"},"down":{"uv":[0.0,0.0,0.375,0.0],"texture":"#1"}}},{"from":[4.0,20.25,1.7],"to":[5.0,22.25,2.7],"rotation":{"origin":[8.0,19.25,2.2],"axis":"y","angle":0.0},"faces":{"north":{"uv":[4.625,8.25,4.75,8.5],"texture":"#1"},"east":{"uv":[0.75,8.625,0.875,8.875],"texture":"#1"},"south":{"uv":[6.0,9.0,6.125,9.25],"texture":"#1"},"west":{"uv":[1.25,9.5,1.375,9.75],"texture":"#1"},"up":{"uv":[0.75,9.5,0.625,9.375],"texture":"#1"},"down":{"uv":[10.75,4.875,10.625,5.0],"texture":"#1"}}},{"from":[1.0,21.75,1.95],"to":[3.5,23.75,3.45],"rotation":{"origin":[2.25,22.75,2.7],"axis":"y","angle":22.5},"faces":{"north":{"uv":[1.75,12.625,2.125,12.875],"texture":"#1"},"east":{"uv":[1.375,12.875,1.625,13.125],"texture":"#1"},"south":{"uv":[2.125,12.625,2.5,12.875],"texture":"#1"},"west":{"uv":[1.625,12.875,1.875,13.125],"texture":"#1"},"up":{"uv":[2.875,12.875,2.5,12.625],"texture":"#1"},"down":{"uv":[3.25,12.625,2.875,12.875],"texture":"#1"}}},{"from":[12.5,21.75,1.95],"to":[15.0,23.75,3.45],"rotation":{"origin":[13.75,22.75,2.7],"axis":"y","angle":-22.5},"faces":{"north":{"uv":[5.875,12.625,6.25,12.875],"texture":"#1"},"east":{"uv":[1.875,12.875,2.125,13.125],"texture":"#1"},"south":{"uv":[12.625,8.375,13.0,8.625],"texture":"#1"},"west":{"uv":[2.125,12.875,2.375,13.125],"texture":"#1"},"up":{"uv":[13.0,8.875,12.625,8.625],"texture":"#1"},"down":{"uv":[13.0,8.875,12.625,9.125],"texture":"#1"}}},{"from":[3.0,21.25,1.7],"to":[5.0,22.25,2.7],"rotation":{"origin":[5.0,22.25,2.2],"axis":"z","angle":-22.5},"faces":{"north":{"uv":[5.125,2.875,5.375,3.0],"texture":"#1"},"east":{"uv":[4.875,11.5,5.0,11.625],"texture":"#1"},"south":{"uv":[11.375,9.125,11.625,9.25],"texture":"#1"},"west":{"uv":[11.625,9.125,11.75,9.25],"texture":"#1"},"up":{"uv":[1.625,11.875,1.375,11.75],"texture":"#1"},"down":{"uv":[12.0,9.5,11.75,9.625],"texture":"#1"}}},{"from":[11.0,20.25,1.7],"to":[12.0,22.25,2.7],"rotation":{"origin":[15.0,19.25,2.2],"axis":"y","angle":0.0},"faces":{"north":{"uv":[5.875,9.625,6.0,9.875],"texture":"#1"},"east":{"uv":[5.75,10.25,5.875,10.5],"texture":"#1"},"south":{"uv":[1.125,10.75,1.25,11.0],"texture":"#1"},"west":{"uv":[10.0,11.125,10.125,11.375],"texture":"#1"},"up":{"uv":[1.75,11.875,1.625,11.75],"texture":"#1"},"down":{"uv":[12.125,9.5,12.0,9.625],"texture":"#1"}}},{"from":[11.0,21.25,1.7],"to":[13.0,22.25,2.7],"rotation":{"origin":[11.0,22.25,2.2],"axis":"z","angle":22.5},"faces":{"north":{"uv":[11.75,10.875,12.0,11.0],"texture":"#1"},"east":{"uv":[3.625,13.0,3.75,13.125],"texture":"#1"},"south":{"uv":[12.875,5.0,13.125,5.125],"texture":"#1"},"west":{"uv":[3.75,13.0,3.875,13.125],"texture":"#1"},"up":{"uv":[11.25,13.0,11.0,12.875],"texture":"#1"},"down":{"uv":[11.5,12.875,11.25,13.0],"texture":"#1"}}},{"from":[-1.0,18.75,1.7],"to":[3.0,19.75,2.7],"rotation":{"origin":[3.0,19.25,1.7],"axis":"y","angle":22.5},"faces":{"north":{"uv":[12.875,0.625,13.375,0.75],"texture":"#1"},"east":{"uv":[4.5,13.0,4.625,13.125],"texture":"#1"},"south":{"uv":[2.375,12.875,2.875,13.0],"texture":"#1"},"west":{"uv":[4.625,13.0,4.75,13.125],"texture":"#1"},"up":{"uv":[3.375,13.0,2.875,12.875],"texture":"#1"},"down":{"uv":[13.375,3.0,12.875,3.125],"texture":"#1"}}},{"from":[13.0,18.75,1.7],"to":[17.0,19.75,2.7],"rotation":{"origin":[13.0,19.25,1.7],"axis":"y","angle":-22.5},"faces":{"north":{"uv":[12.875,3.125,13.375,3.25],"texture":"#1"},"east":{"uv":[13.0,5.625,13.125,5.75],"texture":"#1"},"south":{"uv":[12.875,3.25,13.375,3.375],"texture":"#1"},"west":{"uv":[13.0,5.75,13.125,5.875],"texture":"#1"},"up":{"uv":[3.875,13.0,3.375,12.875],"texture":"#1"},"down":{"uv":[13.375,3.75,12.875,3.875],"texture":"#1"}}},{"from":[10.0,18.25,1.2],"to":[13.0,20.25,3.2],"rotation":{"origin":[16.0,19.25,2.2],"axis":"y","angle":0.0},"faces":{"north":{"uv":[12.625,10.25,13.0,10.5],"texture":"#1"},"east":{"uv":[3.875,12.875,4.125,13.125],"texture":"#1"},"south":{"uv":[12.625,10.5,13.0,10.75],"texture":"#1"},"west":{"uv":[12.875,3.875,13.125,4.125],"texture":"#1"},"up":{"uv":[13.0,11.0,12.625,10.75],"texture":"#1"},"down":{"uv":[13.0,11.0,12.625,11.25],"texture":"#1"}}},{"from":[13.0,18.75,1.2],"to":[16.0,19.75,1.2],"rotation":{"origin":[16.0,19.25,2.2],"axis":"y","angle":0.0},"faces":{"north":{"uv":[11.0,8.375,11.375,8.5],"texture":"#1"},"east":{"uv":[0.0,0.0,0.0,0.125],"texture":"#1"},"south":{"uv":[11.25,0.625,11.625,0.75],"texture":"#1"},"west":{"uv":[0.0,0.0,0.0,0.125],"texture":"#1"},"up":{"uv":[0.0,0.0,0.375,0.0],"texture":"#1"},"down":{"uv":[0.0,0.0,0.375,0.0],"texture":"#1"}}},{"from":[3.0,10.9,15.15],"to":[13.0,15.9,28.0],"rotation":{"origin":[-1.0,0.9,13.9],"axis":"y","angle":0.0},"faces":{"north":{"uv":[7.5,6.75,8.75,7.375],"texture":"#1"},"east":{"uv":[6.75,5.5,8.375,6.125],"texture":"#1"},"south":{"uv":[7.5,7.375,8.75,8.0],"texture":"#1"},"west":{"uv":[6.75,6.125,8.375,6.75],"texture":"#1"},"up":{"uv":[6.0,6.625,4.75,5.0],"texture":"#1"},"down":{"uv":[6.625,2.125,5.375,3.75],"texture":"#1"}}},{"from":[3.0,15.9,27.0],"to":[13.0,17.9,28.0],"rotation":{"origin":[-1.0,0.9,13.9],"axis":"y","angle":0.0},"faces":{"north":{"uv":[10.875,9.625,12.125,9.875],"texture":"#1"},"east":{"uv":[1.0,11.5,1.125,11.75],"texture":"#1"},"south":{"uv":[10.875,9.875,12.125,10.125],"texture":"#1"},"west":{"uv":[8.25,11.875,8.375,12.125],"texture":"#1"},"up":{"uv":[13.625,9.5,12.375,9.375],"texture":"#1"},"down":{"uv":[13.75,2.125,12.5,2.25],"texture":"#1"}}},{"from":[3.0,10.0,13.75],"to":[13.0,15.0,17.0],"rotation":{"origin":[8.0,11.0,13.75],"axis":"x","angle":-22.5},"faces":{"north":{"uv":[7.625,0.0,8.875,0.625],"texture":"#1"},"east":{"uv":[2.125,6.125,2.5,6.75],"texture":"#1"},"south":{"uv":[7.625,0.625,8.875,1.25],"texture":"#1"},"west":{"uv":[6.875,1.25,7.25,1.875],"texture":"#1"},"up":{"uv":[10.0,7.625,8.75,7.25],"texture":"#1"},"down":{"uv":[10.0,7.625,8.75,8.0],"texture":"#1"}}},{"from":[4.75,4.0,-7.25],"to":[11.25,7.0,-6.25],"rotation":{"origin":[-1.0,0.0,-3.75],"axis":"y","angle":0.0},"faces":{"north":{"uv":[9.5,4.375,10.375,4.75],"texture":"#1"},"east":{"uv":[2.25,9.125,2.375,9.5],"texture":"#1"},"south":{"uv":[10.875,9.25,11.75,9.625],"texture":"#1"},"west":{"uv":[5.25,9.25,5.375,9.625],"texture":"#1"},"up":{"uv":[12.75,12.625,11.875,12.5],"texture":"#1"},"down":{"uv":[13.375,12.125,12.5,12.25],"texture":"#1"}}},{"from":[0.25,5.0,20.5],"to":[15.5,7.1,22.5],"rotation":{"origin":[-1.0,0.0,22.0],"axis":"y","angle":0.0},"faces":{"north":{"uv":[8.875,0.0,10.75,0.25],"texture":"#1"},"east":{"uv":[4.125,12.875,4.375,13.125],"texture":"#1"},"south":{"uv":[8.875,0.25,10.75,0.5],"texture":"#1"},"west":{"uv":[4.75,12.875,5.0,13.125],"texture":"#1"},"up":{"uv":[10.75,0.75,8.875,0.5],"texture":"#1"},"down":{"uv":[10.75,0.75,8.875,1.0],"texture":"#1"}}},{"from":[-3.0,12.6,-12.5],"to":[2.0,13.6,2.0],"rotation":{"origin":[0.0,9.1,-4.0],"axis":"y","angle":0.0},"faces":{"north":{"uv":[11.625,12.75,12.25,12.875],"texture":"#1"},"east":{"uv":[11.0,7.875,12.875,8.0],"texture":"#1"},"south":{"uv":[12.25,12.75,12.875,12.875],"texture":"#1"},"west":{"uv":[11.0,8.0,12.875,8.125],"texture":"#1"},"up":{"uv":[2.125,8.0,1.5,6.125],"texture":"#1"},"down":{"uv":[6.875,0.0,6.25,1.875],"texture":"#1"}}},{"from":[-3.0,13.6,-12.5],"to":[2.0,15.6,-12.5],"rotation":{"origin":[0.0,9.1,-4.0],"axis":"y","angle":0.0},"faces":{"north":{"uv":[0.875,7.75,1.5,8.0],"texture":"#1"},"east":{"uv":[0.0,0.0,0.0,0.25],"texture":"#1"},"south":{"uv":[11.0,10.625,11.625,10.875],"texture":"#1"},"west":{"uv":[0.0,0.0,0.0,0.25],"texture":"#1"},"up":{"uv":[0.625,0.0,0.0,0.0],"texture":"#1"},"down":{"uv":[0.0,0.0,0.625,0.0],"texture":"#1"}}},{"from":[-3.0,13.6,-12.5],"to":[-3.0,15.6,-10.5],"rotation":{"origin":[0.0,9.1,-4.0],"axis":"y","angle":0.0},"faces":{"north":{"uv":[0.0,0.0,0.0,0.25],"texture":"#1"},"east":{"uv":[12.875,4.75,13.125,5.0],"texture":"#1"},"south":{"uv":[0.0,0.0,0.0,0.25],"texture":"#1"},"west":{"uv":[5.0,12.875,5.25,13.125],"texture":"#1"},"up":{"uv":[0.0,0.0,0.0,0.25],"texture":"#1"},"down":{"uv":[0.0,0.0,0.0,0.25],"texture":"#1"}}},{"from":[-3.0,12.6,15.0],"to":[3.0,13.6,28.0],"rotation":{"origin":[0.0,9.1,22.0],"axis":"y","angle":0.0},"faces":{"north":{"uv":[12.625,11.25,13.375,11.375],"texture":"#1"},"east":{"uv":[11.125,7.5,12.75,7.625],"texture":"#1"},"south":{"uv":[11.875,12.625,12.625,12.75],"texture":"#1"},"west":{"uv":[11.125,7.625,12.75,7.75],"texture":"#1"},"up":{"uv":[6.75,5.375,6.0,3.75],"texture":"#1"},"down":{"uv":[6.75,5.375,6.0,7.0],"texture":"#1"}}},{"from":[-3.0,12.6,28.0],"to":[19.0,13.6,29.0],"rotation":{"origin":[0.0,9.1,22.0],"axis":"y","angle":0.0},"faces":{"north":{"uv":[10.625,7.75,13.375,7.875],"texture":"#1"},"east":{"uv":[13.0,5.875,13.125,6.0],"texture":"#1"},"south":{"uv":[10.75,0.75,13.5,0.875],"texture":"#1"},"west":{"uv":[13.0,6.0,13.125,6.125],"texture":"#1"},"up":{"uv":[13.5,1.0,10.75,0.875],"texture":"#1"},"down":{"uv":[13.5,5.375,10.75,5.5],"texture":"#1"}}},{"from":[-3.0,13.6,28.0],"to":[-2.0,15.6,29.0],"rotation":{"origin":[0.0,9.1,22.0],"axis":"y","angle":0.0},"faces":{"north":{"uv":[4.75,12.5,4.875,12.75],"texture":"#1"},"east":{"uv":[11.5,12.875,11.625,13.125],"texture":"#1"},"south":{"uv":[11.625,12.875,11.75,13.125],"texture":"#1"},"west":{"uv":[11.75,12.875,11.875,13.125],"texture":"#1"},"up":{"uv":[13.125,6.25,13.0,6.125],"texture":"#1"},"down":{"uv":[13.125,6.25,13.0,6.375],"texture":"#1"}}},{"from":[-3.0,14.6,16.0],"to":[-3.0,15.6,28.0],"rotation":{"origin":[0.0,9.1,22.0],"axis":"y","angle":0.0},"faces":{"north":{"uv":[0.0,0.0,0.0,0.125],"texture":"#1"},"east":{"uv":[12.125,9.875,13.625,10.0],"texture":"#1"},"south":{"uv":[0.0,0.0,0.0,0.125],"texture":"#1"},"west":{"uv":[12.125,10.0,13.625,10.125],"texture":"#1"},"up":{"uv":[0.0,1.5,0.0,0.0],"texture":"#1"},"down":{"uv":[0.0,0.0,0.0,1.5],"texture":"#1"}}},{"from":[18.0,13.6,15.0],"to":[19.0,15.6,16.0],"rotation":{"origin":[21.0,9.1,9.0],"axis":"y","angle":0.0},"faces":{"north":{"uv":[12.875,11.75,13.0,12.0],"texture":"#1"},"east":{"uv":[11.875,12.875,12.0,13.125],"texture":"#1"},"south":{"uv":[12.0,12.875,12.125,13.125],"texture":"#1"},"west":{"uv":[12.125,12.875,12.25,13.125],"texture":"#1"},"up":{"uv":[13.125,6.5,13.0,6.375],"texture":"#1"},"down":{"uv":[6.625,13.0,6.5,13.125],"texture":"#1"}}},{"from":[18.0,13.6,28.0],"to":[19.0,15.6,29.0],"rotation":{"origin":[21.0,9.1,22.0],"axis":"y","angle":0.0},"faces":{"north":{"uv":[12.25,12.875,12.375,13.125],"texture":"#1"},"east":{"uv":[12.375,12.875,12.5,13.125],"texture":"#1"},"south":{"uv":[12.5,12.875,12.625,13.125],"texture":"#1"},"west":{"uv":[12.625,12.875,12.75,13.125],"texture":"#1"},"up":{"uv":[13.125,6.625,13.0,6.5],"texture":"#1"},"down":{"uv":[6.75,13.0,6.625,13.125],"texture":"#1"}}},{"from":[19.0,14.6,16.0],"to":[19.0,15.6,28.0],"rotation":{"origin":[21.0,9.1,22.0],"axis":"y","angle":0.0},"faces":{"north":{"uv":[0.0,0.0,0.0,0.125],"texture":"#1"},"east":{"uv":[12.25,4.125,13.75,4.25],"texture":"#1"},"south":{"uv":[0.0,0.0,0.0,0.125],"texture":"#1"},"west":{"uv":[12.25,4.25,13.75,4.375],"texture":"#1"},"up":{"uv":[0.0,0.0,0.0,1.5],"texture":"#1"},"down":{"uv":[0.0,0.0,0.0,1.5],"texture":"#1"}}},{"from":[-2.0,14.6,29.0],"to":[18.0,15.6,29.0],"rotation":{"origin":[21.0,9.1,22.0],"axis":"y","angle":0.0},"faces":{"north":{"uv":[10.875,10.125,13.375,10.25],"texture":"#1"},"east":{"uv":[0.0,0.0,0.0,0.125],"texture":"#1"},"south":{"uv":[7.625,11.0,10.125,11.125],"texture":"#1"},"west":{"uv":[0.0,0.0,0.0,0.125],"texture":"#1"},"up":{"uv":[2.5,0.0,0.0,0.0],"texture":"#1"},"down":{"uv":[0.0,0.0,2.5,0.0],"texture":"#1"}}},{"from":[-3.0,13.6,15.0],"to":[-2.0,15.6,16.0],"rotation":{"origin":[0.0,9.1,9.0],"axis":"y","angle":0.0},"faces":{"north":{"uv":[12.75,12.875,12.875,13.125],"texture":"#1"},"east":{"uv":[12.875,12.75,13.0,13.0],"texture":"#1"},"south":{"uv":[0.75,13.0,0.875,13.25],"texture":"#1"},"west":{"uv":[0.875,13.0,1.0,13.25],"texture":"#1"},"up":{"uv":[13.125,6.75,13.0,6.625],"texture":"#1"},"down":{"uv":[13.125,6.75,13.0,6.875],"texture":"#1"}}},{"from":[-3.0,3.6,15.0],"to":[3.0,13.6,16.0],"rotation":{"origin":[-0.5,13.6,15.0],"axis":"x","angle":22.5},"faces":{"north":{"uv":[6.75,6.75,7.5,8.0],"texture":"#1"},"east":{"uv":[8.875,12.125,9.0,13.375],"texture":"#1"},"south":{"uv":[6.875,0.0,7.625,1.25],"texture":"#1"},"west":{"uv":[4.375,12.25,4.5,13.5],"texture":"#1"},"up":{"uv":[13.375,12.75,12.625,12.625],"texture":"#1"},"down":{"uv":[13.5,2.375,12.75,2.5],"texture":"#1"}}},{"from":[13.0,12.6,15.0],"to":[19.0,13.6,28.0],"rotation":{"origin":[17.0,9.1,22.0],"axis":"y","angle":0.0},"faces":{"north":{"uv":[12.75,2.5,13.5,2.625],"texture":"#1"},"east":{"uv":[12.0,1.375,13.625,1.5],"texture":"#1"},"south":{"uv":[12.75,2.625,13.5,2.75],"texture":"#1"},"west":{"uv":[12.0,1.5,13.625,1.625],"texture":"#1"},"up":{"uv":[0.75,7.75,0.0,6.125],"texture":"#1"},"down":{"uv":[1.5,6.125,0.75,7.75],"texture":"#1"}}},{"from":[13.0,3.6,15.0],"to":[19.0,13.6,16.0],"rotation":{"origin":[16.5,13.6,15.0],"axis":"x","angle":22.5},"faces":{"north":{"uv":[2.125,7.0,2.875,8.25],"texture":"#1"},"east":{"uv":[9.0,12.375,9.125,13.625],"texture":"#1"},"south":{"uv":[2.875,7.0,3.625,8.25],"texture":"#1"},"west":{"uv":[9.125,12.375,9.25,13.625],"texture":"#1"},"up":{"uv":[13.5,2.875,12.75,2.75],"texture":"#1"},"down":{"uv":[13.5,2.875,12.75,3.0],"texture":"#1"}}},{"from":[-3.0,3.6,1.0],"to":[3.0,13.6,2.0],"rotation":{"origin":[-0.5,13.6,2.0],"axis":"x","angle":-22.5},"faces":{"north":{"uv":[3.625,7.0,4.375,8.25],"texture":"#1"},"east":{"uv":[9.25,12.375,9.375,13.625],"texture":"#1"},"south":{"uv":[5.375,7.0,6.125,8.25],"texture":"#1"},"west":{"uv":[0.375,12.5,0.5,13.75],"texture":"#1"},"up":{"uv":[5.5,12.875,4.75,12.75],"texture":"#1"},"down":{"uv":[7.5,12.75,6.75,12.875],"texture":"#1"}}},{"from":[13.0,3.6,1.0],"to":[19.0,13.6,2.0],"rotation":{"origin":[16.5,13.6,2.0],"axis":"x","angle":-22.5},"faces":{"north":{"uv":[7.25,1.25,8.0,2.5],"texture":"#1"},"east":{"uv":[0.5,12.5,0.625,13.75],"texture":"#1"},"south":{"uv":[7.25,2.5,8.0,3.75],"texture":"#1"},"west":{"uv":[0.625,12.5,0.75,13.75],"texture":"#1"},"up":{"uv":[8.25,12.875,7.5,12.75],"texture":"#1"},"down":{"uv":[13.5,7.5,12.75,7.625],"texture":"#1"}}},{"from":[-3.0,11.6,-12.5],"to":[19.0,12.6,-10.5],"rotation":{"origin":[-1.0,9.1,-4.0],"axis":"y","angle":0.0},"faces":{"north":{"uv":[10.75,5.5,13.5,5.625],"texture":"#1"},"east":{"uv":[12.875,12.0,13.125,12.125],"texture":"#1"},"south":{"uv":[9.0,10.875,11.75,11.0],"texture":"#1"},"west":{"uv":[1.0,13.0,1.25,13.125],"texture":"#1"},"up":{"uv":[10.75,2.25,8.0,2.0],"texture":"#1"},"down":{"uv":[10.75,2.25,8.0,2.5],"texture":"#1"}}},{"from":[1.75,9.6,-14.5],"to":[14.2,12.6,-13.5],"rotation":{"origin":[-1.0,9.1,-4.0],"axis":"y","angle":0.0},"faces":{"north":{"uv":[8.375,6.125,9.875,6.5],"texture":"#1"},"east":{"uv":[4.5,9.5,4.625,9.875],"texture":"#1"},"south":{"uv":[8.375,8.0,9.875,8.375],"texture":"#1"},"west":{"uv":[1.875,9.75,2.0,10.125],"texture":"#1"},"up":{"uv":[13.75,5.25,12.25,5.125],"texture":"#1"},"down":{"uv":[13.75,5.25,12.25,5.375],"texture":"#1"}}},{"from":[15.25,10.1,-14.0],"to":[18.25,12.1,-12.0],"rotation":{"origin":[16.5,9.1,-3.5],"axis":"y","angle":0.0},"faces":{"north":{"uv":[5.0,3.0,5.375,3.25],"texture":"#1"},"east":{"uv":[1.375,8.875,1.625,9.125],"texture":"#1"},"south":{"uv":[6.25,1.875,6.625,2.125],"texture":"#1"},"west":{"uv":[5.5,10.875,5.75,11.125],"texture":"#1"},"up":{"uv":[2.5,7.0,2.125,6.75],"texture":"#1"},"down":{"uv":[8.375,5.125,8.0,5.375],"texture":"#1"}}},{"from":[-2.25,10.1,-14.0],"to":[0.75,12.1,-12.0],"rotation":{"origin":[-1.0,9.1,-3.5],"axis":"y","angle":0.0},"faces":{"north":{"uv":[8.25,12.75,8.625,13.0],"texture":"#1"},"east":{"uv":[5.25,12.875,5.5,13.125],"texture":"#1"},"south":{"uv":[9.375,12.75,9.75,13.0],"texture":"#1"},"west":{"uv":[5.5,12.875,5.75,13.125],"texture":"#1"},"up":{"uv":[13.125,9.75,12.75,9.5],"texture":"#1"},"down":{"uv":[10.125,12.75,9.75,13.0],"texture":"#1"}}},{"from":[4.75,6.6,-14.5],"to":[11.2,7.6,-13.5],"rotation":{"origin":[-1.0,9.1,-4.0],"axis":"y","angle":0.0},"faces":{"north":{"uv":[12.75,7.625,13.5,7.75],"texture":"#1"},"east":{"uv":[13.0,6.875,13.125,7.0],"texture":"#1"},"south":{"uv":[12.75,9.75,13.5,9.875],"texture":"#1"},"west":{"uv":[13.0,7.0,13.125,7.125],"texture":"#1"},"up":{"uv":[10.875,12.875,10.125,12.75],"texture":"#1"},"down":{"uv":[11.625,12.75,10.875,12.875],"texture":"#1"}}},{"from":[7.5,6.1,-15.0],"to":[8.55,8.1,-13.0],"rotation":{"origin":[-1.0,9.6,-3.5],"axis":"y","angle":0.0},"faces":{"north":{"uv":[13.0,1.125,13.125,1.375],"texture":"#1"},"east":{"uv":[5.75,12.875,6.0,13.125],"texture":"#1"},"south":{"uv":[1.25,13.0,1.375,13.25],"texture":"#1"},"west":{"uv":[6.0,12.875,6.25,13.125],"texture":"#1"},"up":{"uv":[2.5,13.25,2.375,13.0],"texture":"#1"},"down":{"uv":[2.625,13.0,2.5,13.25],"texture":"#1"}}},{"from":[4.75,6.6,-13.5],"to":[11.2,12.6,-11.5],"rotation":{"origin":[-1.0,9.1,-4.0],"axis":"y","angle":0.0},"faces":{"north":{"uv":[5.375,8.25,6.125,9.0],"texture":"#1"},"east":{"uv":[5.125,2.125,5.375,2.875],"texture":"#1"},"south":{"uv":[8.375,8.375,9.125,9.125],"texture":"#1"},"west":{"uv":[6.5,12.25,6.75,13.0],"texture":"#1"},"up":{"uv":[5.0,3.25,4.25,3.0],"texture":"#1"},"down":{"uv":[9.625,1.0,8.875,1.25],"texture":"#1"}}},{"from":[4.75,6.6,-13.5],"to":[11.2,13.6,-6.75],"rotation":{"origin":[7.975,6.6,-13.5],"axis":"x","angle":22.5},"faces":{"north":{"uv":[6.125,8.0,6.875,8.875],"texture":"#1"},"east":{"uv":[4.25,2.125,5.125,3.0],"texture":"#1"},"south":{"uv":[6.875,8.0,7.625,8.875],"texture":"#1"},"west":{"uv":[0.0,7.75,0.875,8.625],"texture":"#1"},"up":{"uv":[8.375,8.875,7.625,8.0],"texture":"#1"},"down":{"uv":[2.375,8.25,1.625,9.125],"texture":"#1"}}},{"from":[4.75,13.6,-8.5],"to":[11.2,15.6,-6.75],"rotation":{"origin":[7.975,6.6,-13.5],"axis":"x","angle":22.5},"faces":{"north":{"uv":[9.875,6.25,10.625,6.5],"texture":"#1"},"east":{"uv":[6.25,12.875,6.5,13.125],"texture":"#1"},"south":{"uv":[12.375,9.125,13.125,9.375],"texture":"#1"},"west":{"uv":[6.75,12.875,7.0,13.125],"texture":"#1"},"up":{"uv":[13.25,1.875,12.5,1.625],"texture":"#1"},"down":{"uv":[13.25,1.875,12.5,2.125],"texture":"#1"}}},{"from":[10.2,7.6,-14.5],"to":[11.2,9.6,-13.5],"rotation":{"origin":[-1.0,9.1,-4.0],"axis":"y","angle":0.0},"faces":{"north":{"uv":[2.625,13.0,2.75,13.25],"texture":"#1"},"east":{"uv":[2.75,13.0,2.875,13.25],"texture":"#1"},"south":{"uv":[2.875,13.0,3.0,13.25],"texture":"#1"},"west":{"uv":[3.0,13.0,3.125,13.25],"texture":"#1"},"up":{"uv":[13.125,7.25,13.0,7.125],"texture":"#1"},"down":{"uv":[13.125,7.25,13.0,7.375],"texture":"#1"}}},{"from":[4.75,7.6,-14.5],"to":[5.75,9.6,-13.5],"rotation":{"origin":[-1.0,9.1,-4.0],"axis":"y","angle":0.0},"faces":{"north":{"uv":[3.125,13.0,3.25,13.25],"texture":"#1"},"east":{"uv":[3.25,13.0,3.375,13.25],"texture":"#1"},"south":{"uv":[3.375,13.0,3.5,13.25],"texture":"#1"},"west":{"uv":[3.5,13.0,3.625,13.25],"texture":"#1"},"up":{"uv":[13.125,7.5,13.0,7.375],"texture":"#1"},"down":{"uv":[8.375,13.0,8.25,13.125],"texture":"#1"}}},{"from":[13.2,5.35,-14.5],"to":[14.2,9.6,-13.5],"rotation":{"origin":[14.2,9.6,-14.0],"axis":"z","angle":-45.0},"faces":{"north":{"uv":[9.75,5.625,9.875,6.125],"texture":"#1"},"east":{"uv":[7.75,9.875,7.875,10.375],"texture":"#1"},"south":{"uv":[9.0,10.375,9.125,10.875],"texture":"#1"},"west":{"uv":[7.625,10.5,7.75,11.0],"texture":"#1"},"up":{"uv":[8.5,13.125,8.375,13.0],"texture":"#1"},"down":{"uv":[13.125,8.375,13.0,8.5],"texture":"#1"}}},{"from":[1.75,5.35,-14.5],"to":[2.75,9.6,-13.5],"rotation":{"origin":[1.75,9.6,-14.0],"axis":"z","angle":45.0},"faces":{"north":{"uv":[10.625,4.375,10.75,4.875],"texture":"#1"},"east":{"uv":[1.75,11.0,1.875,11.5],"texture":"#1"},"south":{"uv":[0.25,12.875,0.375,13.375],"texture":"#1"},"west":{"uv":[7.0,12.875,7.125,13.375],"texture":"#1"},"up":{"uv":[8.625,13.125,8.5,13.0],"texture":"#1"},"down":{"uv":[13.125,8.5,13.0,8.625],"texture":"#1"}}},{"from":[13.2,9.6,-13.5],"to":[14.2,12.6,-12.5],"rotation":{"origin":[-2.0,9.1,-4.0],"axis":"y","angle":0.0},"faces":{"north":{"uv":[5.125,9.875,5.25,10.25],"texture":"#1"},"east":{"uv":[4.375,10.125,4.5,10.5],"texture":"#1"},"south":{"uv":[5.0,10.5,5.125,10.875],"texture":"#1"},"west":{"uv":[10.625,1.625,10.75,2.0],"texture":"#1"},"up":{"uv":[8.75,13.125,8.625,13.0],"texture":"#1"},"down":{"uv":[13.125,8.625,13.0,8.75],"texture":"#1"}}},{"from":[1.75,9.6,-13.5],"to":[2.75,12.6,-12.5],"rotation":{"origin":[0.0,9.1,-4.0],"axis":"y","angle":0.0},"faces":{"north":{"uv":[8.125,12.875,8.25,13.25],"texture":"#1"},"east":{"uv":[10.125,12.875,10.25,13.25],"texture":"#1"},"south":{"uv":[10.25,12.875,10.375,13.25],"texture":"#1"},"west":{"uv":[10.375,12.875,10.5,13.25],"texture":"#1"},"up":{"uv":[8.875,13.125,8.75,13.0],"texture":"#1"},"down":{"uv":[13.125,8.75,13.0,8.875],"texture":"#1"}}},{"from":[-3.0,9.6,-12.5],"to":[2.2,12.6,-11.5],"rotation":{"origin":[-3.0,11.1,-12.5],"axis":"y","angle":22.5},"faces":{"north":{"uv":[5.375,6.625,6.0,7.0],"texture":"#1"},"east":{"uv":[10.5,12.875,10.625,13.25],"texture":"#1"},"south":{"uv":[6.125,7.625,6.75,8.0],"texture":"#1"},"west":{"uv":[10.625,12.875,10.75,13.25],"texture":"#1"},"up":{"uv":[13.375,12.625,12.75,12.5],"texture":"#1"},"down":{"uv":[13.5,0.0,12.875,0.125],"texture":"#1"}}},{"from":[-3.0,9.6,-12.5],"to":[2.0,11.6,-10.5],"rotation":{"origin":[0.0,9.1,-4.0],"axis":"y","angle":0.0},"faces":{"north":{"uv":[11.25,5.125,11.875,5.375],"texture":"#1"},"east":{"uv":[7.125,12.875,7.375,13.125],"texture":"#1"},"south":{"uv":[12.5,3.375,13.125,3.625],"texture":"#1"},"west":{"uv":[7.375,12.875,7.625,13.125],"texture":"#1"},"up":{"uv":[13.125,4.625,12.5,4.375],"texture":"#1"},"down":{"uv":[7.75,12.5,7.125,12.75],"texture":"#1"}}},{"from":[14.0,9.6,-12.5],"to":[19.0,11.6,-10.5],"rotation":{"origin":[17.0,9.1,-4.0],"axis":"y","angle":0.0},"faces":{"north":{"uv":[7.75,12.5,8.375,12.75],"texture":"#1"},"east":{"uv":[7.625,12.875,7.875,13.125],"texture":"#1"},"south":{"uv":[9.375,12.5,10.0,12.75],"texture":"#1"},"west":{"uv":[7.875,12.875,8.125,13.125],"texture":"#1"},"up":{"uv":[10.625,12.75,10.0,12.5],"texture":"#1"},"down":{"uv":[11.25,12.5,10.625,12.75],"texture":"#1"}}},{"from":[13.8,9.6,-12.5],"to":[19.0,12.6,-11.5],"rotation":{"origin":[19.0,11.1,-12.5],"axis":"y","angle":-22.5},"faces":{"north":{"uv":[10.0,1.625,10.625,2.0],"texture":"#1"},"east":{"uv":[10.75,12.875,10.875,13.25],"texture":"#1"},"south":{"uv":[1.125,11.0,1.75,11.375],"texture":"#1"},"west":{"uv":[10.875,12.875,11.0,13.25],"texture":"#1"},"up":{"uv":[13.5,0.25,12.875,0.125],"texture":"#1"},"down":{"uv":[13.5,0.25,12.875,0.375],"texture":"#1"}}},{"from":[14.0,12.6,-12.5],"to":[19.0,13.6,2.0],"rotation":{"origin":[17.0,9.1,-4.0],"axis":"y","angle":0.0},"faces":{"north":{"uv":[12.875,0.375,13.5,0.5],"texture":"#1"},"east":{"uv":[11.0,8.125,12.875,8.25],"texture":"#1"},"south":{"uv":[12.875,0.5,13.5,0.625],"texture":"#1"},"west":{"uv":[11.0,8.25,12.875,8.375],"texture":"#1"},"up":{"uv":[7.25,3.75,6.625,1.875],"texture":"#1"},"down":{"uv":[5.375,6.625,4.75,8.5],"texture":"#1"}}},{"from":[14.0,13.6,-12.5],"to":[19.0,15.6,-12.5],"rotation":{"origin":[17.0,9.1,-4.0],"axis":"y","angle":0.0},"faces":{"north":{"uv":[11.25,12.5,11.875,12.75],"texture":"#1"},"east":{"uv":[0.0,0.0,0.0,0.25],"texture":"#1"},"south":{"uv":[12.5,11.375,13.125,11.625],"texture":"#1"},"west":{"uv":[0.0,0.0,0.0,0.25],"texture":"#1"},"up":{"uv":[0.0,0.0,0.625,0.0],"texture":"#1"},"down":{"uv":[0.0,0.0,0.625,0.0],"texture":"#1"}}},{"from":[19.0,13.6,-12.5],"to":[19.0,15.6,-10.5],"rotation":{"origin":[17.0,9.1,-4.0],"axis":"y","angle":0.0},"faces":{"north":{"uv":[0.0,0.0,0.0,0.25],"texture":"#1"},"east":{"uv":[12.875,7.875,13.125,8.125],"texture":"#1"},"south":{"uv":[0.0,0.0,0.0,0.25],"texture":"#1"},"west":{"uv":[12.875,8.125,13.125,8.375],"texture":"#1"},"up":{"uv":[0.0,0.0,0.0,0.25],"texture":"#1"},"down":{"uv":[0.0,0.0,0.0,0.25],"texture":"#1"}}},{"from":[2.0,10.32413,-12.5309],"to":[14.0,14.32413,1.2191],"rotation":{"origin":[8.0,13.6,-8.2],"axis":"x","angle":-22.5},"faces":{"north":{"uv":[1.625,1.625,3.125,2.125],"texture":"#1"},"east":{"uv":[0.0,1.625,1.625,2.125],"texture":"#1"},"south":{"uv":[4.75,1.625,6.25,2.125],"texture":"#1"},"west":{"uv":[3.125,1.625,4.75,2.125],"texture":"#1"},"up":{"uv":[3.125,1.625,1.625,0.0],"texture":"#1"},"down":{"uv":[4.625,0.0,3.125,1.625],"texture":"#1"}}},{"from":[2.0,6.32413,-4.5309],"to":[14.0,10.32413,1.2191],"rotation":{"origin":[8.0,13.6,-8.2],"axis":"x","angle":-22.5},"faces":{"north":{"uv":[0.625,2.75,2.125,3.25],"texture":"#1"},"east":{"uv":[0.0,2.75,0.625,3.25],"texture":"#1"},"south":{"uv":[2.75,2.75,4.25,3.25],"texture":"#1"},"west":{"uv":[2.125,2.75,2.75,3.25],"texture":"#1"},"up":{"uv":[2.125,2.75,0.625,2.125],"texture":"#1"},"down":{"uv":[3.625,2.125,2.125,2.75],"texture":"#1"}}},{"from":[-3.25,3.0,-7.5],"to":[0.25,9.1,-1.5],"rotation":{"origin":[-1.0,0.0,-4.0],"axis":"y","angle":0.0},"faces":{"north":{"uv":[10.625,6.25,11.125,7.0],"texture":"#1"},"east":{"uv":[4.625,8.5,5.375,9.25],"texture":"#1"},"south":{"uv":[10.625,7.0,11.125,7.75],"texture":"#1"},"west":{"uv":[0.0,8.625,0.75,9.375],"texture":"#1"},"up":{"uv":[11.25,0.75,10.75,0.0],"texture":"#1"},"down":{"uv":[1.125,10.75,0.625,11.5],"texture":"#1"}}},{"from":[-4.0,0.0,-7.0],"to":[1.0,3.0,-2.0],"rotation":{"origin":[-1.0,0.0,-4.0],"axis":"y","angle":0.0},"faces":{"north":{"uv":[10.125,11.0,10.75,11.375],"texture":"#1"},"east":{"uv":[11.0,10.25,11.625,10.625],"texture":"#1"},"south":{"uv":[10.75,11.0,11.375,11.375],"texture":"#1"},"west":{"uv":[4.375,11.125,5.0,11.5],"texture":"#1"},"up":{"uv":[6.0,4.375,5.375,3.75],"texture":"#1"},"down":{"uv":[6.0,4.375,5.375,5.0],"texture":"#1"}}},{"from":[-4.0,0.0,-12.0],"to":[1.0,3.0,-7.0],"rotation":{"origin":[-1.5,0.0,-7.0],"axis":"x","angle":45.0},"faces":{"north":{"uv":[5.5,11.125,6.125,11.5],"texture":"#1"},"east":{"uv":[11.125,5.625,11.75,6.0],"texture":"#1"},"south":{"uv":[11.125,6.0,11.75,6.375],"texture":"#1"},"west":{"uv":[6.125,11.125,6.75,11.5],"texture":"#1"},"up":{"uv":[6.75,7.625,6.125,7.0],"texture":"#1"},"down":{"uv":[1.375,8.875,0.75,9.5],"texture":"#1"}}},{"from":[-4.0,0.0,-2.0],"to":[1.0,3.0,3.0],"rotation":{"origin":[-1.5,0.0,-2.0],"axis":"x","angle":-45.0},"faces":{"north":{"uv":[11.125,6.375,11.75,6.75],"texture":"#1"},"east":{"uv":[6.75,11.125,7.375,11.5],"texture":"#1"},"south":{"uv":[11.125,6.75,11.75,7.125],"texture":"#1"},"west":{"uv":[11.125,7.125,11.75,7.5],"texture":"#1"},"up":{"uv":[6.0,9.625,5.375,9.0],"texture":"#1"},"down":{"uv":[2.0,9.125,1.375,9.75],"texture":"#1"}}},{"from":[-4.0,3.55,-10.5],"to":[1.0,8.55,-7.5],"rotation":{"origin":[-1.0,3.55,-7.5],"axis":"y","angle":0.0},"faces":{"north":{"uv":[8.375,9.125,9.0,9.75],"texture":"#1"},"east":{"uv":[4.375,7.0,4.75,7.625],"texture":"#1"},"south":{"uv":[9.125,8.375,9.75,9.0],"texture":"#1"},"west":{"uv":[4.375,7.625,4.75,8.25],"texture":"#1"},"up":{"uv":[8.0,11.5,7.375,11.125],"texture":"#1"},"down":{"uv":[8.625,11.125,8.0,11.5],"texture":"#1"}}},{"from":[-4.0,3.55,-1.5],"to":[1.0,8.55,1.5],"rotation":{"origin":[-1.0,3.55,1.5],"axis":"y","angle":0.0},"faces":{"north":{"uv":[9.0,9.125,9.625,9.75],"texture":"#1"},"east":{"uv":[8.625,11.125,9.0,11.75],"texture":"#1"},"south":{"uv":[4.625,9.25,5.25,9.875],"texture":"#1"},"west":{"uv":[9.0,11.125,9.375,11.75],"texture":"#1"},"up":{"uv":[10.0,11.5,9.375,11.125],"texture":"#1"},"down":{"uv":[0.625,11.25,0.0,11.625],"texture":"#1"}}},{"from":[-4.0,8.55,-10.5],"to":[1.0,13.55,-7.5],"rotation":{"origin":[-1.5,8.55,-10.5],"axis":"x","angle":45.0},"faces":{"north":{"uv":[6.0,9.25,6.625,9.875],"texture":"#1"},"east":{"uv":[11.25,0.0,11.625,0.625],"texture":"#1"},"south":{"uv":[6.625,9.25,7.25,9.875],"texture":"#1"},"west":{"uv":[11.25,1.0,11.625,1.625],"texture":"#1"},"up":{"uv":[11.875,2.0,11.25,1.625],"texture":"#1"},"down":{"uv":[11.875,2.0,11.25,2.375],"texture":"#1"}}},{"from":[-4.0,8.55,-1.5],"to":[1.0,13.55,1.5],"rotation":{"origin":[-1.5,8.55,1.5],"axis":"x","angle":-45.0},"faces":{"north":{"uv":[7.25,9.25,7.875,9.875],"texture":"#1"},"east":{"uv":[11.25,2.375,11.625,3.0],"texture":"#1"},"south":{"uv":[0.0,9.375,0.625,10.0],"texture":"#1"},"west":{"uv":[11.25,3.0,11.625,3.625],"texture":"#1"},"up":{"uv":[11.875,4.0,11.25,3.625],"texture":"#1"},"down":{"uv":[11.875,4.0,11.25,4.375],"texture":"#1"}}},{"from":[-4.0,9.1,-7.0],"to":[1.0,12.1,-2.0],"rotation":{"origin":[-1.0,9.1,-4.0],"axis":"y","angle":0.0},"faces":{"north":{"uv":[11.25,4.375,11.875,4.75],"texture":"#1"},"east":{"uv":[11.25,4.75,11.875,5.125],"texture":"#1"},"south":{"uv":[1.125,11.375,1.75,11.75],"texture":"#1"},"west":{"uv":[11.375,8.375,12.0,8.75],"texture":"#1"},"up":{"uv":[1.25,10.125,0.625,9.5],"texture":"#1"},"down":{"uv":[2.625,9.5,2.0,10.125],"texture":"#1"}}},{"from":[15.75,3.0,-7.5],"to":[19.25,9.1,-1.5],"rotation":{"origin":[18.0,0.0,-4.0],"axis":"y","angle":0.0},"faces":{"north":{"uv":[10.75,1.625,11.25,2.375],"texture":"#1"},"east":{"uv":[2.375,8.75,3.125,9.5],"texture":"#1"},"south":{"uv":[1.875,10.75,2.375,11.5],"texture":"#1"},"west":{"uv":[8.75,2.5,9.5,3.25],"texture":"#1"},"up":{"uv":[2.875,11.5,2.375,10.75],"texture":"#1"},"down":{"uv":[11.25,2.375,10.75,3.125],"texture":"#1"}}},{"from":[15.0,0.0,-7.0],"to":[20.0,3.0,-2.0],"rotation":{"origin":[18.0,0.0,-4.0],"axis":"y","angle":0.0},"faces":{"north":{"uv":[11.375,8.75,12.0,9.125],"texture":"#1"},"east":{"uv":[10.0,11.375,10.625,11.75],"texture":"#1"},"south":{"uv":[10.625,11.375,11.25,11.75],"texture":"#1"},"west":{"uv":[11.375,11.0,12.0,11.375],"texture":"#1"},"up":{"uv":[10.125,3.125,9.5,2.5],"texture":"#1"},"down":{"uv":[3.25,9.5,2.625,10.125],"texture":"#1"}}},{"from":[15.0,0.0,-12.0],"to":[20.0,3.0,-7.0],"rotation":{"origin":[17.5,0.0,-7.0],"axis":"x","angle":45.0},"faces":{"north":{"uv":[11.25,11.375,11.875,11.75],"texture":"#1"},"east":{"uv":[1.75,11.5,2.375,11.875],"texture":"#1"},"south":{"uv":[2.375,11.5,3.0,11.875],"texture":"#1"},"west":{"uv":[3.0,11.5,3.625,11.875],"texture":"#1"},"up":{"uv":[10.125,3.75,9.5,3.125],"texture":"#1"},"down":{"uv":[3.875,9.5,3.25,10.125],"texture":"#1"}}},{"from":[15.0,0.0,-2.0],"to":[20.0,3.0,3.0],"rotation":{"origin":[17.5,0.0,-2.0],"axis":"x","angle":-45.0},"faces":{"north":{"uv":[3.625,11.5,4.25,11.875],"texture":"#1"},"east":{"uv":[4.25,11.5,4.875,11.875],"texture":"#1"},"south":{"uv":[5.5,11.5,6.125,11.875],"texture":"#1"},"west":{"uv":[6.125,11.5,6.75,11.875],"texture":"#1"},"up":{"uv":[10.125,4.375,9.5,3.75],"texture":"#1"},"down":{"uv":[4.5,9.5,3.875,10.125],"texture":"#1"}}},{"from":[15.0,3.55,-10.5],"to":[20.0,8.55,-7.5],"rotation":{"origin":[18.0,3.55,-7.5],"axis":"y","angle":0.0},"faces":{"north":{"uv":[9.5,5.0,10.125,5.625],"texture":"#1"},"east":{"uv":[0.625,11.5,1.0,12.125],"texture":"#1"},"south":{"uv":[5.25,9.625,5.875,10.25],"texture":"#1"},"west":{"uv":[6.75,11.5,7.125,12.125],"texture":"#1"},"up":{"uv":[7.75,11.875,7.125,11.5],"texture":"#1"},"down":{"uv":[8.375,11.5,7.75,11.875],"texture":"#1"}}},{"from":[15.0,3.55,-1.5],"to":[20.0,8.55,1.5],"rotation":{"origin":[18.0,3.55,1.5],"axis":"y","angle":0.0},"faces":{"north":{"uv":[9.625,9.0,10.25,9.625],"texture":"#1"},"east":{"uv":[9.375,11.5,9.75,12.125],"texture":"#1"},"south":{"uv":[9.625,9.625,10.25,10.25],"texture":"#1"},"west":{"uv":[0.0,11.625,0.375,12.25],"texture":"#1"},"up":{"uv":[12.25,0.375,11.625,0.0],"texture":"#1"},"down":{"uv":[12.25,0.375,11.625,0.75],"texture":"#1"}}},{"from":[15.0,8.55,-10.5],"to":[20.0,13.55,-7.5],"rotation":{"origin":[17.5,8.55,-10.5],"axis":"x","angle":45.0},"faces":{"north":{"uv":[1.25,9.75,1.875,10.375],"texture":"#1"},"east":{"uv":[11.625,1.0,12.0,1.625],"texture":"#1"},"south":{"uv":[7.875,9.75,8.5,10.375],"texture":"#1"},"west":{"uv":[11.625,2.375,12.0,3.0],"texture":"#1"},"up":{"uv":[12.25,3.375,11.625,3.0],"texture":"#1"},"down":{"uv":[5.5,11.625,4.875,12.0],"texture":"#1"}}},{"from":[15.0,8.55,-1.5],"to":[20.0,13.55,1.5],"rotation":{"origin":[17.5,8.55,1.5],"axis":"x","angle":-45.0},"faces":{"north":{"uv":[9.75,8.375,10.375,9.0],"texture":"#1"},"east":{"uv":[11.625,10.25,12.0,10.875],"texture":"#1"},"south":{"uv":[8.5,9.75,9.125,10.375],"texture":"#1"},"west":{"uv":[1.0,11.75,1.375,12.375],"texture":"#1"},"up":{"uv":[12.375,6.0,11.75,5.625],"texture":"#1"},"down":{"uv":[12.375,6.0,11.75,6.375],"texture":"#1"}}},{"from":[15.0,9.1,-7.0],"to":[20.0,12.1,-2.0],"rotation":{"origin":[18.0,9.1,-4.0],"axis":"y","angle":0.0},"faces":{"north":{"uv":[11.75,6.375,12.375,6.75],"texture":"#1"},"east":{"uv":[11.75,6.75,12.375,7.125],"texture":"#1"},"south":{"uv":[11.75,7.125,12.375,7.5],"texture":"#1"},"west":{"uv":[8.375,11.75,9.0,12.125],"texture":"#1"},"up":{"uv":[5.125,10.5,4.5,9.875],"texture":"#1"},"down":{"uv":[10.5,5.625,9.875,6.25],"texture":"#1"}}},{"from":[-3.25,3.0,18.5],"to":[0.25,9.1,24.5],"rotation":{"origin":[-1.0,0.0,22.0],"axis":"y","angle":0.0},"faces":{"north":{"uv":[2.875,10.75,3.375,11.5],"texture":"#1"},"east":{"uv":[3.125,8.75,3.875,9.5],"texture":"#1"},"south":{"uv":[10.75,3.125,11.25,3.875],"texture":"#1"},"west":{"uv":[8.75,3.25,9.5,4.0],"texture":"#1"},"up":{"uv":[3.875,11.5,3.375,10.75],"texture":"#1"},"down":{"uv":[4.375,10.75,3.875,11.5],"texture":"#1"}}},{"from":[-4.0,0.0,19.0],"to":[1.0,3.0,24.0],"rotation":{"origin":[-1.0,0.0,22.0],"axis":"y","angle":0.0},"faces":{"north":{"uv":[11.75,9.125,12.375,9.5],"texture":"#1"},"east":{"uv":[9.75,11.75,10.375,12.125],"texture":"#1"},"south":{"uv":[10.375,11.75,11.0,12.125],"texture":"#1"},"west":{"uv":[11.0,11.75,11.625,12.125],"texture":"#1"},"up":{"uv":[6.5,10.5,5.875,9.875],"texture":"#1"},"down":{"uv":[7.125,9.875,6.5,10.5],"texture":"#1"}}},{"from":[-4.0,0.0,14.0],"to":[1.0,3.0,19.0],"rotation":{"origin":[-1.5,0.0,19.0],"axis":"x","angle":45.0},"faces":{"north":{"uv":[11.625,11.75,12.25,12.125],"texture":"#1"},"east":{"uv":[1.375,11.875,2.0,12.25],"texture":"#1"},"south":{"uv":[11.875,1.625,12.5,2.0],"texture":"#1"},"west":{"uv":[2.0,11.875,2.625,12.25],"texture":"#1"},"up":{"uv":[7.75,10.5,7.125,9.875],"texture":"#1"},"down":{"uv":[0.625,10.0,0.0,10.625],"texture":"#1"}}},{"from":[-4.0,0.0,24.0],"to":[1.0,3.0,29.0],"rotation":{"origin":[-1.5,0.0,24.0],"axis":"x","angle":-45.0},"faces":{"north":{"uv":[11.875,2.0,12.5,2.375],"texture":"#1"},"east":{"uv":[2.625,11.875,3.25,12.25],"texture":"#1"},"south":{"uv":[3.25,11.875,3.875,12.25],"texture":"#1"},"west":{"uv":[11.875,3.375,12.5,3.75],"texture":"#1"},"up":{"uv":[10.625,1.625,10.0,1.0],"texture":"#1"},"down":{"uv":[10.625,7.25,10.0,7.875],"texture":"#1"}}},{"from":[-4.0,3.55,15.5],"to":[1.0,8.55,18.5],"rotation":{"origin":[-1.0,3.55,18.5],"axis":"y","angle":0.0},"faces":{"north":{"uv":[0.625,10.125,1.25,10.75],"texture":"#1"},"east":{"uv":[9.0,11.75,9.375,12.375],"texture":"#1"},"south":{"uv":[1.875,10.125,2.5,10.75],"texture":"#1"},"west":{"uv":[11.875,3.75,12.25,4.375],"texture":"#1"},"up":{"uv":[4.5,12.25,3.875,11.875],"texture":"#1"},"down":{"uv":[12.5,4.375,11.875,4.75],"texture":"#1"}}},{"from":[-4.0,3.55,24.5],"to":[1.0,8.55,27.5],"rotation":{"origin":[-1.0,3.55,27.5],"axis":"y","angle":0.0},"faces":{"north":{"uv":[2.5,10.125,3.125,10.75],"texture":"#1"},"east":{"uv":[4.5,11.875,4.875,12.5],"texture":"#1"},"south":{"uv":[10.125,2.5,10.75,3.125],"texture":"#1"},"west":{"uv":[11.875,4.75,12.25,5.375],"texture":"#1"},"up":{"uv":[6.125,12.25,5.5,11.875],"texture":"#1"},"down":{"uv":[6.75,11.875,6.125,12.25],"texture":"#1"}}},{"from":[-4.0,8.55,15.5],"to":[1.0,13.55,18.5],"rotation":{"origin":[-1.5,8.55,15.5],"axis":"x","angle":45.0},"faces":{"north":{"uv":[3.125,10.125,3.75,10.75],"texture":"#1"},"east":{"uv":[7.125,11.875,7.5,12.5],"texture":"#1"},"south":{"uv":[10.125,3.125,10.75,3.75],"texture":"#1"},"west":{"uv":[7.5,11.875,7.875,12.5],"texture":"#1"},"up":{"uv":[12.5,11.75,11.875,11.375],"texture":"#1"},"down":{"uv":[12.625,1.0,12.0,1.375],"texture":"#1"}}},{"from":[-4.0,8.55,24.5],"to":[1.0,13.55,27.5],"rotation":{"origin":[-1.5,8.55,27.5],"axis":"x","angle":-45.0},"faces":{"north":{"uv":[3.75,10.125,4.375,10.75],"texture":"#1"},"east":{"uv":[7.875,11.875,8.25,12.5],"texture":"#1"},"south":{"uv":[10.125,3.75,10.75,4.375],"texture":"#1"},"west":{"uv":[12.0,2.375,12.375,3.0],"texture":"#1"},"up":{"uv":[5.5,12.375,4.875,12.0],"texture":"#1"},"down":{"uv":[12.625,8.375,12.0,8.75],"texture":"#1"}}},{"from":[-4.0,9.1,19.0],"to":[1.0,12.1,24.0],"rotation":{"origin":[-1.0,9.1,22.0],"axis":"y","angle":0.0},"faces":{"north":{"uv":[12.0,8.75,12.625,9.125],"texture":"#1"},"east":{"uv":[12.0,10.25,12.625,10.625],"texture":"#1"},"south":{"uv":[12.0,10.625,12.625,11.0],"texture":"#1"},"west":{"uv":[12.0,11.0,12.625,11.375],"texture":"#1"},"up":{"uv":[10.75,5.625,10.125,5.0],"texture":"#1"},"down":{"uv":[5.75,10.25,5.125,10.875],"texture":"#1"}}},{"from":[15.75,3.0,18.5],"to":[19.25,9.1,24.5],"rotation":{"origin":[18.0,0.0,22.0],"axis":"y","angle":0.0},"faces":{"north":{"uv":[10.75,3.875,11.25,4.625],"texture":"#1"},"east":{"uv":[3.875,8.75,4.625,9.5],"texture":"#1"},"south":{"uv":[10.75,4.625,11.25,5.375],"texture":"#1"},"west":{"uv":[8.75,4.0,9.5,4.75],"texture":"#1"},"up":{"uv":[5.5,11.625,5.0,10.875],"texture":"#1"},"down":{"uv":[11.375,8.5,10.875,9.25],"texture":"#1"}}},{"from":[15.0,0.0,19.0],"to":[20.0,3.0,24.0],"rotation":{"origin":[18.0,0.0,22.0],"axis":"y","angle":0.0},"faces":{"north":{"uv":[0.375,12.125,1.0,12.5],"texture":"#1"},"east":{"uv":[8.25,12.125,8.875,12.5],"texture":"#1"},"south":{"uv":[9.375,12.125,10.0,12.5],"texture":"#1"},"west":{"uv":[12.125,9.5,12.75,9.875],"texture":"#1"},"up":{"uv":[10.875,9.625,10.25,9.0],"texture":"#1"},"down":{"uv":[9.75,10.25,9.125,10.875],"texture":"#1"}}},{"from":[15.0,0.0,14.0],"to":[20.0,3.0,19.0],"rotation":{"origin":[17.5,0.0,19.0],"axis":"x","angle":45.0},"faces":{"north":{"uv":[10.0,12.125,10.625,12.5],"texture":"#1"},"east":{"uv":[10.625,12.125,11.25,12.5],"texture":"#1"},"south":{"uv":[11.25,12.125,11.875,12.5],"texture":"#1"},"west":{"uv":[11.875,12.125,12.5,12.5],"texture":"#1"},"up":{"uv":[10.875,10.25,10.25,9.625],"texture":"#1"},"down":{"uv":[10.375,10.25,9.75,10.875],"texture":"#1"}}},{"from":[15.0,0.0,24.0],"to":[20.0,3.0,29.0],"rotation":{"origin":[17.5,0.0,24.0],"axis":"x","angle":-45.0},"faces":{"north":{"uv":[12.25,0.0,12.875,0.375],"texture":"#1"},"east":{"uv":[12.25,0.375,12.875,0.75],"texture":"#1"},"south":{"uv":[1.375,12.25,2.0,12.625],"texture":"#1"},"west":{"uv":[2.0,12.25,2.625,12.625],"texture":"#1"},"up":{"uv":[1.875,11.0,1.25,10.375],"texture":"#1"},"down":{"uv":[8.375,10.375,7.75,11.0],"texture":"#1"}}},{"from":[15.0,3.55,15.5],"to":[20.0,8.55,18.5],"rotation":{"origin":[18.0,3.55,18.5],"axis":"y","angle":0.0},"faces":{"north":{"uv":[10.375,7.875,11.0,8.5],"texture":"#1"},"east":{"uv":[6.75,12.125,7.125,12.75],"texture":"#1"},"south":{"uv":[8.375,10.375,9.0,11.0],"texture":"#1"},"west":{"uv":[0.0,12.25,0.375,12.875],"texture":"#1"},"up":{"uv":[3.25,12.625,2.625,12.25],"texture":"#1"},"down":{"uv":[12.875,3.0,12.25,3.375],"texture":"#1"}}},{"from":[15.0,3.55,24.5],"to":[20.0,8.55,27.5],"rotation":{"origin":[18.0,3.55,27.5],"axis":"y","angle":0.0},"faces":{"north":{"uv":[10.375,10.25,11.0,10.875],"texture":"#1"},"east":{"uv":[3.25,12.25,3.625,12.875],"texture":"#1"},"south":{"uv":[4.375,10.5,5.0,11.125],"texture":"#1"},"west":{"uv":[3.625,12.25,4.0,12.875],"texture":"#1"},"up":{"uv":[12.875,4.125,12.25,3.75],"texture":"#1"},"down":{"uv":[12.875,4.75,12.25,5.125],"texture":"#1"}}},{"from":[15.0,8.55,15.5],"to":[20.0,13.55,18.5],"rotation":{"origin":[17.5,8.55,15.5],"axis":"x","angle":45.0},"faces":{"north":{"uv":[10.5,5.625,11.125,6.25],"texture":"#1"},"east":{"uv":[4.0,12.25,4.375,12.875],"texture":"#1"},"south":{"uv":[5.75,10.5,6.375,11.125],"texture":"#1"},"west":{"uv":[5.5,12.25,5.875,12.875],"texture":"#1"},"up":{"uv":[6.5,12.625,5.875,12.25],"texture":"#1"},"down":{"uv":[12.875,11.75,12.25,12.125],"texture":"#1"}}},{"from":[15.0,8.55,24.5],"to":[20.0,13.55,27.5],"rotation":{"origin":[17.5,8.55,27.5],"axis":"x","angle":-45.0},"faces":{"north":{"uv":[6.375,10.5,7.0,11.125],"texture":"#1"},"east":{"uv":[1.0,12.375,1.375,13.0],"texture":"#1"},"south":{"uv":[7.0,10.5,7.625,11.125],"texture":"#1"},"west":{"uv":[12.375,2.375,12.75,3.0],"texture":"#1"},"up":{"uv":[5.5,12.75,4.875,12.375],"texture":"#1"},"down":{"uv":[13.0,5.625,12.375,6.0],"texture":"#1"}}},{"from":[15.0,9.1,19.0],"to":[20.0,12.1,24.0],"rotation":{"origin":[18.0,9.1,22.0],"axis":"y","angle":0.0},"faces":{"north":{"uv":[12.375,6.0,13.0,6.375],"texture":"#1"},"east":{"uv":[12.375,6.375,13.0,6.75],"texture":"#1"},"south":{"uv":[12.375,6.75,13.0,7.125],"texture":"#1"},"west":{"uv":[12.375,7.125,13.0,7.5],"texture":"#1"},"up":{"uv":[0.625,11.25,0.0,10.625],"texture":"#1"},"down":{"uv":[11.25,1.0,10.625,1.625],"texture":"#1"}}}],"textures":{"particle":"summervehicles:406e564a-be73-4aed-840c-8f03af088787","1":"summervehicles:406e564a-be73-4aed-840c-8f03af088787"}}