{"display":{"thirdperson_righthand":{"rotation":[70.0,0.0,0.0],"translation":[0.0,1.0,0.0],"scale":[0.3,0.3,0.3]},"thirdperson_lefthand":{"rotation":[70.0,0.0,0.0],"translation":[0.0,1.0,0.0],"scale":[0.3,0.3,0.3]},"firstperson_righthand":{"scale":[0.3,0.3,0.3]},"firstperson_lefthand":{"scale":[0.3,0.3,0.3]},"ground":{"translation":[0.0,6.0,0.0],"scale":[0.5,0.5,0.5]},"gui":{"rotation":[-160.0,35.0,-180.0],"translation":[1.0,-0.75,0.0],"scale":[0.5,0.5,0.5]},"head":{"translation":[0.0,-11.25,-5.0],"scale":[2.5,2.5,2.5]},"fixed":{"translation":[0.0,-1.5,0.0],"scale":[0.5,0.5,0.5]}},"elements":[{"from":[6.0,2.85,-1.0],"to":[10.0,7.35,-1.0],"rotation":{"origin":[8.0,8.85,-1.75],"axis":"y","angle":0.0},"shade":false,"faces":{"north":{"uv":[1.5,3.125,2.0,3.75],"texture":"#1"},"east":{"uv":[0.0,0.0,0.0,0.625],"texture":"#1"},"south":{"uv":[4.75,1.875,5.25,2.5],"texture":"#1"},"west":{"uv":[0.0,0.0,0.0,0.625],"texture":"#1"},"up":{"uv":[0.5,0.0,0.0,0.0],"texture":"#1"},"down":{"uv":[0.0,0.0,0.5,0.0],"texture":"#1"}}},{"from":[4.0,3.4,-0.65],"to":[12.0,12.35,1.35],"rotation":{"origin":[8.0,2.6,-0.65],"axis":"x","angle":-22.5},"shade":false,"faces":{"north":{"uv":[0.0,2.0,1.0,3.125],"texture":"#1"},"east":{"uv":[2.875,5.0,3.125,6.125],"texture":"#1"},"south":{"uv":[1.0,2.0,2.0,3.125],"texture":"#1"},"west":{"uv":[0.5,5.125,0.75,6.25],"texture":"#1"},"up":{"uv":[6.25,4.375,5.25,4.125],"texture":"#1"},"down":{"uv":[6.25,4.375,5.25,4.625],"texture":"#1"}}},{"from":[4.0,3.35,-0.95],"to":[12.0,4.1,1.1],"rotation":{"origin":[8.0,3.1,-0.65],"axis":"y","angle":0.0},"shade":false,"faces":{"north":{"uv":[6.875,3.5,7.875,3.625],"texture":"#1"},"east":{"uv":[5.75,1.75,6.0,1.875],"texture":"#1"},"south":{"uv":[6.875,3.625,7.875,3.75],"texture":"#1"},"west":{"uv":[2.875,6.125,3.125,6.25],"texture":"#1"},"up":{"uv":[6.25,4.875,5.25,4.625],"texture":"#1"},"down":{"uv":[6.25,4.875,5.25,5.125],"texture":"#1"}}},{"from":[10.75,3.35,1.1],"to":[12.0,5.3,3.85],"rotation":{"origin":[12.0,4.35,1.1],"axis":"y","angle":-22.5},"shade":false,"faces":{"north":{"uv":[0.75,4.125,0.875,4.375],"texture":"#1"},"east":{"uv":[7.5,4.5,7.875,4.75],"texture":"#1"},"south":{"uv":[0.75,5.125,0.875,5.375],"texture":"#1"},"west":{"uv":[7.5,4.75,7.875,5.0],"texture":"#1"},"up":{"uv":[1.375,5.75,1.25,5.375],"texture":"#1"},"down":{"uv":[5.25,6.0,5.125,6.375],"texture":"#1"}}},{"from":[4.0,4.1,0.1],"to":[5.0,5.3,1.1],"rotation":{"origin":[8.0,3.1,-0.65],"axis":"y","angle":0.0},"shade":false,"faces":{"north":{"uv":[1.375,4.625,1.5,4.75],"texture":"#1"},"east":{"uv":[0.5,6.25,0.625,6.375],"texture":"#1"},"south":{"uv":[0.625,6.25,0.75,6.375],"texture":"#1"},"west":{"uv":[4.875,6.5,5.0,6.625],"texture":"#1"},"up":{"uv":[2.75,6.875,2.625,6.75],"texture":"#1"},"down":{"uv":[6.875,3.125,6.75,3.25],"texture":"#1"}}},{"from":[11.0,4.1,0.1],"to":[12.0,5.3,1.1],"rotation":{"origin":[15.0,3.1,-0.65],"axis":"y","angle":0.0},"shade":false,"faces":{"north":{"uv":[2.25,7.25,2.375,7.375],"texture":"#1"},"east":{"uv":[4.125,7.25,4.25,7.375],"texture":"#1"},"south":{"uv":[7.25,6.875,7.375,7.0],"texture":"#1"},"west":{"uv":[2.5,7.375,2.625,7.5],"texture":"#1"},"up":{"uv":[5.125,7.625,5.0,7.5],"texture":"#1"},"down":{"uv":[7.375,7.5,7.25,7.625],"texture":"#1"}}},{"from":[4.0,3.35,1.1],"to":[5.25,5.3,3.85],"rotation":{"origin":[4.0,4.225,1.1],"axis":"y","angle":22.5},"shade":false,"faces":{"north":{"uv":[5.375,6.375,5.5,6.625],"texture":"#1"},"east":{"uv":[7.5,5.625,7.875,5.875],"texture":"#1"},"south":{"uv":[4.625,7.375,4.75,7.625],"texture":"#1"},"west":{"uv":[7.5,5.875,7.875,6.125],"texture":"#1"},"up":{"uv":[0.375,7.625,0.25,7.25],"texture":"#1"},"down":{"uv":[4.125,7.5,4.0,7.875],"texture":"#1"}}},{"from":[5.0,3.35,0.35],"to":[11.0,5.35,8.6],"rotation":{"origin":[8.0,3.1,-0.65],"axis":"y","angle":0.0},"shade":false,"faces":{"north":{"uv":[0.5,6.375,1.25,6.625],"texture":"#1"},"east":{"uv":[5.25,5.125,6.25,5.375],"texture":"#1"},"south":{"uv":[6.25,6.375,7.0,6.625],"texture":"#1"},"west":{"uv":[5.375,0.0,6.375,0.25],"texture":"#1"},"up":{"uv":[1.5,4.125,0.75,3.125],"texture":"#1"},"down":{"uv":[3.75,3.25,3.0,4.25],"texture":"#1"}}},{"from":[7.25,18.1,-1.15],"to":[8.75,19.6,0.35],"rotation":{"origin":[8.0,2.85,-0.65],"axis":"y","angle":0.0},"shade":false,"faces":{"north":{"uv":[2.0,7.75,2.25,8.0],"texture":"#1"},"east":{"uv":[0.75,7.875,1.0,8.125],"texture":"#1"},"south":{"uv":[7.875,1.75,8.125,2.0],"texture":"#1"},"west":{"uv":[2.25,7.875,2.5,8.125],"texture":"#1"},"up":{"uv":[8.125,2.875,7.875,2.625],"texture":"#1"},"down":{"uv":[8.125,3.5,7.875,3.75],"texture":"#1"}}},{"from":[5.0,19.6,-1.65],"to":[11.0,22.1,0.85],"rotation":{"origin":[8.0,2.85,-0.65],"axis":"y","angle":0.0},"shade":false,"faces":{"north":{"uv":[3.75,5.125,4.5,5.5],"texture":"#1"},"east":{"uv":[6.875,3.125,7.25,3.5],"texture":"#1"},"south":{"uv":[4.5,5.125,5.25,5.5],"texture":"#1"},"west":{"uv":[3.875,6.875,4.25,7.25],"texture":"#1"},"up":{"uv":[6.0,2.25,5.25,1.875],"texture":"#1"},"down":{"uv":[6.0,2.25,5.25,2.625],"texture":"#1"}}},{"from":[5.0,22.1,-0.9],"to":[5.5,23.1,-0.4],"rotation":{"origin":[8.0,2.85,-0.65],"axis":"y","angle":0.0},"shade":false,"faces":{"north":{"uv":[0.25,7.625,0.375,7.75],"texture":"#1"},"east":{"uv":[7.625,2.125,7.75,2.25],"texture":"#1"},"south":{"uv":[7.625,4.125,7.75,4.25],"texture":"#1"},"west":{"uv":[0.375,7.75,0.5,7.875],"texture":"#1"},"up":{"uv":[7.875,2.75,7.75,2.625],"texture":"#1"},"down":{"uv":[7.875,4.375,7.75,4.5],"texture":"#1"}}},{"from":[10.5,22.1,-0.9],"to":[11.0,23.1,-0.4],"rotation":{"origin":[13.5,2.85,-0.65],"axis":"y","angle":0.0},"shade":false,"faces":{"north":{"uv":[7.875,6.0,8.0,6.125],"texture":"#1"},"east":{"uv":[7.625,7.875,7.75,8.0],"texture":"#1"},"south":{"uv":[7.875,7.625,8.0,7.75],"texture":"#1"},"west":{"uv":[7.75,7.875,7.875,8.0],"texture":"#1"},"up":{"uv":[8.0,7.875,7.875,7.75],"texture":"#1"},"down":{"uv":[8.0,7.875,7.875,8.0],"texture":"#1"}}},{"from":[11.25,23.35,-1.15],"to":[13.75,25.35,-0.15],"rotation":{"origin":[13.5,2.85,-0.65],"axis":"y","angle":0.0},"shade":false,"faces":{"north":{"uv":[7.5,6.375,7.875,6.625],"texture":"#1"},"east":{"uv":[7.875,5.75,8.0,6.0],"texture":"#1"},"south":{"uv":[6.875,7.5,7.25,7.75],"texture":"#1"},"west":{"uv":[5.875,7.875,6.0,8.125],"texture":"#1"},"up":{"uv":[7.375,2.875,7.0,2.75],"texture":"#1"},"down":{"uv":[7.75,3.0,7.375,3.125],"texture":"#1"}}},{"from":[2.25,23.35,-1.15],"to":[4.75,25.35,-0.15],"rotation":{"origin":[5.5,2.85,-0.65],"axis":"y","angle":0.0},"shade":false,"faces":{"north":{"uv":[7.625,0.75,8.0,1.0],"texture":"#1"},"east":{"uv":[6.0,7.875,6.125,8.125],"texture":"#1"},"south":{"uv":[7.625,1.5,8.0,1.75],"texture":"#1"},"west":{"uv":[7.875,6.375,8.0,6.625],"texture":"#1"},"up":{"uv":[8.25,4.125,7.875,4.0],"texture":"#1"},"down":{"uv":[8.25,4.875,7.875,5.0],"texture":"#1"}}},{"from":[10.5,23.1,-0.9],"to":[11.0,24.1,-0.4],"rotation":{"origin":[10.5,23.1,-0.65],"axis":"z","angle":-45.0},"shade":false,"faces":{"north":{"uv":[0.0,8.0,0.125,8.125],"texture":"#1"},"east":{"uv":[8.0,0.0,8.125,0.125],"texture":"#1"},"south":{"uv":[0.125,8.0,0.25,8.125],"texture":"#1"},"west":{"uv":[8.0,0.125,8.125,0.25],"texture":"#1"},"up":{"uv":[0.375,8.125,0.25,8.0],"texture":"#1"},"down":{"uv":[8.125,0.75,8.0,0.875],"texture":"#1"}}},{"from":[5.0,23.1,-0.9],"to":[5.5,24.1,-0.4],"rotation":{"origin":[5.5,23.1,-0.65],"axis":"z","angle":45.0},"shade":false,"faces":{"north":{"uv":[8.0,0.875,8.125,1.0],"texture":"#1"},"east":{"uv":[1.0,8.0,1.125,8.125],"texture":"#1"},"south":{"uv":[1.125,8.0,1.25,8.125],"texture":"#1"},"west":{"uv":[1.25,8.0,1.375,8.125],"texture":"#1"},"up":{"uv":[1.5,8.125,1.375,8.0],"texture":"#1"},"down":{"uv":[1.625,8.0,1.5,8.125],"texture":"#1"}}},{"from":[6.75,19.6,-2.65],"to":[9.25,22.1,-1.65],"rotation":{"origin":[8.0,2.85,-0.65],"axis":"y","angle":0.0},"shade":false,"faces":{"north":{"uv":[6.875,4.25,7.25,4.625],"texture":"#1"},"east":{"uv":[5.25,7.875,5.375,8.25],"texture":"#1"},"south":{"uv":[6.875,4.625,7.25,5.0],"texture":"#1"},"west":{"uv":[5.375,7.875,5.5,8.25],"texture":"#1"},"up":{"uv":[5.875,8.0,5.5,7.875],"texture":"#1"},"down":{"uv":[8.25,5.625,7.875,5.75],"texture":"#1"}}},{"from":[5.0,22.1,-1.65],"to":[11.0,23.1,-1.65],"rotation":{"origin":[8.0,2.85,-0.65],"axis":"y","angle":0.0},"shade":false,"faces":{"north":{"uv":[7.25,3.375,8.0,3.5],"texture":"#1"},"east":{"uv":[0.0,0.0,0.0,0.125],"texture":"#1"},"south":{"uv":[7.25,5.25,8.0,5.375],"texture":"#1"},"west":{"uv":[0.0,0.0,0.0,0.125],"texture":"#1"},"up":{"uv":[0.75,0.0,0.0,0.0],"texture":"#1"},"down":{"uv":[0.0,0.0,0.75,0.0],"texture":"#1"}}},{"from":[11.0,19.6,-1.65],"to":[13.0,22.1,0.85],"rotation":{"origin":[11.0,20.85,-1.65],"axis":"y","angle":-22.5},"shade":false,"faces":{"north":{"uv":[6.0,3.75,6.25,4.125],"texture":"#1"},"east":{"uv":[6.875,5.0,7.25,5.375],"texture":"#1"},"south":{"uv":[1.0,7.625,1.25,8.0],"texture":"#1"},"west":{"uv":[6.875,5.625,7.25,6.0],"texture":"#1"},"up":{"uv":[7.875,2.125,7.625,1.75],"texture":"#1"},"down":{"uv":[7.875,3.75,7.625,4.125],"texture":"#1"}}},{"from":[13.0,20.1,-1.15],"to":[16.0,21.6,0.35],"rotation":{"origin":[11.0,20.85,-1.65],"axis":"y","angle":-22.5},"shade":false,"faces":{"north":{"uv":[4.625,7.625,5.0,7.875],"texture":"#1"},"east":{"uv":[7.875,3.75,8.125,4.0],"texture":"#1"},"south":{"uv":[5.0,7.625,5.375,7.875],"texture":"#1"},"west":{"uv":[4.0,7.875,4.25,8.125],"texture":"#1"},"up":{"uv":[5.75,7.875,5.375,7.625],"texture":"#1"},"down":{"uv":[6.125,7.625,5.75,7.875],"texture":"#1"}}},{"from":[3.0,19.6,-1.65],"to":[5.0,22.1,0.85],"rotation":{"origin":[5.0,20.85,-1.65],"axis":"y","angle":22.5},"shade":false,"faces":{"north":{"uv":[6.125,7.625,6.375,8.0],"texture":"#1"},"east":{"uv":[6.875,6.0,7.25,6.375],"texture":"#1"},"south":{"uv":[6.375,7.625,6.625,8.0],"texture":"#1"},"west":{"uv":[6.875,6.625,7.25,7.0],"texture":"#1"},"up":{"uv":[6.875,8.0,6.625,7.625],"texture":"#1"},"down":{"uv":[7.5,7.625,7.25,8.0],"texture":"#1"}}},{"from":[0.0,20.1,-1.15],"to":[3.0,21.6,0.35],"rotation":{"origin":[5.0,20.85,-1.65],"axis":"y","angle":22.5},"shade":false,"faces":{"north":{"uv":[7.5,7.625,7.875,7.875],"texture":"#1"},"east":{"uv":[4.25,7.875,4.5,8.125],"texture":"#1"},"south":{"uv":[0.0,7.75,0.375,8.0],"texture":"#1"},"west":{"uv":[7.875,4.375,8.125,4.625],"texture":"#1"},"up":{"uv":[8.125,0.5,7.75,0.25],"texture":"#1"},"down":{"uv":[8.125,0.5,7.75,0.75],"texture":"#1"}}},{"from":[4.0,3.35,8.6],"to":[12.0,11.35,9.6],"rotation":{"origin":[8.0,3.1,-0.65],"axis":"y","angle":0.0},"shade":false,"faces":{"north":{"uv":[2.0,2.0,3.0,3.0],"texture":"#1"},"east":{"uv":[5.0,6.5,5.125,7.5],"texture":"#1"},"south":{"uv":[2.5,0.0,3.5,1.0],"texture":"#1"},"west":{"uv":[0.375,6.75,0.5,7.75],"texture":"#1"},"up":{"uv":[8.0,0.125,7.0,0.0],"texture":"#1"},"down":{"uv":[8.0,0.125,7.0,0.25],"texture":"#1"}}},{"from":[4.0,3.35,9.6],"to":[6.0,11.35,19.6],"rotation":{"origin":[8.0,3.1,-2.65],"axis":"y","angle":0.0},"shade":false,"faces":{"north":{"uv":[0.75,5.375,1.0,6.375],"texture":"#1"},"east":{"uv":[0.0,0.0,1.25,1.0],"texture":"#1"},"south":{"uv":[1.0,5.375,1.25,6.375],"texture":"#1"},"west":{"uv":[0.0,1.0,1.25,2.0],"texture":"#1"},"up":{"uv":[5.0,3.75,4.75,2.5],"texture":"#1"},"down":{"uv":[2.625,5.0,2.375,6.25],"texture":"#1"}}},{"from":[12.0,3.35,10.6],"to":[14.0,9.35,18.6],"rotation":{"origin":[18.0,3.1,-2.65],"axis":"y","angle":0.0},"shade":false,"faces":{"north":{"uv":[5.125,6.375,5.375,7.125],"texture":"#1"},"east":{"uv":[3.5,0.0,4.5,0.75],"texture":"#1"},"south":{"uv":[6.5,1.75,6.75,2.5],"texture":"#1"},"west":{"uv":[3.5,0.75,4.5,1.5],"texture":"#1"},"up":{"uv":[5.5,6.375,5.25,5.375],"texture":"#1"},"down":{"uv":[3.375,5.5,3.125,6.5],"texture":"#1"}}},{"from":[2.0,3.35,10.6],"to":[4.0,9.35,18.6],"rotation":{"origin":[8.0,3.1,-2.65],"axis":"y","angle":0.0},"shade":false,"faces":{"north":{"uv":[6.5,2.5,6.75,3.25],"texture":"#1"},"east":{"uv":[3.75,1.5,4.75,2.25],"texture":"#1"},"south":{"uv":[3.125,6.5,3.375,7.25],"texture":"#1"},"west":{"uv":[3.75,2.25,4.75,3.0],"texture":"#1"},"up":{"uv":[3.625,6.5,3.375,5.5],"texture":"#1"},"down":{"uv":[3.875,5.5,3.625,6.5],"texture":"#1"}}},{"from":[4.0,3.35,19.6],"to":[12.0,9.35,21.6],"rotation":{"origin":[8.0,3.1,-2.65],"axis":"y","angle":0.0},"shade":false,"faces":{"north":{"uv":[3.75,3.0,4.75,3.75],"texture":"#1"},"east":{"uv":[3.375,6.5,3.625,7.25],"texture":"#1"},"south":{"uv":[3.75,3.75,4.75,4.5],"texture":"#1"},"west":{"uv":[3.625,6.5,3.875,7.25],"texture":"#1"},"up":{"uv":[6.375,0.5,5.375,0.25],"texture":"#1"},"down":{"uv":[6.375,0.5,5.375,0.75],"texture":"#1"}}},{"from":[4.0,9.32644,19.61394],"to":[12.0,11.32644,22.41394],"rotation":{"origin":[8.0,11.35754,19.61278],"axis":"x","angle":45.0},"shade":false,"faces":{"north":{"uv":[3.875,5.5,4.875,5.75],"texture":"#1"},"east":{"uv":[1.25,7.75,1.625,8.0],"texture":"#1"},"south":{"uv":[5.5,5.375,6.5,5.625],"texture":"#1"},"west":{"uv":[1.625,7.75,2.0,8.0],"texture":"#1"},"up":{"uv":[2.375,5.125,1.375,4.75],"texture":"#1"},"down":{"uv":[5.75,1.5,4.75,1.875],"texture":"#1"}}},{"from":[6.0,10.35,9.6],"to":[10.0,11.35,19.6],"rotation":{"origin":[8.0,3.1,-2.65],"axis":"y","angle":0.0},"shade":false,"faces":{"north":{"uv":[4.75,4.375,5.25,4.5],"texture":"#1"},"east":{"uv":[6.5,5.375,7.75,5.5],"texture":"#1"},"south":{"uv":[7.75,3.25,8.25,3.375],"texture":"#1"},"west":{"uv":[6.5,5.5,7.75,5.625],"texture":"#1"},"up":{"uv":[1.375,5.375,0.875,4.125],"texture":"#1"},"down":{"uv":[3.75,4.25,3.25,5.5],"texture":"#1"}}},{"from":[5.0,10.35,7.6],"to":[11.0,13.35,17.6],"rotation":{"origin":[8.0,3.1,-2.65],"axis":"y","angle":0.0},"shade":false,"faces":{"north":{"uv":[5.25,2.625,6.0,3.0],"texture":"#1"},"east":{"uv":[4.5,0.75,5.75,1.125],"texture":"#1"},"south":{"uv":[5.25,3.0,6.0,3.375],"texture":"#1"},"west":{"uv":[4.5,1.125,5.75,1.5],"texture":"#1"},"up":{"uv":[3.75,3.25,3.0,2.0],"texture":"#1"},"down":{"uv":[0.75,3.125,0.0,4.375],"texture":"#1"}}},{"from":[5.0,8.35,16.6],"to":[11.0,13.35,19.6],"rotation":{"origin":[8.0,13.35,17.6],"axis":"x","angle":-22.5},"shade":false,"faces":{"north":{"uv":[3.75,4.5,4.5,5.125],"texture":"#1"},"east":{"uv":[2.75,6.25,3.125,6.875],"texture":"#1"},"south":{"uv":[4.5,4.5,5.25,5.125],"texture":"#1"},"west":{"uv":[3.875,6.25,4.25,6.875],"texture":"#1"},"up":{"uv":[6.0,3.75,5.25,3.375],"texture":"#1"},"down":{"uv":[6.0,3.75,5.25,4.125],"texture":"#1"}}},{"from":[10.0,3.35,9.6],"to":[12.0,11.35,19.6],"rotation":{"origin":[14.0,3.1,-2.65],"axis":"y","angle":0.0},"shade":false,"faces":{"north":{"uv":[4.875,5.5,5.125,6.5],"texture":"#1"},"east":{"uv":[1.25,0.0,2.5,1.0],"texture":"#1"},"south":{"uv":[5.5,5.625,5.75,6.625],"texture":"#1"},"west":{"uv":[1.25,1.0,2.5,2.0],"texture":"#1"},"up":{"uv":[5.25,3.75,5.0,2.5],"texture":"#1"},"down":{"uv":[2.875,5.0,2.625,6.25],"texture":"#1"}}},{"from":[4.0,11.6,-4.4],"to":[12.0,19.6,-2.4],"rotation":{"origin":[8.0,11.6,-4.4],"axis":"x","angle":22.5},"shade":false,"faces":{"north":{"uv":[2.5,1.0,3.5,2.0],"texture":"#1"},"east":{"uv":[0.0,5.75,0.25,6.75],"texture":"#1"},"south":{"uv":[2.0,3.0,3.0,4.0],"texture":"#1"},"west":{"uv":[0.25,5.75,0.5,6.75],"texture":"#1"},"up":{"uv":[6.75,1.0,5.75,0.75],"texture":"#1"},"down":{"uv":[6.75,1.0,5.75,1.25],"texture":"#1"}}},{"from":[10.0,2.85,-3.0],"to":[10.0,7.35,-1.0],"rotation":{"origin":[8.0,8.85,-1.75],"axis":"y","angle":0.0},"shade":false,"faces":{"north":{"uv":[0.0,0.0,0.0,0.625],"texture":"#1"},"east":{"uv":[6.75,2.25,7.0,2.875],"texture":"#1"},"south":{"uv":[0.0,0.0,0.0,0.625],"texture":"#1"},"west":{"uv":[2.375,6.75,2.625,7.375],"texture":"#1"},"up":{"uv":[0.0,0.25,0.0,0.0],"texture":"#1"},"down":{"uv":[0.0,0.0,0.0,0.25],"texture":"#1"}}},{"from":[6.0,2.85,-3.0],"to":[6.0,7.35,-1.0],"rotation":{"origin":[8.0,8.85,-1.75],"axis":"y","angle":0.0},"shade":false,"faces":{"north":{"uv":[0.0,0.0,0.0,0.625],"texture":"#1"},"east":{"uv":[2.625,6.875,2.875,7.5],"texture":"#1"},"south":{"uv":[0.0,0.0,0.0,0.625],"texture":"#1"},"west":{"uv":[2.875,6.875,3.125,7.5],"texture":"#1"},"up":{"uv":[0.0,0.0,0.0,0.25],"texture":"#1"},"down":{"uv":[0.0,0.0,0.0,0.25],"texture":"#1"}}},{"from":[6.1,5.8,-7.0],"to":[6.6,9.8,-5.5],"rotation":{"origin":[6.35,5.8,-7.0],"axis":"x","angle":22.5},"shade":false,"faces":{"north":{"uv":[1.375,4.125,1.5,4.625],"texture":"#1"},"east":{"uv":[3.5,1.5,3.75,2.0],"texture":"#1"},"south":{"uv":[3.125,5.0,3.25,5.5],"texture":"#1"},"west":{"uv":[7.0,0.25,7.25,0.75],"texture":"#1"},"up":{"uv":[8.0,7.125,7.875,6.875],"texture":"#1"},"down":{"uv":[8.0,7.125,7.875,7.375],"texture":"#1"}}},{"from":[9.4,5.8,-7.0],"to":[9.9,9.8,-5.5],"rotation":{"origin":[9.65,5.8,-7.0],"axis":"x","angle":22.5},"shade":false,"faces":{"north":{"uv":[5.125,5.5,5.25,6.0],"texture":"#1"},"east":{"uv":[7.0,2.25,7.25,2.75],"texture":"#1"},"south":{"uv":[2.25,5.75,2.375,6.25],"texture":"#1"},"west":{"uv":[6.875,7.0,7.125,7.5],"texture":"#1"},"up":{"uv":[8.0,7.625,7.875,7.375],"texture":"#1"},"down":{"uv":[7.625,7.875,7.5,8.125],"texture":"#1"}}},{"from":[5.75,3.8,-7.5],"to":[10.25,5.8,-5.5],"rotation":{"origin":[8.0,6.0,-6.5],"axis":"y","angle":0.0},"shade":false,"faces":{"north":{"uv":[2.375,4.0,3.0,4.25],"texture":"#1"},"east":{"uv":[4.5,7.875,4.75,8.125],"texture":"#1"},"south":{"uv":[6.75,2.875,7.375,3.125],"texture":"#1"},"west":{"uv":[7.875,4.625,8.125,4.875],"texture":"#1"},"up":{"uv":[7.375,4.0,6.75,3.75],"texture":"#1"},"down":{"uv":[7.375,4.0,6.75,4.25],"texture":"#1"}}},{"from":[6.0,3.8,14.0],"to":[10.0,5.8,16.0],"rotation":{"origin":[8.0,6.0,15.0],"axis":"y","angle":0.0},"shade":false,"faces":{"north":{"uv":[1.5,3.75,2.0,4.0],"texture":"#1"},"east":{"uv":[4.75,7.875,5.0,8.125],"texture":"#1"},"south":{"uv":[7.0,6.375,7.5,6.625],"texture":"#1"},"west":{"uv":[5.0,7.875,5.25,8.125],"texture":"#1"},"up":{"uv":[1.0,7.375,0.5,7.125],"texture":"#1"},"down":{"uv":[7.625,0.75,7.125,1.0],"texture":"#1"}}},{"from":[6.0,10.65,-9.6],"to":[10.0,10.65,-4.35],"rotation":{"origin":[8.0,13.65,-6.6],"axis":"y","angle":0.0},"shade":false,"faces":{"north":{"uv":[0.0,0.0,0.5,0.0],"texture":"#1"},"east":{"uv":[0.0,0.0,0.625,0.0],"texture":"#1"},"south":{"uv":[0.0,0.0,0.5,0.0],"texture":"#1"},"west":{"uv":[0.0,0.0,0.625,0.0],"texture":"#1"},"up":{"uv":[5.25,4.375,4.75,3.75],"texture":"#1"},"down":{"uv":[0.5,5.125,0.0,5.75],"texture":"#1"}}},{"from":[6.0,10.65,-4.35],"to":[10.0,10.65,0.4],"rotation":{"origin":[8.0,10.65,-4.35],"axis":"x","angle":45.0},"shade":false,"faces":{"north":{"uv":[0.0,0.0,0.5,0.0],"texture":"#1"},"east":{"uv":[0.0,0.0,0.625,0.0],"texture":"#1"},"south":{"uv":[0.0,0.0,0.5,0.0],"texture":"#1"},"west":{"uv":[0.0,0.0,0.625,0.0],"texture":"#1"},"up":{"uv":[1.875,5.75,1.375,5.125],"texture":"#1"},"down":{"uv":[2.375,5.125,1.875,5.75],"texture":"#1"}}},{"from":[10.0,7.65,-4.35],"to":[10.0,10.65,0.65],"rotation":{"origin":[8.0,10.65,-4.35],"axis":"x","angle":45.0},"shade":false,"faces":{"north":{"uv":[0.0,0.0,0.0,0.375],"texture":"#1"},"east":{"uv":[4.25,6.25,4.875,6.625],"texture":"#1"},"south":{"uv":[0.0,0.0,0.0,0.375],"texture":"#1"},"west":{"uv":[6.25,4.25,6.875,4.625],"texture":"#1"},"up":{"uv":[0.0,0.0,0.0,0.625],"texture":"#1"},"down":{"uv":[0.0,0.0,0.0,0.625],"texture":"#1"}}},{"from":[6.0,7.65,-4.35],"to":[6.0,10.65,0.65],"rotation":{"origin":[8.0,10.65,-4.35],"axis":"x","angle":45.0},"shade":false,"faces":{"north":{"uv":[0.0,0.0,0.0,0.375],"texture":"#1"},"east":{"uv":[6.25,4.625,6.875,5.0],"texture":"#1"},"south":{"uv":[0.0,0.0,0.0,0.375],"texture":"#1"},"west":{"uv":[6.25,5.0,6.875,5.375],"texture":"#1"},"up":{"uv":[0.0,0.0,0.0,0.625],"texture":"#1"},"down":{"uv":[0.0,0.0,0.0,0.625],"texture":"#1"}}},{"from":[6.0,7.65,-9.6],"to":[6.0,10.65,-4.35],"rotation":{"origin":[8.0,13.65,-6.6],"axis":"y","angle":0.0},"shade":false,"faces":{"north":{"uv":[0.0,0.0,0.0,0.375],"texture":"#1"},"east":{"uv":[6.25,5.625,6.875,6.0],"texture":"#1"},"south":{"uv":[0.0,0.0,0.0,0.375],"texture":"#1"},"west":{"uv":[6.25,6.0,6.875,6.375],"texture":"#1"},"up":{"uv":[0.0,0.0,0.0,0.625],"texture":"#1"},"down":{"uv":[0.0,0.0,0.0,0.625],"texture":"#1"}}},{"from":[6.0,9.65,-9.6],"to":[10.0,10.65,-9.6],"rotation":{"origin":[8.0,13.65,-6.6],"axis":"y","angle":0.0},"shade":false,"faces":{"north":{"uv":[7.875,2.0,8.375,2.125],"texture":"#1"},"east":{"uv":[0.0,0.0,0.0,0.125],"texture":"#1"},"south":{"uv":[7.875,2.875,8.375,3.0],"texture":"#1"},"west":{"uv":[0.0,0.0,0.0,0.125],"texture":"#1"},"up":{"uv":[0.0,0.0,0.5,0.0],"texture":"#1"},"down":{"uv":[0.0,0.0,0.5,0.0],"texture":"#1"}}},{"from":[10.0,7.65,-9.6],"to":[10.0,10.65,-4.35],"rotation":{"origin":[8.0,13.65,-6.6],"axis":"y","angle":0.0},"shade":false,"faces":{"north":{"uv":[0.0,0.0,0.0,0.375],"texture":"#1"},"east":{"uv":[6.375,0.0,7.0,0.375],"texture":"#1"},"south":{"uv":[0.0,0.0,0.0,0.375],"texture":"#1"},"west":{"uv":[6.375,0.375,7.0,0.75],"texture":"#1"},"up":{"uv":[0.0,0.0,0.0,0.625],"texture":"#1"},"down":{"uv":[0.0,0.0,0.0,0.625],"texture":"#1"}}},{"from":[8.0,1.75,-9.75],"to":[8.0,7.9,-3.25],"rotation":{"origin":[8.0,6.0,-6.5],"axis":"y","angle":0.0},"shade":false,"faces":{"north":{"uv":[0.0,0.0,0.0,0.75],"texture":"#1"},"east":{"uv":[1.5,4.0,2.375,4.75],"texture":"#1"},"south":{"uv":[0.0,0.0,0.0,0.75],"texture":"#1"},"west":{"uv":[2.375,4.25,3.25,5.0],"texture":"#1"},"up":{"uv":[0.0,0.875,0.0,0.0],"texture":"#1"},"down":{"uv":[0.0,0.0,0.0,0.875],"texture":"#1"}}},{"from":[6.5,2.85,-11.35],"to":[9.5,6.85,-9.6],"rotation":{"origin":[8.0,8.85,-9.35],"axis":"y","angle":0.0},"shade":false,"faces":{"north":{"uv":[6.5,3.25,6.875,3.75],"texture":"#1"},"east":{"uv":[1.0,7.125,1.25,7.625],"texture":"#1"},"south":{"uv":[0.5,6.625,0.875,7.125],"texture":"#1"},"west":{"uv":[7.125,1.0,7.375,1.5],"texture":"#1"},"up":{"uv":[8.125,2.375,7.75,2.125],"texture":"#1"},"down":{"uv":[8.125,2.375,7.75,2.625],"texture":"#1"}}},{"from":[6.5,0.0,-12.5],"to":[9.5,1.75,-8.5],"rotation":{"origin":[8.0,0.0,-8.5],"axis":"x","angle":45.0},"shade":false,"faces":{"north":{"uv":[2.5,7.75,2.875,8.0],"texture":"#1"},"east":{"uv":[7.125,1.5,7.625,1.75],"texture":"#1"},"south":{"uv":[2.875,7.75,3.25,8.0],"texture":"#1"},"west":{"uv":[7.125,1.75,7.625,2.0],"texture":"#1"},"up":{"uv":[1.25,7.125,0.875,6.625],"texture":"#1"},"down":{"uv":[4.625,6.625,4.25,7.125],"texture":"#1"}}},{"from":[6.5,0.0,-8.5],"to":[9.5,1.75,-4.5],"rotation":{"origin":[8.0,6.0,-6.5],"axis":"y","angle":0.0},"shade":false,"faces":{"north":{"uv":[7.75,3.0,8.125,3.25],"texture":"#1"},"east":{"uv":[7.125,2.0,7.625,2.25],"texture":"#1"},"south":{"uv":[3.25,7.75,3.625,8.0],"texture":"#1"},"west":{"uv":[4.25,7.125,4.75,7.375],"texture":"#1"},"up":{"uv":[5.0,7.125,4.625,6.625],"texture":"#1"},"down":{"uv":[5.75,6.625,5.375,7.125],"texture":"#1"}}},{"from":[6.5,0.0,-4.5],"to":[9.5,1.75,-0.5],"rotation":{"origin":[8.0,0.0,-4.5],"axis":"x","angle":-45.0},"shade":false,"faces":{"north":{"uv":[3.625,7.75,4.0,8.0],"texture":"#1"},"east":{"uv":[5.125,7.125,5.625,7.375],"texture":"#1"},"south":{"uv":[7.75,4.125,8.125,4.375],"texture":"#1"},"west":{"uv":[5.625,7.125,6.125,7.375],"texture":"#1"},"up":{"uv":[6.125,7.125,5.75,6.625],"texture":"#1"},"down":{"uv":[6.5,6.625,6.125,7.125],"texture":"#1"}}},{"from":[6.5,2.85,-3.4],"to":[9.5,6.85,-1.65],"rotation":{"origin":[8.0,8.85,-1.65],"axis":"y","angle":0.0},"shade":false,"faces":{"north":{"uv":[6.5,6.625,6.875,7.125],"texture":"#1"},"east":{"uv":[4.75,7.125,5.0,7.625],"texture":"#1"},"south":{"uv":[0.0,6.75,0.375,7.25],"texture":"#1"},"west":{"uv":[6.125,7.125,6.375,7.625],"texture":"#1"},"up":{"uv":[8.125,5.25,7.75,5.0],"texture":"#1"},"down":{"uv":[8.125,5.375,7.75,5.625],"texture":"#1"}}},{"from":[6.5,6.85,-3.4],"to":[9.5,10.85,-1.65],"rotation":{"origin":[8.0,6.85,-1.65],"axis":"x","angle":-45.0},"shade":false,"faces":{"north":{"uv":[6.75,0.75,7.125,1.25],"texture":"#1"},"east":{"uv":[6.375,7.125,6.625,7.625],"texture":"#1"},"south":{"uv":[1.25,6.75,1.625,7.25],"texture":"#1"},"west":{"uv":[6.625,7.125,6.875,7.625],"texture":"#1"},"up":{"uv":[8.125,6.375,7.75,6.125],"texture":"#1"},"down":{"uv":[8.125,6.625,7.75,6.875],"texture":"#1"}}},{"from":[6.5,6.85,-11.35],"to":[9.5,10.85,-9.6],"rotation":{"origin":[8.0,6.85,-11.35],"axis":"x","angle":45.0},"shade":false,"faces":{"north":{"uv":[6.75,1.25,7.125,1.75],"texture":"#1"},"east":{"uv":[7.125,7.0,7.375,7.5],"texture":"#1"},"south":{"uv":[1.625,6.75,2.0,7.25],"texture":"#1"},"west":{"uv":[0.0,7.25,0.25,7.75],"texture":"#1"},"up":{"uv":[7.25,8.0,6.875,7.75],"texture":"#1"},"down":{"uv":[0.75,7.875,0.375,8.125],"texture":"#1"}}},{"from":[6.5,7.9,-8.5],"to":[9.5,9.65,-4.5],"rotation":{"origin":[8.0,13.65,-6.5],"axis":"y","angle":0.0},"shade":false,"faces":{"north":{"uv":[7.875,1.0,8.25,1.25],"texture":"#1"},"east":{"uv":[7.25,0.25,7.75,0.5],"texture":"#1"},"south":{"uv":[7.875,1.25,8.25,1.5],"texture":"#1"},"west":{"uv":[7.25,0.5,7.75,0.75],"texture":"#1"},"up":{"uv":[7.125,2.25,6.75,1.75],"texture":"#1"},"down":{"uv":[2.375,6.75,2.0,7.25],"texture":"#1"}}},{"from":[6.25,0.0,12.5],"to":[9.75,1.75,16.5],"rotation":{"origin":[8.0,6.0,14.5],"axis":"y","angle":0.0},"shade":false,"faces":{"north":{"uv":[1.25,7.25,1.75,7.5],"texture":"#1"},"east":{"uv":[1.75,7.25,2.25,7.5],"texture":"#1"},"south":{"uv":[7.25,2.25,7.75,2.5],"texture":"#1"},"west":{"uv":[7.25,2.5,7.75,2.75],"texture":"#1"},"up":{"uv":[1.75,6.25,1.25,5.75],"texture":"#1"},"down":{"uv":[6.25,1.25,5.75,1.75],"texture":"#1"}}},{"from":[8.0,1.75,11.25],"to":[8.0,7.9,17.75],"rotation":{"origin":[8.0,6.0,14.5],"axis":"y","angle":0.0},"shade":false,"faces":{"north":{"uv":[0.0,0.0,0.0,0.75],"texture":"#1"},"east":{"uv":[0.0,4.375,0.875,5.125],"texture":"#1"},"south":{"uv":[0.0,0.0,0.0,0.75],"texture":"#1"},"west":{"uv":[4.5,0.0,5.375,0.75],"texture":"#1"},"up":{"uv":[0.0,0.0,0.0,0.875],"texture":"#1"},"down":{"uv":[0.0,0.0,0.0,0.875],"texture":"#1"}}},{"from":[6.25,7.9,12.5],"to":[9.75,9.65,16.5],"rotation":{"origin":[8.0,13.65,14.5],"axis":"y","angle":0.0},"shade":false,"faces":{"north":{"uv":[3.125,7.25,3.625,7.5],"texture":"#1"},"east":{"uv":[7.25,3.125,7.75,3.375],"texture":"#1"},"south":{"uv":[3.625,7.25,4.125,7.5],"texture":"#1"},"west":{"uv":[7.25,4.25,7.75,4.5],"texture":"#1"},"up":{"uv":[2.25,6.25,1.75,5.75],"texture":"#1"},"down":{"uv":[4.375,5.75,3.875,6.25],"texture":"#1"}}},{"from":[6.25,2.85,9.65],"to":[9.75,6.85,11.4],"rotation":{"origin":[8.0,8.85,11.65],"axis":"y","angle":0.0},"shade":false,"faces":{"north":{"uv":[4.375,5.75,4.875,6.25],"texture":"#1"},"east":{"uv":[7.25,4.5,7.5,5.0],"texture":"#1"},"south":{"uv":[5.75,5.625,6.25,6.125],"texture":"#1"},"west":{"uv":[7.25,5.625,7.5,6.125],"texture":"#1"},"up":{"uv":[7.75,5.25,7.25,5.0],"texture":"#1"},"down":{"uv":[7.75,6.125,7.25,6.375],"texture":"#1"}}},{"from":[6.25,6.85,9.65],"to":[9.75,10.85,11.4],"rotation":{"origin":[8.0,6.85,9.65],"axis":"x","angle":45.0},"shade":false,"faces":{"north":{"uv":[6.0,1.75,6.5,2.25],"texture":"#1"},"east":{"uv":[0.5,7.375,0.75,7.875],"texture":"#1"},"south":{"uv":[6.0,2.25,6.5,2.75],"texture":"#1"},"west":{"uv":[0.75,7.375,1.0,7.875],"texture":"#1"},"up":{"uv":[7.75,6.875,7.25,6.625],"texture":"#1"},"down":{"uv":[7.875,1.0,7.375,1.25],"texture":"#1"}}},{"from":[6.25,2.85,17.6],"to":[9.75,6.85,19.35],"rotation":{"origin":[8.0,8.85,19.35],"axis":"y","angle":0.0},"shade":false,"faces":{"north":{"uv":[6.0,2.75,6.5,3.25],"texture":"#1"},"east":{"uv":[2.25,7.375,2.5,7.875],"texture":"#1"},"south":{"uv":[6.0,3.25,6.5,3.75],"texture":"#1"},"west":{"uv":[7.375,3.75,7.625,4.25],"texture":"#1"},"up":{"uv":[7.875,1.5,7.375,1.25],"texture":"#1"},"down":{"uv":[7.875,2.75,7.375,3.0],"texture":"#1"}}},{"from":[6.25,6.85,17.6],"to":[9.75,10.85,19.35],"rotation":{"origin":[8.0,6.85,19.35],"axis":"x","angle":-45.0},"shade":false,"faces":{"north":{"uv":[5.75,6.125,6.25,6.625],"texture":"#1"},"east":{"uv":[4.125,7.375,4.375,7.875],"texture":"#1"},"south":{"uv":[1.25,6.25,1.75,6.75],"texture":"#1"},"west":{"uv":[4.375,7.375,4.625,7.875],"texture":"#1"},"up":{"uv":[5.625,7.625,5.125,7.375],"texture":"#1"},"down":{"uv":[6.125,7.375,5.625,7.625],"texture":"#1"}}},{"from":[6.25,0.0,16.5],"to":[9.75,1.75,20.5],"rotation":{"origin":[8.0,0.0,16.5],"axis":"x","angle":-45.0},"shade":false,"faces":{"north":{"uv":[7.375,6.875,7.875,7.125],"texture":"#1"},"east":{"uv":[7.375,7.125,7.875,7.375],"texture":"#1"},"south":{"uv":[7.375,7.375,7.875,7.625],"texture":"#1"},"west":{"uv":[1.25,7.5,1.75,7.75],"texture":"#1"},"up":{"uv":[6.75,1.75,6.25,1.25],"texture":"#1"},"down":{"uv":[2.25,6.25,1.75,6.75],"texture":"#1"}}},{"from":[6.25,0.0,8.5],"to":[9.75,1.75,12.5],"rotation":{"origin":[8.0,0.0,12.5],"axis":"x","angle":45.0},"shade":false,"faces":{"north":{"uv":[1.75,7.5,2.25,7.75],"texture":"#1"},"east":{"uv":[2.5,7.5,3.0,7.75],"texture":"#1"},"south":{"uv":[3.0,7.5,3.5,7.75],"texture":"#1"},"west":{"uv":[3.5,7.5,4.0,7.75],"texture":"#1"},"up":{"uv":[2.75,6.75,2.25,6.25],"texture":"#1"},"down":{"uv":[6.75,3.75,6.25,4.25],"texture":"#1"}}}],"textures":{"particle":"summervehicles:1df0eaf2-2211-4885-8f43-0ed056e8b6f0","1":"summervehicles:1df0eaf2-2211-4885-8f43-0ed056e8b6f0"}}