{"display":{"thirdperson_righthand":{"rotation":[70.0,0.0,0.0],"translation":[0.0,2.0,0.0],"scale":[0.2,0.2,0.2]},"thirdperson_lefthand":{"rotation":[70.0,0.0,0.0],"translation":[0.0,2.0,0.0],"scale":[0.2,0.2,0.2]},"firstperson_righthand":{"scale":[0.2,0.2,0.2]},"firstperson_lefthand":{"scale":[0.2,0.2,0.2]},"ground":{"translation":[0.0,6.0,0.0],"scale":[0.3,0.3,0.3]},"gui":{"rotation":[-160.0,35.0,-180.0],"scale":[0.3,0.3,0.3]},"head":{"translation":[19.5,-1.5,0.0],"scale":[3.7,3.7,3.7]},"fixed":{"scale":[0.3,0.3,0.3]}},"elements":[{"from":[-1.5,7.6,11.5],"to":[6.5,15.6,13.5],"rotation":{"origin":[3.0,7.6,12.5],"axis":"y","angle":0.0},"faces":{"north":{"uv":[1.0,6.5,2.0,7.5],"texture":"#0"},"east":{"uv":[3.625,10.25,3.875,11.25],"texture":"#0"},"south":{"uv":[2.0,6.5,3.0,7.5],"texture":"#0"},"west":{"uv":[10.25,3.625,10.5,4.625],"texture":"#0"},"up":{"uv":[11.0,3.0,10.0,2.75],"texture":"#0"},"down":{"uv":[11.25,0.0,10.25,0.25],"texture":"#0"}}},{"from":[-1.5,5.65,4.0],"to":[6.5,7.65,13.5],"rotation":{"origin":[-4.5,-0.1,-6.0],"axis":"y","angle":0.0},"faces":{"north":{"uv":[10.25,0.25,11.25,0.5],"texture":"#0"},"east":{"uv":[6.125,8.0,7.375,8.25],"texture":"#0"},"south":{"uv":[10.25,2.125,11.25,2.375],"texture":"#0"},"west":{"uv":[8.625,5.25,9.875,5.5],"texture":"#0"},"up":{"uv":[4.5,7.25,3.5,6.0],"texture":"#0"},"down":{"uv":[5.5,6.0,4.5,7.25],"texture":"#0"}}},{"from":[9.5,5.65,4.0],"to":[17.5,7.65,13.5],"rotation":{"origin":[5.5,-0.1,-6.0],"axis":"y","angle":0.0},"faces":{"north":{"uv":[3.875,10.25,4.875,10.5],"texture":"#0"},"east":{"uv":[8.75,1.625,10.0,1.875],"texture":"#0"},"south":{"uv":[10.25,6.5,11.25,6.75],"texture":"#0"},"west":{"uv":[8.75,1.875,10.0,2.125],"texture":"#0"},"up":{"uv":[6.5,7.25,5.5,6.0],"texture":"#0"},"down":{"uv":[1.0,6.125,0.0,7.375],"texture":"#0"}}},{"from":[9.5,7.6,11.5],"to":[17.5,15.6,13.5],"rotation":{"origin":[13.0,7.6,12.5],"axis":"y","angle":0.0},"faces":{"north":{"uv":[6.5,6.0,7.5,7.0],"texture":"#0"},"east":{"uv":[4.875,10.25,5.125,11.25],"texture":"#0"},"south":{"uv":[7.0,0.625,8.0,1.625],"texture":"#0"},"west":{"uv":[5.125,10.25,5.375,11.25],"texture":"#0"},"up":{"uv":[11.25,7.0,10.25,6.75],"texture":"#0"},"down":{"uv":[7.875,10.25,6.875,10.5],"texture":"#0"}}},{"from":[-0.5,3.75,-7.0],"to":[16.5,5.75,-5.0],"rotation":{"origin":[-2.0,0.0,-6.0],"axis":"y","angle":0.0},"faces":{"north":{"uv":[7.5,6.75,9.625,7.0],"texture":"#0"},"east":{"uv":[6.25,7.75,6.5,8.0],"texture":"#0"},"south":{"uv":[7.875,2.875,10.0,3.125],"texture":"#0"},"west":{"uv":[9.875,5.25,10.125,5.5],"texture":"#0"},"up":{"uv":[10.125,1.625,8.0,1.375],"texture":"#0"},"down":{"uv":[10.125,5.5,8.0,5.75],"texture":"#0"}}},{"from":[3.0,4.75,-13.5],"to":[5.0,6.75,-1.0],"rotation":{"origin":[-2.0,1.0,-6.0],"axis":"y","angle":0.0},"faces":{"north":{"uv":[3.375,11.0,3.625,11.25],"texture":"#0"},"east":{"uv":[8.5,4.125,10.125,4.375],"texture":"#0"},"south":{"uv":[12.125,10.5,12.375,10.75],"texture":"#0"},"west":{"uv":[8.5,4.375,10.125,4.625],"texture":"#0"},"up":{"uv":[8.125,10.125,7.875,8.5],"texture":"#0"},"down":{"uv":[8.375,8.5,8.125,10.125],"texture":"#0"}}},{"from":[3.0,6.75,-13.5],"to":[5.0,8.75,-11.5],"rotation":{"origin":[-2.0,1.0,-6.0],"axis":"y","angle":0.0},"faces":{"north":{"uv":[11.125,12.125,11.375,12.375],"texture":"#0"},"east":{"uv":[12.125,12.0,12.375,12.25],"texture":"#0"},"south":{"uv":[0.0,12.25,0.25,12.5],"texture":"#0"},"west":{"uv":[0.25,12.25,0.5,12.5],"texture":"#0"},"up":{"uv":[0.75,12.5,0.5,12.25],"texture":"#0"},"down":{"uv":[1.0,12.25,0.75,12.5],"texture":"#0"}}},{"from":[11.0,6.75,-13.5],"to":[13.0,8.75,-11.5],"rotation":{"origin":[6.0,1.0,-6.0],"axis":"y","angle":0.0},"faces":{"north":{"uv":[1.0,12.25,1.25,12.5],"texture":"#0"},"east":{"uv":[1.25,12.25,1.5,12.5],"texture":"#0"},"south":{"uv":[1.5,12.25,1.75,12.5],"texture":"#0"},"west":{"uv":[1.75,12.25,2.0,12.5],"texture":"#0"},"up":{"uv":[2.25,12.5,2.0,12.25],"texture":"#0"},"down":{"uv":[2.5,12.25,2.25,12.5],"texture":"#0"}}},{"from":[11.0,4.75,-13.5],"to":[13.0,6.75,-1.0],"rotation":{"origin":[6.0,1.0,-6.0],"axis":"y","angle":0.0},"faces":{"north":{"uv":[2.5,12.25,2.75,12.5],"texture":"#0"},"east":{"uv":[8.375,8.5,10.0,8.75],"texture":"#0"},"south":{"uv":[2.75,12.25,3.0,12.5],"texture":"#0"},"west":{"uv":[8.625,2.125,10.25,2.375],"texture":"#0"},"up":{"uv":[3.25,10.25,3.0,8.625],"texture":"#0"},"down":{"uv":[3.5,8.625,3.25,10.25],"texture":"#0"}}},{"from":[2.5,5.75,-11.0],"to":[13.5,9.75,-1.0],"rotation":{"origin":[-2.0,0.0,-6.0],"axis":"y","angle":0.0},"faces":{"north":{"uv":[7.375,7.0,8.75,7.5],"texture":"#0"},"east":{"uv":[1.75,4.25,3.0,4.75],"texture":"#0"},"south":{"uv":[0.0,7.5,1.375,8.0],"texture":"#0"},"west":{"uv":[1.375,7.5,2.625,8.0],"texture":"#0"},"up":{"uv":[4.875,6.0,3.5,4.75],"texture":"#0"},"down":{"uv":[6.25,4.75,4.875,6.0],"texture":"#0"}}},{"from":[1.0,3.75,-1.0],"to":[15.0,5.75,15.0],"rotation":{"origin":[-2.0,0.0,-6.0],"axis":"y","angle":0.0},"faces":{"north":{"uv":[8.5,3.625,10.25,3.875],"texture":"#0"},"east":{"uv":[8.25,0.0,10.25,0.25],"texture":"#0"},"south":{"uv":[8.5,3.875,10.25,4.125],"texture":"#0"},"west":{"uv":[8.25,0.25,10.25,0.5],"texture":"#0"},"up":{"uv":[1.75,2.0,0.0,0.0],"texture":"#0"},"down":{"uv":[3.5,0.0,1.75,2.0],"texture":"#0"}}},{"from":[-1.0,3.75,-1.0],"to":[1.0,5.75,15.0],"rotation":{"origin":[-18.0,0.0,-6.0],"axis":"y","angle":0.0},"faces":{"north":{"uv":[3.0,12.25,3.25,12.5],"texture":"#0"},"east":{"uv":[6.125,8.25,8.125,8.5],"texture":"#0"},"south":{"uv":[12.25,4.5,12.5,4.75],"texture":"#0"},"west":{"uv":[8.125,8.25,10.125,8.5],"texture":"#0"},"up":{"uv":[3.0,9.5,2.75,7.5],"texture":"#0"},"down":{"uv":[6.375,8.5,6.125,10.5],"texture":"#0"}}},{"from":[15.0,3.75,-1.0],"to":[17.0,5.75,15.0],"rotation":{"origin":[-2.0,0.0,-6.0],"axis":"y","angle":0.0},"faces":{"north":{"uv":[4.625,12.25,4.875,12.5],"texture":"#0"},"east":{"uv":[8.5,3.125,10.5,3.375],"texture":"#0"},"south":{"uv":[12.25,4.75,12.5,5.0],"texture":"#0"},"west":{"uv":[8.5,3.375,10.5,3.625],"texture":"#0"},"up":{"uv":[6.625,10.5,6.375,8.5],"texture":"#0"},"down":{"uv":[6.875,8.5,6.625,10.5],"texture":"#0"}}},{"from":[1.0,5.75,-1.0],"to":[15.0,14.75,0.0],"rotation":{"origin":[-2.0,0.0,-6.0],"axis":"y","angle":0.0},"faces":{"north":{"uv":[3.5,0.75,5.25,1.875],"texture":"#0"},"east":{"uv":[7.375,10.875,7.5,12.0],"texture":"#0"},"south":{"uv":[3.5,1.875,5.25,3.0],"texture":"#0"},"west":{"uv":[7.5,10.875,7.625,12.0],"texture":"#0"},"up":{"uv":[12.25,5.75,10.5,5.625],"texture":"#0"},"down":{"uv":[12.25,5.75,10.5,5.875],"texture":"#0"}}},{"from":[14.0,10.25,0.0],"to":[15.0,11.25,2.0],"rotation":{"origin":[-2.0,0.0,-6.0],"axis":"y","angle":0.0},"faces":{"north":{"uv":[0.875,7.375,1.0,7.5],"texture":"#0"},"east":{"uv":[7.75,4.625,8.0,4.75],"texture":"#0"},"south":{"uv":[8.25,10.125,8.375,10.25],"texture":"#0"},"west":{"uv":[2.5,9.375,2.75,9.5],"texture":"#0"},"up":{"uv":[7.75,3.375,7.625,3.125],"texture":"#0"},"down":{"uv":[5.5,8.625,5.375,8.875],"texture":"#0"}}},{"from":[7.0,10.25,0.0],"to":[8.0,11.25,2.0],"rotation":{"origin":[-6.0,0.0,-6.0],"axis":"y","angle":0.0},"faces":{"north":{"uv":[5.875,10.375,6.0,10.5],"texture":"#0"},"east":{"uv":[1.25,9.5,1.5,9.625],"texture":"#0"},"south":{"uv":[10.25,11.375,10.375,11.5],"texture":"#0"},"west":{"uv":[12.25,10.0,12.5,10.125],"texture":"#0"},"up":{"uv":[10.125,8.75,10.0,8.5],"texture":"#0"},"down":{"uv":[0.625,11.5,0.5,11.75],"texture":"#0"}}},{"from":[8.0,10.25,2.0],"to":[14.0,11.25,2.0],"rotation":{"origin":[-6.0,0.0,-6.0],"axis":"y","angle":0.0},"faces":{"north":{"uv":[5.25,3.375,6.0,3.5],"texture":"#0"},"east":{"uv":[0.0,0.0,0.0,0.125],"texture":"#0"},"south":{"uv":[11.25,0.5,12.0,0.625],"texture":"#0"},"west":{"uv":[0.0,0.0,0.0,0.125],"texture":"#0"},"up":{"uv":[0.75,0.0,0.0,0.0],"texture":"#0"},"down":{"uv":[0.75,0.0,0.0,0.0],"texture":"#0"}}},{"from":[3.0,10.25,-0.5],"to":[4.0,11.25,4.25],"rotation":{"origin":[3.5,10.75,1.5],"axis":"x","angle":-22.5},"faces":{"north":{"uv":[6.375,11.5,6.5,11.625],"texture":"#0"},"east":{"uv":[12.125,4.25,12.75,4.375],"texture":"#0"},"south":{"uv":[11.625,8.125,11.75,8.25],"texture":"#0"},"west":{"uv":[12.125,4.375,12.75,4.5],"texture":"#0"},"up":{"uv":[10.75,12.625,10.625,12.0],"texture":"#0"},"down":{"uv":[12.25,4.5,12.125,5.125],"texture":"#0"}}},{"from":[1.25,10.25,3.75],"to":[3.0,11.25,3.75],"rotation":{"origin":[3.5,10.75,1.5],"axis":"x","angle":-22.5},"faces":{"north":{"uv":[12.25,10.125,12.5,10.25],"texture":"#0"},"east":{"uv":[0.0,0.0,0.0,0.125],"texture":"#0"},"south":{"uv":[10.25,12.25,10.5,12.375],"texture":"#0"},"west":{"uv":[0.0,0.0,0.0,0.125],"texture":"#0"},"up":{"uv":[0.25,0.0,0.0,0.0],"texture":"#0"},"down":{"uv":[0.25,0.0,0.0,0.0],"texture":"#0"}}},{"from":[4.0,10.25,3.75],"to":[5.75,11.25,3.75],"rotation":{"origin":[3.5,10.75,1.5],"axis":"x","angle":-22.5},"faces":{"north":{"uv":[12.25,10.25,12.5,10.375],"texture":"#0"},"east":{"uv":[0.0,0.0,0.0,0.125],"texture":"#0"},"south":{"uv":[11.5,12.25,11.75,12.375],"texture":"#0"},"west":{"uv":[0.0,0.0,0.0,0.125],"texture":"#0"},"up":{"uv":[0.25,0.0,0.0,0.0],"texture":"#0"},"down":{"uv":[0.25,0.0,0.0,0.0],"texture":"#0"}}},{"from":[1.25,12.75,3.5],"to":[5.75,12.75,4.5],"rotation":{"origin":[3.5,10.25,1.5],"axis":"x","angle":-22.5},"faces":{"north":{"uv":[0.0,0.0,0.625,0.0],"texture":"#0"},"east":{"uv":[0.0,0.0,0.125,0.0],"texture":"#0"},"south":{"uv":[0.0,0.0,0.625,0.0],"texture":"#0"},"west":{"uv":[0.0,0.0,0.125,0.0],"texture":"#0"},"up":{"uv":[12.75,5.25,12.125,5.125],"texture":"#0"},"down":{"uv":[12.75,5.25,12.125,5.375],"texture":"#0"}}},{"from":[1.25,8.5,3.5],"to":[5.75,8.5,4.5],"rotation":{"origin":[3.5,10.25,1.5],"axis":"x","angle":-22.5},"faces":{"north":{"uv":[0.0,0.0,0.625,0.0],"texture":"#0"},"east":{"uv":[0.0,0.0,0.125,0.0],"texture":"#0"},"south":{"uv":[0.0,0.0,0.625,0.0],"texture":"#0"},"west":{"uv":[0.0,0.0,0.125,0.0],"texture":"#0"},"up":{"uv":[12.75,5.5,12.125,5.375],"texture":"#0"},"down":{"uv":[12.75,5.5,12.125,5.625],"texture":"#0"}}},{"from":[5.75,8.5,3.5],"to":[5.75,12.75,4.5],"rotation":{"origin":[3.5,10.25,1.5],"axis":"x","angle":-22.5},"faces":{"north":{"uv":[0.0,0.0,0.0,0.5],"texture":"#0"},"east":{"uv":[2.625,7.5,2.75,8.0],"texture":"#0"},"south":{"uv":[0.0,0.0,0.0,0.5],"texture":"#0"},"west":{"uv":[10.125,4.125,10.25,4.625],"texture":"#0"},"up":{"uv":[0.0,0.125,0.0,0.0],"texture":"#0"},"down":{"uv":[0.0,0.0,0.0,0.125],"texture":"#0"}}},{"from":[1.25,8.5,3.5],"to":[1.25,12.75,4.5],"rotation":{"origin":[3.5,10.25,1.5],"axis":"x","angle":-22.5},"faces":{"north":{"uv":[0.0,0.0,0.0,0.5],"texture":"#0"},"east":{"uv":[11.375,12.125,11.5,12.625],"texture":"#0"},"south":{"uv":[0.0,0.0,0.0,0.5],"texture":"#0"},"west":{"uv":[3.25,12.25,3.375,12.75],"texture":"#0"},"up":{"uv":[0.0,0.125,0.0,0.0],"texture":"#0"},"down":{"uv":[0.0,0.0,0.0,0.125],"texture":"#0"}}},{"from":[1.0,12.25,0.0],"to":[15.0,14.75,1.0],"rotation":{"origin":[-2.0,1.0,-6.0],"axis":"y","angle":0.0},"faces":{"north":{"uv":[7.5,6.0,9.25,6.375],"texture":"#0"},"east":{"uv":[12.25,8.375,12.375,8.75],"texture":"#0"},"south":{"uv":[7.5,6.375,9.25,6.75],"texture":"#0"},"west":{"uv":[8.625,12.25,8.75,12.625],"texture":"#0"},"up":{"uv":[12.25,8.75,10.5,8.625],"texture":"#0"},"down":{"uv":[12.25,8.75,10.5,8.875],"texture":"#0"}}},{"from":[1.5,4.75,0.0],"to":[3.5,6.75,1.0],"rotation":{"origin":[2.5,5.75,0.0],"axis":"x","angle":-45.0},"faces":{"north":{"uv":[4.875,12.25,5.125,12.5],"texture":"#0"},"east":{"uv":[10.5,12.25,10.625,12.5],"texture":"#0"},"south":{"uv":[5.125,12.25,5.375,12.5],"texture":"#0"},"west":{"uv":[11.75,12.25,11.875,12.5],"texture":"#0"},"up":{"uv":[12.375,12.375,12.125,12.25],"texture":"#0"},"down":{"uv":[12.625,0.0,12.375,0.125],"texture":"#0"}}},{"from":[4.5,4.75,0.0],"to":[6.5,6.75,1.0],"rotation":{"origin":[5.5,5.75,0.0],"axis":"x","angle":-45.0},"faces":{"north":{"uv":[5.375,12.25,5.625,12.5],"texture":"#0"},"east":{"uv":[12.375,0.125,12.5,0.375],"texture":"#0"},"south":{"uv":[12.25,5.625,12.5,5.875],"texture":"#0"},"west":{"uv":[12.375,0.625,12.5,0.875],"texture":"#0"},"up":{"uv":[12.625,0.5,12.375,0.375],"texture":"#0"},"down":{"uv":[12.625,1.625,12.375,1.75],"texture":"#0"}}},{"from":[-4.0,10.9,14.1],"to":[20.0,11.9,19.25],"rotation":{"origin":[-1.5,11.4,15.6],"axis":"x","angle":-22.5},"faces":{"north":{"uv":[8.25,0.5,11.25,0.625],"texture":"#0"},"east":{"uv":[12.125,5.875,12.75,6.0],"texture":"#0"},"south":{"uv":[8.625,2.375,11.625,2.5],"texture":"#0"},"west":{"uv":[12.125,6.0,12.75,6.125],"texture":"#0"},"up":{"uv":[6.0,4.125,3.0,3.5],"texture":"#0"},"down":{"uv":[6.0,4.125,3.0,4.75],"texture":"#0"}}},{"from":[15.0,12.25,18.8],"to":[20.0,14.25,26.0],"rotation":{"origin":[17.0,2.0,20.0],"axis":"y","angle":0.0},"faces":{"north":{"uv":[7.0,3.125,7.625,3.375],"texture":"#0"},"east":{"uv":[9.25,1.125,10.125,1.375],"texture":"#0"},"south":{"uv":[0.0,11.0,0.625,11.25],"texture":"#0"},"west":{"uv":[10.5,8.875,11.375,9.125],"texture":"#0"},"up":{"uv":[2.125,8.875,1.5,8.0],"texture":"#0"},"down":{"uv":[2.75,8.0,2.125,8.875],"texture":"#0"}}},{"from":[-4.0,5.25,14.0],"to":[20.0,11.25,15.0],"rotation":{"origin":[-2.0,0.0,-6.0],"axis":"y","angle":0.0},"faces":{"north":{"uv":[0.0,3.5,3.0,4.25],"texture":"#0"},"east":{"uv":[2.875,9.5,3.0,10.25],"texture":"#0"},"south":{"uv":[3.5,0.0,6.5,0.75],"texture":"#0"},"west":{"uv":[10.125,11.875,10.25,12.625],"texture":"#0"},"up":{"uv":[11.625,2.625,8.625,2.5],"texture":"#0"},"down":{"uv":[11.625,2.625,8.625,2.75],"texture":"#0"}}},{"from":[-4.0,12.25,18.75],"to":[1.0,14.25,26.0],"rotation":{"origin":[-2.0,2.0,20.0],"axis":"y","angle":0.0},"faces":{"north":{"uv":[11.0,0.875,11.625,1.125],"texture":"#0"},"east":{"uv":[10.5,9.125,11.375,9.375],"texture":"#0"},"south":{"uv":[2.125,11.0,2.75,11.25],"texture":"#0"},"west":{"uv":[10.5,9.375,11.375,9.625],"texture":"#0"},"up":{"uv":[8.625,5.5,8.0,4.625],"texture":"#0"},"down":{"uv":[6.125,8.0,5.5,8.875],"texture":"#0"}}},{"from":[1.0,9.25,22.0],"to":[4.0,12.25,23.0],"rotation":{"origin":[0.0,2.0,17.0],"axis":"y","angle":0.0},"faces":{"north":{"uv":[2.125,10.625,2.5,11.0],"texture":"#0"},"east":{"uv":[8.75,12.25,8.875,12.625],"texture":"#0"},"south":{"uv":[0.625,11.0,1.0,11.375],"texture":"#0"},"west":{"uv":[12.25,8.75,12.375,9.125],"texture":"#0"},"up":{"uv":[11.625,7.0,11.25,6.875],"texture":"#0"},"down":{"uv":[12.0,2.875,11.625,3.0],"texture":"#0"}}},{"from":[12.0,9.25,22.0],"to":[15.0,12.25,23.0],"rotation":{"origin":[11.0,2.0,17.0],"axis":"y","angle":0.0},"faces":{"north":{"uv":[10.375,11.125,10.75,11.5],"texture":"#0"},"east":{"uv":[12.25,9.125,12.375,9.5],"texture":"#0"},"south":{"uv":[6.5,11.25,6.875,11.625],"texture":"#0"},"west":{"uv":[9.375,12.25,9.5,12.625],"texture":"#0"},"up":{"uv":[12.625,7.875,12.25,7.75],"texture":"#0"},"down":{"uv":[12.625,9.5,12.25,9.625],"texture":"#0"}}},{"from":[1.0,12.25,18.75],"to":[15.0,13.25,26.0],"rotation":{"origin":[-2.0,2.0,20.0],"axis":"y","angle":0.0},"faces":{"north":{"uv":[10.5,9.625,12.25,9.75],"texture":"#0"},"east":{"uv":[0.0,7.375,0.875,7.5],"texture":"#0"},"south":{"uv":[10.625,1.625,12.375,1.75],"texture":"#0"},"west":{"uv":[9.25,5.125,10.125,5.25],"texture":"#0"},"up":{"uv":[1.75,6.125,0.0,5.25],"texture":"#0"},"down":{"uv":[7.0,0.75,5.25,1.625],"texture":"#0"}}},{"from":[-4.0,9.25,-12.1],"to":[1.0,10.25,-1.0],"rotation":{"origin":[-2.0,-1.0,-7.0],"axis":"y","angle":0.0},"faces":{"north":{"uv":[12.125,6.125,12.75,6.25],"texture":"#0"},"east":{"uv":[8.625,2.75,10.0,2.875],"texture":"#0"},"south":{"uv":[12.125,6.25,12.75,6.375],"texture":"#0"},"west":{"uv":[10.75,10.875,12.125,11.0],"texture":"#0"},"up":{"uv":[3.625,8.625,3.0,7.25],"texture":"#0"},"down":{"uv":[4.25,7.25,3.625,8.625],"texture":"#0"}}},{"from":[-4.0,7.7,-12.35],"to":[1.0,10.2,-11.35],"rotation":{"origin":[-1.5,9.75,-12.1],"axis":"x","angle":22.5},"faces":{"north":{"uv":[7.0,10.5,7.625,10.875],"texture":"#0"},"east":{"uv":[9.5,12.25,9.625,12.625],"texture":"#0"},"south":{"uv":[10.5,8.25,11.125,8.625],"texture":"#0"},"west":{"uv":[12.25,9.625,12.375,10.0],"texture":"#0"},"up":{"uv":[12.75,6.5,12.125,6.375],"texture":"#0"},"down":{"uv":[12.75,6.5,12.125,6.625],"texture":"#0"}}},{"from":[15.0,7.6,-12.35],"to":[20.0,10.2,-11.35],"rotation":{"origin":[17.5,9.75,-12.1],"axis":"x","angle":22.5},"faces":{"north":{"uv":[1.0,6.125,1.625,6.5],"texture":"#0"},"east":{"uv":[1.625,6.125,1.75,6.5],"texture":"#0"},"south":{"uv":[6.375,10.5,7.0,10.875],"texture":"#0"},"west":{"uv":[7.25,11.25,7.375,11.625],"texture":"#0"},"up":{"uv":[11.75,8.625,11.125,8.5],"texture":"#0"},"down":{"uv":[12.75,4.125,12.125,4.25],"texture":"#0"}}},{"from":[-4.0,5.25,-1.0],"to":[1.0,10.25,0.0],"rotation":{"origin":[-2.0,0.0,-6.0],"axis":"y","angle":0.0},"faces":{"north":{"uv":[3.5,8.625,4.125,9.25],"texture":"#0"},"east":{"uv":[9.625,12.125,9.75,12.75],"texture":"#0"},"south":{"uv":[4.125,8.625,4.75,9.25],"texture":"#0"},"west":{"uv":[9.75,12.125,9.875,12.75],"texture":"#0"},"up":{"uv":[12.75,6.75,12.125,6.625],"texture":"#0"},"down":{"uv":[12.75,6.75,12.125,6.875],"texture":"#0"}}},{"from":[-1.0,9.25,-0.65],"to":[0.0,21.75,0.35],"rotation":{"origin":[0.0,14.25,-0.65],"axis":"x","angle":22.5},"faces":{"north":{"uv":[6.0,8.875,6.125,10.5],"texture":"#0"},"east":{"uv":[1.25,10.625,1.375,12.25],"texture":"#0"},"south":{"uv":[1.375,10.625,1.5,12.25],"texture":"#0"},"west":{"uv":[1.5,10.625,1.625,12.25],"texture":"#0"},"up":{"uv":[9.75,11.875,9.625,11.75],"texture":"#0"},"down":{"uv":[12.5,2.75,12.375,2.875],"texture":"#0"}}},{"from":[0.0,20.75,-0.65],"to":[16.0,21.75,0.35],"rotation":{"origin":[0.0,14.25,-0.65],"axis":"x","angle":22.5},"faces":{"north":{"uv":[10.0,3.0,12.0,3.125],"texture":"#0"},"east":{"uv":[12.375,3.375,12.5,3.5],"texture":"#0"},"south":{"uv":[10.125,5.875,12.125,6.0],"texture":"#0"},"west":{"uv":[12.375,3.5,12.5,3.625],"texture":"#0"},"up":{"uv":[12.25,7.625,10.25,7.5],"texture":"#0"},"down":{"uv":[12.25,7.625,10.25,7.75],"texture":"#0"}}},{"from":[16.0,9.25,-0.65],"to":[17.0,21.75,0.35],"rotation":{"origin":[0.0,14.25,-0.65],"axis":"x","angle":22.5},"faces":{"north":{"uv":[1.625,10.625,1.75,12.25],"texture":"#0"},"east":{"uv":[1.75,10.625,1.875,12.25],"texture":"#0"},"south":{"uv":[1.875,10.625,2.0,12.25],"texture":"#0"},"west":{"uv":[2.0,10.625,2.125,12.25],"texture":"#0"},"up":{"uv":[12.5,3.75,12.375,3.625],"texture":"#0"},"down":{"uv":[12.5,3.75,12.375,3.875],"texture":"#0"}}},{"from":[19.0,5.25,0.0],"to":[20.0,10.25,14.0],"rotation":{"origin":[17.0,0.0,-6.0],"axis":"y","angle":0.0},"faces":{"north":{"uv":[12.125,9.75,12.25,10.375],"texture":"#0"},"east":{"uv":[6.0,4.125,7.75,4.75],"texture":"#0"},"south":{"uv":[9.875,12.125,10.0,12.75],"texture":"#0"},"west":{"uv":[6.25,4.75,8.0,5.375],"texture":"#0"},"up":{"uv":[1.125,12.25,1.0,10.5],"texture":"#0"},"down":{"uv":[1.25,10.5,1.125,12.25],"texture":"#0"}}},{"from":[17.0,5.25,0.0],"to":[19.0,5.75,14.0],"rotation":{"origin":[17.0,0.0,-6.0],"axis":"y","angle":0.0},"faces":{"north":{"uv":[12.375,1.75,12.625,1.875],"texture":"#0"},"east":{"uv":[10.625,1.75,12.375,1.875],"texture":"#0"},"south":{"uv":[12.375,1.875,12.625,2.0],"texture":"#0"},"west":{"uv":[10.625,1.875,12.375,2.0],"texture":"#0"},"up":{"uv":[7.125,10.25,6.875,8.5],"texture":"#0"},"down":{"uv":[7.375,8.5,7.125,10.25],"texture":"#0"}}},{"from":[15.0,5.25,-1.0],"to":[20.0,10.25,0.0],"rotation":{"origin":[17.0,0.0,-6.0],"axis":"y","angle":0.0},"faces":{"north":{"uv":[8.625,4.625,9.25,5.25],"texture":"#0"},"east":{"uv":[10.0,12.125,10.125,12.75],"texture":"#0"},"south":{"uv":[4.75,8.625,5.375,9.25],"texture":"#0"},"west":{"uv":[10.75,12.125,10.875,12.75],"texture":"#0"},"up":{"uv":[12.75,7.0,12.125,6.875],"texture":"#0"},"down":{"uv":[12.75,7.875,12.125,8.0],"texture":"#0"}}},{"from":[-4.0,5.25,0.0],"to":[-3.0,10.25,14.0],"rotation":{"origin":[-2.0,0.0,-6.0],"axis":"y","angle":0.0},"faces":{"north":{"uv":[10.875,12.125,11.0,12.75],"texture":"#0"},"east":{"uv":[6.25,5.375,8.0,6.0],"texture":"#0"},"south":{"uv":[11.0,12.125,11.125,12.75],"texture":"#0"},"west":{"uv":[6.5,0.0,8.25,0.625],"texture":"#0"},"up":{"uv":[7.75,12.25,7.625,10.5],"texture":"#0"},"down":{"uv":[7.875,10.5,7.75,12.25],"texture":"#0"}}},{"from":[-3.0,5.25,0.0],"to":[-1.0,5.75,14.0],"rotation":{"origin":[-2.0,0.0,-6.0],"axis":"y","angle":0.0},"faces":{"north":{"uv":[12.375,2.0,12.625,2.125],"texture":"#0"},"east":{"uv":[10.625,2.0,12.375,2.125],"texture":"#0"},"south":{"uv":[12.375,2.625,12.625,2.75],"texture":"#0"},"west":{"uv":[10.625,7.0,12.375,7.125],"texture":"#0"},"up":{"uv":[7.625,10.25,7.375,8.5],"texture":"#0"},"down":{"uv":[7.875,8.5,7.625,10.25],"texture":"#0"}}},{"from":[-1.5,11.25,-11.0],"to":[1.0,13.75,-9.0],"rotation":{"origin":[-2.0,-1.0,-7.0],"axis":"y","angle":0.0},"faces":{"north":{"uv":[11.25,6.5,11.625,6.875],"texture":"#0"},"east":{"uv":[5.625,12.0,5.875,12.375],"texture":"#0"},"south":{"uv":[6.875,11.25,7.25,11.625],"texture":"#0"},"west":{"uv":[6.125,12.0,6.375,12.375],"texture":"#0"},"up":{"uv":[9.625,6.75,9.25,6.5],"texture":"#0"},"down":{"uv":[8.25,10.875,7.875,11.125],"texture":"#0"}}},{"from":[15.0,11.25,-11.0],"to":[17.5,13.75,-9.0],"rotation":{"origin":[15.0,-1.0,-7.0],"axis":"y","angle":0.0},"faces":{"north":{"uv":[11.25,7.875,11.625,8.25],"texture":"#0"},"east":{"uv":[7.375,12.0,7.625,12.375],"texture":"#0"},"south":{"uv":[11.25,9.75,11.625,10.125],"texture":"#0"},"west":{"uv":[8.875,12.0,9.125,12.375],"texture":"#0"},"up":{"uv":[4.875,11.25,4.5,11.0],"texture":"#0"},"down":{"uv":[10.625,12.0,10.25,12.25],"texture":"#0"}}},{"from":[15.0,10.25,-10.0],"to":[16.0,11.25,-9.0],"rotation":{"origin":[15.0,-1.0,-7.0],"axis":"y","angle":0.0},"faces":{"north":{"uv":[12.375,3.875,12.5,4.0],"texture":"#0"},"east":{"uv":[12.375,4.0,12.5,4.125],"texture":"#0"},"south":{"uv":[5.625,12.375,5.75,12.5],"texture":"#0"},"west":{"uv":[5.75,12.375,5.875,12.5],"texture":"#0"},"up":{"uv":[6.25,12.5,6.125,12.375],"texture":"#0"},"down":{"uv":[6.375,12.375,6.25,12.5],"texture":"#0"}}},{"from":[0.0,10.25,-10.0],"to":[1.0,11.25,-9.0],"rotation":{"origin":[0.0,-1.0,-7.0],"axis":"y","angle":0.0},"faces":{"north":{"uv":[6.375,12.375,6.5,12.5],"texture":"#0"},"east":{"uv":[6.5,12.375,6.625,12.5],"texture":"#0"},"south":{"uv":[6.625,12.375,6.75,12.5],"texture":"#0"},"west":{"uv":[6.75,12.375,6.875,12.5],"texture":"#0"},"up":{"uv":[7.0,12.5,6.875,12.375],"texture":"#0"},"down":{"uv":[7.125,12.375,7.0,12.5],"texture":"#0"}}},{"from":[15.0,9.25,-12.1],"to":[20.0,10.25,-1.0],"rotation":{"origin":[17.0,-1.0,-7.0],"axis":"y","angle":0.0},"faces":{"north":{"uv":[12.125,8.0,12.75,8.125],"texture":"#0"},"east":{"uv":[11.0,0.625,12.375,0.75],"texture":"#0"},"south":{"uv":[12.125,10.375,12.75,10.5],"texture":"#0"},"west":{"uv":[11.0,0.75,12.375,0.875],"texture":"#0"},"up":{"uv":[4.875,8.625,4.25,7.25],"texture":"#0"},"down":{"uv":[5.5,7.25,4.875,8.625],"texture":"#0"}}},{"from":[1.0,5.75,-12.0],"to":[15.0,10.15,-11.0],"rotation":{"origin":[-2.0,0.5,-6.0],"axis":"y","angle":0.0},"faces":{"north":{"uv":[3.5,3.0,5.25,3.5],"texture":"#0"},"east":{"uv":[5.875,12.25,6.0,12.75],"texture":"#0"},"south":{"uv":[7.0,1.625,8.75,2.125],"texture":"#0"},"west":{"uv":[6.0,12.25,6.125,12.75],"texture":"#0"},"up":{"uv":[12.375,7.25,10.625,7.125],"texture":"#0"},"down":{"uv":[12.375,7.25,10.625,7.375],"texture":"#0"}}},{"from":[1.0,9.4,-12.0],"to":[15.0,10.4,0.0],"rotation":{"origin":[8.0,10.25,-11.5],"axis":"x","angle":-22.5},"faces":{"north":{"uv":[10.625,7.375,12.375,7.5],"texture":"#0"},"east":{"uv":[10.75,1.5,12.25,1.625],"texture":"#0"},"south":{"uv":[10.75,1.125,12.5,1.25],"texture":"#0"},"west":{"uv":[10.75,7.75,12.25,7.875],"texture":"#0"},"up":{"uv":[1.75,3.5,0.0,2.0],"texture":"#0"},"down":{"uv":[3.5,2.0,1.75,3.5],"texture":"#0"}}},{"from":[15.0,7.4,-10.0],"to":[15.0,9.4,-0.5],"rotation":{"origin":[22.0,10.25,-11.5],"axis":"x","angle":-22.5},"faces":{"north":{"uv":[0.0,0.0,0.0,0.25],"texture":"#0"},"east":{"uv":[8.75,7.0,10.0,7.25],"texture":"#0"},"south":{"uv":[0.0,0.0,0.0,0.25],"texture":"#0"},"west":{"uv":[8.75,7.25,10.0,7.5],"texture":"#0"},"up":{"uv":[0.0,1.25,0.0,0.0],"texture":"#0"},"down":{"uv":[0.0,0.0,0.0,1.25],"texture":"#0"}}},{"from":[1.0,6.15,-5.0],"to":[1.0,7.4,-1.25],"rotation":{"origin":[8.0,10.25,-11.5],"axis":"x","angle":-22.5},"faces":{"north":{"uv":[0.0,0.0,0.0,0.125],"texture":"#0"},"east":{"uv":[6.5,0.625,7.0,0.75],"texture":"#0"},"south":{"uv":[0.0,0.0,0.0,0.125],"texture":"#0"},"west":{"uv":[12.125,10.875,12.625,11.0],"texture":"#0"},"up":{"uv":[0.0,0.5,0.0,0.0],"texture":"#0"},"down":{"uv":[0.0,0.0,0.0,0.5],"texture":"#0"}}},{"from":[1.0,7.4,-10.0],"to":[1.0,9.4,-0.5],"rotation":{"origin":[8.0,10.25,-11.5],"axis":"x","angle":-22.5},"faces":{"north":{"uv":[0.0,0.0,0.0,0.25],"texture":"#0"},"east":{"uv":[8.875,8.75,10.125,9.0],"texture":"#0"},"south":{"uv":[0.0,0.0,0.0,0.25],"texture":"#0"},"west":{"uv":[8.875,9.0,10.125,9.25],"texture":"#0"},"up":{"uv":[0.0,1.25,0.0,0.0],"texture":"#0"},"down":{"uv":[0.0,0.0,0.0,1.25],"texture":"#0"}}},{"from":[15.0,6.15,-5.0],"to":[15.0,7.4,-1.25],"rotation":{"origin":[22.0,10.25,-11.5],"axis":"x","angle":-22.5},"faces":{"north":{"uv":[0.0,0.0,0.0,0.125],"texture":"#0"},"east":{"uv":[12.25,1.5,12.75,1.625],"texture":"#0"},"south":{"uv":[0.0,0.0,0.0,0.125],"texture":"#0"},"west":{"uv":[12.25,5.0,12.75,5.125],"texture":"#0"},"up":{"uv":[0.0,0.5,0.0,0.0],"texture":"#0"},"down":{"uv":[0.0,0.0,0.0,0.5],"texture":"#0"}}},{"from":[-0.5,4.0,19.5],"to":[16.5,6.0,21.5],"rotation":{"origin":[-2.0,0.25,22.5],"axis":"y","angle":0.0},"faces":{"north":{"uv":[8.0,5.75,10.125,6.0],"texture":"#0"},"east":{"uv":[12.25,7.5,12.5,7.75],"texture":"#0"},"south":{"uv":[8.125,7.5,10.25,7.75],"texture":"#0"},"west":{"uv":[7.625,12.25,7.875,12.5],"texture":"#0"},"up":{"uv":[10.25,8.0,8.125,7.75],"texture":"#0"},"down":{"uv":[10.25,8.0,8.125,8.25],"texture":"#0"}}},{"from":[1.0,3.75,15.0],"to":[15.0,11.25,22.0],"rotation":{"origin":[-2.0,0.0,22.5],"axis":"y","angle":0.0},"faces":{"north":{"uv":[0.0,4.25,1.75,5.25],"texture":"#0"},"east":{"uv":[7.0,2.125,7.875,3.125],"texture":"#0"},"south":{"uv":[1.75,4.75,3.5,5.75],"texture":"#0"},"west":{"uv":[6.5,7.0,7.375,8.0],"texture":"#0"},"up":{"uv":[7.0,2.5,5.25,1.625],"texture":"#0"},"down":{"uv":[7.0,2.5,5.25,3.375],"texture":"#0"}}},{"from":[1.0,11.25,16.5],"to":[15.0,12.25,22.0],"rotation":{"origin":[-2.0,0.0,22.5],"axis":"y","angle":0.0},"faces":{"north":{"uv":[10.75,1.25,12.5,1.375],"texture":"#0"},"east":{"uv":[11.625,10.75,12.375,10.875],"texture":"#0"},"south":{"uv":[10.75,1.375,12.5,1.5],"texture":"#0"},"west":{"uv":[12.0,0.5,12.75,0.625],"texture":"#0"},"up":{"uv":[3.5,6.5,1.75,5.75],"texture":"#0"},"down":{"uv":[7.75,3.375,6.0,4.125],"texture":"#0"}}},{"from":[2.66515,5.75,21.18339],"to":[4.66515,7.75,25.18339],"rotation":{"origin":[3.66515,6.75,26.55839],"axis":"x","angle":-22.5},"faces":{"north":{"uv":[7.875,12.25,8.125,12.5],"texture":"#0"},"east":{"uv":[8.375,9.5,8.875,9.75],"texture":"#0"},"south":{"uv":[8.125,12.25,8.375,12.5],"texture":"#0"},"west":{"uv":[5.875,11.0,6.375,11.25],"texture":"#0"},"up":{"uv":[6.5,7.75,6.25,7.25],"texture":"#0"},"down":{"uv":[2.75,8.875,2.5,9.375],"texture":"#0"}}},{"from":[2.16515,5.25,24.93339],"to":[5.16515,8.25,27.93339],"rotation":{"origin":[3.66515,6.75,26.55839],"axis":"x","angle":-22.5},"faces":{"north":{"uv":[11.25,10.125,11.625,10.5],"texture":"#0"},"east":{"uv":[11.25,10.5,11.625,10.875],"texture":"#0"},"south":{"uv":[10.75,11.25,11.125,11.625],"texture":"#0"},"west":{"uv":[11.125,11.25,11.5,11.625],"texture":"#0"},"up":{"uv":[1.0,11.75,0.625,11.375],"texture":"#0"},"down":{"uv":[8.25,11.375,7.875,11.75],"texture":"#0"}}},{"from":[11.33485,5.75,21.18339],"to":[13.33485,7.75,25.18339],"rotation":{"origin":[12.33485,6.75,26.55839],"axis":"x","angle":-22.5},"faces":{"north":{"uv":[12.25,8.125,12.5,8.375],"texture":"#0"},"east":{"uv":[9.75,11.375,10.25,11.625],"texture":"#0"},"south":{"uv":[8.375,12.25,8.625,12.5],"texture":"#0"},"west":{"uv":[11.375,11.0,11.875,11.25],"texture":"#0"},"up":{"uv":[0.25,12.0,0.0,11.5],"texture":"#0"},"down":{"uv":[0.5,11.5,0.25,12.0],"texture":"#0"}}},{"from":[10.83485,5.25,24.93339],"to":[13.83485,8.25,27.93339],"rotation":{"origin":[12.33485,6.75,26.55839],"axis":"x","angle":-22.5},"faces":{"north":{"uv":[8.25,11.375,8.625,11.75],"texture":"#0"},"east":{"uv":[8.625,11.375,9.0,11.75],"texture":"#0"},"south":{"uv":[11.375,8.875,11.75,9.25],"texture":"#0"},"west":{"uv":[9.0,11.375,9.375,11.75],"texture":"#0"},"up":{"uv":[11.75,9.625,11.375,9.25],"texture":"#0"},"down":{"uv":[9.75,11.375,9.375,11.75],"texture":"#0"}}},{"from":[-4.0,0.0,-8.5],"to":[0.0,2.0,-4.5],"rotation":{"origin":[-2.0,0.0,-6.5],"axis":"y","angle":0.0},"faces":{"north":{"uv":[2.125,11.5,2.625,11.75],"texture":"#0"},"east":{"uv":[2.625,11.5,3.125,11.75],"texture":"#0"},"south":{"uv":[3.125,11.5,3.625,11.75],"texture":"#0"},"west":{"uv":[3.625,11.5,4.125,11.75],"texture":"#0"},"up":{"uv":[10.75,8.25,10.25,7.75],"texture":"#0"},"down":{"uv":[8.75,10.25,8.25,10.75],"texture":"#0"}}},{"from":[-3.5,1.5,-9.5],"to":[-0.5,7.25,-3.5],"rotation":{"origin":[-2.0,-0.5,-6.5],"axis":"y","angle":0.0},"faces":{"north":{"uv":[2.5,9.5,2.875,10.25],"texture":"#0"},"east":{"uv":[5.5,7.25,6.25,8.0],"texture":"#0"},"south":{"uv":[10.125,5.125,10.5,5.875],"texture":"#0"},"west":{"uv":[7.375,7.5,8.125,8.25],"texture":"#0"},"up":{"uv":[8.25,10.875,7.875,10.125],"texture":"#0"},"down":{"uv":[10.5,8.25,10.125,9.0],"texture":"#0"}}},{"from":[-4.0,1.15,-10.65],"to":[0.0,3.15,-7.2],"rotation":{"origin":[-2.0,2.15,-9.2],"axis":"x","angle":45.0},"faces":{"north":{"uv":[4.125,11.5,4.625,11.75],"texture":"#0"},"east":{"uv":[12.0,11.25,12.375,11.5],"texture":"#0"},"south":{"uv":[4.625,11.5,5.125,11.75],"texture":"#0"},"west":{"uv":[11.5,12.0,11.875,12.25],"texture":"#0"},"up":{"uv":[11.25,8.25,10.75,7.875],"texture":"#0"},"down":{"uv":[8.75,10.75,8.25,11.125],"texture":"#0"}}},{"from":[-4.0,1.1,-5.75],"to":[0.0,3.1,-2.3],"rotation":{"origin":[-2.0,2.1,-3.75],"axis":"x","angle":-45.0},"faces":{"north":{"uv":[5.125,11.5,5.625,11.75],"texture":"#0"},"east":{"uv":[12.0,11.5,12.375,11.75],"texture":"#0"},"south":{"uv":[5.625,11.5,6.125,11.75],"texture":"#0"},"west":{"uv":[12.0,11.75,12.375,12.0],"texture":"#0"},"up":{"uv":[9.25,11.125,8.75,10.75],"texture":"#0"},"down":{"uv":[9.75,10.75,9.25,11.125],"texture":"#0"}}},{"from":[-4.0,2.45,-10.9],"to":[0.0,6.35,-8.9],"rotation":{"origin":[-2.0,4.4,-9.9],"axis":"y","angle":0.0},"faces":{"north":{"uv":[8.75,10.25,9.25,10.75],"texture":"#0"},"east":{"uv":[6.125,11.5,6.375,12.0],"texture":"#0"},"south":{"uv":[9.25,10.25,9.75,10.75],"texture":"#0"},"west":{"uv":[10.25,11.5,10.5,12.0],"texture":"#0"},"up":{"uv":[12.0,11.5,11.5,11.25],"texture":"#0"},"down":{"uv":[12.0,11.5,11.5,11.75],"texture":"#0"}}},{"from":[-4.0,2.4,-4.0],"to":[0.0,6.2,-2.0],"rotation":{"origin":[-2.0,4.25,-3.0],"axis":"y","angle":0.0},"faces":{"north":{"uv":[9.75,10.25,10.25,10.75],"texture":"#0"},"east":{"uv":[10.5,11.5,10.75,12.0],"texture":"#0"},"south":{"uv":[10.25,9.75,10.75,10.25],"texture":"#0"},"west":{"uv":[11.625,2.375,11.875,2.875],"texture":"#0"},"up":{"uv":[12.125,1.125,11.625,0.875],"texture":"#0"},"down":{"uv":[12.125,3.125,11.625,3.375],"texture":"#0"}}},{"from":[-4.0,5.05,-4.75],"to":[0.0,8.6,-2.75],"rotation":{"origin":[-2.0,6.5,-3.75],"axis":"x","angle":-45.0},"faces":{"north":{"uv":[10.25,10.25,10.75,10.75],"texture":"#0"},"east":{"uv":[11.625,3.375,11.875,3.875],"texture":"#0"},"south":{"uv":[5.375,10.375,5.875,10.875],"texture":"#0"},"west":{"uv":[11.625,3.875,11.875,4.375],"texture":"#0"},"up":{"uv":[12.125,4.625,11.625,4.375],"texture":"#0"},"down":{"uv":[12.125,4.625,11.625,4.875],"texture":"#0"}}},{"from":[-4.0,5.25,-10.25],"to":[0.0,8.6,-8.25],"rotation":{"origin":[-2.0,6.6,-9.25],"axis":"x","angle":45.0},"faces":{"north":{"uv":[9.75,10.75,10.25,11.125],"texture":"#0"},"east":{"uv":[9.125,12.0,9.375,12.375],"texture":"#0"},"south":{"uv":[10.75,9.75,11.25,10.125],"texture":"#0"},"west":{"uv":[11.875,12.0,12.125,12.375],"texture":"#0"},"up":{"uv":[12.125,5.125,11.625,4.875],"texture":"#0"},"down":{"uv":[12.125,5.125,11.625,5.375],"texture":"#0"}}},{"from":[-4.0,6.7,-8.55],"to":[0.0,8.7,-4.55],"rotation":{"origin":[-2.0,7.7,-6.55],"axis":"y","angle":0.0},"faces":{"north":{"uv":[11.625,5.375,12.125,5.625],"texture":"#0"},"east":{"uv":[11.625,6.0,12.125,6.25],"texture":"#0"},"south":{"uv":[11.625,6.25,12.125,6.5],"texture":"#0"},"west":{"uv":[6.375,11.625,6.875,11.875],"texture":"#0"},"up":{"uv":[0.5,11.0,0.0,10.5],"texture":"#0"},"down":{"uv":[1.0,10.5,0.5,11.0],"texture":"#0"}}},{"from":[16.0,0.0,-8.5],"to":[20.0,2.0,-4.5],"rotation":{"origin":[19.0,0.0,-6.5],"axis":"y","angle":0.0},"faces":{"north":{"uv":[11.625,6.5,12.125,6.75],"texture":"#0"},"east":{"uv":[11.625,6.75,12.125,7.0],"texture":"#0"},"south":{"uv":[6.875,11.625,7.375,11.875],"texture":"#0"},"west":{"uv":[11.625,7.875,12.125,8.125],"texture":"#0"},"up":{"uv":[11.0,1.125,10.5,0.625],"texture":"#0"},"down":{"uv":[11.0,3.125,10.5,3.625],"texture":"#0"}}},{"from":[16.5,1.5,-9.5],"to":[19.5,7.25,-3.5],"rotation":{"origin":[19.0,-0.5,-6.5],"axis":"y","angle":0.0},"faces":{"north":{"uv":[10.125,9.0,10.5,9.75],"texture":"#0"},"east":{"uv":[7.75,3.125,8.5,3.875],"texture":"#0"},"south":{"uv":[2.5,10.25,2.875,11.0],"texture":"#0"},"west":{"uv":[7.75,3.875,8.5,4.625],"texture":"#0"},"up":{"uv":[3.25,11.0,2.875,10.25],"texture":"#0"},"down":{"uv":[3.625,10.25,3.25,11.0],"texture":"#0"}}},{"from":[16.0,1.15,-10.65],"to":[20.0,3.15,-7.2],"rotation":{"origin":[19.0,2.15,-9.2],"axis":"x","angle":45.0},"faces":{"north":{"uv":[9.75,11.625,10.25,11.875],"texture":"#0"},"east":{"uv":[12.125,0.875,12.5,1.125],"texture":"#0"},"south":{"uv":[11.625,9.75,12.125,10.0],"texture":"#0"},"west":{"uv":[12.125,2.125,12.5,2.375],"texture":"#0"},"up":{"uv":[11.25,10.5,10.75,10.125],"texture":"#0"},"down":{"uv":[10.75,10.75,10.25,11.125],"texture":"#0"}}},{"from":[16.0,1.1,-5.75],"to":[20.0,3.1,-2.3],"rotation":{"origin":[19.0,2.1,-3.75],"axis":"x","angle":-45.0},"faces":{"north":{"uv":[11.625,10.0,12.125,10.25],"texture":"#0"},"east":{"uv":[12.125,2.375,12.5,2.625],"texture":"#0"},"south":{"uv":[11.625,10.25,12.125,10.5],"texture":"#0"},"west":{"uv":[12.125,3.125,12.5,3.375],"texture":"#0"},"up":{"uv":[11.25,10.875,10.75,10.5],"texture":"#0"},"down":{"uv":[5.875,10.875,5.375,11.25],"texture":"#0"}}},{"from":[16.0,2.45,-10.9],"to":[20.0,6.35,-8.9],"rotation":{"origin":[19.0,4.4,-9.9],"axis":"y","angle":0.0},"faces":{"north":{"uv":[10.5,3.625,11.0,4.125],"texture":"#0"},"east":{"uv":[10.75,11.625,11.0,12.125],"texture":"#0"},"south":{"uv":[3.875,10.5,4.375,11.0],"texture":"#0"},"west":{"uv":[11.0,11.625,11.25,12.125],"texture":"#0"},"up":{"uv":[12.125,10.75,11.625,10.5],"texture":"#0"},"down":{"uv":[1.0,11.75,0.5,12.0],"texture":"#0"}}},{"from":[16.0,2.4,-4.0],"to":[20.0,6.2,-2.0],"rotation":{"origin":[19.0,4.25,-3.0],"axis":"y","angle":0.0},"faces":{"north":{"uv":[10.5,4.125,11.0,4.625],"texture":"#0"},"east":{"uv":[11.25,11.625,11.5,12.125],"texture":"#0"},"south":{"uv":[4.375,10.5,4.875,11.0],"texture":"#0"},"west":{"uv":[2.125,11.75,2.375,12.25],"texture":"#0"},"up":{"uv":[2.875,12.0,2.375,11.75],"texture":"#0"},"down":{"uv":[3.375,11.75,2.875,12.0],"texture":"#0"}}},{"from":[16.0,5.5,-5.85],"to":[20.0,7.5,-2.3],"rotation":{"origin":[19.0,6.5,-3.75],"axis":"x","angle":45.0},"faces":{"north":{"uv":[3.375,11.75,3.875,12.0],"texture":"#0"},"east":{"uv":[3.875,11.75,4.375,12.0],"texture":"#0"},"south":{"uv":[4.375,11.75,4.875,12.0],"texture":"#0"},"west":{"uv":[4.875,11.75,5.375,12.0],"texture":"#0"},"up":{"uv":[11.0,5.125,10.5,4.625],"texture":"#0"},"down":{"uv":[11.0,5.125,10.5,5.625],"texture":"#0"}}},{"from":[16.0,5.25,-10.25],"to":[20.0,8.6,-8.25],"rotation":{"origin":[19.0,6.6,-9.25],"axis":"x","angle":45.0},"faces":{"north":{"uv":[6.375,10.875,6.875,11.25],"texture":"#0"},"east":{"uv":[12.125,3.375,12.375,3.75],"texture":"#0"},"south":{"uv":[6.875,10.875,7.375,11.25],"texture":"#0"},"west":{"uv":[12.125,3.75,12.375,4.125],"texture":"#0"},"up":{"uv":[5.875,12.0,5.375,11.75],"texture":"#0"},"down":{"uv":[8.375,11.75,7.875,12.0],"texture":"#0"}}},{"from":[16.0,6.7,-8.55],"to":[20.0,8.7,-4.55],"rotation":{"origin":[19.0,7.7,-6.55],"axis":"y","angle":0.0},"faces":{"north":{"uv":[11.75,8.125,12.25,8.375],"texture":"#0"},"east":{"uv":[8.375,11.75,8.875,12.0],"texture":"#0"},"south":{"uv":[11.75,8.375,12.25,8.625],"texture":"#0"},"west":{"uv":[8.875,11.75,9.375,12.0],"texture":"#0"},"up":{"uv":[6.375,11.0,5.875,10.5],"texture":"#0"},"down":{"uv":[11.0,6.0,10.5,6.5],"texture":"#0"}}},{"from":[-5.0,0.0,18.75],"to":[0.0,2.0,22.75],"rotation":{"origin":[-2.0,0.0,20.75],"axis":"y","angle":0.0},"faces":{"north":{"uv":[2.75,11.0,3.375,11.25],"texture":"#0"},"east":{"uv":[11.75,8.875,12.25,9.125],"texture":"#0"},"south":{"uv":[11.0,2.75,11.625,3.0],"texture":"#0"},"west":{"uv":[11.75,9.125,12.25,9.375],"texture":"#0"},"up":{"uv":[6.0,9.375,5.375,8.875],"texture":"#0"},"down":{"uv":[9.875,0.625,9.25,1.125],"texture":"#0"}}},{"from":[-4.5,2.0,17.75],"to":[-0.5,7.75,23.75],"rotation":{"origin":[-2.0,0.0,20.75],"axis":"y","angle":0.0},"faces":{"north":{"uv":[3.0,6.5,3.5,7.25],"texture":"#0"},"east":{"uv":[7.875,2.125,8.625,2.875],"texture":"#0"},"south":{"uv":[0.0,8.75,0.5,9.5],"texture":"#0"},"west":{"uv":[0.0,8.0,0.75,8.75],"texture":"#0"},"up":{"uv":[1.0,9.5,0.5,8.75],"texture":"#0"},"down":{"uv":[9.25,0.625,8.75,1.375],"texture":"#0"}}},{"from":[-5.0,1.15,16.05],"to":[0.0,3.15,20.05],"rotation":{"origin":[-2.0,2.15,18.05],"axis":"x","angle":45.0},"faces":{"north":{"uv":[11.0,3.125,11.625,3.375],"texture":"#0"},"east":{"uv":[11.75,9.375,12.25,9.625],"texture":"#0"},"south":{"uv":[11.0,3.375,11.625,3.625],"texture":"#0"},"west":{"uv":[11.5,11.75,12.0,12.0],"texture":"#0"},"up":{"uv":[4.125,9.75,3.5,9.25],"texture":"#0"},"down":{"uv":[4.75,9.25,4.125,9.75],"texture":"#0"}}},{"from":[-5.0,1.1,21.5],"to":[0.0,3.1,25.5],"rotation":{"origin":[-2.0,2.1,23.5],"axis":"x","angle":-45.0},"faces":{"north":{"uv":[11.0,3.625,11.625,3.875],"texture":"#0"},"east":{"uv":[11.875,0.0,12.375,0.25],"texture":"#0"},"south":{"uv":[3.875,11.0,4.5,11.25],"texture":"#0"},"west":{"uv":[11.875,0.25,12.375,0.5],"texture":"#0"},"up":{"uv":[9.875,5.125,9.25,4.625],"texture":"#0"},"down":{"uv":[5.375,9.25,4.75,9.75],"texture":"#0"}}},{"from":[-5.0,2.9,15.9],"to":[0.0,6.9,17.9],"rotation":{"origin":[-2.0,4.9,16.9],"axis":"y","angle":0.0},"faces":{"north":{"uv":[9.25,6.0,9.875,6.5],"texture":"#0"},"east":{"uv":[5.875,11.75,6.125,12.25],"texture":"#0"},"south":{"uv":[8.875,9.25,9.5,9.75],"texture":"#0"},"west":{"uv":[9.375,11.75,9.625,12.25],"texture":"#0"},"up":{"uv":[11.625,4.125,11.0,3.875],"texture":"#0"},"down":{"uv":[11.625,4.125,11.0,4.375],"texture":"#0"}}},{"from":[-5.0,2.75,23.6],"to":[0.0,6.75,25.6],"rotation":{"origin":[-2.0,4.75,24.6],"axis":"y","angle":0.0},"faces":{"north":{"uv":[5.375,9.375,6.0,9.875],"texture":"#0"},"east":{"uv":[11.875,2.125,12.125,2.625],"texture":"#0"},"south":{"uv":[0.0,9.5,0.625,10.0],"texture":"#0"},"west":{"uv":[11.875,3.375,12.125,3.875],"texture":"#0"},"up":{"uv":[11.625,4.625,11.0,4.375],"texture":"#0"},"down":{"uv":[11.625,4.625,11.0,4.875],"texture":"#0"}}},{"from":[-5.0,5.5,22.5],"to":[0.0,9.6,24.5],"rotation":{"origin":[-2.0,7.5,23.5],"axis":"x","angle":-45.0},"faces":{"north":{"uv":[0.625,9.5,1.25,10.0],"texture":"#0"},"east":{"uv":[11.875,3.875,12.125,4.375],"texture":"#0"},"south":{"uv":[9.5,9.25,10.125,9.75],"texture":"#0"},"west":{"uv":[6.375,11.875,6.625,12.375],"texture":"#0"},"up":{"uv":[11.625,5.125,11.0,4.875],"texture":"#0"},"down":{"uv":[11.625,5.125,11.0,5.375],"texture":"#0"}}},{"from":[-5.0,5.6,17.0],"to":[0.0,9.6,19.0],"rotation":{"origin":[-2.0,7.6,18.0],"axis":"x","angle":45.0},"faces":{"north":{"uv":[1.25,9.625,1.875,10.125],"texture":"#0"},"east":{"uv":[6.625,11.875,6.875,12.375],"texture":"#0"},"south":{"uv":[1.875,9.625,2.5,10.125],"texture":"#0"},"west":{"uv":[6.875,11.875,7.125,12.375],"texture":"#0"},"up":{"uv":[11.625,5.625,11.0,5.375],"texture":"#0"},"down":{"uv":[11.625,6.0,11.0,6.25],"texture":"#0"}}},{"from":[-5.0,7.7,18.7],"to":[0.0,9.7,22.7],"rotation":{"origin":[-2.0,8.7,20.7],"axis":"y","angle":0.0},"faces":{"north":{"uv":[11.0,6.25,11.625,6.5],"texture":"#0"},"east":{"uv":[11.875,2.625,12.375,2.875],"texture":"#0"},"south":{"uv":[10.75,11.0,11.375,11.25],"texture":"#0"},"west":{"uv":[9.625,11.875,10.125,12.125],"texture":"#0"},"up":{"uv":[10.25,7.0,9.625,6.5],"texture":"#0"},"down":{"uv":[4.125,9.75,3.5,10.25],"texture":"#0"}}},{"from":[16.0,0.0,18.75],"to":[21.0,2.0,22.75],"rotation":{"origin":[19.0,0.0,20.75],"axis":"y","angle":0.0},"faces":{"north":{"uv":[7.875,11.125,8.5,11.375],"texture":"#0"},"east":{"uv":[11.875,11.0,12.375,11.25],"texture":"#0"},"south":{"uv":[11.125,8.25,11.75,8.5],"texture":"#0"},"west":{"uv":[0.0,12.0,0.5,12.25],"texture":"#0"},"up":{"uv":[4.75,10.25,4.125,9.75],"texture":"#0"},"down":{"uv":[5.375,9.75,4.75,10.25],"texture":"#0"}}},{"from":[16.5,2.0,17.75],"to":[20.5,7.75,23.75],"rotation":{"origin":[19.0,0.0,20.75],"axis":"y","angle":0.0},"faces":{"north":{"uv":[1.0,8.75,1.5,9.5],"texture":"#0"},"east":{"uv":[8.0,0.625,8.75,1.375],"texture":"#0"},"south":{"uv":[8.375,8.75,8.875,9.5],"texture":"#0"},"west":{"uv":[0.75,8.0,1.5,8.75],"texture":"#0"},"up":{"uv":[2.0,9.625,1.5,8.875],"texture":"#0"},"down":{"uv":[2.5,8.875,2.0,9.625],"texture":"#0"}}},{"from":[16.0,1.15,16.05],"to":[21.0,3.15,20.05],"rotation":{"origin":[19.0,2.15,18.05],"axis":"x","angle":45.0},"faces":{"north":{"uv":[8.5,11.125,9.125,11.375],"texture":"#0"},"east":{"uv":[0.5,12.0,1.0,12.25],"texture":"#0"},"south":{"uv":[9.125,11.125,9.75,11.375],"texture":"#0"},"west":{"uv":[2.375,12.0,2.875,12.25],"texture":"#0"},"up":{"uv":[9.0,10.25,8.375,9.75],"texture":"#0"},"down":{"uv":[9.625,9.75,9.0,10.25],"texture":"#0"}}},{"from":[16.0,1.1,21.5],"to":[21.0,3.1,25.5],"rotation":{"origin":[19.0,2.1,23.5],"axis":"x","angle":-45.0},"faces":{"north":{"uv":[9.75,11.125,10.375,11.375],"texture":"#0"},"east":{"uv":[2.875,12.0,3.375,12.25],"texture":"#0"},"south":{"uv":[0.0,11.25,0.625,11.5],"texture":"#0"},"west":{"uv":[12.0,2.875,12.5,3.125],"texture":"#0"},"up":{"uv":[10.25,10.25,9.625,9.75],"texture":"#0"},"down":{"uv":[10.5,0.625,9.875,1.125],"texture":"#0"}}},{"from":[16.0,2.9,15.9],"to":[21.0,6.9,17.9],"rotation":{"origin":[19.0,4.9,16.9],"axis":"y","angle":0.0},"faces":{"north":{"uv":[9.875,4.625,10.5,5.125],"texture":"#0"},"east":{"uv":[7.125,11.875,7.375,12.375],"texture":"#0"},"south":{"uv":[5.375,9.875,6.0,10.375],"texture":"#0"},"west":{"uv":[3.375,12.0,3.625,12.5],"texture":"#0"},"up":{"uv":[11.875,0.25,11.25,0.0],"texture":"#0"},"down":{"uv":[11.875,0.25,11.25,0.5],"texture":"#0"}}},{"from":[16.0,2.75,23.6],"to":[21.0,6.75,25.6],"rotation":{"origin":[19.0,4.75,24.6],"axis":"y","angle":0.0},"faces":{"north":{"uv":[9.875,6.0,10.5,6.5],"texture":"#0"},"east":{"uv":[3.625,12.0,3.875,12.5],"texture":"#0"},"south":{"uv":[0.0,10.0,0.625,10.5],"texture":"#0"},"west":{"uv":[3.875,12.0,4.125,12.5],"texture":"#0"},"up":{"uv":[2.75,11.5,2.125,11.25],"texture":"#0"},"down":{"uv":[11.875,2.125,11.25,2.375],"texture":"#0"}}},{"from":[16.0,5.5,22.5],"to":[21.0,9.6,24.5],"rotation":{"origin":[19.0,7.5,23.5],"axis":"x","angle":-45.0},"faces":{"north":{"uv":[0.625,10.0,1.25,10.5],"texture":"#0"},"east":{"uv":[4.125,12.0,4.375,12.5],"texture":"#0"},"south":{"uv":[10.0,1.625,10.625,2.125],"texture":"#0"},"west":{"uv":[4.375,12.0,4.625,12.5],"texture":"#0"},"up":{"uv":[3.375,11.5,2.75,11.25],"texture":"#0"},"down":{"uv":[4.0,11.25,3.375,11.5],"texture":"#0"}}},{"from":[16.0,6.6,16.0],"to":[21.0,8.6,20.0],"rotation":{"origin":[19.0,7.6,18.0],"axis":"x","angle":-45.0},"faces":{"north":{"uv":[4.0,11.25,4.625,11.5],"texture":"#0"},"east":{"uv":[4.625,12.0,5.125,12.25],"texture":"#0"},"south":{"uv":[4.625,11.25,5.25,11.5],"texture":"#0"},"west":{"uv":[5.125,12.0,5.625,12.25],"texture":"#0"},"up":{"uv":[10.625,7.5,10.0,7.0],"texture":"#0"},"down":{"uv":[10.75,1.125,10.125,1.625],"texture":"#0"}}},{"from":[16.0,7.7,18.7],"to":[21.0,9.7,22.7],"rotation":{"origin":[19.0,8.7,20.7],"axis":"y","angle":0.0},"faces":{"north":{"uv":[5.25,11.25,5.875,11.5],"texture":"#0"},"east":{"uv":[7.875,12.0,8.375,12.25],"texture":"#0"},"south":{"uv":[5.875,11.25,6.5,11.5],"texture":"#0"},"west":{"uv":[8.375,12.0,8.875,12.25],"texture":"#0"},"up":{"uv":[1.875,10.625,1.25,10.125],"texture":"#0"},"down":{"uv":[2.5,10.125,1.875,10.625],"texture":"#0"}}}],"textures":{"particle":"summervehicles:51de8faa-b693-4543-932f-5867db5672ce","0":"summervehicles:51de8faa-b693-4543-932f-5867db5672ce"}}