{"display":{"head":{},"firstperson_righthand":{},"thirdperson_lefthand":{},"firstperson_lefthand":{},"fixed":{},"ground":{},"thirdperson_righthand":{},"gui":{"rotation":[-150.0,-45.0,180.0]}},"elements":[{"from":[5.0,5.5,5.0],"to":[11.0,10.5,11.0],"faces":{"east":{"uv":[3.0,2.5,6.0,5.0],"texture":"#0","tintindex":0},"south":{"uv":[3.0,5.0,6.0,7.5],"texture":"#0","tintindex":0},"north":{"uv":[3.0,0.0,6.0,2.5],"texture":"#0","tintindex":0},"west":{"uv":[0.0,6.0,3.0,8.5],"texture":"#0","tintindex":0},"up":{"uv":[3.0,3.0,0.0,0.0],"texture":"#0","tintindex":0},"down":{"uv":[3.0,3.0,0.0,6.0],"texture":"#0","tintindex":0}}}],"textures":{"particle":"#0","0":"modelengine:e83fbd4e-0c30-40b8-8859-6600e752ef4d"}}