{"display":{"head":{},"firstperson_righthand":{},"thirdperson_lefthand":{},"firstperson_lefthand":{},"fixed":{},"ground":{},"thirdperson_righthand":{},"gui":{"rotation":[-150.0,-45.0,180.0]}},"elements":[{"from":[7.0,6.75,6.5],"to":[9.0,7.75,6.5],"faces":{"south":{"uv":[7.0,9.5,8.0,10.0],"texture":"#0","tintindex":0},"north":{"uv":[6.0,9.5,7.0,10.0],"texture":"#0","tintindex":0}}},{"from":[7.0,7.5,6.0],"to":[9.0,8.5,8.0],"faces":{"east":{"uv":[10.0,10.0,11.0,10.5],"texture":"#0","tintindex":0},"south":{"uv":[0.0,10.5,1.0,11.0],"texture":"#0","tintindex":0},"north":{"uv":[10.0,9.5,11.0,10.0],"texture":"#0","tintindex":0},"west":{"uv":[10.5,0.0,11.5,0.5],"texture":"#0","tintindex":0},"up":{"uv":[3.0,9.5,2.0,8.5],"texture":"#0","tintindex":0},"down":{"uv":[3.0,9.5,2.0,10.5],"texture":"#0","tintindex":0}}}],"textures":{"particle":"#0","0":"modelengine:e83fbd4e-0c30-40b8-8859-6600e752ef4d"}}