{"display":{"head":{},"firstperson_righthand":{},"thirdperson_lefthand":{},"firstperson_lefthand":{},"fixed":{},"ground":{},"thirdperson_righthand":{},"gui":{"rotation":[-150.0,-45.0,180.0]}},"elements":[{"from":[14.25,9.0,11.0],"to":[15.25,11.0,12.0],"faces":{"east":{"uv":[6.375,3.5,6.625,4.0],"texture":"#0","tintindex":0},"south":{"uv":[6.375,4.0,6.625,4.5],"texture":"#0","tintindex":0},"north":{"uv":[6.25,6.0,6.5,6.5],"texture":"#0","tintindex":0},"west":{"uv":[6.375,4.5,6.625,5.0],"texture":"#0","tintindex":0},"up":{"uv":[6.75,0.75,6.5,0.5],"texture":"#0","tintindex":0},"down":{"uv":[1.0,6.5,0.75,6.75],"texture":"#0","tintindex":0}}},{"from":[15.25,12.5,3.0],"to":[22.75,14.0,11.5],"faces":{"east":{"uv":[4.0,5.375,6.125,5.75],"texture":"#0","tintindex":0},"south":{"uv":[0.0,5.875,1.875,6.25],"texture":"#0","tintindex":0},"north":{"uv":[4.0,5.75,5.875,6.125],"texture":"#0","tintindex":0},"west":{"uv":[1.875,5.75,4.0,6.125],"texture":"#0","tintindex":0},"up":{"uv":[4.25,2.125,2.375,0.0],"texture":"#0","tintindex":0},"down":{"uv":[4.25,2.125,2.375,4.25],"texture":"#0","tintindex":0}}},{"from":[23.75,12.5,4.5],"to":[23.75,15.5,11.0],"faces":{"east":{"uv":[4.25,2.75,5.875,3.5],"texture":"#0","tintindex":0},"west":{"uv":[4.25,3.5,5.875,4.25],"texture":"#0","tintindex":0}}},{"from":[15.25,14.5,12.0],"to":[22.75,19.0,12.0],"faces":{"south":{"uv":[1.875,4.25,3.75,5.375],"texture":"#0","tintindex":0},"north":{"uv":[4.25,1.625,6.125,2.75],"texture":"#0","tintindex":0}}},{"from":[15.25,14.0,9.5],"to":[22.75,20.5,11.0],"faces":{"east":{"uv":[5.875,5.75,6.25,7.375],"texture":"#0","tintindex":0},"south":{"uv":[4.25,0.0,6.125,1.625],"texture":"#0","tintindex":0},"north":{"uv":[0.0,4.25,1.875,5.875],"texture":"#0","tintindex":0},"west":{"uv":[6.125,0.0,6.5,1.625],"texture":"#0","tintindex":0},"up":{"uv":[7.75,3.125,5.875,2.75],"texture":"#0","tintindex":0},"down":{"uv":[7.75,3.125,5.875,3.5],"texture":"#0","tintindex":0}}},{"from":[22.75,9.0,11.0],"to":[23.75,11.0,12.0],"faces":{"east":{"uv":[6.5,0.0,6.75,0.5],"texture":"#0","tintindex":0},"south":{"uv":[0.25,6.5,0.5,7.0],"texture":"#0","tintindex":0},"north":{"uv":[0.0,6.5,0.25,7.0],"texture":"#0","tintindex":0},"west":{"uv":[0.5,6.5,0.75,7.0],"texture":"#0","tintindex":0},"up":{"uv":[6.75,1.0,6.5,0.75],"texture":"#0","tintindex":0},"down":{"uv":[1.25,6.5,1.0,6.75],"texture":"#0","tintindex":0}}},{"from":[22.75,12.5,3.5],"to":[23.75,15.5,4.5],"faces":{"east":{"uv":[4.125,6.125,4.375,6.875],"texture":"#0","tintindex":0},"south":{"uv":[4.375,6.125,4.625,6.875],"texture":"#0","tintindex":0},"north":{"uv":[5.875,3.5,6.125,4.25],"texture":"#0","tintindex":0},"west":{"uv":[4.625,6.125,4.875,6.875],"texture":"#0","tintindex":0},"up":{"uv":[6.5,1.25,6.75,1.5],"texture":"#0","tintindex":0},"down":{"uv":[1.5,6.5,1.75,6.75],"texture":"#0","tintindex":0}}},{"from":[14.25,11.0,3.5],"to":[23.75,12.5,12.0],"faces":{"east":{"uv":[3.75,5.0,5.875,5.375],"texture":"#0","tintindex":0},"south":{"uv":[3.75,4.625,6.125,5.0],"texture":"#0","tintindex":0},"north":{"uv":[3.75,4.25,6.125,4.625],"texture":"#0","tintindex":0},"west":{"uv":[1.875,5.375,4.0,5.75],"texture":"#0","tintindex":0},"up":{"uv":[2.375,2.125,0.0,0.0],"texture":"#0","tintindex":0},"down":{"uv":[2.375,2.125,0.0,4.25],"texture":"#0","tintindex":0}}},{"from":[14.25,12.5,3.5],"to":[15.25,15.5,4.5],"faces":{"east":{"uv":[4.125,6.125,4.375,6.875],"texture":"#0","tintindex":0},"south":{"uv":[4.375,6.125,4.625,6.875],"texture":"#0","tintindex":0},"north":{"uv":[5.875,3.5,6.125,4.25],"texture":"#0","tintindex":0},"west":{"uv":[4.625,6.125,4.875,6.875],"texture":"#0","tintindex":0},"up":{"uv":[6.75,1.5,6.5,1.25],"texture":"#0","tintindex":0},"down":{"uv":[1.75,6.5,1.5,6.75],"texture":"#0","tintindex":0}}},{"from":[22.75,9.0,3.5],"to":[23.75,11.0,4.5],"faces":{"east":{"uv":[5.125,6.125,5.375,6.625],"texture":"#0","tintindex":0},"south":{"uv":[5.375,6.125,5.625,6.625],"texture":"#0","tintindex":0},"north":{"uv":[4.875,6.125,5.125,6.625],"texture":"#0","tintindex":0},"west":{"uv":[5.625,6.125,5.875,6.625],"texture":"#0","tintindex":0},"up":{"uv":[5.875,5.0,6.125,5.25],"texture":"#0","tintindex":0},"down":{"uv":[6.375,5.0,6.625,5.25],"texture":"#0","tintindex":0}}},{"from":[22.75,15.5,3.0],"to":[23.75,16.0,11.0],"faces":{"east":{"uv":[6.125,2.625,8.125,2.75],"texture":"#0","tintindex":0},"south":{"uv":[6.375,5.25,6.625,5.375],"texture":"#0","tintindex":0},"north":{"uv":[5.875,5.25,6.125,5.375],"texture":"#0","tintindex":0},"west":{"uv":[6.125,5.625,8.125,5.75],"texture":"#0","tintindex":0},"up":{"uv":[2.125,8.125,1.875,6.125],"texture":"#0","tintindex":0},"down":{"uv":[2.375,6.125,2.125,8.125],"texture":"#0","tintindex":0}}},{"from":[14.25,9.0,3.5],"to":[15.25,11.0,4.5],"faces":{"east":{"uv":[5.125,6.125,5.375,6.625],"texture":"#0","tintindex":0},"south":{"uv":[5.375,6.125,5.625,6.625],"texture":"#0","tintindex":0},"north":{"uv":[4.875,6.125,5.125,6.625],"texture":"#0","tintindex":0},"west":{"uv":[5.625,6.125,5.875,6.625],"texture":"#0","tintindex":0},"up":{"uv":[6.125,5.25,5.875,5.0],"texture":"#0","tintindex":0},"down":{"uv":[6.625,5.0,6.375,5.25],"texture":"#0","tintindex":0}}},{"from":[14.25,12.5,4.5],"to":[14.25,15.5,11.0],"faces":{"east":{"uv":[4.25,2.75,5.875,3.5],"texture":"#0","tintindex":0},"west":{"uv":[4.25,3.5,5.875,4.25],"texture":"#0","tintindex":0}}},{"from":[14.25,15.5,3.0],"to":[15.25,16.0,11.0],"faces":{"east":{"uv":[6.125,2.625,8.125,2.75],"texture":"#0","tintindex":0},"south":{"uv":[6.375,5.25,6.625,5.375],"texture":"#0","tintindex":0},"north":{"uv":[5.875,5.25,6.125,5.375],"texture":"#0","tintindex":0},"west":{"uv":[6.125,5.625,8.125,5.75],"texture":"#0","tintindex":0},"up":{"uv":[1.875,6.125,2.125,8.125],"texture":"#0","tintindex":0},"down":{"uv":[2.125,6.125,2.375,8.125],"texture":"#0","tintindex":0}}},{"from":[15.25,19.0,11.0],"to":[22.75,20.0,12.0],"faces":{"east":{"uv":[6.5,6.25,6.75,6.5],"texture":"#0","tintindex":0},"south":{"uv":[6.125,2.375,8.0,2.625],"texture":"#0","tintindex":0},"north":{"uv":[6.125,2.125,8.0,2.375],"texture":"#0","tintindex":0},"west":{"uv":[6.5,6.5,6.75,6.75],"texture":"#0","tintindex":0},"up":{"uv":[8.0,5.625,6.125,5.375],"texture":"#0","tintindex":0},"down":{"uv":[1.875,6.25,0.0,6.5],"texture":"#0","tintindex":0}}},{"from":[15.25,14.0,11.0],"to":[22.75,14.5,12.0],"faces":{"east":{"uv":[6.5,1.5,6.75,1.625],"texture":"#0","tintindex":0},"south":{"uv":[6.25,5.875,8.125,6.0],"texture":"#0","tintindex":0},"north":{"uv":[6.25,5.75,8.125,5.875],"texture":"#0","tintindex":0},"west":{"uv":[6.625,3.5,6.875,3.625],"texture":"#0","tintindex":0},"up":{"uv":[8.0,1.875,6.125,1.625],"texture":"#0","tintindex":0},"down":{"uv":[8.0,1.875,6.125,2.125],"texture":"#0","tintindex":0}}},{"from":[14.25,12.5,11.0],"to":[15.25,20.0,12.0],"faces":{"east":{"uv":[2.625,6.125,2.875,8.0],"texture":"#0","tintindex":0},"south":{"uv":[2.875,6.125,3.125,8.0],"texture":"#0","tintindex":0},"north":{"uv":[2.375,6.125,2.625,8.0],"texture":"#0","tintindex":0},"west":{"uv":[3.125,6.125,3.375,8.0],"texture":"#0","tintindex":0},"up":{"uv":[6.75,1.25,6.5,1.0],"texture":"#0","tintindex":0},"down":{"uv":[1.5,6.5,1.25,6.75],"texture":"#0","tintindex":0}}},{"from":[22.75,12.5,11.0],"to":[23.75,20.0,12.0],"faces":{"east":{"uv":[6.125,3.5,6.375,5.375],"texture":"#0","tintindex":0},"south":{"uv":[3.625,6.125,3.875,8.0],"texture":"#0","tintindex":0},"north":{"uv":[3.375,6.125,3.625,8.0],"texture":"#0","tintindex":0},"west":{"uv":[3.875,6.125,4.125,8.0],"texture":"#0","tintindex":0},"up":{"uv":[6.75,6.25,6.5,6.0],"texture":"#0","tintindex":0},"down":{"uv":[6.5,6.5,6.25,6.75],"texture":"#0","tintindex":0}}}],"textures":{"particle":"#0","0":"modelengine:0d7f54cd-f0f1-4d7b-bdd3-8bf476459243"}}