{"display":{"head":{},"firstperson_righthand":{},"thirdperson_lefthand":{},"firstperson_lefthand":{},"fixed":{},"ground":{},"thirdperson_righthand":{},"gui":{"rotation":[-150.0,-45.0,180.0]}},"elements":[{"from":[8.6,11.0,9.799999],"to":[9.2,12.2,19.4],"faces":{"east":{"uv":[6.25,4.75,8.25,5.0],"texture":"#0","tintindex":0},"south":{"uv":[6.5,6.75,6.625,7.0],"texture":"#0","tintindex":0},"north":{"uv":[6.75,6.25,6.875,6.5],"texture":"#0","tintindex":0},"west":{"uv":[6.25,5.0,8.25,5.25],"texture":"#0","tintindex":0},"up":{"uv":[3.125,8.375,3.0,6.375],"texture":"#0","tintindex":0},"down":{"uv":[3.25,6.375,3.125,8.375],"texture":"#0","tintindex":0}}},{"from":[8.6,5.6,19.4],"to":[9.799999,12.2,20.6],"faces":{"east":{"uv":[6.25,5.75,6.5,7.125],"texture":"#0","tintindex":0},"south":{"uv":[0.25,6.375,0.5,7.75],"texture":"#0","tintindex":0},"north":{"uv":[5.25,6.125,5.5,7.5],"texture":"#0","tintindex":0},"west":{"uv":[0.5,6.375,0.75,7.75],"texture":"#0","tintindex":0},"up":{"uv":[6.75,6.5,6.5,6.25],"texture":"#0","tintindex":0},"down":{"uv":[6.75,6.5,6.5,6.75],"texture":"#0","tintindex":0}}},{"from":[9.799999,11.0,20.0],"to":[19.4,12.2,20.6],"faces":{"east":{"uv":[5.75,6.625,5.875,6.875],"texture":"#0","tintindex":0},"south":{"uv":[6.25,4.0,8.25,4.25],"texture":"#0","tintindex":0},"north":{"uv":[6.25,3.75,8.25,4.0],"texture":"#0","tintindex":0},"west":{"uv":[5.875,6.625,6.0,6.875],"texture":"#0","tintindex":0},"up":{"uv":[8.5,6.125,6.5,6.0],"texture":"#0","tintindex":0},"down":{"uv":[8.5,6.125,6.5,6.25],"texture":"#0","tintindex":0}}},{"from":[8.0,12.2,8.0],"to":[21.2,12.799999,21.2],"faces":{"east":{"uv":[6.25,5.375,9.0,5.5],"texture":"#0","tintindex":0},"south":{"uv":[6.25,5.5,9.0,5.625],"texture":"#0","tintindex":0},"north":{"uv":[6.25,5.25,9.0,5.375],"texture":"#0","tintindex":0},"west":{"uv":[6.25,5.625,9.0,5.75],"texture":"#0","tintindex":0},"up":{"uv":[5.5,2.75,2.75,0.0],"texture":"#0","tintindex":0},"down":{"uv":[5.5,2.75,2.75,5.5],"texture":"#0","tintindex":0}}},{"from":[19.4,5.6,19.4],"to":[20.6,12.2,20.6],"faces":{"east":{"uv":[1.0,6.375,1.25,7.75],"texture":"#0","tintindex":0},"south":{"uv":[1.25,6.375,1.5,7.75],"texture":"#0","tintindex":0},"north":{"uv":[0.75,6.375,1.0,7.75],"texture":"#0","tintindex":0},"west":{"uv":[1.5,6.375,1.75,7.75],"texture":"#0","tintindex":0},"up":{"uv":[3.5,6.875,3.25,6.625],"texture":"#0","tintindex":0},"down":{"uv":[3.75,6.625,3.5,6.875],"texture":"#0","tintindex":0}}},{"from":[8.6,5.6,8.6],"to":[9.799999,12.2,9.799999],"faces":{"east":{"uv":[2.0,6.375,2.25,7.75],"texture":"#0","tintindex":0},"south":{"uv":[2.25,6.375,2.5,7.75],"texture":"#0","tintindex":0},"north":{"uv":[1.75,6.375,2.0,7.75],"texture":"#0","tintindex":0},"west":{"uv":[2.5,6.375,2.75,7.75],"texture":"#0","tintindex":0},"up":{"uv":[4.0,6.875,3.75,6.625],"texture":"#0","tintindex":0},"down":{"uv":[4.25,6.625,4.0,6.875],"texture":"#0","tintindex":0}}},{"from":[19.4,5.6,8.6],"to":[20.6,12.2,9.799999],"faces":{"east":{"uv":[4.5,6.125,4.75,7.5],"texture":"#0","tintindex":0},"south":{"uv":[4.75,6.125,5.0,7.5],"texture":"#0","tintindex":0},"north":{"uv":[4.25,6.125,4.5,7.5],"texture":"#0","tintindex":0},"west":{"uv":[5.0,6.125,5.25,7.5],"texture":"#0","tintindex":0},"up":{"uv":[4.0,6.625,3.75,6.375],"texture":"#0","tintindex":0},"down":{"uv":[4.25,6.375,4.0,6.625],"texture":"#0","tintindex":0}}},{"from":[9.799999,11.0,8.6],"to":[19.4,12.2,9.2],"faces":{"east":{"uv":[5.5,6.625,5.625,6.875],"texture":"#0","tintindex":0},"south":{"uv":[2.25,6.125,4.25,6.375],"texture":"#0","tintindex":0},"north":{"uv":[0.25,6.125,2.25,6.375],"texture":"#0","tintindex":0},"west":{"uv":[5.625,6.625,5.75,6.875],"texture":"#0","tintindex":0},"up":{"uv":[8.5,5.875,6.5,5.75],"texture":"#0","tintindex":0},"down":{"uv":[8.5,5.875,6.5,6.0],"texture":"#0","tintindex":0}}},{"from":[20.0,11.0,9.799999],"to":[20.6,12.2,19.4],"faces":{"east":{"uv":[6.25,4.25,8.25,4.5],"texture":"#0","tintindex":0},"south":{"uv":[6.125,6.625,6.25,6.875],"texture":"#0","tintindex":0},"north":{"uv":[6.0,6.625,6.125,6.875],"texture":"#0","tintindex":0},"west":{"uv":[6.25,4.5,8.25,4.75],"texture":"#0","tintindex":0},"up":{"uv":[2.875,8.375,2.75,6.375],"texture":"#0","tintindex":0},"down":{"uv":[3.0,6.375,2.875,8.375],"texture":"#0","tintindex":0}}}],"textures":{"particle":"#0","0":"modelengine:02b34727-f0d9-4cee-879e-d6bbef723e4c"}}