{"display":{"head":{},"firstperson_righthand":{},"thirdperson_lefthand":{},"firstperson_lefthand":{},"fixed":{},"ground":{},"thirdperson_righthand":{},"gui":{"rotation":[-150.0,-45.0,180.0]}},"elements":[{"from":[5.8125,-0.0023298264,1.5507298],"to":[10.1875,4.99767,3.7382302],"rotation":{"origin":[8.0,17.71954,-3.7968702],"axis":"x","angle":-45.0},"faces":{"east":{"uv":[4.125,7.375,4.375,7.875],"texture":"#0","tintindex":0},"south":{"uv":[1.25,6.25,1.75,6.75],"texture":"#0","tintindex":0},"north":{"uv":[5.75,6.125,6.25,6.625],"texture":"#0","tintindex":0},"west":{"uv":[4.375,7.375,4.625,7.875],"texture":"#0","tintindex":0},"up":{"uv":[5.625,7.625,5.125,7.375],"texture":"#0","tintindex":0},"down":{"uv":[6.125,7.375,5.625,7.625],"texture":"#0","tintindex":0}}},{"from":[5.8125,5.51641,11.875],"to":[10.1875,10.51641,14.0625],"faces":{"east":{"uv":[2.25,7.375,2.5,7.875],"texture":"#0","tintindex":0},"south":{"uv":[6.0,3.25,6.5,3.75],"texture":"#0","tintindex":0},"north":{"uv":[6.0,2.75,6.5,3.25],"texture":"#0","tintindex":0},"west":{"uv":[7.375,3.75,7.625,4.25],"texture":"#0","tintindex":0},"up":{"uv":[7.875,1.5,7.375,1.25],"texture":"#0","tintindex":0},"down":{"uv":[7.875,2.75,7.375,3.0],"texture":"#0","tintindex":0}}},{"from":[5.8125,5.51641,1.9375],"to":[10.1875,10.51641,4.125],"faces":{"east":{"uv":[7.25,4.5,7.5,5.0],"texture":"#0","tintindex":0},"south":{"uv":[5.75,5.625,6.25,6.125],"texture":"#0","tintindex":0},"north":{"uv":[4.375,5.75,4.875,6.25],"texture":"#0","tintindex":0},"west":{"uv":[7.25,5.625,7.5,6.125],"texture":"#0","tintindex":0},"up":{"uv":[7.75,5.25,7.25,5.0],"texture":"#0","tintindex":0},"down":{"uv":[7.75,6.125,7.25,6.375],"texture":"#0","tintindex":0}}},{"from":[5.8125,13.14544,8.92499],"to":[10.1875,15.33294,13.92499],"rotation":{"origin":[8.0,17.71954,-3.7968702],"axis":"x","angle":45.0},"faces":{"east":{"uv":[2.5,7.5,3.0,7.75],"texture":"#0","tintindex":0},"south":{"uv":[3.0,7.5,3.5,7.75],"texture":"#0","tintindex":0},"north":{"uv":[1.75,7.5,2.25,7.75],"texture":"#0","tintindex":0},"west":{"uv":[3.5,7.5,4.0,7.75],"texture":"#0","tintindex":0},"up":{"uv":[2.75,6.75,2.25,6.25],"texture":"#0","tintindex":0},"down":{"uv":[6.75,3.75,6.25,4.25],"texture":"#0","tintindex":0}}},{"from":[5.8125,16.68097,5.35132],"to":[10.1875,21.68097,7.5388203],"rotation":{"origin":[8.0,17.71954,-3.7968702],"axis":"x","angle":45.0},"faces":{"east":{"uv":[0.5,7.375,0.75,7.875],"texture":"#0","tintindex":0},"south":{"uv":[6.0,2.25,6.5,2.75],"texture":"#0","tintindex":0},"north":{"uv":[6.0,1.75,6.5,2.25],"texture":"#0","tintindex":0},"west":{"uv":[0.75,7.375,1.0,7.875],"texture":"#0","tintindex":0},"up":{"uv":[7.75,6.875,7.25,6.625],"texture":"#0","tintindex":0},"down":{"uv":[7.875,1.0,7.375,1.25],"texture":"#0","tintindex":0}}},{"from":[5.8125,11.82891,5.5],"to":[10.1875,14.01641,10.5],"faces":{"east":{"uv":[7.25,3.125,7.75,3.375],"texture":"#0","tintindex":0},"south":{"uv":[3.625,7.25,4.125,7.5],"texture":"#0","tintindex":0},"north":{"uv":[3.125,7.25,3.625,7.5],"texture":"#0","tintindex":0},"west":{"uv":[7.25,4.25,7.75,4.5],"texture":"#0","tintindex":0},"up":{"uv":[2.25,6.25,1.75,5.75],"texture":"#0","tintindex":0},"down":{"uv":[4.375,5.75,3.875,6.25],"texture":"#0","tintindex":0}}},{"from":[8.0,4.14141,3.9375],"to":[8.0,11.82891,12.0625],"faces":{"east":{"uv":[0.0,4.375,0.875,5.125],"texture":"#0","tintindex":0},"west":{"uv":[4.5,0.0,5.375,0.75],"texture":"#0","tintindex":0}}},{"from":[5.8125,1.9539099,5.5],"to":[10.1875,4.14141,10.5],"faces":{"east":{"uv":[1.75,7.25,2.25,7.5],"texture":"#0","tintindex":0},"south":{"uv":[7.25,2.25,7.75,2.5],"texture":"#0","tintindex":0},"north":{"uv":[1.25,7.25,1.75,7.5],"texture":"#0","tintindex":0},"west":{"uv":[7.25,2.5,7.75,2.75],"texture":"#0","tintindex":0},"up":{"uv":[1.75,6.25,1.25,5.75],"texture":"#0","tintindex":0},"down":{"uv":[6.25,1.25,5.75,1.75],"texture":"#0","tintindex":0}}},{"from":[5.8125,-3.53786,-4.8354397],"to":[10.1875,-1.3503599,0.16456032],"rotation":{"origin":[8.0,17.71954,-3.7968702],"axis":"x","angle":-45.0},"faces":{"east":{"uv":[7.375,7.125,7.875,7.375],"texture":"#0","tintindex":0},"south":{"uv":[7.375,7.375,7.875,7.625],"texture":"#0","tintindex":0},"north":{"uv":[7.375,6.875,7.875,7.125],"texture":"#0","tintindex":0},"west":{"uv":[1.25,7.5,1.75,7.75],"texture":"#0","tintindex":0},"up":{"uv":[6.75,1.75,6.25,1.25],"texture":"#0","tintindex":0},"down":{"uv":[2.25,6.25,1.75,6.75],"texture":"#0","tintindex":0}}}],"textures":{"particle":"#0","0":"modelengine:ded8d57f-c050-4137-a291-782919ff76b6"}}