{"display":{"head":{},"firstperson_righthand":{},"thirdperson_lefthand":{},"firstperson_lefthand":{},"fixed":{},"ground":{},"thirdperson_righthand":{},"gui":{"rotation":[-150.0,-45.0,180.0]}},"elements":[{"from":[6.0,3.73077,-1.0],"to":[10.0,4.73077,3.0],"faces":{"east":{"uv":[8.5,4.75,9.5,5.0],"texture":"#0","tintindex":0},"south":{"uv":[8.5,5.0,9.5,5.25],"texture":"#0","tintindex":0},"north":{"uv":[8.5,4.5,9.5,4.75],"texture":"#0","tintindex":0},"west":{"uv":[8.5,5.25,9.5,5.5],"texture":"#0","tintindex":0},"up":{"uv":[7.0,8.0,6.0,7.0],"texture":"#0","tintindex":0},"down":{"uv":[8.0,7.0,7.0,8.0],"texture":"#0","tintindex":0}}},{"from":[6.0,4.23077,17.0],"to":[10.0,4.23077,29.0],"faces":{"up":{"uv":[2.0,8.0,1.0,5.0],"texture":"#0","tintindex":0},"down":{"uv":[3.0,5.75,2.0,8.75],"texture":"#0","tintindex":0}}},{"from":[6.0,4.23077,-13.0],"to":[10.0,4.23077,-1.0],"faces":{"up":{"uv":[5.5,3.0,4.5,0.0],"texture":"#0","tintindex":0},"down":{"uv":[1.0,5.0,0.0,8.0],"texture":"#0","tintindex":0}}},{"from":[3.0,2.73077,3.0],"to":[13.0,5.73077,13.0],"faces":{"east":{"uv":[6.0,4.75,8.5,5.5],"texture":"#0","tintindex":0},"south":{"uv":[6.0,5.5,8.5,6.25],"texture":"#0","tintindex":0},"north":{"uv":[6.0,4.0,8.5,4.75],"texture":"#0","tintindex":0},"west":{"uv":[6.0,6.25,8.5,7.0],"texture":"#0","tintindex":0},"up":{"uv":[2.5,2.5,0.0,0.0],"texture":"#0","tintindex":0},"down":{"uv":[2.5,2.5,0.0,5.0],"texture":"#0","tintindex":0}}},{"from":[6.0,3.73077,13.0],"to":[10.0,4.73077,17.0],"faces":{"east":{"uv":[2.0,9.0,3.0,9.25],"texture":"#0","tintindex":0},"south":{"uv":[6.0,9.0,7.0,9.25],"texture":"#0","tintindex":0},"north":{"uv":[1.0,9.0,2.0,9.25],"texture":"#0","tintindex":0},"west":{"uv":[7.0,9.0,8.0,9.25],"texture":"#0","tintindex":0},"up":{"uv":[8.0,9.0,7.0,8.0],"texture":"#0","tintindex":0},"down":{"uv":[9.0,7.0,8.0,8.0],"texture":"#0","tintindex":0}}},{"from":[6.5,6.73077,6.5],"to":[9.5,21.73077,9.5],"faces":{"east":{"uv":[3.75,5.75,4.5,9.5],"texture":"#0","tintindex":0},"south":{"uv":[4.5,5.75,5.25,9.5],"texture":"#0","tintindex":0},"north":{"uv":[3.0,5.75,3.75,9.5],"texture":"#0","tintindex":0},"west":{"uv":[5.25,5.75,6.0,9.5],"texture":"#0","tintindex":0},"up":{"uv":[9.25,1.75,8.5,1.0],"texture":"#0","tintindex":0},"down":{"uv":[9.25,1.75,8.5,2.5],"texture":"#0","tintindex":0}}},{"from":[6.0,21.73077,6.0],"to":[10.0,22.73077,10.0],"faces":{"east":{"uv":[9.0,7.25,10.0,7.5],"texture":"#0","tintindex":0},"south":{"uv":[9.0,7.5,10.0,7.75],"texture":"#0","tintindex":0},"north":{"uv":[9.0,7.0,10.0,7.25],"texture":"#0","tintindex":0},"west":{"uv":[9.0,7.75,10.0,8.0],"texture":"#0","tintindex":0},"up":{"uv":[9.0,9.0,8.0,8.0],"texture":"#0","tintindex":0},"down":{"uv":[9.5,0.0,8.5,1.0],"texture":"#0","tintindex":0}}},{"from":[4.5,5.73077,4.5],"to":[11.5,6.73077,11.5],"faces":{"east":{"uv":[8.5,3.75,10.25,4.0],"texture":"#0","tintindex":0},"south":{"uv":[8.5,4.0,10.25,4.25],"texture":"#0","tintindex":0},"north":{"uv":[8.5,3.5,10.25,3.75],"texture":"#0","tintindex":0},"west":{"uv":[8.5,4.25,10.25,4.5],"texture":"#0","tintindex":0},"up":{"uv":[4.25,5.75,2.5,4.0],"texture":"#0","tintindex":0},"down":{"uv":[6.0,4.0,4.25,5.75],"texture":"#0","tintindex":0}}},{"from":[-13.0,4.23077,6.0],"to":[-1.0,4.23077,10.0],"faces":{"up":{"uv":[7.5,4.0,4.5,3.0],"texture":"#0","tintindex":0},"down":{"uv":[8.5,0.0,5.5,1.0],"texture":"#0","tintindex":0}}},{"from":[13.0,3.73077,6.0],"to":[17.0,4.73077,10.0],"faces":{"east":{"uv":[8.5,6.75,9.5,7.0],"texture":"#0","tintindex":0},"south":{"uv":[2.0,8.75,3.0,9.0],"texture":"#0","tintindex":0},"north":{"uv":[8.5,6.5,9.5,6.75],"texture":"#0","tintindex":0},"west":{"uv":[0.0,9.0,1.0,9.25],"texture":"#0","tintindex":0},"up":{"uv":[2.0,9.0,1.0,8.0],"texture":"#0","tintindex":0},"down":{"uv":[7.0,8.0,6.0,9.0],"texture":"#0","tintindex":0}}},{"from":[4.0,22.73077,4.0],"to":[12.0,23.73077,12.0],"faces":{"east":{"uv":[8.5,2.75,10.5,3.0],"texture":"#0","tintindex":0},"south":{"uv":[8.5,3.0,10.5,3.25],"texture":"#0","tintindex":0},"north":{"uv":[8.5,2.5,10.5,2.75],"texture":"#0","tintindex":0},"west":{"uv":[8.5,3.25,10.5,3.5],"texture":"#0","tintindex":0},"up":{"uv":[4.5,2.0,2.5,0.0],"texture":"#0","tintindex":0},"down":{"uv":[4.5,2.0,2.5,4.0],"texture":"#0","tintindex":0}}},{"from":[17.0,4.23077,6.0],"to":[29.0,4.23077,10.0],"faces":{"up":{"uv":[8.5,2.0,5.5,1.0],"texture":"#0","tintindex":0},"down":{"uv":[8.5,2.0,5.5,3.0],"texture":"#0","tintindex":0}}},{"from":[-1.0,3.73077,6.0],"to":[3.0,4.73077,10.0],"faces":{"east":{"uv":[8.5,5.75,9.5,6.0],"texture":"#0","tintindex":0},"south":{"uv":[8.5,6.0,9.5,6.25],"texture":"#0","tintindex":0},"north":{"uv":[8.5,5.5,9.5,5.75],"texture":"#0","tintindex":0},"west":{"uv":[8.5,6.25,9.5,6.5],"texture":"#0","tintindex":0},"up":{"uv":[8.5,4.0,7.5,3.0],"texture":"#0","tintindex":0},"down":{"uv":[1.0,8.0,0.0,9.0],"texture":"#0","tintindex":0}}}],"textures":{"particle":"#0","0":"modelengine:9bc5fc76-24f4-4444-832d-43fae9b561d5"}}