{"display":{"head":{},"firstperson_righthand":{},"thirdperson_lefthand":{},"firstperson_lefthand":{},"fixed":{},"ground":{},"thirdperson_righthand":{},"gui":{"rotation":[-150.0,-45.0,180.0]}},"elements":[{"from":[8.0,3.8210201,3.8249998],"to":[8.0,12.13352,12.2],"faces":{"east":{"uv":[1.75,0.0,3.375,1.625],"texture":"#0","tintindex":0},"west":{"uv":[1.75,1.75,3.375,3.375],"texture":"#0","tintindex":0}}},{"from":[7.0625,5.50852,1.9499998],"to":[8.9375,10.50852,3.8249998],"faces":{"east":{"uv":[7.5,7.0,7.875,8.0],"texture":"#0","tintindex":0},"south":{"uv":[0.0,7.75,0.375,8.75],"texture":"#0","tintindex":0},"north":{"uv":[7.0,7.5,7.375,8.5],"texture":"#0","tintindex":0},"west":{"uv":[0.5,7.75,0.875,8.75],"texture":"#0","tintindex":0},"up":{"uv":[10.875,6.875,10.5,6.5],"texture":"#0","tintindex":0},"down":{"uv":[10.875,7.0,10.5,7.375],"texture":"#0","tintindex":0}}},{"from":[7.0625,10.50852,1.9499998],"to":[8.9375,15.50852,3.8249998],"rotation":{"origin":[8.0,10.50852,1.9499998],"axis":"x","angle":45.0},"faces":{"east":{"uv":[7.75,1.5,8.125,2.5],"texture":"#0","tintindex":0},"south":{"uv":[7.75,2.5,8.125,3.5],"texture":"#0","tintindex":0},"north":{"uv":[1.5,7.75,1.875,8.75],"texture":"#0","tintindex":0},"west":{"uv":[7.75,3.5,8.125,4.5],"texture":"#0","tintindex":0},"up":{"uv":[7.875,10.875,7.5,10.5],"texture":"#0","tintindex":0},"down":{"uv":[10.875,7.5,10.5,7.875],"texture":"#0","tintindex":0}}},{"from":[7.0625,5.50852,12.1375],"to":[8.9375,10.50852,14.0125],"faces":{"east":{"uv":[3.25,8.0,3.625,9.0],"texture":"#0","tintindex":0},"south":{"uv":[3.75,8.0,4.125,9.0],"texture":"#0","tintindex":0},"north":{"uv":[7.75,4.5,8.125,5.5],"texture":"#0","tintindex":0},"west":{"uv":[5.5,8.0,5.875,9.0],"texture":"#0","tintindex":0},"up":{"uv":[8.375,10.875,8.0,10.5],"texture":"#0","tintindex":0},"down":{"uv":[10.875,8.5,10.5,8.875],"texture":"#0","tintindex":0}}},{"from":[7.0625,1.9460201,10.5125],"to":[8.9375,3.8210201,15.5125],"rotation":{"origin":[6.75,1.9460201,10.5125],"axis":"x","angle":-45.0},"faces":{"east":{"uv":[8.25,1.5,9.25,1.875],"texture":"#0","tintindex":0},"south":{"uv":[10.5,10.0,10.875,10.375],"texture":"#0","tintindex":0},"north":{"uv":[9.75,10.5,10.125,10.875],"texture":"#0","tintindex":0},"west":{"uv":[8.25,2.0,9.25,2.375],"texture":"#0","tintindex":0},"up":{"uv":[8.625,3.5,8.25,2.5],"texture":"#0","tintindex":0},"down":{"uv":[8.625,3.5,8.25,4.5],"texture":"#0","tintindex":0}}},{"from":[7.0625,1.9460201,5.5125],"to":[8.9375,3.8210201,10.5125],"faces":{"east":{"uv":[7.0,6.5,8.0,6.875],"texture":"#0","tintindex":0},"south":{"uv":[10.5,4.0,10.875,4.375],"texture":"#0","tintindex":0},"north":{"uv":[10.5,3.5,10.875,3.875],"texture":"#0","tintindex":0},"west":{"uv":[7.5,0.5,8.5,0.875],"texture":"#0","tintindex":0},"up":{"uv":[2.625,8.5,2.25,7.5],"texture":"#0","tintindex":0},"down":{"uv":[3.125,7.5,2.75,8.5],"texture":"#0","tintindex":0}}},{"from":[7.0625,12.19602,5.5125],"to":[8.9375,14.07102,10.5125],"faces":{"east":{"uv":[7.5,1.0,8.5,1.375],"texture":"#0","tintindex":0},"south":{"uv":[10.5,5.25,10.875,5.625],"texture":"#0","tintindex":0},"north":{"uv":[5.25,10.5,5.625,10.875],"texture":"#0","tintindex":0},"west":{"uv":[3.25,7.5,4.25,7.875],"texture":"#0","tintindex":0},"up":{"uv":[6.375,8.5,6.0,7.5],"texture":"#0","tintindex":0},"down":{"uv":[6.875,7.5,6.5,8.5],"texture":"#0","tintindex":0}}},{"from":[7.0625,10.50852,12.1375],"to":[8.9375,15.50852,14.0125],"rotation":{"origin":[8.0,10.50852,14.0125],"axis":"x","angle":-45.0},"faces":{"east":{"uv":[8.0,6.5,8.375,7.5],"texture":"#0","tintindex":0},"south":{"uv":[7.5,8.0,7.875,9.0],"texture":"#0","tintindex":0},"north":{"uv":[8.0,5.5,8.375,6.5],"texture":"#0","tintindex":0},"west":{"uv":[8.0,7.5,8.375,8.5],"texture":"#0","tintindex":0},"up":{"uv":[10.875,9.375,10.5,9.0],"texture":"#0","tintindex":0},"down":{"uv":[10.875,9.5,10.5,9.875],"texture":"#0","tintindex":0}}},{"from":[6.75,7.07102,7.075],"to":[9.25,8.94602,8.95],"faces":{"east":{"uv":[10.25,10.5,10.625,10.875],"texture":"#0","tintindex":0},"south":{"uv":[6.0,10.25,6.5,10.625],"texture":"#0","tintindex":0},"north":{"uv":[1.75,10.25,2.25,10.625],"texture":"#0","tintindex":0},"west":{"uv":[0.0,10.75,0.375,11.125],"texture":"#0","tintindex":0},"up":{"uv":[10.75,6.375,10.25,6.0],"texture":"#0","tintindex":0},"down":{"uv":[7.0,10.25,6.5,10.625],"texture":"#0","tintindex":0}}},{"from":[7.0625,1.9460201,0.5124998],"to":[8.9375,3.8210201,5.5125],"rotation":{"origin":[6.75,1.9460201,5.5125],"axis":"x","angle":45.0},"faces":{"east":{"uv":[7.0,6.0,8.0,6.375],"texture":"#0","tintindex":0},"south":{"uv":[10.5,3.0,10.875,3.375],"texture":"#0","tintindex":0},"north":{"uv":[10.5,2.5,10.875,2.875],"texture":"#0","tintindex":0},"west":{"uv":[6.5,7.0,7.5,7.375],"texture":"#0","tintindex":0},"up":{"uv":[4.875,8.25,4.5,7.25],"texture":"#0","tintindex":0},"down":{"uv":[5.375,7.25,5.0,8.25],"texture":"#0","tintindex":0}}}],"textures":{"particle":"#0","0":"modelengine:4091764f-d7a0-4568-88c1-531605f94cd1"}}