{"display":{"head":{},"firstperson_righthand":{},"thirdperson_lefthand":{},"firstperson_lefthand":{},"fixed":{},"ground":{},"thirdperson_righthand":{},"gui":{"rotation":[-150.0,-45.0,180.0]}},"elements":[{"from":[-5.25,6.1000004,2.6],"to":[-3.25,6.1000004,4.6],"rotation":{"origin":[-4.25,5.0,6.0],"axis":"x","angle":22.5},"faces":{"up":{"uv":[6.25,9.0,5.75,8.5],"texture":"#0","tintindex":0},"down":{"uv":[9.0,6.75,8.5,7.25],"texture":"#0","tintindex":0}}},{"from":[5.25,12.5,17.0],"to":[7.25,26.5,19.0],"rotation":{"origin":[7.25,12.5,17.0],"axis":"x","angle":22.5},"faces":{"east":{"uv":[2.0,6.0,2.5,9.5],"texture":"#0","tintindex":0},"south":{"uv":[2.5,6.0,3.0,9.5],"texture":"#0","tintindex":0},"north":{"uv":[1.5,6.0,2.0,9.5],"texture":"#0","tintindex":0},"west":{"uv":[6.25,0.0,6.75,3.5],"texture":"#0","tintindex":0},"up":{"uv":[3.75,9.5,3.25,9.0],"texture":"#0","tintindex":0},"down":{"uv":[4.25,9.0,3.75,9.5],"texture":"#0","tintindex":0}}},{"from":[-5.25,5.15,17.4],"to":[-3.25,6.15,20.4],"rotation":{"origin":[-4.25,5.0,19.0],"axis":"x","angle":-22.5},"faces":{"east":{"uv":[9.0,7.75,9.75,8.0],"texture":"#0","tintindex":0},"south":{"uv":[9.25,6.5,9.75,6.75],"texture":"#0","tintindex":0},"north":{"uv":[9.25,6.25,9.75,6.5],"texture":"#0","tintindex":0},"west":{"uv":[9.0,8.0,9.75,8.25],"texture":"#0","tintindex":0},"up":{"uv":[7.75,7.0,7.25,6.25],"texture":"#0","tintindex":0},"down":{"uv":[7.75,7.0,7.25,7.75],"texture":"#0","tintindex":0}}},{"from":[-3.75,23.5,17.5],"to":[5.25,25.5,18.5],"rotation":{"origin":[-4.75,12.5,17.0],"axis":"x","angle":22.5},"faces":{"east":{"uv":[8.5,9.25,8.75,9.75],"texture":"#0","tintindex":0},"south":{"uv":[6.75,3.0,9.0,3.5],"texture":"#0","tintindex":0},"north":{"uv":[6.75,2.5,9.0,3.0],"texture":"#0","tintindex":0},"west":{"uv":[8.75,9.25,9.0,9.75],"texture":"#0","tintindex":0},"up":{"uv":[9.5,2.25,7.25,2.0],"texture":"#0","tintindex":0},"down":{"uv":[9.5,2.25,7.25,2.5],"texture":"#0","tintindex":0}}},{"from":[-3.75,12.5,17.5],"to":[5.25,23.5,17.5],"rotation":{"origin":[-4.75,12.5,17.0],"axis":"x","angle":22.5},"faces":{"south":{"uv":[3.25,2.75,5.5,5.5],"texture":"#0","tintindex":0},"north":{"uv":[3.25,0.0,5.5,2.75],"texture":"#0","tintindex":0}}},{"from":[5.25,12.5,8.0],"to":[6.25,16.0,9.0],"faces":{"east":{"uv":[4.5,9.0,4.75,10.0],"texture":"#0","tintindex":0},"south":{"uv":[4.75,9.0,5.0,10.0],"texture":"#0","tintindex":0},"north":{"uv":[4.25,9.0,4.5,10.0],"texture":"#0","tintindex":0},"west":{"uv":[5.0,9.0,5.25,10.0],"texture":"#0","tintindex":0},"up":{"uv":[1.25,9.75,1.0,9.5],"texture":"#0","tintindex":0},"down":{"uv":[1.5,9.5,1.25,9.75],"texture":"#0","tintindex":0}}},{"from":[-5.25,4.5,7.5],"to":[-3.25,5.5,17.5],"faces":{"east":{"uv":[7.25,1.0,9.75,1.25],"texture":"#0","tintindex":0},"south":{"uv":[9.25,5.75,9.75,6.0],"texture":"#0","tintindex":0},"north":{"uv":[9.25,5.5,9.75,5.75],"texture":"#0","tintindex":0},"west":{"uv":[7.25,1.25,9.75,1.5],"texture":"#0","tintindex":0},"up":{"uv":[6.75,8.0,6.25,5.5],"texture":"#0","tintindex":0},"down":{"uv":[7.25,0.0,6.75,2.5],"texture":"#0","tintindex":0}}},{"from":[4.75,4.5,7.5],"to":[6.75,5.5,17.5],"faces":{"east":{"uv":[7.25,1.5,9.75,1.75],"texture":"#0","tintindex":0},"south":{"uv":[9.25,7.25,9.75,7.5],"texture":"#0","tintindex":0},"north":{"uv":[9.25,7.0,9.75,7.25],"texture":"#0","tintindex":0},"west":{"uv":[7.25,1.75,9.75,2.0],"texture":"#0","tintindex":0},"up":{"uv":[7.25,8.0,6.75,5.5],"texture":"#0","tintindex":0},"down":{"uv":[5.75,7.0,5.25,9.5],"texture":"#0","tintindex":0}}},{"from":[-5.75,10.5,7.0],"to":[7.25,12.5,19.0],"faces":{"east":{"uv":[6.25,4.5,9.25,5.0],"texture":"#0","tintindex":0},"south":{"uv":[6.25,4.0,9.5,4.5],"texture":"#0","tintindex":0},"north":{"uv":[6.25,3.5,9.5,4.0],"texture":"#0","tintindex":0},"west":{"uv":[6.25,5.0,9.25,5.5],"texture":"#0","tintindex":0},"up":{"uv":[3.25,3.0,0.0,0.0],"texture":"#0","tintindex":0},"down":{"uv":[3.25,3.0,0.0,6.0],"texture":"#0","tintindex":0}}},{"from":[4.75,5.15,17.4],"to":[6.75,6.15,20.4],"rotation":{"origin":[5.75,5.0,19.0],"axis":"x","angle":-22.5},"faces":{"east":{"uv":[9.0,8.75,9.75,9.0],"texture":"#0","tintindex":0},"south":{"uv":[8.0,9.25,8.5,9.5],"texture":"#0","tintindex":0},"north":{"uv":[7.5,9.25,8.0,9.5],"texture":"#0","tintindex":0},"west":{"uv":[9.0,9.0,9.75,9.25],"texture":"#0","tintindex":0},"up":{"uv":[8.25,7.0,7.75,6.25],"texture":"#0","tintindex":0},"down":{"uv":[8.25,7.0,7.75,7.75],"texture":"#0","tintindex":0}}},{"from":[-5.25,5.1000004,4.6],"to":[-3.25,6.1000004,7.6],"rotation":{"origin":[-4.25,5.0,6.0],"axis":"x","angle":22.5},"faces":{"east":{"uv":[7.5,9.0,8.25,9.25],"texture":"#0","tintindex":0},"south":{"uv":[6.25,9.25,6.75,9.5],"texture":"#0","tintindex":0},"north":{"uv":[9.25,6.0,9.75,6.25],"texture":"#0","tintindex":0},"west":{"uv":[9.0,7.5,9.75,7.75],"texture":"#0","tintindex":0},"up":{"uv":[6.25,7.75,5.75,7.0],"texture":"#0","tintindex":0},"down":{"uv":[7.75,5.5,7.25,6.25],"texture":"#0","tintindex":0}}},{"from":[5.25,5.5,16.5],"to":[6.25,10.5,17.5],"faces":{"east":{"uv":[7.0,8.0,7.25,9.25],"texture":"#0","tintindex":0},"south":{"uv":[8.0,7.75,8.25,9.0],"texture":"#0","tintindex":0},"north":{"uv":[6.75,8.0,7.0,9.25],"texture":"#0","tintindex":0},"west":{"uv":[8.25,5.5,8.5,6.75],"texture":"#0","tintindex":0},"up":{"uv":[0.25,9.75,0.0,9.5],"texture":"#0","tintindex":0},"down":{"uv":[0.5,9.5,0.25,9.75],"texture":"#0","tintindex":0}}},{"from":[-4.75,12.5,8.0],"to":[-3.75,16.0,9.0],"faces":{"east":{"uv":[6.0,9.0,6.25,10.0],"texture":"#0","tintindex":0},"south":{"uv":[9.0,6.5,9.25,7.5],"texture":"#0","tintindex":0},"north":{"uv":[5.75,9.0,6.0,10.0],"texture":"#0","tintindex":0},"west":{"uv":[7.25,9.0,7.5,10.0],"texture":"#0","tintindex":0},"up":{"uv":[1.75,9.75,1.5,9.5],"texture":"#0","tintindex":0},"down":{"uv":[2.0,9.5,1.75,9.75],"texture":"#0","tintindex":0}}},{"from":[-4.75,5.5,16.5],"to":[-3.75,10.5,17.5],"faces":{"east":{"uv":[3.0,6.0,3.25,7.25],"texture":"#0","tintindex":0},"south":{"uv":[3.0,7.25,3.25,8.5],"texture":"#0","tintindex":0},"north":{"uv":[5.25,5.5,5.5,6.75],"texture":"#0","tintindex":0},"west":{"uv":[7.25,7.75,7.5,9.0],"texture":"#0","tintindex":0},"up":{"uv":[5.5,7.0,5.25,6.75],"texture":"#0","tintindex":0},"down":{"uv":[9.0,6.5,8.75,6.75],"texture":"#0","tintindex":0}}},{"from":[5.25,5.5,8.5],"to":[6.25,10.5,9.5],"faces":{"east":{"uv":[8.25,8.0,8.5,9.25],"texture":"#0","tintindex":0},"south":{"uv":[3.0,8.5,3.25,9.75],"texture":"#0","tintindex":0},"north":{"uv":[8.25,6.75,8.5,8.0],"texture":"#0","tintindex":0},"west":{"uv":[8.5,5.5,8.75,6.75],"texture":"#0","tintindex":0},"up":{"uv":[0.75,9.75,0.5,9.5],"texture":"#0","tintindex":0},"down":{"uv":[1.0,9.5,0.75,9.75],"texture":"#0","tintindex":0}}},{"from":[-5.75,12.5,17.0],"to":[-3.75,26.5,19.0],"rotation":{"origin":[-4.75,12.5,17.0],"axis":"x","angle":22.5},"faces":{"east":{"uv":[0.0,6.0,0.5,9.5],"texture":"#0","tintindex":0},"south":{"uv":[0.5,6.0,1.0,9.5],"texture":"#0","tintindex":0},"north":{"uv":[4.75,5.5,5.25,9.0],"texture":"#0","tintindex":0},"west":{"uv":[1.0,6.0,1.5,9.5],"texture":"#0","tintindex":0},"up":{"uv":[9.5,3.0,9.0,2.5],"texture":"#0","tintindex":0},"down":{"uv":[9.5,3.0,9.0,3.5],"texture":"#0","tintindex":0}}},{"from":[4.75,6.1000004,2.6],"to":[6.75,6.1000004,4.6],"rotation":{"origin":[5.75,5.0,6.0],"axis":"x","angle":22.5},"faces":{"up":{"uv":[9.0,8.75,8.5,8.25],"texture":"#0","tintindex":0},"down":{"uv":[9.25,5.5,8.75,6.0],"texture":"#0","tintindex":0}}},{"from":[4.75,5.1000004,4.6],"to":[6.75,6.1000004,7.6],"rotation":{"origin":[5.75,5.0,6.0],"axis":"x","angle":22.5},"faces":{"east":{"uv":[9.0,8.25,9.75,8.5],"texture":"#0","tintindex":0},"south":{"uv":[9.25,6.75,9.75,7.0],"texture":"#0","tintindex":0},"north":{"uv":[6.75,9.25,7.25,9.5],"texture":"#0","tintindex":0},"west":{"uv":[9.0,8.5,9.75,8.75],"texture":"#0","tintindex":0},"up":{"uv":[8.25,6.25,7.75,5.5],"texture":"#0","tintindex":0},"down":{"uv":[6.25,7.75,5.75,8.5],"texture":"#0","tintindex":0}}},{"from":[-5.25,6.15,20.4],"to":[-3.25,6.15,22.4],"rotation":{"origin":[-4.25,5.0,19.0],"axis":"x","angle":-22.5},"faces":{"up":{"uv":[9.0,7.75,8.5,7.25],"texture":"#0","tintindex":0},"down":{"uv":[9.0,7.75,8.5,8.25],"texture":"#0","tintindex":0}}},{"from":[4.75,6.15,20.4],"to":[6.75,6.15,22.4],"rotation":{"origin":[5.75,5.0,19.0],"axis":"x","angle":-22.5},"faces":{"up":{"uv":[9.25,6.5,8.75,6.0],"texture":"#0","tintindex":0},"down":{"uv":[9.0,8.75,8.5,9.25],"texture":"#0","tintindex":0}}},{"from":[-4.75,5.5,8.5],"to":[-3.75,10.5,9.5],"faces":{"east":{"uv":[7.75,7.75,8.0,9.0],"texture":"#0","tintindex":0},"south":{"uv":[6.25,8.0,6.5,9.25],"texture":"#0","tintindex":0},"north":{"uv":[7.5,7.75,7.75,9.0],"texture":"#0","tintindex":0},"west":{"uv":[6.5,8.0,6.75,9.25],"texture":"#0","tintindex":0},"up":{"uv":[9.25,9.5,9.0,9.25],"texture":"#0","tintindex":0},"down":{"uv":[9.5,9.25,9.25,9.5],"texture":"#0","tintindex":0}}},{"from":[-6.75,16.0,6.0],"to":[-3.75,17.0,20.0],"faces":{"east":{"uv":[7.25,0.0,10.75,0.25],"texture":"#0","tintindex":0},"south":{"uv":[9.25,4.75,10.0,5.0],"texture":"#0","tintindex":0},"north":{"uv":[9.25,4.5,10.0,4.75],"texture":"#0","tintindex":0},"west":{"uv":[7.25,0.25,10.75,0.5],"texture":"#0","tintindex":0},"up":{"uv":[6.25,3.5,5.5,0.0],"texture":"#0","tintindex":0},"down":{"uv":[4.0,5.5,3.25,9.0],"texture":"#0","tintindex":0}}},{"from":[5.25,16.0,6.0],"to":[8.25,17.0,20.0],"faces":{"east":{"uv":[7.25,0.5,10.75,0.75],"texture":"#0","tintindex":0},"south":{"uv":[9.25,5.25,10.0,5.5],"texture":"#0","tintindex":0},"north":{"uv":[9.25,5.0,10.0,5.25],"texture":"#0","tintindex":0},"west":{"uv":[7.25,0.75,10.75,1.0],"texture":"#0","tintindex":0},"up":{"uv":[6.25,7.0,5.5,3.5],"texture":"#0","tintindex":0},"down":{"uv":[4.75,5.5,4.0,9.0],"texture":"#0","tintindex":0}}}],"textures":{"particle":"#0","0":"modelengine:36529db6-4d11-476f-9bcc-e1eb7310cec4"}}