{"display":{"head":{},"firstperson_righthand":{},"thirdperson_lefthand":{},"firstperson_lefthand":{},"fixed":{},"ground":{},"thirdperson_righthand":{},"gui":{"rotation":[-150.0,-45.0,180.0]}},"elements":[{"from":[13.0,8.0,5.0],"to":[14.0,13.0,12.0],"faces":{"east":{"uv":[3.5,5.0,5.25,6.25],"texture":"#0","tintindex":0},"south":{"uv":[4.5,8.0,4.75,9.25],"texture":"#0","tintindex":0},"north":{"uv":[4.25,8.0,4.5,9.25],"texture":"#0","tintindex":0},"west":{"uv":[5.25,5.0,7.0,6.25],"texture":"#0","tintindex":0},"up":{"uv":[8.25,1.75,8.0,0.0],"texture":"#0","tintindex":0},"down":{"uv":[8.25,1.75,8.0,3.5],"texture":"#0","tintindex":0}}},{"from":[30.0,8.0,5.0],"to":[31.0,13.0,12.0],"faces":{"east":{"uv":[0.0,5.0,1.75,6.25],"texture":"#0","tintindex":0},"south":{"uv":[4.0,8.0,4.25,9.25],"texture":"#0","tintindex":0},"north":{"uv":[3.75,8.0,4.0,9.25],"texture":"#0","tintindex":0},"west":{"uv":[1.75,5.0,3.5,6.25],"texture":"#0","tintindex":0},"up":{"uv":[8.0,7.5,7.75,5.75],"texture":"#0","tintindex":0},"down":{"uv":[8.0,7.5,7.75,9.25],"texture":"#0","tintindex":0}}},{"from":[20.5,12.0,8.5],"to":[23.5,18.0,8.5],"faces":{"south":{"uv":[0.75,7.5,1.5,9.0],"texture":"#0","tintindex":0},"north":{"uv":[0.0,7.5,0.75,9.0],"texture":"#0","tintindex":0}}},{"from":[22.0,12.0,7.0],"to":[22.0,18.0,10.0],"faces":{"east":{"uv":[1.5,7.5,2.25,9.0],"texture":"#0","tintindex":0},"west":{"uv":[2.25,7.75,3.0,9.25],"texture":"#0","tintindex":0}}},{"from":[15.0,12.0,8.5],"to":[18.0,18.0,8.5],"faces":{"south":{"uv":[7.0,6.5,7.75,8.0],"texture":"#0","tintindex":0},"north":{"uv":[7.0,5.0,7.75,6.5],"texture":"#0","tintindex":0}}},{"from":[14.0,8.0,11.0],"to":[30.0,13.0,12.0],"faces":{"east":{"uv":[3.0,8.0,3.25,9.25],"texture":"#0","tintindex":0},"south":{"uv":[4.0,1.25,8.0,2.5],"texture":"#0","tintindex":0},"north":{"uv":[4.0,0.0,8.0,1.25],"texture":"#0","tintindex":0},"west":{"uv":[3.25,8.0,3.5,9.25],"texture":"#0","tintindex":0},"up":{"uv":[7.0,8.0,3.0,7.75],"texture":"#0","tintindex":0},"down":{"uv":[11.75,5.0,7.75,5.25],"texture":"#0","tintindex":0}}},{"from":[27.5,12.0,7.0],"to":[27.5,18.0,10.0],"faces":{"east":{"uv":[2.5,6.25,3.25,7.75],"texture":"#0","tintindex":0},"west":{"uv":[3.25,6.25,4.0,7.75],"texture":"#0","tintindex":0}}},{"from":[14.0,8.0,6.0],"to":[30.0,12.0,11.0],"faces":{"east":{"uv":[0.0,6.25,1.25,7.5],"texture":"#0","tintindex":0},"south":{"uv":[0.0,1.25,4.0,2.5],"texture":"#0","tintindex":0},"north":{"uv":[0.0,0.0,4.0,1.25],"texture":"#0","tintindex":0},"west":{"uv":[1.25,6.25,2.5,7.5],"texture":"#0","tintindex":0},"up":{"uv":[4.0,3.75,0.0,2.5],"texture":"#0","tintindex":0},"down":{"uv":[4.0,3.75,0.0,5.0],"texture":"#0","tintindex":0}}},{"from":[16.5,12.0,7.0],"to":[16.5,18.0,10.0],"faces":{"east":{"uv":[5.5,6.25,6.25,7.75],"texture":"#0","tintindex":0},"west":{"uv":[6.25,6.25,7.0,7.75],"texture":"#0","tintindex":0}}},{"from":[14.0,8.0,5.0],"to":[30.0,13.0,6.0],"faces":{"east":{"uv":[3.5,8.0,3.75,9.25],"texture":"#0","tintindex":0},"south":{"uv":[4.0,3.75,8.0,5.0],"texture":"#0","tintindex":0},"north":{"uv":[4.0,2.5,8.0,3.75],"texture":"#0","tintindex":0},"west":{"uv":[8.0,3.5,8.25,4.75],"texture":"#0","tintindex":0},"up":{"uv":[11.75,5.5,7.75,5.25],"texture":"#0","tintindex":0},"down":{"uv":[11.75,5.5,7.75,5.75],"texture":"#0","tintindex":0}}},{"from":[26.0,12.0,8.5],"to":[29.0,18.0,8.5],"faces":{"south":{"uv":[4.75,6.25,5.5,7.75],"texture":"#0","tintindex":0},"north":{"uv":[4.0,6.25,4.75,7.75],"texture":"#0","tintindex":0}}}],"textures":{"particle":"#0","0":"modelengine:0f21cdb6-81b5-470a-a284-21f981f7a8db"}}